<DATE>	<OPEN>	<HIGH>	<LOW>	<CLOSE>	<TICKVOL>	<VOL>	<SPREAD>
2012.01.02	1.31259	1.31567	1.30801	1.31214	21600	0	88
2012.01.03	1.31215	1.31440	1.30943	1.31117	60170	0	60
2012.01.04	1.31120	1.31564	1.30880	1.31403	60164	0	200
2012.01.05	1.31401	1.31466	1.30975	1.31167	72276	0	60
2012.01.06	1.31167	1.31243	1.30757	1.30862	60701	0	200
2012.01.09	1.30680	1.30757	1.29772	1.29938	73347	0	60
2012.01.10	1.29937	1.30202	1.29539	1.29737	67232	0	60
2012.01.11	1.29725	1.29751	1.29097	1.29130	62272	0	200
2012.01.12	1.29128	1.30181	1.29093	1.29951	63502	0	60
2012.01.13	1.29951	1.30502	1.29699	1.29795	61570	0	35
2012.01.16	1.29545	1.30108	1.29319	1.29755	49795	0	60
2012.01.17	1.29754	1.30258	1.29450	1.29492	62742	0	23
2012.01.18	1.29487	1.29706	1.28659	1.29655	76646	0	60
2012.01.19	1.29654	1.30042	1.29154	1.29594	67872	0	60
2012.01.20	1.29593	1.30026	1.29551	1.29870	59248	0	60
2012.01.23	1.29900	1.30069	1.29666	1.29671	64780	0	15
2012.01.24	1.29672	1.29765	1.29042	1.29089	59122	0	10
2012.01.25	1.29091	1.30201	1.28896	1.29603	70717	0	60
2012.01.26	1.29602	1.29866	1.29148	1.29229	65422	0	30
2012.01.27	1.29230	1.29335	1.28947	1.29068	64111	0	200
2012.01.30	1.29095	1.29384	1.28740	1.29131	70297	0	60
2012.01.31	1.29129	1.29195	1.28284	1.28519	65029	0	16
2012.02.01	1.28520	1.28886	1.28261	1.28483	71823	0	60
2012.02.02	1.28484	1.28663	1.28168	1.28507	64421	0	10
2012.02.03	1.28508	1.28829	1.28338	1.28659	60134	0	10
2012.02.06	1.28897	1.29096	1.28383	1.28453	63048	0	60
2012.02.07	1.28454	1.29599	1.28221	1.29157	68521	0	60
2012.02.08	1.29156	1.29368	1.28769	1.29292	69068	0	60
2012.02.09	1.29290	1.29347	1.28904	1.29235	71100	0	30
2012.02.10	1.29234	1.29246	1.28632	1.28958	70039	0	33
2012.02.13	1.28847	1.28942	1.28419	1.28531	76038	0	60
2012.02.14	1.28533	1.28722	1.27890	1.27921	75824	0	200
2012.02.15	1.27920	1.28290	1.27825	1.28271	77018	0	200
2012.02.16	1.28272	1.29283	1.28145	1.28836	88388	0	60
2012.02.17	1.28840	1.28878	1.28203	1.28483	71419	0	60
2012.02.20	1.28119	1.28335	1.27846	1.27922	59769	0	60
2012.02.21	1.27923	1.28085	1.27570	1.27633	74153	0	10
2012.02.22	1.27632	1.28389	1.27529	1.28182	72514	0	60
2012.02.23	1.28179	1.28407	1.27951	1.28128	62178	0	26
2012.02.24	1.28129	1.28132	1.27740	1.27800	55471	0	200
2012.02.27	1.27909	1.28170	1.27706	1.27824	64215	0	60
2012.02.28	1.27825	1.28586	1.27786	1.28405	62324	0	60
2012.02.29	1.28404	1.28539	1.27936	1.28484	71585	0	60
2012.03.01	1.28482	1.28933	1.28368	1.28571	65033	0	60
2012.03.02	1.28570	1.29525	1.28556	1.29354	57514	0	60
2012.03.05	1.29298	1.29943	1.29169	1.29778	62491	0	60
2012.03.06	1.29777	1.30525	1.29609	1.29708	67899	0	60
2012.03.07	1.29707	1.29946	1.28827	1.29621	68735	0	60
2012.03.08	1.29623	1.29702	1.28665	1.29075	65835	0	60
2012.03.09	1.29073	1.29123	1.28432	1.28606	59047	0	60
2012.03.12	1.28977	1.28977	1.28179	1.28235	58592	0	38
2012.03.13	1.28236	1.28350	1.27854	1.28110	57342	0	200
2012.03.14	1.28111	1.29295	1.28059	1.28947	65028	0	60
2012.03.15	1.28949	1.29202	1.28251	1.28279	68215	0	60
2012.03.16	1.28280	1.28681	1.27996	1.28267	53875	0	60
2012.03.19	1.28108	1.28558	1.28003	1.28288	55456	0	60
2012.03.20	1.28287	1.28667	1.27910	1.28200	60761	0	200
2012.03.21	1.28199	1.28768	1.27918	1.28566	64111	0	60
2012.03.22	1.28565	1.28604	1.27881	1.28191	70951	0	60
2012.03.23	1.28192	1.28195	1.27646	1.27729	56280	0	27
2012.03.26	1.27918	1.28241	1.27787	1.27856	59057	0	60
2012.03.27	1.27855	1.27926	1.27279	1.27289	51649	0	12
2012.03.28	1.27287	1.27382	1.26818	1.26931	62270	0	60
2012.03.29	1.26934	1.27046	1.26589	1.26857	63681	0	200
2012.03.30	1.26858	1.26899	1.25879	1.25941	58523	0	60
2012.04.02	1.26644	1.26935	1.26259	1.26259	59411	0	60
2012.04.03	1.26263	1.26788	1.25733	1.25940	69688	0	60
2012.04.04	1.25941	1.26237	1.25681	1.25922	70188	0	10
2012.04.05	1.25932	1.26396	1.25713	1.26179	63753	0	60
2012.04.06	1.26180	1.26256	1.25495	1.25624	34225	0	60
2012.04.09	1.25642	1.25894	1.25273	1.25367	40314	0	60
2012.04.10	1.25369	1.26229	1.25313	1.25642	68430	0	60
2012.04.11	1.25639	1.25981	1.25498	1.25812	64114	0	60
2012.04.12	1.25813	1.26637	1.25674	1.26039	67309	0	60
2012.04.13	1.26032	1.26032	1.25110	1.25934	66073	0	60
2012.04.16	1.25777	1.26586	1.25686	1.26185	67091	0	60
2012.04.17	1.26195	1.26806	1.26163	1.26443	60758	0	60
2012.04.18	1.26445	1.26905	1.26410	1.26874	61585	0	60
2012.04.19	1.26876	1.26980	1.26563	1.26790	67724	0	60
2012.04.20	1.26788	1.27165	1.26627	1.26629	57209	0	60
2012.04.23	1.26792	1.27038	1.26464	1.26762	57670	0	60
2012.04.24	1.26757	1.26931	1.26115	1.26854	64136	0	60
2012.04.25	1.26847	1.27349	1.26749	1.26855	61586	0	60
2012.04.26	1.26856	1.27669	1.26785	1.27422	61030	0	60
2012.04.27	1.27419	1.27790	1.27056	1.27203	61450	0	60
2012.04.30	1.27014	1.27468	1.26829	1.27301	53251	0	60
2012.05.01	1.27303	1.27451	1.26505	1.26686	49426	0	60
2012.05.02	1.26687	1.27585	1.26645	1.27571	59008	0	60
2012.05.03	1.27572	1.28272	1.27487	1.28163	62333	0	60
2012.05.04	1.28161	1.28476	1.27752	1.27877	58369	0	60
2012.05.07	1.27857	1.28306	1.27601	1.28192	59988	0	60
2012.05.08	1.28193	1.28514	1.28019	1.28260	65474	0	60
2012.05.09	1.28259	1.28501	1.27948	1.28016	70706	0	60
2012.05.10	1.28020	1.28539	1.27916	1.28221	71444	0	60
2012.05.11	1.28222	1.28334	1.27637	1.27911	66577	0	60
2012.05.14	1.28039	1.28414	1.27901	1.28034	56735	0	60
2012.05.15	1.28035	1.29180	1.28035	1.29086	61204	0	60
2012.05.16	1.29087	1.29851	1.29061	1.29583	68178	0	60
2012.05.17	1.29581	1.29961	1.29259	1.29443	65787	0	60
2012.05.18	1.29442	1.30443	1.29107	1.29969	75205	0	60
2012.05.21	1.29986	1.30083	1.29376	1.29522	69073	0	60
2012.05.22	1.29519	1.30070	1.29097	1.29727	71463	0	60
2012.05.23	1.29729	1.30362	1.29576	1.29687	80080	0	60
2012.05.24	1.29686	1.29903	1.29332	1.29365	79672	0	60
2012.05.25	1.29366	1.29532	1.29087	1.29233	69308	0	21
2012.05.28	1.29164	1.29547	1.29055	1.29262	53541	0	60
2012.05.29	1.29261	1.29548	1.28911	1.29023	73399	0	60
2012.05.30	1.29024	1.29174	1.28557	1.28864	72521	0	36
2012.05.31	1.28865	1.29218	1.28571	1.29058	76623	0	60
2012.06.01	1.29054	1.29146	1.28228	1.28430	80920	0	60
2012.06.04	1.28417	1.28541	1.28111	1.28495	68740	0	60
2012.06.05	1.28494	1.29178	1.28196	1.28704	75221	0	60
2012.06.06	1.28710	1.29439	1.28590	1.28678	79478	0	60
2012.06.07	1.28681	1.29173	1.28266	1.28876	77398	0	60
2012.06.08	1.28875	1.29216	1.28434	1.28629	74865	0	60
2012.06.11	1.28456	1.28668	1.28104	1.28250	69320	0	60
2012.06.12	1.28251	1.28412	1.27688	1.28032	73201	0	60
2012.06.13	1.28033	1.28471	1.27815	1.28035	71781	0	60
2012.06.14	1.28036	1.28165	1.27652	1.27984	69910	0	60
2012.06.15	1.27983	1.28052	1.27464	1.27684	63644	0	60
2012.06.18	1.27878	1.27878	1.27299	1.27672	71965	0	43
2012.06.19	1.27671	1.27994	1.27452	1.27595	68401	0	60
2012.06.20	1.27596	1.28179	1.27574	1.27853	73155	0	32
2012.06.21	1.27854	1.27929	1.27039	1.27532	78833	0	60
2012.06.22	1.27529	1.27656	1.27067	1.27165	65391	0	60
2012.06.25	1.27273	1.27435	1.26879	1.26987	62803	0	51
2012.06.26	1.26984	1.27205	1.26710	1.27104	64590	0	60
2012.06.27	1.27108	1.27670	1.27089	1.27218	59639	0	60
2012.06.28	1.27220	1.27571	1.27042	1.27346	68844	0	60
2012.06.29	1.27345	1.27941	1.27286	1.27707	76383	0	60
2012.07.02	1.27925	1.27948	1.27348	1.27551	61357	0	60
2012.07.03	1.27552	1.28023	1.27322	1.27815	58069	0	60
2012.07.04	1.27819	1.27961	1.27613	1.27704	48479	0	60
2012.07.05	1.27705	1.28091	1.27562	1.27905	61717	0	25
2012.07.06	1.27903	1.28085	1.27722	1.27825	60198	0	60
2012.07.09	1.27918	1.28177	1.27752	1.28014	56285	0	50
2012.07.10	1.28016	1.28367	1.27923	1.28264	60631	0	60
2012.07.11	1.28263	1.28595	1.28141	1.28468	60695	0	60
2012.07.12	1.28470	1.28979	1.28116	1.28240	66736	0	34
2012.07.13	1.28238	1.28652	1.28133	1.28342	58190	0	60
2012.07.16	1.28354	1.28549	1.28238	1.28363	49171	0	60
2012.07.17	1.28362	1.29713	1.28279	1.29195	61281	0	60
2012.07.18	1.29196	1.29882	1.29032	1.29445	61778	0	60
2012.07.19	1.29446	1.29870	1.29340	1.29647	63827	0	60
2012.07.20	1.29648	1.29911	1.29550	1.29676	62593	0	37
2012.07.23	1.29718	1.30265	1.29627	1.30081	69239	0	60
2012.07.24	1.30080	1.30248	1.29923	1.30228	69410	0	60
2012.07.25	1.30230	1.30762	1.30188	1.30284	74440	0	60
2012.07.26	1.30282	1.30512	1.29450	1.29730	71946	0	60
2012.07.27	1.29736	1.29943	1.29097	1.29342	68658	0	60
2012.07.30	1.29301	1.29851	1.29148	1.29755	55880	0	60
2012.07.31	1.29754	1.30026	1.29557	1.29647	58406	0	60
2012.08.01	1.29646	1.29708	1.29170	1.29330	62842	0	20
2012.08.02	1.29331	1.29616	1.28978	1.29084	69374	0	60
2012.08.03	1.29087	1.29269	1.28715	1.28934	62014	0	28
2012.08.06	1.29128	1.29133	1.28688	1.28751	50699	0	47
2012.08.07	1.28749	1.29406	1.28563	1.29338	52848	0	60
2012.08.08	1.29339	1.29796	1.29166	1.29540	56252	0	60
2012.08.09	1.29541	1.30411	1.29475	1.30148	57597	0	60
2012.08.10	1.30146	1.30270	1.29749	1.29950	53675	0	60
2012.08.13	1.29974	1.30149	1.29775	1.29893	43267	0	19
2012.08.14	1.29894	1.30263	1.29586	1.30125	51159	0	60
2012.08.15	1.30124	1.30264	1.29938	1.29994	49158	0	60
2012.08.16	1.29997	1.30025	1.29448	1.29537	50543	0	60
2012.08.17	1.29536	1.29586	1.28816	1.28917	49023	0	60
2012.08.20	1.29195	1.29253	1.28954	1.28988	44872	0	35
2012.08.21	1.28986	1.29316	1.28948	1.29169	45508	0	60
2012.08.22	1.29163	1.29281	1.28720	1.29010	58105	0	60
2012.08.23	1.29011	1.29056	1.28196	1.28379	57831	0	16
2012.08.24	1.28377	1.28430	1.28110	1.28139	54121	0	60
2012.08.27	1.28331	1.28352	1.28010	1.28059	38672	0	10
2012.08.28	1.28061	1.29056	1.28014	1.28759	45998	0	60
2012.08.29	1.28757	1.29215	1.28690	1.29131	41598	0	60
2012.08.30	1.29132	1.29141	1.28596	1.28768	43931	0	60
2012.08.31	1.28767	1.28925	1.28285	1.28293	50235	0	60
2012.09.03	1.28562	1.28566	1.28048	1.28310	37937	0	32
2012.09.04	1.28313	1.29159	1.28153	1.28572	51285	0	60
2012.09.05	1.28573	1.28618	1.28002	1.28058	54846	0	60
2012.09.06	1.28057	1.28575	1.27819	1.28176	54993	0	17
2012.09.07	1.28180	1.28784	1.27736	1.27749	53915	0	60
2012.09.10	1.27934	1.27942	1.27457	1.27683	43898	0	54
2012.09.11	1.27682	1.27781	1.27339	1.27496	53498	0	60
2012.09.12	1.27501	1.27802	1.27279	1.27501	60089	0	60
2012.09.13	1.27502	1.27544	1.26612	1.26816	58618	0	60
2012.09.14	1.26815	1.27375	1.26567	1.27183	61372	0	60
2012.09.17	1.27157	1.27204	1.26430	1.26601	48623	0	32
2012.09.18	1.26598	1.26736	1.25973	1.26266	53758	0	60
2012.09.19	1.26265	1.26711	1.25984	1.26703	50834	0	60
2012.09.20	1.26704	1.26881	1.25714	1.25741	57584	0	60
2012.09.21	1.25740	1.26289	1.25693	1.26042	51933	0	60
2012.09.24	1.25957	1.26931	1.25878	1.26674	48420	0	42
2012.09.25	1.26671	1.26794	1.26089	1.26329	52374	0	60
2012.09.26	1.26328	1.26454	1.25530	1.25734	54554	0	60
2012.09.27	1.25733	1.26033	1.25440	1.25543	57722	0	60
2012.09.28	1.25542	1.25648	1.24909	1.24940	55370	0	60
2012.10.01	1.25056	1.25198	1.24767	1.25002	50429	0	60
2012.10.02	1.25000	1.25193	1.23690	1.24072	56046	0	60
2012.10.03	1.24071	1.24676	1.23925	1.24614	54388	0	60
2012.10.04	1.24617	1.25025	1.24171	1.24571	54631	0	60
2012.10.05	1.24572	1.24704	1.24020	1.24445	48768	0	60
2012.10.08	1.24367	1.24674	1.24018	1.24290	46427	0	30
2012.10.09	1.24291	1.24821	1.24184	1.24768	48792	0	60
2012.10.10	1.24769	1.25425	1.24723	1.25077	51874	0	60
2012.10.11	1.25073	1.25693	1.24960	1.25437	47667	0	24
2012.10.12	1.25442	1.25572	1.24852	1.25185	45230	0	60
2012.10.15	1.25407	1.25659	1.25055	1.25544	46882	0	26
2012.10.16	1.25543	1.26457	1.25501	1.25986	46106	0	60
2012.10.17	1.25985	1.26331	1.25910	1.26151	50201	0	60
2012.10.18	1.26146	1.26629	1.26095	1.26515	47770	0	60
2012.10.19	1.26518	1.26627	1.26260	1.26531	43088	0	60
2012.10.22	1.26457	1.26491	1.26042	1.26161	42170	0	23
2012.10.23	1.26159	1.26496	1.25955	1.26332	49069	0	60
2012.10.24	1.26338	1.26960	1.26023	1.26206	51223	0	60
2012.10.25	1.26207	1.26593	1.25768	1.26353	48563	0	60
2012.10.26	1.26344	1.26360	1.25829	1.26012	39383	0	20
2012.10.29	1.26030	1.26328	1.25950	1.26090	21455	0	8
2012.10.30	1.26095	1.26433	1.25931	1.26035	22045	0	21
2012.10.31	1.26030	1.26411	1.25989	1.26160	52694	0	17
2012.11.01	1.26159	1.26207	1.25505	1.25727	71677	0	60
2012.11.02	1.25726	1.25782	1.25157	1.25182	68250	0	10
2012.11.05	1.25404	1.25746	1.25236	1.25464	68145	0	40
2012.11.06	1.25461	1.26191	1.25434	1.26001	71525	0	10
2012.11.07	1.26003	1.27166	1.25876	1.26891	90432	0	60
2012.11.08	1.26894	1.27724	1.26695	1.27568	79032	0	60
2012.11.09	1.27567	1.27815	1.27298	1.27408	77682	0	60
2012.11.12	1.27507	1.27822	1.27330	1.27421	59396	0	43
2012.11.13	1.27423	1.27838	1.27108	1.27702	74221	0	10
2012.11.14	1.27700	1.28291	1.27663	1.27830	80273	0	60
2012.11.15	1.27828	1.27902	1.27109	1.27513	80937	0	60
2012.11.16	1.27515	1.27723	1.27142	1.27156	76300	0	60
2012.11.19	1.27321	1.27492	1.26850	1.27072	65365	0	18
2012.11.20	1.27069	1.27323	1.26939	1.26992	68691	0	60
2012.11.21	1.26994	1.27432	1.26959	1.27132	73860	0	15
2012.11.22	1.27135	1.27466	1.27106	1.27220	52173	0	60
2012.11.23	1.27217	1.27351	1.26745	1.26867	59714	0	60
2012.11.26	1.26917	1.27310	1.26778	1.27190	67206	0	19
2012.11.27	1.27187	1.27464	1.27120	1.27191	72716	0	15
2012.11.28	1.27197	1.27333	1.27028	1.27082	76246	0	60
2012.11.29	1.27080	1.27080	1.26550	1.26738	54361	0	18
2012.11.30	1.26737	1.27247	1.26545	1.26975	73865	0	15
2012.12.03	1.27139	1.27278	1.26769	1.26839	66298	0	17
2012.12.04	1.26834	1.27149	1.26747	1.26978	67020	0	15
2012.12.05	1.26977	1.27009	1.25978	1.25985	48278	0	10
2012.12.06	1.25984	1.26268	1.25762	1.25915	67195	0	10
2012.12.07	1.25912	1.25966	1.25714	1.25898	56073	0	23
2012.12.10	1.25861	1.25888	1.25525	1.25614	52390	0	12
2012.12.11	1.25616	1.25667	1.25099	1.25468	56502	0	21
2012.12.12	1.25467	1.25531	1.24980	1.25050	59024	0	21
2012.12.13	1.25052	1.25132	1.24683	1.24802	56830	0	25
2012.12.14	1.24800	1.25273	1.24721	1.24792	57907	0	28
2012.12.17	1.24675	1.25005	1.24503	1.24840	57134	0	15
2012.12.18	1.24842	1.25258	1.24754	1.25207	56805	0	12
2012.12.19	1.25205	1.25687	1.25052	1.25512	65719	0	60
2012.12.20	1.25510	1.25836	1.25281	1.25610	62287	0	10
2012.12.21	1.25612	1.26662	1.25584	1.26253	64176	0	20
2012.12.24	1.26227	1.26674	1.25910	1.26071	36658	0	10
2012.12.26	1.26146	1.26970	1.25853	1.26549	40521	0	60
2012.12.27	1.26552	1.26830	1.26080	1.26194	61726	0	25
2012.12.28	1.26196	1.26845	1.26165	1.26423	51837	0	44
2012.12.31	1.26329	1.26339	1.25585	1.25633	41003	0	50
2013.01.01	1.25562	1.25665	1.25383	1.25547	946	0	50
2013.01.02	1.25550	1.26372	1.24694	1.25929	75884	0	37
2013.01.03	1.25928	1.26473	1.25735	1.26404	64636	0	60
2013.01.04	1.26405	1.26767	1.25857	1.25899	70528	0	42
2013.01.07	1.26202	1.26353	1.25334	1.25437	63420	0	60
2013.01.08	1.25439	1.25696	1.25171	1.25500	67486	0	57
2013.01.09	1.25504	1.25631	1.25009	1.25119	72830	0	42
2013.01.10	1.25116	1.25629	1.25051	1.25280	77521	0	60
2013.01.11	1.25281	1.25978	1.25239	1.25898	73588	0	29
2013.01.14	1.25874	1.25926	1.25125	1.25307	67516	0	35
2013.01.15	1.25274	1.25938	1.25129	1.25777	74967	0	20
2013.01.16	1.25755	1.25837	1.25371	1.25597	74878	0	37
2013.01.17	1.25532	1.26260	1.25014	1.26022	76783	0	29
2013.01.18	1.26023	1.26065	1.25327	1.25327	70079	0	21
2013.01.21	1.25556	1.25925	1.25434	1.25703	46221	0	26
2013.01.22	1.25607	1.25819	1.25237	1.25490	70848	0	32
2013.01.23	1.25492	1.25551	1.24931	1.25091	67701	0	29
2013.01.24	1.25090	1.25132	1.24560	1.24677	73349	0	20
2013.01.25	1.24679	1.25004	1.24209	1.24409	68207	0	36
2013.01.28	1.24626	1.25432	1.24432	1.24855	68214	0	31
2013.01.29	1.24858	1.25082	1.24634	1.24731	67961	0	60
2013.01.30	1.24730	1.25480	1.24355	1.24491	74305	0	36
2013.01.31	1.24490	1.24657	1.23960	1.24209	76497	0	30
2013.02.01	1.24162	1.24269	1.22862	1.23037	74815	0	20
2013.02.04	1.23007	1.23829	1.22860	1.23818	71223	0	31
2013.02.05	1.23773	1.23989	1.22827	1.22921	78032	0	36
2013.02.06	1.22879	1.23018	1.22155	1.22802	75887	0	60
2013.02.07	1.22804	1.23872	1.22717	1.23343	78549	0	37
2013.02.08	1.23342	1.23616	1.22966	1.23360	71443	0	20
2013.02.11	1.23251	1.23610	1.22576	1.22658	62768	0	23
2013.02.12	1.22659	1.22761	1.22265	1.22522	69562	0	37
2013.02.13	1.22462	1.23086	1.22357	1.22502	67018	0	44
2013.02.14	1.22499	1.22531	1.21474	1.21506	73084	0	20
2013.02.15	1.21505	1.22018	1.21383	1.21811	59395	0	20
2013.02.18	1.21865	1.22216	1.21635	1.21899	51161	0	20
2013.02.19	1.21897	1.22702	1.21871	1.22309	57530	0	28
2013.02.20	1.22312	1.23467	1.22141	1.22643	70562	0	52
2013.02.21	1.22644	1.23281	1.22591	1.23263	68068	0	25
2013.02.22	1.23264	1.23423	1.22831	1.23050	58679	0	20
2013.02.25	1.23132	1.23344	1.22556	1.23102	71055	0	52
2013.02.26	1.23099	1.24236	1.23026	1.24011	80073	0	52
2013.02.27	1.24012	1.24033	1.23326	1.23548	79928	0	33
2013.02.28	1.23543	1.23899	1.23230	1.23813	71786	0	34
2013.03.01	1.23814	1.23908	1.23353	1.23572	66454	0	24
2013.03.04	1.23879	1.23879	1.23048	1.23167	11595	0	20
2013.03.05	1.23165	1.23800	1.23054	1.23353	12378	0	20
2013.03.06	1.23354	1.23683	1.23121	1.23570	20461	0	5
2013.03.07	1.23570	1.24181	1.23530	1.23939	28436	0	4
2013.03.08	1.23933	1.24845	1.23850	1.24511	25366	0	5
2013.03.11	1.24445	1.24785	1.24058	1.24338	23230	0	5
2013.03.12	1.24339	1.25273	1.24330	1.25219	28672	0	3
2013.03.13	1.25223	1.26038	1.24593	1.25963	35718	0	5
2013.03.14	1.25963	1.26817	1.25792	1.26279	38952	0	5
2013.03.15	1.26279	1.26547	1.25738	1.25752	29271	0	6
2013.03.18	1.25788	1.26211	1.25646	1.25750	34709	0	6
2013.03.19	1.25756	1.26082	1.25585	1.25683	37941	0	5
2013.03.20	1.25676	1.26397	1.25300	1.25582	39840	0	5
2013.03.21	1.25578	1.25703	1.25025	1.25462	40173	0	5
2013.03.22	1.25459	1.25516	1.24913	1.24931	27712	0	3
2013.03.25	1.25058	1.25442	1.24999	1.25262	36110	0	2
2013.03.26	1.25261	1.25534	1.24795	1.24831	33184	0	4
2013.03.27	1.24826	1.25012	1.24677	1.24737	29036	0	1
2013.03.28	1.24735	1.24858	1.24294	1.24401	31461	0	5
2013.03.29	1.24399	1.24641	1.24229	1.24427	17286	0	8
2013.04.01	1.24512	1.24603	1.24289	1.24382	17459	0	6
2013.04.02	1.24382	1.24655	1.23958	1.24184	28415	0	6
2013.04.03	1.24183	1.24480	1.24106	1.24223	28023	0	6
2013.04.04	1.24224	1.24605	1.23765	1.23862	33463	0	5
2013.04.05	1.23866	1.24136	1.23068	1.23115	32973	0	2
2013.04.08	1.23203	1.23414	1.22854	1.23026	30493	0	5
2013.04.09	1.23026	1.23523	1.22729	1.23042	33488	0	4
2013.04.10	1.23052	1.23261	1.22656	1.22694	33974	0	6
2013.04.11	1.22694	1.22930	1.21819	1.22085	33512	0	9
2013.04.12	1.22084	1.22659	1.22037	1.22276	29079	0	11
2013.04.15	1.22418	1.23101	1.22402	1.22465	49647	0	9
2013.04.16	1.22461	1.22647	1.22031	1.22254	46799	0	10
2013.04.17	1.22254	1.22558	1.21757	1.22027	43622	0	10
2013.04.18	1.22026	1.22486	1.21750	1.22472	43633	0	11
2013.04.19	1.22468	1.22482	1.21939	1.22012	37237	0	10
2013.04.22	1.22220	1.22297	1.21617	1.21888	31990	0	6
2013.04.23	1.21887	1.22328	1.21368	1.21781	36573	0	6
2013.04.24	1.21782	1.21959	1.21076	1.21245	36330	0	6
2013.04.25	1.21247	1.21324	1.20681	1.21076	30754	0	5
2013.04.26	1.21076	1.21291	1.20508	1.21209	33464	0	6
2013.04.29	1.21146	1.21221	1.20741	1.20907	30909	0	10
2013.04.30	1.20907	1.21130	1.20606	1.21011	32931	0	8
2013.05.01	1.21011	1.21290	1.20703	1.20838	33149	0	5
2013.05.02	1.20844	1.20989	1.20137	1.20618	36104	0	4
2013.05.03	1.20618	1.20927	1.20257	1.20759	28985	0	4
2013.05.06	1.20645	1.20716	1.20111	1.20418	25145	0	6
2013.05.07	1.20419	1.20682	1.19550	1.20582	34386	0	1
2013.05.08	1.20582	1.21669	1.20215	1.20970	36382	0	4
2013.05.09	1.20967	1.21186	1.20037	1.20116	41088	0	6
2013.05.10	1.20116	1.20831	1.19898	1.20560	47666	0	4
2013.05.13	1.20693	1.20886	1.20163	1.20586	41714	0	1
2013.05.14	1.20586	1.20789	1.20187	1.20569	43839	0	1
2013.05.15	1.20579	1.20698	1.19989	1.20077	43452	0	1
2013.05.16	1.20078	1.20521	1.19613	1.20169	48844	0	1
2013.05.17	1.20149	1.20741	1.20010	1.20550	42079	0	1
2013.05.20	1.20401	1.20598	1.19875	1.19966	43808	0	4
2013.05.21	1.19960	1.20262	1.19738	1.19979	50468	0	5
2013.05.22	1.19966	1.20222	1.19648	1.20207	57264	0	4
2013.05.23	1.20208	1.20265	1.19446	1.19831	76392	0	7
2013.05.24	1.19831	1.19963	1.18953	1.18972	63025	0	7
2013.05.27	1.19038	1.19381	1.18907	1.19117	43280	0	7
2013.05.28	1.19112	1.19425	1.18708	1.18750	67137	0	7
2013.05.29	1.18750	1.19055	1.18176	1.18870	73966	0	7
2013.05.30	1.18885	1.19852	1.18500	1.19556	74727	0	7
2013.05.31	1.19548	1.20636	1.19076	1.20185	73082	0	7
2013.06.03	1.20627	1.21007	1.20373	1.20581	66461	0	7
2013.06.04	1.20577	1.20794	1.20097	1.20314	70710	0	7
2013.06.05	1.20339	1.20366	1.19380	1.19542	75406	0	7
2013.06.06	1.19635	1.19817	1.19090	1.19415	88217	0	52
2013.06.07	1.19417	1.20536	1.18958	1.20194	88974	0	52
2013.06.10	1.20124	1.20224	1.19467	1.19692	66275	0	52
2013.06.11	1.19690	1.20298	1.19291	1.19747	87991	0	52
2013.06.12	1.19711	1.20103	1.18546	1.18548	83178	0	52
2013.06.13	1.18528	1.19919	1.18528	1.18971	92918	0	52
2013.06.14	1.19197	1.19270	1.18628	1.18642	68988	0	7
2013.06.17	1.18777	1.19552	1.18611	1.19285	54193	0	7
2013.06.18	1.19294	1.19550	1.18244	1.18659	65447	0	7
2013.06.19	1.18656	1.18870	1.17493	1.17661	63450	0	7
2013.06.20	1.17661	1.18992	1.17470	1.18515	89830	0	7
2013.06.21	1.18517	1.19311	1.18386	1.18778	78331	0	7
2013.06.24	1.18987	1.19692	1.18538	1.19229	86541	0	7
2013.06.25	1.19254	1.19815	1.19130	1.19509	72308	0	7
2013.06.26	1.19509	1.19852	1.18811	1.19196	72301	0	7
2013.06.27	1.18966	1.19493	1.18668	1.18945	75027	0	52
2013.06.28	1.18941	1.19042	1.17835	1.17882	78836	0	52
2013.07.01	1.18000	1.18341	1.17895	1.18082	61567	0	7
2013.07.02	1.18083	1.18252	1.17628	1.17789	65341	0	7
2013.07.03	1.17788	1.18115	1.16510	1.16922	71185	0	7
2013.07.04	1.16920	1.17235	1.16535	1.16700	62003	0	7
2013.07.05	1.16716	1.17881	1.16556	1.17462	58141	0	7
2013.07.08	1.17373	1.17478	1.16764	1.16971	48132	0	7
2013.07.09	1.16969	1.17160	1.16491	1.16838	59201	0	7
2013.07.10	1.16838	1.17467	1.16572	1.16703	65266	0	7
2013.07.11	1.16692	1.17499	1.16386	1.16938	78720	0	7
2013.07.12	1.16937	1.16980	1.15846	1.16302	54061	0	7
2013.07.15	1.16350	1.16949	1.16254	1.16477	54424	0	7
2013.07.16	1.16477	1.17375	1.16333	1.17126	58958	0	7
2013.07.17	1.17128	1.17340	1.16550	1.16759	62292	0	7
2013.07.18	1.16759	1.16861	1.15939	1.16028	50602	0	1
2013.07.19	1.16034	1.16199	1.15417	1.15547	48637	0	1
2013.07.22	1.16000	1.16399	1.15905	1.15987	48228	0	1
2013.07.23	1.15985	1.16268	1.15712	1.16151	53785	0	1
2013.07.24	1.16150	1.16415	1.14753	1.14860	64913	0	1
2013.07.25	1.14851	1.14884	1.13953	1.14529	64487	0	1
2013.07.26	1.14529	1.14940	1.14348	1.14427	52137	0	1
2013.07.29	1.14620	1.14805	1.14305	1.14553	48101	0	1
2013.07.30	1.14555	1.14678	1.13292	1.13441	57748	0	1
2013.07.31	1.13443	1.13553	1.11990	1.12169	66477	0	1
2013.08.01	1.12173	1.13557	1.12173	1.13131	61714	0	1
2013.08.02	1.13131	1.13949	1.12624	1.13395	55866	0	1
2013.08.05	1.14650	1.14935	1.13644	1.13770	54014	0	1
2013.08.06	1.13761	1.14505	1.13488	1.13585	57257	0	1
2013.08.07	1.13589	1.13866	1.12659	1.12997	58036	0	1
2013.08.08	1.12996	1.14080	1.12880	1.13744	59765	0	1
2013.08.09	1.13740	1.14452	1.13689	1.14435	48672	0	1
2013.08.12	1.14291	1.14607	1.14044	1.14236	44409	0	1
2013.08.13	1.14242	1.14508	1.13994	1.14221	54957	0	1
2013.08.14	1.14221	1.14275	1.13507	1.13605	50917	0	1
2013.08.15	1.13581	1.13908	1.13043	1.13192	64525	0	1
2013.08.16	1.13193	1.13765	1.12755	1.13265	56770	0	1
2013.08.19	1.13275	1.13570	1.12646	1.13003	52235	0	1
2013.08.20	1.13003	1.13915	1.12948	1.13870	61094	0	1
2013.08.21	1.13867	1.14605	1.13570	1.14277	64891	0	1
2013.08.22	1.14301	1.15443	1.14129	1.14999	60961	0	1
2013.08.23	1.14999	1.15902	1.14872	1.15512	52415	0	1
2013.08.26	1.15550	1.15860	1.14857	1.14938	40673	0	1
2013.08.27	1.14938	1.15365	1.14555	1.15248	54233	0	1
2013.08.28	1.15248	1.15324	1.14546	1.14578	58800	0	1
2013.08.29	1.14583	1.15138	1.14352	1.15009	49498	0	1
2013.08.30	1.14996	1.15275	1.14813	1.15004	44427	0	1
2013.09.02	1.15010	1.15442	1.14760	1.14783	42502	0	1
2013.09.03	1.14790	1.16308	1.14773	1.16093	50716	0	1
2013.09.04	1.16104	1.16590	1.15825	1.16023	49027	0	1
2013.09.05	1.16012	1.16275	1.15451	1.15757	43173	0	1
2013.09.06	1.15757	1.15757	1.14660	1.14660	39572	0	1
2013.09.09	1.14922	1.15305	1.14790	1.15066	37451	0	1
2013.09.10	1.15068	1.15471	1.15059	1.15415	44631	0	1
2013.09.11	1.15417	1.15580	1.14675	1.14736	41968	0	1
2013.09.12	1.14739	1.14800	1.13361	1.13835	48250	0	1
2013.09.13	1.13833	1.14056	1.13361	1.13582	41168	0	1
2013.09.16	1.13673	1.14327	1.13621	1.13995	44281	0	1
2013.09.17	1.13995	1.14033	1.13470	1.13623	38989	0	1
2013.09.18	1.13623	1.13980	1.13437	1.13773	44076	0	1
2013.09.19	1.13777	1.14007	1.12558	1.12620	51976	0	1
2013.09.20	1.12624	1.12869	1.12121	1.12184	39283	0	1
2013.09.23	1.12189	1.12858	1.12189	1.12547	33923	0	3
2013.09.24	1.12550	1.13608	1.12533	1.13380	34490	0	1
2013.09.25	1.13383	1.13974	1.13378	1.13554	37216	0	2
2013.09.26	1.13567	1.13652	1.12744	1.12954	35913	0	1
2013.09.27	1.12954	1.13078	1.12336	1.12341	36733	0	3
2013.09.30	1.12534	1.12819	1.12054	1.12298	38185	0	1
2013.10.01	1.12323	1.13774	1.12214	1.13548	45077	0	1
2013.10.02	1.13554	1.14260	1.12570	1.12864	45295	0	1
2013.10.03	1.12859	1.13422	1.12674	1.13233	41408	0	1
2013.10.04	1.13226	1.13784	1.13213	1.13384	34356	0	1
2013.10.07	1.13359	1.13708	1.13249	1.13492	34527	0	1
2013.10.08	1.13478	1.13954	1.13478	1.13695	37132	0	1
2013.10.09	1.13708	1.13986	1.13499	1.13781	37980	0	2
2013.10.10	1.13779	1.14406	1.13539	1.14146	39678	0	1
2013.10.11	1.14133	1.14319	1.13474	1.13624	36262	0	1
2013.10.14	1.13417	1.13659	1.12987	1.13557	32083	0	1
2013.10.15	1.13558	1.13889	1.13429	1.13519	37960	0	1
2013.10.16	1.13519	1.13626	1.13099	1.13437	37864	0	1
2013.10.17	1.13437	1.13604	1.13071	1.13516	42407	0	1
2013.10.18	1.13514	1.13972	1.13492	1.13759	33486	0	1
2013.10.21	1.13869	1.14431	1.13623	1.14229	29653	0	1
2013.10.22	1.14238	1.14434	1.13858	1.14012	32754	0	1
2013.10.23	1.14012	1.15021	1.13927	1.14417	48367	0	1
2013.10.24	1.14417	1.15279	1.14293	1.15244	45743	0	1
2013.10.25	1.15244	1.15754	1.15204	1.15629	38547	0	1
2013.10.28	1.15719	1.15803	1.14954	1.14987	34993	0	1
2013.10.29	1.14971	1.15278	1.14610	1.14811	43944	0	1
2013.10.30	1.14818	1.15229	1.14491	1.14804	42325	0	1
2013.10.31	1.14799	1.15169	1.14345	1.14509	47893	0	1
2013.11.01	1.14504	1.14821	1.14042	1.14124	36828	0	1
2013.11.04	1.14421	1.14866	1.14339	1.14744	25214	0	1
2013.11.05	1.14745	1.14914	1.13472	1.13554	43720	0	1
2013.11.06	1.13563	1.13729	1.13248	1.13637	34389	0	1
2013.11.07	1.13645	1.13787	1.13113	1.13548	49112	0	1
2013.11.08	1.13560	1.13827	1.13100	1.13564	45008	0	1
2013.11.11	1.13628	1.13677	1.13180	1.13341	31911	0	1
2013.11.12	1.13341	1.13649	1.12988	1.13092	43303	0	1
2013.11.13	1.13092	1.13329	1.12731	1.12935	40236	0	2
2013.11.14	1.12955	1.13054	1.12183	1.12537	41926	0	1
2013.11.15	1.12545	1.12801	1.12256	1.12262	31875	0	1
2013.11.18	1.12236	1.12662	1.11955	1.12619	37453	0	1
2013.11.19	1.12619	1.13057	1.12405	1.12738	39227	0	1
2013.11.20	1.12729	1.13114	1.12487	1.12751	45198	0	1
2013.11.21	1.12751	1.13017	1.12151	1.12188	49553	0	1
2013.11.22	1.12188	1.12664	1.11695	1.11796	39365	0	1
2013.11.25	1.12014	1.12104	1.11246	1.11576	28578	0	1
2013.11.26	1.11571	1.11752	1.11167	1.11262	30795	0	1
2013.11.27	1.11273	1.11784	1.11144	1.11504	33387	0	1
2013.11.28	1.11505	1.12150	1.11251	1.12092	31963	0	1
2013.11.29	1.12092	1.12256	1.11606	1.11979	34588	0	1
2013.12.02	1.11695	1.11890	1.11048	1.11155	37160	0	1
2013.12.03	1.11158	1.11361	1.10514	1.10827	38926	0	1
2013.12.04	1.10826	1.10929	1.10041	1.10115	45172	0	1
2013.12.05	1.10114	1.10559	1.09927	1.10263	39935	0	1
2013.12.06	1.10264	1.10697	1.09646	1.09859	39216	0	1
2013.12.09	1.09923	1.10073	1.09499	1.09589	35778	0	1
2013.12.10	1.09586	1.10325	1.09585	1.10113	35540	0	1
2013.12.11	1.10111	1.10481	1.09379	1.09413	39387	0	2
2013.12.12	1.09410	1.09664	1.08161	1.08692	44619	0	1
2013.12.13	1.08683	1.08809	1.08257	1.08321	34703	0	4
2013.12.16	1.08282	1.08527	1.07998	1.08289	31167	0	2
2013.12.17	1.08295	1.08324	1.07466	1.07771	34276	0	1
2013.12.18	1.07768	1.08154	1.07290	1.07841	39348	0	1
2013.12.19	1.07845	1.08481	1.07657	1.08154	35722	0	1
2013.12.20	1.08154	1.08983	1.08028	1.08706	34404	0	1
2013.12.23	1.08635	1.09089	1.08602	1.08922	25541	0	1
2013.12.24	1.08928	1.09143	1.08831	1.08920	17817	0	8
2013.12.26	1.08792	1.09044	1.08698	1.08862	12923	0	1
2013.12.27	1.08862	1.09131	1.08544	1.08742	26154	0	1
2013.12.30	1.08592	1.08890	1.08347	1.08470	28262	0	1
2013.12.31	1.08474	1.08769	1.08308	1.08314	20868	0	6
2014.01.01	1.08372	1.08465	1.08228	1.08307	1245	0	26
2014.01.02	1.08302	1.08956	1.08151	1.08750	47039	0	1
2014.01.03	1.08750	1.09048	1.08009	1.08059	42596	0	1
2014.01.06	1.08267	1.08599	1.07962	1.08129	39268	0	1
2014.01.07	1.08132	1.08271	1.07540	1.07600	41255	0	1
2014.01.08	1.07620	1.07867	1.07506	1.07561	42688	0	2
2014.01.09	1.07563	1.07916	1.07349	1.07893	39522	0	1
2014.01.10	1.07893	1.08477	1.07776	1.08279	39165	0	1
2014.01.13	1.08434	1.08614	1.07945	1.08065	44412	0	1
2014.01.14	1.08062	1.08099	1.06718	1.07049	43065	0	1
2014.01.15	1.07041	1.07139	1.06405	1.06872	41670	0	1
2014.01.16	1.06867	1.06989	1.05416	1.05573	45172	0	1
2014.01.17	1.05575	1.06462	1.05563	1.06194	35904	0	1
2014.01.20	1.06312	1.07042	1.05724	1.05759	30243	0	1
2014.01.21	1.05759	1.06024	1.05631	1.05863	36708	0	2
2014.01.22	1.05884	1.06718	1.05709	1.06471	38874	0	2
2014.01.23	1.06467	1.06703	1.05294	1.05525	48730	0	1
2014.01.24	1.05515	1.05871	1.04913	1.05634	48387	0	2
2014.01.27	1.05519	1.06282	1.05485	1.06125	42219	0	1
2014.01.28	1.06125	1.06532	1.05931	1.06260	41124	0	2
2014.01.29	1.06254	1.06717	1.05597	1.06312	45002	0	1
2014.01.30	1.06310	1.07930	1.06288	1.07580	45453	0	1
2014.01.31	1.07583	1.08295	1.07267	1.08183	41947	0	1
2014.02.03	1.08184	1.08760	1.07729	1.08280	42869	0	1
2014.02.04	1.08283	1.09463	1.08118	1.08362	50838	0	1
2014.02.05	1.08362	1.08720	1.08189	1.08501	49923	0	1
2014.02.06	1.08506	1.09041	1.08289	1.08583	48758	0	1
2014.02.07	1.08607	1.08856	1.07908	1.07939	45714	0	1
2014.02.10	1.08108	1.08268	1.07814	1.08144	28708	0	4
2014.02.11	1.08152	1.08664	1.08122	1.08574	36783	0	1
2014.02.12	1.08574	1.08722	1.08215	1.08278	34913	0	1
2014.02.13	1.08281	1.08465	1.07354	1.07575	38011	0	1
2014.02.14	1.07576	1.07979	1.07560	1.07850	33245	0	1
2014.02.17	1.08154	1.08205	1.07832	1.07986	27702	0	1
2014.02.18	1.07988	1.08845	1.07874	1.08647	39594	0	1
2014.02.19	1.08650	1.08899	1.08339	1.08775	39075	0	1
2014.02.20	1.08779	1.08858	1.08130	1.08519	41709	0	2
2014.02.21	1.08520	1.08544	1.08153	1.08323	32061	0	4
2014.02.24	1.08360	1.08573	1.08158	1.08480	37068	0	2
2014.02.25	1.08480	1.08509	1.08049	1.08259	34606	0	3
2014.02.26	1.08259	1.08286	1.07717	1.07822	37930	0	6
2014.02.27	1.07864	1.07921	1.06699	1.07134	43079	0	3
2014.02.28	1.07136	1.07176	1.06279	1.06364	39630	0	1
2014.03.03	1.06541	1.06823	1.06409	1.06738	35108	0	1
2014.03.04	1.06740	1.07200	1.06561	1.06775	35005	0	4
2014.03.05	1.06776	1.07153	1.06553	1.06749	37656	0	5
2014.03.06	1.06746	1.07316	1.06663	1.07153	42826	0	1
2014.03.07	1.07142	1.07589	1.06919	1.06949	44146	0	3
2014.03.10	1.06894	1.07029	1.06385	1.06527	52441	0	3
2014.03.11	1.06529	1.06621	1.05835	1.06024	54243	0	2
2014.03.12	1.06024	1.06459	1.05372	1.05547	69617	0	0
2014.03.13	1.05547	1.06146	1.05511	1.05808	81739	0	0
2014.03.14	1.05812	1.05846	1.05451	1.05731	61394	0	0
2014.03.17	1.05720	1.06152	1.05596	1.06066	52792	0	0
2014.03.18	1.06066	1.06188	1.05684	1.05928	65533	0	0
2014.03.19	1.05931	1.06009	1.05413	1.05841	69293	0	0
2014.03.20	1.05843	1.06007	1.05584	1.05893	62450	0	3
2014.03.21	1.05893	1.06478	1.05869	1.06316	46257	0	4
2014.03.24	1.06538	1.06889	1.06044	1.06820	56867	0	0
2014.03.25	1.06820	1.07158	1.06679	1.06862	50089	0	2
2014.03.26	1.06862	1.07389	1.06578	1.07219	61675	0	1
2014.03.27	1.07224	1.07290	1.06418	1.06794	57454	0	3
2014.03.28	1.06797	1.06984	1.06449	1.06749	48004	0	1
2014.03.31	1.06814	1.06955	1.06505	1.06839	51600	0	0
2014.04.01	1.06834	1.07152	1.06441	1.07111	49731	0	1
2014.04.02	1.07118	1.08079	1.07089	1.07876	52440	0	1
2014.04.03	1.07876	1.08340	1.07612	1.08039	54991	0	1
2014.04.04	1.08041	1.08329	1.07898	1.08031	52880	0	1
2014.04.07	1.08105	1.08140	1.07618	1.07654	38943	0	1
2014.04.08	1.07644	1.07980	1.07449	1.07913	51660	0	1
2014.04.09	1.07916	1.08189	1.07599	1.07655	50027	0	1
2014.04.10	1.07664	1.08565	1.07349	1.08511	43834	0	1
2014.04.11	1.08515	1.08628	1.08014	1.08050	39205	0	1
2014.04.14	1.08101	1.08743	1.07974	1.08447	33143	0	1
2014.04.15	1.08447	1.08684	1.08133	1.08179	37032	0	1
2014.04.16	1.08179	1.09109	1.08179	1.08578	44702	0	1
2014.04.17	1.08581	1.08940	1.08396	1.08785	31337	0	2
2014.04.18	1.08785	1.08893	1.08573	1.08637	16605	0	1
2014.04.21	1.08835	1.09099	1.08494	1.08770	18870	0	3
2014.04.22	1.08773	1.09110	1.08687	1.08773	30766	0	1
2014.04.23	1.08766	1.08858	1.07677	1.07710	37065	0	1
2014.04.24	1.07720	1.08284	1.07613	1.08114	31771	0	1
2014.04.25	1.08113	1.08314	1.07943	1.08019	26809	0	5
2014.04.28	1.08091	1.08722	1.08008	1.08439	33896	0	2
2014.04.29	1.08439	1.08616	1.08279	1.08377	34930	0	6
2014.04.30	1.08371	1.08556	1.07679	1.07749	39504	0	4
2014.05.01	1.07749	1.07919	1.07304	1.07338	28757	0	6
2014.05.02	1.07343	1.07638	1.06820	1.06969	45634	0	1
2014.05.05	1.07094	1.07265	1.06751	1.06849	24750	0	4
2014.05.06	1.06849	1.07372	1.06478	1.07263	41201	0	1
2014.05.07	1.07266	1.07844	1.07071	1.07736	53507	0	1
2014.05.08	1.07739	1.08706	1.07725	1.08367	55020	0	1
2014.05.09	1.08375	1.08714	1.08169	1.08639	32621	0	1
2014.05.12	1.08531	1.08744	1.08423	1.08598	28436	0	1
2014.05.13	1.08605	1.08612	1.08158	1.08288	32791	0	2
2014.05.14	1.08281	1.08776	1.08125	1.08200	31756	0	1
2014.05.15	1.08205	1.08307	1.07944	1.08190	31151	0	3
2014.05.16	1.08194	1.08514	1.08101	1.08430	33637	0	1
2014.05.19	1.08453	1.08484	1.08068	1.08079	31045	0	15
2014.05.20	1.08080	1.08176	1.07759	1.07771	39700	0	16
2014.05.21	1.07771	1.07912	1.07458	1.07814	38695	0	2
2014.05.22	1.07811	1.08074	1.07627	1.07662	33812	0	1
2014.05.23	1.07674	1.08121	1.07645	1.07868	37850	0	1
2014.05.26	1.08065	1.08271	1.07951	1.08023	35310	0	5
2014.05.27	1.08022	1.08387	1.07937	1.08092	40943	0	7
2014.05.28	1.08094	1.08852	1.08050	1.08637	44009	0	12
2014.05.29	1.08636	1.09807	1.08604	1.09555	45986	0	8
2014.05.30	1.09556	1.09762	1.09450	1.09453	41184	0	12
2014.06.02	1.09577	1.09670	1.09143	1.09339	32663	0	6
2014.06.03	1.09346	1.09937	1.09255	1.09859	35465	0	1
2014.06.04	1.09864	1.10345	1.09704	1.10167	35937	0	1
2014.06.05	1.10172	1.10261	1.09729	1.09883	37035	0	2
2014.06.06	1.09889	1.09976	1.09379	1.09743	35006	0	2
2014.06.09	1.09833	1.10224	1.09690	1.10069	24895	0	7
2014.06.10	1.10070	1.10124	1.09853	1.09886	31940	0	1
2014.06.11	1.09884	1.09999	1.08898	1.08944	37455	0	1
2014.06.12	1.08949	1.09009	1.08214	1.08454	43790	0	3
2014.06.13	1.08451	1.08732	1.08363	1.08412	33746	0	6
2014.06.16	1.08377	1.08459	1.08101	1.08312	29742	0	3
2014.06.17	1.08306	1.08347	1.07759	1.07845	29873	0	1
2014.06.18	1.07844	1.07884	1.07469	1.07650	32279	0	1
2014.06.19	1.07654	1.08113	1.07591	1.07821	35004	0	3
2014.06.20	1.07821	1.08122	1.07770	1.07924	25777	0	6
2014.06.23	1.07724	1.08174	1.07714	1.08055	26241	0	5
2014.06.24	1.08033	1.08239	1.07865	1.08019	30673	0	3
2014.06.25	1.08019	1.08056	1.07459	1.07666	30660	0	3
2014.06.26	1.07677	1.07707	1.07110	1.07214	30607	0	6
2014.06.27	1.07214	1.07574	1.07076	1.07359	26430	0	4
2014.06.30	1.07344	1.07804	1.07261	1.07604	30514	0	3
2014.07.01	1.07606	1.08227	1.07393	1.08212	36897	0	28
2014.07.02	1.08212	1.08340	1.07545	1.07588	34689	0	27
2014.07.03	1.07592	1.07637	1.06514	1.06810	38562	0	3
2014.07.04	1.06811	1.07158	1.06777	1.07057	28296	0	3
2014.07.07	1.07009	1.07341	1.06857	1.07052	29099	0	3
2014.07.08	1.07053	1.07175	1.06729	1.06950	32347	0	3
2014.07.09	1.06951	1.07076	1.06588	1.06650	33200	0	3
2014.07.10	1.06649	1.06944	1.06210	1.06494	35528	0	3
2014.07.11	1.06493	1.06719	1.06419	1.06460	41978	0	3
2014.07.14	1.06478	1.06738	1.06429	1.06673	43743	0	4
2014.07.15	1.06675	1.06930	1.06418	1.06898	57412	0	2
2014.07.16	1.06895	1.07570	1.06822	1.07432	46197	0	1
2014.07.17	1.07436	1.07989	1.07415	1.07856	48847	0	6
2014.07.18	1.07869	1.08243	1.07772	1.08002	42979	0	6
2014.07.21	1.08020	1.08093	1.07722	1.07851	36074	0	10
2014.07.22	1.07854	1.08531	1.07805	1.08344	57824	0	1
2014.07.23	1.08343	1.09672	1.08226	1.09517	66312	0	5
2014.07.24	1.09517	1.10153	1.09506	1.09896	69005	0	5
2014.07.25	1.09893	1.10137	1.09566	1.09566	60131	0	6
2014.07.28	1.09839	1.10106	1.09802	1.09992	52842	0	6
2014.07.29	1.09995	1.10474	1.09846	1.10277	66832	0	6
2014.07.30	1.10277	1.10308	1.09724	1.09887	58856	0	1
2014.07.31	1.09889	1.09896	1.09293	1.09332	49272	0	5
2014.08.01	1.09332	1.09641	1.09160	1.09425	50104	0	6
2014.08.04	1.09377	1.09634	1.09288	1.09451	25962	0	18
2014.08.05	1.09451	1.09995	1.09375	1.09907	42287	0	18
2014.08.06	1.09907	1.10525	1.09767	1.10309	45929	0	18
2014.08.07	1.10312	1.10477	1.09256	1.09454	44920	0	18
2014.08.08	1.09454	1.09665	1.09320	1.09656	40474	0	18
2014.08.11	1.09599	1.09658	1.09406	1.09525	23416	0	18
2014.08.12	1.09525	1.10087	1.09443	1.09866	32294	0	18
2014.08.13	1.09869	1.10253	1.09836	1.09961	37295	0	18
2014.08.14	1.09961	1.10016	1.09439	1.09716	33251	0	18
2014.08.15	1.09724	1.09984	1.09565	1.09823	30386	0	18
2014.08.18	1.09748	1.10120	1.09622	1.09948	24320	0	18
2014.08.19	1.09948	1.10773	1.09894	1.10369	42415	0	18
2014.08.20	1.10369	1.10985	1.10199	1.10951	55282	0	18
2014.08.21	1.10945	1.11013	1.10531	1.10674	44052	0	18
2014.08.22	1.10667	1.10925	1.10551	1.10817	44636	0	15
2014.08.25	1.11263	1.11630	1.11184	1.11449	37973	0	18
2014.08.26	1.11449	1.11859	1.11314	1.11695	47360	0	18
2014.08.27	1.11695	1.11776	1.11295	1.11437	52288	0	18
2014.08.28	1.11437	1.11769	1.11314	1.11631	53654	0	3
2014.08.29	1.11622	1.11906	1.11428	1.11577	34396	0	3
2014.09.01	1.11646	1.11744	1.11341	1.11366	37064	0	18
2014.09.02	1.11359	1.11804	1.11201	1.11483	62788	0	18
2014.09.03	1.11481	1.12360	1.11455	1.12214	63445	0	1
2014.09.04	1.12214	1.12715	1.12162	1.12510	69994	0	1
2014.09.05	1.12515	1.12953	1.12506	1.12518	65445	0	1
2014.09.08	1.12732	1.12751	1.12039	1.12074	66171	0	1
2014.09.09	1.12074	1.12264	1.11545	1.11607	81588	0	1
2014.09.10	1.11607	1.11709	1.10897	1.11660	74414	0	1
2014.09.11	1.11659	1.12263	1.11104	1.11251	49677	0	1
2014.09.12	1.11246	1.11288	1.10625	1.10883	71339	0	1
2014.09.15	1.10589	1.10788	1.10360	1.10462	53709	0	1
2014.09.16	1.10459	1.10954	1.10214	1.10890	69563	0	1
2014.09.17	1.10890	1.11017	1.10539	1.10621	76699	0	1
2014.09.18	1.10631	1.10801	1.09998	1.10059	71709	0	1
2014.09.19	1.10059	1.10294	1.09752	1.09752	73618	0	1
2014.09.22	1.09585	1.09804	1.09182	1.09346	119297	0	1
2014.09.23	1.09341	1.09902	1.09311	1.09652	54978	0	1
2014.09.24	1.09652	1.10100	1.09459	1.09941	57391	0	1
2014.09.25	1.09941	1.11054	1.09797	1.10807	91442	0	1
2014.09.26	1.10807	1.11485	1.10648	1.11361	70610	0	1
2014.09.29	1.11317	1.12816	1.11022	1.12218	84850	0	1
2014.09.30	1.12218	1.12606	1.11894	1.11943	86170	0	1
2014.10.01	1.11941	1.12291	1.11270	1.12221	92898	0	1
2014.10.02	1.12221	1.12455	1.11179	1.11387	96190	0	1
2014.10.03	1.11379	1.11915	1.11248	1.11646	75251	0	1
2014.10.06	1.11728	1.12281	1.11586	1.11798	68934	0	1
2014.10.07	1.11808	1.12608	1.11732	1.12554	97875	0	1
2014.10.08	1.12561	1.12795	1.11691	1.11809	93208	0	1
2014.10.09	1.11826	1.11940	1.11317	1.11540	96468	0	1
2014.10.10	1.11537	1.11666	1.11084	1.11120	81183	0	1
2014.10.13	1.11123	1.11361	1.10645	1.11030	76691	0	1
2014.10.14	1.11030	1.11431	1.10966	1.11221	59597	0	1
2014.10.15	1.11221	1.11494	1.09820	1.10463	84001	0	1
2014.10.16	1.10463	1.10500	1.09929	1.10206	93537	0	1
2014.10.17	1.10221	1.10883	1.10033	1.10389	61309	0	1
2014.10.20	1.10487	1.10574	1.10152	1.10196	54394	0	16
2014.10.21	1.10196	1.10501	1.09837	1.10280	75310	0	16
2014.10.22	1.10280	1.11360	1.09729	1.11300	60621	0	16
2014.10.23	1.11300	1.12242	1.11282	1.12064	65213	0	16
2014.10.24	1.12066	1.12187	1.11594	1.11962	63188	0	11
2014.10.27	1.12029	1.12264	1.11338	1.11531	51403	0	11
2014.10.28	1.11531	1.11991	1.11498	1.11818	47983	0	1
2014.10.29	1.11818	1.12965	1.11639	1.12470	64676	0	20
2014.10.30	1.12470	1.12789	1.12345	1.12643	75922	0	15
2014.10.31	1.12641	1.13026	1.11964	1.12840	79383	0	20
2014.11.03	1.12617	1.12836	1.12140	1.12211	69214	0	20
2014.11.04	1.12213	1.12743	1.11607	1.11664	72233	0	20
2014.11.05	1.11659	1.11874	1.10913	1.11214	83644	0	16
2014.11.06	1.11217	1.11599	1.11098	1.11210	80955	0	2
2014.11.07	1.11209	1.11748	1.11185	1.11380	81134	0	16
2014.11.10	1.11267	1.11501	1.10912	1.11214	51758	0	16
2014.11.11	1.11217	1.11602	1.11087	1.11268	66978	0	7
2014.11.12	1.11268	1.11385	1.10543	1.10743	75973	0	16
2014.11.13	1.10741	1.10844	1.10434	1.10690	61865	0	1
2014.11.14	1.10693	1.10827	1.10333	1.10579	57242	0	1
2014.11.17	1.10325	1.10419	1.09803	1.09878	68692	0	1
2014.11.18	1.09878	1.10112	1.09355	1.10034	67771	0	1
2014.11.19	1.10037	1.10224	1.09420	1.09636	64740	0	2
2014.11.20	1.09640	1.09886	1.09363	1.09582	64705	0	3
2014.11.21	1.09581	1.10163	1.09433	1.09960	54943	0	5
2014.11.24	1.09870	1.10114	1.09504	1.09545	56139	19465000000	3
2014.11.25	1.09565	1.09866	1.09099	1.09174	56007	208500000	5
2014.11.26	1.09179	1.09337	1.08196	1.08515	52530	107500000	9
2014.11.27	1.08525	1.08841	1.08274	1.08548	47028	0	3
2014.11.28	1.08555	1.08761	1.08207	1.08442	44050	0	20
2014.12.01	1.08259	1.08576	1.07629	1.07910	49774	0	20
2014.12.02	1.07893	1.08452	1.07715	1.08144	50293	0	3
2014.12.03	1.08183	1.08589	1.07773	1.08213	62715	0	3
2014.12.04	1.08243	1.08560	1.07565	1.07652	64400	0	3
2014.12.05	1.07656	1.08053	1.07615	1.07791	57389	0	3
2014.12.08	1.07738	1.08681	1.07738	1.08293	64927	42978399000	1
2014.12.09	1.08203	1.08471	1.07640	1.07911	76980	61603900000	1
2014.12.10	1.07960	1.08122	1.06214	1.06382	69963	50108470000	1
2014.12.11	1.06271	1.06960	1.05364	1.05730	67853	53335500000	1
2014.12.12	1.05605	1.06248	1.05605	1.05841	60677	40396500000	1
2014.12.15	1.05646	1.06490	1.05643	1.05839	66285	45470000000	2
2014.12.16	1.05751	1.06456	1.05189	1.05317	75610	65357500000	1
2014.12.17	1.05221	1.05996	1.04769	1.05315	71986	58393000000	1
2014.12.18	1.05274	1.05823	1.05063	1.05063	66478	56529350000	1
2014.12.19	1.04898	1.05235	1.04549	1.04549	60791	50665500000	0
2014.12.22	1.05065	1.05573	1.04838	1.05137	124196	63474500000	18
2014.12.23	1.05144	1.05210	1.04747	1.05067	115467	61077700000	22
2014.12.24	1.05067	1.05212	1.04859	1.04918	88573	61498400000	14
2014.12.26	1.04905	1.04937	1.04492	1.04506	62245	41051850000	19
2014.12.29	1.04700	1.04791	1.04313	1.04323	117405	63783150000	3
2014.12.30	1.04328	1.04559	1.04207	1.04410	115437	74324900000	10
2014.12.31	1.04410	1.04878	1.04400	1.04702	93887	52375550000	10
2015.01.02	1.04914	1.05326	1.04807	1.04889	47710	0	52
2015.01.05	1.04851	1.05676	1.04825	1.05085	79976	0	52
2015.01.06	1.05085	1.05393	1.03889	1.04039	91095	0	52
2015.01.07	1.04034	1.04307	1.03513	1.03711	85604	0	52
2015.01.08	1.03713	1.04229	1.03665	1.03709	75956	0	52
2015.01.09	1.03711	1.04871	1.03703	1.04441	80513	0	52
2015.01.12	1.04573	1.05155	1.04458	1.04666	79838	0	52
2015.01.13	1.04664	1.05667	1.04664	1.05401	85472	0	52
2015.01.14	1.05401	1.05649	1.04557	1.05501	98149	0	52
2015.01.15	1.05528	1.06348	1.04636	1.04835	109977	0	52
2015.01.16	1.04841	1.05796	1.04685	1.05340	84439	0	52
2015.01.19	1.05582	1.05789	1.05167	1.05444	48982	0	9
2015.01.20	1.05427	1.07076	1.05318	1.06891	54355	0	23
2015.01.21	1.06950	1.07283	1.06630	1.06963	70613	0	26
2015.01.22	1.06972	1.07547	1.06810	1.06892	71593	0	28
2015.01.23	1.06825	1.06995	1.05788	1.05962	69481	0	37
2015.01.26	1.05930	1.07057	1.05772	1.06665	57553	0	39
2015.01.27	1.06662	1.06910	1.06259	1.06447	56596	959500000	3
2015.01.28	1.06446	1.07938	1.06212	1.07756	58303	0	1
2015.01.29	1.07736	1.07935	1.06600	1.06738	69753	28000000	28
2015.01.30	1.06752	1.07371	1.06566	1.06846	61002	0	36
2015.02.02	1.06872	1.07381	1.06736	1.06756	50380	0	1
2015.02.03	1.06705	1.07054	1.05381	1.05821	67836	0	1
2015.02.04	1.05851	1.06119	1.05109	1.05175	90926	0	1
2015.02.05	1.05167	1.05849	1.05043	1.05393	98844	0	11
2015.02.06	1.05387	1.06126	1.04889	1.05830	83910	0	9
2015.02.09	1.05410	1.05749	1.05037	1.05220	69338	0	9
2015.02.10	1.05219	1.05423	1.04829	1.04914	90789	0	9
2015.02.11	1.04911	1.05024	1.04326	1.04657	74200	0	9
2015.02.12	1.04659	1.04826	1.03853	1.04133	96294	0	10
2015.02.13	1.04135	1.04524	1.03354	1.03873	76141	0	9
2015.02.16	1.03889	1.03907	1.03320	1.03575	79168	0	9
2015.02.17	1.03570	1.03935	1.03379	1.03643	92010	0	9
2015.02.18	1.03642	1.03859	1.03263	1.03460	87111	0	9
2015.02.19	1.03460	1.03656	1.02994	1.03586	76373	0	9
2015.02.20	1.03579	1.04284	1.03546	1.04169	69692	0	9
2015.02.23	1.04183	1.04291	1.03499	1.03659	65267	0	9
2015.02.24	1.03637	1.04742	1.03525	1.04502	75230	0	9
2015.02.25	1.04503	1.04752	1.04275	1.04328	75031	0	9
2015.02.26	1.04326	1.04356	1.03385	1.03464	74522	0	9
2015.02.27	1.03470	1.03677	1.03155	1.03204	69324	0	9
2015.03.02	1.03210	1.03487	1.03120	1.03377	62030	0	9
2015.03.03	1.03384	1.03975	1.03229	1.03494	70191	0	9
2015.03.04	1.03459	1.03601	1.02818	1.02916	69200	0	9
2015.03.05	1.02919	1.04150	1.02831	1.03936	73420	0	9
2015.03.06	1.03940	1.05002	1.03845	1.04736	72999	0	9
2015.03.09	1.04577	1.04992	1.04515	1.04739	57685	0	9
2015.03.10	1.04730	1.05201	1.04549	1.04810	85453	0	9
2015.03.11	1.04814	1.05295	1.04033	1.04243	82639	0	12
2015.03.12	1.04278	1.04374	1.03551	1.04221	78161	0	9
2015.03.13	1.04249	1.04528	1.03925	1.04071	72678	0	9
2015.03.16	1.04035	1.04134	1.03498	1.03609	68330	0	8
2015.03.17	1.03625	1.04286	1.03250	1.04119	69070	0	2
2015.03.18	1.04109	1.04397	1.03448	1.03584	74079	0	1
2015.03.19	1.03601	1.03781	1.03029	1.03107	83496	0	8
2015.03.20	1.03108	1.03308	1.02558	1.02640	73234	0	22
2015.03.23	1.02716	1.03062	1.02183	1.02856	76136	0	9
2015.03.24	1.02833	1.03323	1.02585	1.02992	79586	0	52
2015.03.25	1.02998	1.03289	1.02650	1.03094	62062	0	31
2015.03.26	1.03104	1.03399	1.02764	1.03024	74052	0	19
2015.03.27	1.03022	1.03232	1.02262	1.02309	75948	0	20
2015.03.30	1.02288	1.02621	1.01553	1.02002	75466	0	19
2015.03.31	1.01994	1.02155	1.01572	1.01714	63602	0	52
2015.04.01	1.01708	1.02575	1.01688	1.01915	64387	0	31
2015.04.02	1.01908	1.02229	1.00948	1.01048	62151	0	19
2015.04.03	1.01041	1.01510	1.00224	1.00224	33857	0	30
2015.04.06	1.00224	1.00821	1.00198	1.00614	28254	0	14
2015.04.07	1.00612	1.02178	1.00559	1.01814	67375	0	6
2015.04.08	1.01827	1.02039	1.01465	1.01689	74837	0	7
2015.04.09	1.01603	1.02079	1.01563	1.01623	70478	0	6
2015.04.10	1.01612	1.01959	1.01534	1.01832	66021	0	8
2015.04.13	1.01832	1.02010	1.01486	1.01777	70107	0	7
2015.04.14	1.01778	1.01985	1.01182	1.01330	77453	0	8
2015.04.15	1.01333	1.01456	1.00767	1.01093	78423	0	6
2015.04.16	1.01093	1.02203	1.01022	1.01620	104193	0	22
2015.04.17	1.01620	1.01784	1.01076	1.01250	86780	0	7
2015.04.20	1.01250	1.01554	1.00707	1.00768	76455	0	7
2015.04.21	1.00768	1.00855	1.00369	1.00557	102701	0	9
2015.04.22	1.00557	1.01350	1.00446	1.01056	120680	0	10
2015.04.23	1.01056	1.02630	1.01056	1.02395	141905	0	9
2015.04.24	1.02395	1.03092	1.02298	1.02871	125742	0	9
2015.04.27	1.02937	1.03037	1.02477	1.02742	103001	0	9
2015.04.28	1.02700	1.03936	1.02609	1.03900	129546	0	9
2015.04.29	1.03846	1.04408	1.03467	1.04149	147429	0	9
2015.04.30	1.04805	1.05188	1.03371	1.03803	156038	0	9
2015.05.01	1.03815	1.04114	1.03664	1.04004	105391	0	9
2015.05.04	1.03930	1.04226	1.03794	1.04014	54675	0	9
2015.05.05	1.03993	1.05276	1.03519	1.05069	18422	0	10
2015.05.06	1.04986	1.06839	1.04914	1.06185	37339	0	8
2015.05.07	1.06291	1.06534	1.05770	1.06097	16784	0	9
2015.05.08	1.06096	1.06531	1.05618	1.05890	21477	0	27
2015.05.11	1.06137	1.07567	1.06104	1.07528	44471	0	18
2015.05.12	1.07529	1.08516	1.07409	1.08275	101799	0	27
2015.05.13	1.08290	1.08875	1.07489	1.08352	86065	0	13
2015.05.14	1.08365	1.08389	1.07336	1.07688	101577	0	20
2015.05.15	1.07670	1.07966	1.07360	1.07601	78012	0	21
2015.05.18	1.07858	1.08357	1.07629	1.08074	40811	0	14
2015.05.19	1.08086	1.08469	1.07418	1.07718	97643	0	46
2015.05.20	1.07717	1.07981	1.07408	1.07708	105932	0	45
2015.05.21	1.07737	1.08008	1.07345	1.07345	96485	0	25
2015.05.22	1.07391	1.07494	1.06873	1.07064	93139	0	42
2015.05.25	1.06907	1.07222	1.06792	1.06968	71644	0	53
2015.05.26	1.06981	1.07162	1.06713	1.06961	97051	0	13
2015.05.27	1.06913	1.07019	1.06299	1.06299	92557	0	46
2015.05.28	1.06287	1.06868	1.05733	1.06528	114867	0	46
2015.05.29	1.06533	1.07825	1.06410	1.07606	102219	0	47
2015.06.01	1.07693	1.07912	1.06962	1.07239	106017	0	26
2015.06.02	1.07208	1.08350	1.06998	1.08199	162978	0	13
2015.06.03	1.08187	1.09121	1.08168	1.08824	97396	0	9
2015.06.04	1.08858	1.08865	1.07631	1.07795	32482	0	9
2015.06.05	1.07791	1.08527	1.07701	1.08008	131190	0	18
2015.06.08	1.08154	1.08259	1.07583	1.07772	110171	0	19
2015.06.09	1.07804	1.08196	1.07381	1.07787	131409	0	16
2015.06.10	1.07754	1.08022	1.07101	1.07691	154843	0	12
2015.06.11	1.07811	1.10781	1.07811	1.10549	139461	0	8
2015.06.12	1.10565	1.10916	1.10274	1.10557	51793	0	27
2015.06.15	1.10603	1.11119	1.10453	1.10883	73285	0	43
2015.06.16	1.10890	1.11151	1.10642	1.10872	103939	0	14
2015.06.17	1.10904	1.11136	1.10638	1.10846	133922	0	23
2015.06.18	1.10832	1.12841	1.10787	1.12564	155124	0	13
2015.06.19	1.12543	1.12668	1.12171	1.12453	110534	0	9
2015.06.22	1.12452	1.12946	1.12372	1.12547	108737	0	14
2015.06.23	1.12548	1.12976	1.12228	1.12835	125116	0	13
2015.06.24	1.12827	1.12971	1.11605	1.11733	119430	0	8
2015.06.25	1.11772	1.12220	1.11634	1.12028	120046	0	15
2015.06.26	1.11942	1.12605	1.11634	1.11899	115566	0	14
2015.06.29	1.11610	1.12333	1.11302	1.12052	142677	0	11
2015.06.30	1.12048	1.13899	1.11946	1.13885	149939	0	12
2015.07.01	1.13883	1.13883	1.13220	1.13445	116647	0	8
2015.07.02	1.13445	1.14281	1.13344	1.13491	118935	0	5
2015.07.03	1.13515	1.13681	1.12084	1.12236	79266	0	5
2015.07.06	1.12080	1.12357	1.11796	1.12063	75380	0	20
2015.07.07	1.12060	1.12493	1.11460	1.11956	104938	0	16
2015.07.08	1.11965	1.12024	1.10199	1.10333	118971	0	16
2015.07.09	1.10335	1.11155	1.10192	1.10390	91884	0	18
2015.07.10	1.10398	1.10923	1.10147	1.10649	82176	0	16
2015.07.13	1.10460	1.10868	1.10389	1.10560	95420	0	15
2015.07.14	1.10556	1.11336	1.10521	1.10989	97111	0	16
2015.07.15	1.10998	1.11928	1.10923	1.11871	107127	0	18
2015.07.16	1.11886	1.13766	1.11623	1.13583	102029	0	15
2015.07.17	1.13593	1.13731	1.12685	1.12948	83871	0	13
2015.07.20	1.13092	1.13228	1.11838	1.12188	106304	0	5
2015.07.21	1.12197	1.12344	1.11250	1.11930	120321	0	5
2015.07.22	1.11784	1.12300	1.11406	1.12020	123031	0	5
2015.07.23	1.12029	1.12035	1.10634	1.11304	132902	59524636500	5
2015.07.24	1.11297	1.11418	1.10418	1.10706	122563	78091486000	11
2015.07.27	1.10629	1.10732	1.09965	1.10033	122505	85966100000	3
2015.07.28	1.10057	1.10125	1.09332	1.09569	132054	91022254000	15
2015.07.29	1.09576	1.09973	1.08910	1.09385	141920	103023341500	22
2015.07.30	1.09457	1.10679	1.09292	1.10437	113774	72632729000	15
2015.07.31	1.10382	1.11098	1.10149	1.10592	124549	84061524000	1
2015.08.03	1.10549	1.11014	1.10083	1.10975	115338	95005878000	3
2015.08.04	1.10973	1.13060	1.10655	1.12671	148603	107995376500	4
2015.08.05	1.12738	1.13154	1.12368	1.12822	131618	96853344000	38
2015.08.06	1.12861	1.12983	1.11901	1.12006	118513	91021377500	17
2015.08.07	1.11982	1.12886	1.11710	1.11960	125003	91209097000	19
2015.08.10	1.11946	1.12222	1.11715	1.11879	87398	66893561000	18
2015.08.11	1.11898	1.12184	1.11315	1.11626	123763	93307587000	28
2015.08.12	1.11629	1.11849	1.10951	1.11322	134317	97705184500	38
2015.08.13	1.11344	1.12169	1.11202	1.11862	108207	79493542500	25
2015.08.14	1.11891	1.13009	1.11813	1.12756	107876	80888412002	31
2015.08.17	1.12768	1.12831	1.12016	1.12016	93897	76486100000	26
2015.08.18	1.12038	1.12196	1.11073	1.11073	131772	106013123180	38
2015.08.19	1.11114	1.11769	1.11061	1.11171	161022	122355446500	37
2015.08.20	1.11131	1.11497	1.10467	1.10486	147951	114913071000	29
2015.08.21	1.10524	1.10877	1.09157	1.09276	159551	127701999500	39
2015.08.24	1.09465	1.15283	1.09186	1.10281	189715	86886895999	23
2015.08.25	1.10304	1.11221	1.09876	1.09984	163558	115872509000	40
2015.08.26	1.09993	1.10659	1.09434	1.10276	166159	106434062500	35
2015.08.27	1.10355	1.11001	1.10025	1.10671	153736	110496133500	48
2015.08.28	1.10685	1.10970	1.10485	1.10807	136813	99988894000	40
2015.08.31	1.10645	1.12607	1.10371	1.12115	116915	92647266000	36
2015.09.01	1.12070	1.12153	1.10753	1.10800	140245	107200436000	15
2015.09.02	1.10810	1.10958	1.10149	1.10831	126480	104744913157	42
2015.09.03	1.10783	1.10868	1.09571	1.09577	123655	106898680000	30
2015.09.04	1.09503	1.10251	1.09409	1.09952	124525	101059108500	25
2015.09.07	1.09791	1.10857	1.09709	1.10534	122673	95562268000	16
2015.09.08	1.10352	1.11283	1.10351	1.10590	110384	96626376000	17
2015.09.09	1.10470	1.10747	1.09336	1.09616	114822	98605624000	25
2015.09.10	1.09568	1.12628	1.09506	1.12311	147821	118649259568	24
2015.09.11	1.12137	1.12432	1.11751	1.12209	95348	83624197500	16
2015.09.14	1.12103	1.13092	1.11849	1.12670	93665	85372011900	16
2015.09.15	1.12661	1.13051	1.12185	1.12289	99036	82571120864	16
2015.09.16	1.12272	1.13294	1.12042	1.12945	98713	86626505000	16
2015.09.17	1.13003	1.13450	1.12578	1.12902	121983	103224600658	17
2015.09.18	1.12809	1.13260	1.12106	1.12257	122176	100798017500	26
2015.09.21	1.12279	1.13104	1.12258	1.12853	106544	86713380000	17
2015.09.22	1.12810	1.13069	1.12281	1.12585	97383	85330200000	22
2015.09.23	1.12601	1.12700	1.11564	1.11598	104935	90124276246	27
2015.09.24	1.11501	1.11679	1.10074	1.10458	120244	101811662370	27
2015.09.25	1.10428	1.11037	1.09962	1.09980	106029	90942236214	16
2015.09.28	1.10309	1.10467	1.09715	1.10360	107979	90031352000	26
2015.09.29	1.10386	1.10575	1.09648	1.10022	115448	94812637000	31
2015.09.30	1.10059	1.10305	1.09575	1.09625	111118	86867335411	26
2015.10.01	1.09592	1.10349	1.09427	1.09853	116597	89003877500	25
2015.10.02	1.09790	1.10058	1.09086	1.09369	108479	89923949000	22
2015.10.05	1.09163	1.09498	1.08657	1.09070	128518	124627189000	25
2015.10.06	1.09076	1.09845	1.08864	1.09441	124401	102855850000	16
2015.10.07	1.09470	1.09478	1.08600	1.08978	125003	101387161500	16
2015.10.08	1.08998	1.09049	1.08458	1.08832	121678	100499576500	16
2015.10.09	1.08839	1.09547	1.08654	1.09399	121747	99311571000	23
2015.10.12	1.09423	1.09657	1.09150	1.09518	100396	85030700000	21
2015.10.13	1.09531	1.09824	1.08802	1.09001	116112	98807366000	26
2015.10.14	1.09003	1.09029	1.07186	1.07489	132292	114717752000	51
2015.10.15	1.07535	1.07750	1.06359	1.06923	137876	119284828000	0
2015.10.16	1.06680	1.07387	1.06561	1.06571	122031	101898416000	0
2015.10.19	1.06595	1.07216	1.06499	1.06720	99497	79262493872	0
2015.10.20	1.06660	1.07646	1.06398	1.07453	93232	73007551000	51
2015.10.21	1.07472	1.07998	1.07102	1.07417	101818	84232781000	51
2015.10.22	1.07366	1.07480	1.05954	1.06070	102643	87174797500	0
2015.10.23	1.05958	1.07132	1.05704	1.06776	108006	88830103500	51
2015.10.26	1.06789	1.07319	1.06606	1.06875	92567	85974850000	0
2015.10.27	1.06873	1.07047	1.06068	1.06337	92735	67674953000	0
2015.10.28	1.06337	1.07091	1.05249	1.06206	113404	78602494000	0
2015.10.29	1.06221	1.06854	1.05534	1.05742	102221	71736818500	0
2015.10.30	1.05745	1.05799	1.04945	1.05218	104461	74432200000	16
2015.11.02	1.05683	1.06110	1.05176	1.05899	107817	89728801000	51
2015.11.03	1.05896	1.07949	1.05280	1.07836	121662	98846645000	0
2015.11.04	1.07836	1.08801	1.07691	1.08314	117309	85728996000	51
2015.11.05	1.08332	1.08499	1.07794	1.08033	109394	80779289000	51
2015.11.06	1.07972	1.08469	1.07819	1.07837	118760	85031598000	0
2015.11.09	1.07695	1.07984	1.07415	1.07840	103233	73463552000	47
2015.11.10	1.07749	1.08219	1.07251	1.07604	98644	70003253000	51
2015.11.11	1.07575	1.07775	1.07278	1.07605	105021	86284446000	0
2015.11.12	1.07551	1.09163	1.07537	1.08851	134269	101297268720	51
2015.11.13	1.08817	1.09476	1.08787	1.08863	101956	76925428000	51
2015.11.16	1.08632	1.09639	1.08588	1.09209	97778	66330536000	0
2015.11.17	1.09193	1.10285	1.09171	1.09865	112984	73138397000	51
2015.11.18	1.09810	1.10115	1.09332	1.09818	110230	69666737000	51
2015.11.19	1.09852	1.10167	1.09350	1.09539	127991	86933245701	34
2015.11.20	1.09457	1.10365	1.09105	1.10183	123041	85831444000	0
2015.11.23	1.10083	1.10632	1.09988	1.10243	126978	102182290000	51
2015.11.24	1.10238	1.10844	1.10137	1.10656	122498	85539400000	51
2015.11.25	1.10671	1.10837	1.10170	1.10188	128429	87202171000	51
2015.11.26	1.10204	1.10393	1.09525	1.09928	114891	89153405500	0
2015.11.27	1.09919	1.10288	1.09742	1.09989	103737	77798957000	51
2015.11.30	1.09996	1.10203	1.09692	1.09692	109795	80538650000	51
2015.12.01	1.09629	1.09891	1.09216	1.09630	134173	92635475000	0
2015.12.02	1.09604	1.10271	1.09530	1.10008	146259	102227215000	51
2015.12.03	1.09993	1.10479	1.09643	1.09676	161818	124437390500	51
2015.12.04	1.09662	1.10207	1.08641	1.08661	150686	121251419000	51
2015.12.07	1.08761	1.09576	1.08761	1.09328	119902	103890484000	51
2015.12.08	1.09285	1.09467	1.08405	1.08587	117496	96081788000	51
2015.12.09	1.08557	1.09266	1.07051	1.07498	137648	118259770500	0
2015.12.10	1.07549	1.08407	1.07022	1.07754	124955	96791486235	51
2015.12.11	1.07787	1.07821	1.06803	1.06803	96337	61686580000	0
2015.12.14	1.07151	1.07427	1.06607	1.07129	99187	65301089000	51
2015.12.15	1.07159	1.07208	1.06090	1.06250	107352	66406090000	51
2015.12.16	1.06208	1.06933	1.06152	1.06415	110101	69590174000	51
2015.12.17	1.06223	1.06815	1.05814	1.06272	106137	73257640000	34
2015.12.18	1.06287	1.06770	1.06138	1.06366	97211	72857450000	0
2015.12.21	1.06487	1.06558	1.05924	1.06217	65244	47480348000	51
2015.12.22	1.06201	1.06342	1.05804	1.06241	71418	47456410000	0
2015.12.23	1.06228	1.06759	1.06033	1.06432	78775	51062505000	51
2015.12.24	1.06216	1.06788	1.06174	1.06270	45423	30785700000	0
2015.12.28	1.06350	1.06462	1.05820	1.05837	45969	30029749000	0
2015.12.29	1.05769	1.06204	1.05647	1.06128	57127	39862560500	0
2015.12.30	1.06104	1.06642	1.06055	1.06485	62955	43236750000	0
2015.12.31	1.06387	1.06880	1.06153	1.06556	55981	38536400000	0
2016.01.04	1.06595	1.07069	1.06183	1.06470	97634	67236196000	51
2016.01.05	1.06396	1.07157	1.06281	1.06772	95983	62581700000	0
2016.01.06	1.06733	1.07263	1.06224	1.06428	119450	76011382359	34
2016.01.07	1.06434	1.06628	1.05359	1.05704	134254	92061372560	0
2016.01.08	1.05693	1.06608	1.05653	1.06170	121921	84093491000	51
2016.01.11	1.06338	1.06977	1.06236	1.06575	126673	77556741000	34
2016.01.12	1.06582	1.07172	1.06212	1.06771	118108	90643584000	0
2016.01.13	1.06702	1.07173	1.06512	1.06696	111402	82409705884	0
2016.01.14	1.06701	1.07970	1.06580	1.07875	135645	104357424000	34
2016.01.15	1.07690	1.08071	1.06054	1.06085	133021	97894009000	18
2016.01.18	1.06581	1.06932	1.06271	1.06342	126819	103811009000	0
2016.01.19	1.06322	1.07840	1.06245	1.07664	144164	103252853000	51
2016.01.20	1.07662	1.08386	1.07192	1.07393	162046	118458792564	0
2016.01.21	1.07298	1.07749	1.06836	1.07114	158036	112450461853	34
2016.01.22	1.07129	1.08339	1.06982	1.07825	126739	93075820739	0
2016.01.25	1.07767	1.08269	1.07348	1.07683	118848	91322342935	0
2016.01.26	1.07683	1.08112	1.07503	1.07744	122310	95250018003	0
2016.01.27	1.07744	1.09278	1.07473	1.09213	155051	118860674994	0
2016.01.28	1.09148	1.09661	1.08975	1.09265	139031	101554898020	16
2016.01.29	1.09201	1.09717	1.08968	1.09180	158733	120165935919	51
2016.02.01	1.09039	1.09427	1.08380	1.08585	122595	86470693870	51
2016.02.02	1.08543	1.09036	1.07689	1.08003	130721	98737375034	51
2016.02.03	1.08004	1.08044	1.06477	1.07406	146465	111664301565	40
2016.02.04	1.07368	1.07863	1.06874	1.07042	143449	130800000626	17
2016.02.05	1.07042	1.07437	1.06467	1.06485	125193	107311890000	0
2016.02.08	1.06656	1.07158	1.06607	1.06897	125010	97841400000	51
2016.02.09	1.06862	1.07114	1.05870	1.06526	152510	119084578000	0
2016.02.10	1.06475	1.06857	1.06049	1.06090	151153	113137568000	0
2016.02.11	1.06077	1.06605	1.05689	1.05797	171238	117064230000	0
2016.02.12	1.05795	1.07354	1.05646	1.06829	133604	91528477000	51
2016.02.15	1.07254	1.07625	1.07074	1.07308	138159	95264349000	51
2016.02.16	1.07292	1.08709	1.07244	1.08042	141000	101865186000	51
2016.02.17	1.08042	1.08321	1.07731	1.08239	136591	89531298000	0
2016.02.18	1.08239	1.08270	1.07404	1.07678	128123	80299795000	0
2016.02.19	1.07677	1.07795	1.07204	1.07736	113925	76806350000	0
2016.02.22	1.07636	1.07960	1.07424	1.07829	115773	71337951000	0
2016.02.23	1.07808	1.08461	1.07682	1.08348	125000	89068100000	0
2016.02.24	1.08356	1.08720	1.07951	1.07994	134659	101984590000	51
2016.02.25	1.07986	1.08076	1.07492	1.07573	133715	95449450000	51
2016.02.26	1.07550	1.07644	1.06688	1.07347	124925	84279748000	51
2016.02.29	1.08059	1.08551	1.07888	1.08299	134208	90172394000	0
2016.03.01	1.08266	1.08504	1.07616	1.08146	139289	91387998000	0
2016.03.02	1.08171	1.09719	1.07956	1.09229	158169	135350522500	0
2016.03.03	1.09160	1.09576	1.09004	1.09246	144006	110267683000	0
2016.03.04	1.09263	1.09525	1.08913	1.08965	138851	90521770000	51
2016.03.07	1.09017	1.10252	1.08898	1.09783	115213	81013275000	0
2016.03.08	1.09777	1.10361	1.09542	1.10235	126150	89870284500	0
2016.03.09	1.10205	1.12637	1.09910	1.12449	139572	90999098000	0
2016.03.10	1.12452	1.12825	1.11478	1.11736	159951	101951430000	51
2016.03.11	1.11796	1.12419	1.11414	1.12010	123977	74765949000	51
2016.03.14	1.12119	1.12671	1.11891	1.12524	132615	83928312000	0
2016.03.15	1.12519	1.13138	1.12102	1.12854	124738	76628048000	34
2016.03.16	1.12852	1.13158	1.11573	1.11819	122886	76909738000	0
2016.03.17	1.11820	1.12576	1.11440	1.11682	154239	88328376000	0
2016.03.18	1.11679	1.12200	1.11556	1.11790	125199	77012935000	0
2016.03.21	1.11840	1.12406	1.11803	1.11959	122615	77953709000	0
2016.03.22	1.11982	1.12963	1.11871	1.12790	128169	75815278000	0
2016.03.23	1.12786	1.13314	1.12124	1.12295	112953	64968636000	0
2016.03.24	1.12298	1.12380	1.11818	1.12257	101508	60949510000	51
2016.03.25	1.12244	1.12475	1.11986	1.12016	60468	43321554000	0
2016.03.28	1.12344	1.12503	1.11997	1.12188	60900	45846423000	0
2016.03.29	1.12144	1.12188	1.11042	1.11283	132148	102523347000	51
2016.03.30	1.11209	1.11416	1.10436	1.10769	157580	114879542000	0
2016.03.31	1.10767	1.11046	1.10619	1.10793	134489	85624844000	0
2016.04.01	1.10787	1.11394	1.10698	1.11108	125490	93500005000	0
2016.04.04	1.11240	1.11377	1.10760	1.11207	109523	73399375000	51
2016.04.05	1.11217	1.11995	1.10674	1.10857	134843	103443895000	51
2016.04.06	1.10795	1.11396	1.10747	1.11266	126162	84082668000	34
2016.04.07	1.11258	1.11626	1.10649	1.10713	141284	97739857000	0
2016.04.08	1.10709	1.11285	1.10639	1.10723	114075	80810864000	51
2016.04.11	1.10694	1.11033	1.10491	1.10709	114900	73283420000	0
2016.04.12	1.10681	1.11226	1.10505	1.10918	125777	86807164000	0
2016.04.13	1.10918	1.11034	1.10321	1.10568	133058	94602994000	0
2016.04.14	1.10550	1.12372	1.10520	1.12357	127085	86226770000	0
2016.04.15	1.12357	1.12357	1.11240	1.11493	113720	85395482000	0
2016.04.18	1.11054	1.11837	1.10616	1.11471	131433	88002527000	0
2016.04.19	1.11476	1.11476	1.10699	1.10860	113061	72785983002	0
2016.04.20	1.10851	1.11880	1.10745	1.11666	125232	72002570000	0
2016.04.21	1.11615	1.12339	1.11576	1.11891	129133	85793928000	0
2016.04.22	1.11881	1.12640	1.11870	1.12421	112186	72408676040	0
2016.04.25	1.12245	1.12694	1.12074	1.12462	82617	56782999000	0
2016.04.26	1.12463	1.12507	1.11968	1.12258	96492	62667288000	0
2016.04.27	1.12225	1.12496	1.10553	1.10766	120739	80597789000	0
2016.04.28	1.09973	1.10218	1.09218	1.09475	120855	77316841000	0
2016.04.29	1.09438	1.09924	1.08767	1.08919	104959	77629241000	51
2016.05.02	1.08838	1.09244	1.08416	1.09159	97457	74304969000	0
2016.05.03	1.09101	1.09471	1.07873	1.08204	133450	95819404000	0
2016.05.04	1.08169	1.08891	1.08021	1.08256	136494	94737910000	0
2016.05.05	1.08274	1.08725	1.08255	1.08403	106419	76746049000	0
2016.05.06	1.08376	1.08554	1.07337	1.07603	116713	81056022000	0
2016.05.09	1.07587	1.08205	1.07485	1.08044	95607	66257108000	48
2016.05.10	1.08034	1.09189	1.07914	1.08905	108775	82041730000	0
2016.05.11	1.08767	1.08823	1.07955	1.08088	107973	93344869000	0
2016.05.12	1.08118	1.08164	1.07222	1.07330	104194	100680610000	0
2016.05.13	1.07332	1.07429	1.06997	1.07213	111560	104585894000	51
2016.05.16	1.07129	1.07807	1.07085	1.07315	86687	81471210000	51
2016.05.17	1.07311	1.08048	1.07239	1.07484	108677	101073853000	0
2016.05.18	1.07492	1.07685	1.07128	1.07217	120801	96524278000	0
2016.05.19	1.07213	1.07317	1.06499	1.07143	118471	86284306000	0
2016.05.20	1.07160	1.07209	1.06617	1.06643	82215	61248750000	0
2016.05.23	1.06484	1.06834	1.06177	1.06746	91487	71485632000	0
2016.05.24	1.06768	1.07318	1.06292	1.06557	102490	74278332000	0
2016.05.25	1.06565	1.06936	1.06267	1.06735	102927	82706628000	0
2016.05.26	1.06699	1.07457	1.06617	1.07160	97466	76318870000	0
2016.05.27	1.07151	1.07335	1.06926	1.07245	80048	61405899000	0
2016.05.30	1.07231	1.07365	1.06992	1.07242	62003	46201132000	51
2016.05.31	1.07261	1.07740	1.06732	1.06859	106950	97940996000	0
2016.06.01	1.06848	1.07372	1.06243	1.06393	122346	110790231000	0
2016.06.02	1.06382	1.06469	1.05858	1.06107	110635	103307603000	0
2016.06.03	1.06081	1.06221	1.05243	1.05847	116081	105130456698	0
2016.06.06	1.05951	1.06416	1.05605	1.06354	104284	99091584000	51
2016.06.07	1.06276	1.07369	1.06276	1.06806	102781	90997879000	51
2016.06.08	1.06814	1.07153	1.06297	1.06360	107655	99366875000	0
2016.06.09	1.05232	1.05748	1.04066	1.04526	118934	106893962000	0
2016.06.10	1.04523	1.04748	1.04122	1.04489	102254	95097635000	51
2016.06.13	1.04536	1.04910	1.04389	1.04573	108518	93631726000	35
2016.06.14	1.04535	1.05276	1.04509	1.05174	110515	102047597000	0
2016.06.15	1.05176	1.05453	1.04863	1.05245	118708	109902536000	0
2016.06.16	1.05245	1.05294	1.04147	1.04448	135001	120411722000	0
2016.06.17	1.04433	1.04908	1.04387	1.04548	108610	101633137000	0
2016.06.20	1.05012	1.05044	1.04531	1.04616	92662	86572283000	0
2016.06.21	1.04620	1.05144	1.04458	1.04567	90362	79258131000	0
2016.06.22	1.04565	1.04759	1.04400	1.04601	86202	87008629000	0
2016.06.23	1.04497	1.05008	1.04478	1.04901	100180	91060079000	51
2016.06.24	1.04803	1.05287	1.04192	1.04493	181695	155625336819	0
2016.06.27	1.04808	1.05076	1.04457	1.04688	138241	116891668000	51
2016.06.28	1.04628	1.04971	1.04477	1.04751	99604	85827188000	0
2016.06.29	1.04639	1.04844	1.04300	1.04670	103223	94497269000	0
2016.06.30	1.04608	1.04973	1.04345	1.04369	120530	99943205000	0
2016.07.01	1.04273	1.04650	1.04121	1.04493	85604	72958602000	0
2016.07.04	1.03805	1.04607	1.03778	1.04319	74864	64763680000	0
2016.07.05	1.04173	1.04601	1.04050	1.04281	102818	82982389000	0
2016.07.06	1.04282	1.05443	1.04232	1.05384	129510	111774572000	0
2016.07.07	1.05290	1.05480	1.03391	1.03421	122840	105639615000	0
2016.07.08	1.03425	1.03767	1.03098	1.03446	103320	81100318000	0
2016.07.11	1.03523	1.04383	1.03493	1.04281	93727	74796964000	0
2016.07.12	1.04269	1.04693	1.03731	1.04335	111382	97766767000	0
2016.07.13	1.04305	1.04831	1.04095	1.04510	111416	101332292000	0
2016.07.14	1.04517	1.06259	1.04333	1.05967	118146	105018253000	51
2016.07.15	1.05968	1.06992	1.05855	1.06416	107862	97887835000	0
2016.07.18	1.06265	1.07401	1.06134	1.06636	84510	78658790000	0
2016.07.19	1.06646	1.07690	1.06261	1.06364	99255	90531105000	0
2016.07.20	1.06356	1.06746	1.06082	1.06329	82010	78701269000	0
2016.07.21	1.06726	1.07525	1.06381	1.07059	106293	94434627000	0
2016.07.22	1.07063	1.07248	1.06543	1.06565	85858	73311272000	51
2016.07.25	1.06609	1.07246	1.06521	1.06727	80348	70627637000	51
2016.07.26	1.06723	1.06958	1.06257	1.06320	91844	76361565000	0
2016.07.27	1.06294	1.07219	1.05702	1.05804	116550	107114178000	0
2016.07.28	1.05828	1.06332	1.05660	1.06045	88851	73958664000	0
2016.07.29	1.05966	1.06238	1.05169	1.05335	100890	83062877810	0
2016.08.01	1.05264	1.05547	1.04990	1.05006	77970	67565937000	37
2016.08.02	1.05009	1.05378	1.04365	1.04999	106833	95246804709	0
2016.08.03	1.05033	1.06167	1.04633	1.05928	96980	91515791000	0
2016.08.04	1.05954	1.06333	1.05864	1.06270	99043	92434794000	0
2016.08.05	1.06277	1.06771	1.06020	1.06641	92096	79861011000	51
2016.08.08	1.06614	1.07414	1.06522	1.07125	76168	69872963000	34
2016.08.09	1.07127	1.07410	1.06799	1.07027	77997	71619342000	34
2016.08.10	1.07029	1.07118	1.06592	1.06672	94665	77224678000	0
2016.08.11	1.06352	1.06944	1.05312	1.06735	93513	81392955000	0
2016.08.12	1.06741	1.06976	1.06154	1.06215	89325	86972547000	0
2016.08.15	1.06365	1.06716	1.06233	1.06428	72047	65701099000	0
2016.08.16	1.06249	1.06510	1.05649	1.05671	111666	100697457000	0
2016.08.17	1.05628	1.05789	1.05061	1.05505	106110	104174010000	0
2016.08.18	1.05498	1.05760	1.05171	1.05439	107480	107041979000	0
2016.08.19	1.05318	1.05491	1.04731	1.04793	88001	81816847000	0
2016.08.22	1.04792	1.05249	1.04459	1.04875	92700	86092049000	0
2016.08.23	1.04667	1.04869	1.04097	1.04394	93685	85890013000	0
2016.08.24	1.04358	1.04662	1.03999	1.04097	96618	83743392000	47
2016.08.25	1.04053	1.04335	1.03907	1.04264	77263	63360198000	0
2016.08.26	1.04196	1.04648	1.04111	1.04363	108412	88209027000	0
2016.08.29	1.04443	1.04565	1.04183	1.04345	89505	72991685000	51
2016.08.30	1.04218	1.04513	1.03943	1.03978	86802	72370132000	0
2016.08.31	1.03907	1.04039	1.03476	1.03646	97118	67950376000	0
2016.09.01	1.03593	1.03984	1.03435	1.03639	102443	77445360000	0
2016.09.02	1.03633	1.03844	1.03317	1.03598	109445	81379873000	0
2016.09.05	1.03918	1.03944	1.03524	1.03731	80163	63452207000	51
2016.09.06	1.03757	1.04321	1.03428	1.03602	104988	85297851000	0
2016.09.07	1.03608	1.03705	1.02612	1.02920	102321	65023190000	0
2016.09.08	1.02955	1.03678	1.02702	1.03254	110019	87852441000	0
2016.09.09	1.03245	1.03456	1.02723	1.02723	104274	80942889000	0
2016.09.12	1.02960	1.03016	1.02651	1.02863	109174	83881079000	48
2016.09.13	1.02861	1.03083	1.02530	1.02865	117523	96283645000	0
2016.09.14	1.02879	1.03132	1.02342	1.02517	109601	100867093000	0
2016.09.15	1.02397	1.02918	1.02347	1.02695	131162	86879754000	0
2016.09.16	1.02693	1.03097	1.02501	1.03028	106356	78748090131	0
2016.09.19	1.02975	1.03371	1.02825	1.03262	80248	62368745000	0
2016.09.20	1.03235	1.03308	1.02651	1.03237	90585	101190960000	0
2016.09.21	1.03247	1.03718	1.03084	1.03575	124487	118731963000	0
2016.09.22	1.03531	1.04632	1.03273	1.04525	100468	86056015000	0
2016.09.23	1.04442	1.05408	1.04381	1.04974	104020	91829874000	34
2016.09.26	1.04984	1.05380	1.04833	1.04939	86479	89842440148	0
2016.09.27	1.04940	1.05199	1.04753	1.04970	111318	83591302000	0
2016.09.28	1.04671	1.05832	1.04670	1.05577	112507	103166800998	37
2016.09.29	1.05579	1.05809	1.05144	1.05222	133805	108913446000	0
2016.09.30	1.05212	1.05369	1.04695	1.05090	121470	98253890000	43
2016.10.03	1.05198	1.05663	1.04962	1.05421	86220	72088830000	40
2016.10.04	1.05379	1.05754	1.05063	1.05667	117948	91421384000	51
2016.10.05	1.05656	1.06321	1.05617	1.06196	112894	90983633000	0
2016.10.06	1.06104	1.06330	1.05732	1.05852	97164	83739850000	34
2016.10.07	1.05834	1.06356	1.05711	1.05825	132042	103443825000	0
2016.10.10	1.05855	1.06765	1.05726	1.06541	76785	66601056000	0
2016.10.11	1.06559	1.06980	1.06470	1.06795	116195	96314701000	0
2016.10.12	1.06739	1.07331	1.06694	1.07021	110506	101905659789	0
2016.10.13	1.07013	1.07389	1.06594	1.06633	97721	87015401602	0
2016.10.14	1.06639	1.07619	1.06526	1.07375	99722	95051870013	51
2016.10.17	1.07301	1.07493	1.06580	1.06885	88108	79153121697	51
2016.10.18	1.06838	1.06989	1.06186	1.06568	94884	79697485239	51
2016.10.19	1.06566	1.06841	1.06225	1.06739	93967	85398428030	0
2016.10.20	1.06687	1.06924	1.05885	1.05964	97592	84442949973	0
2016.10.21	1.05938	1.06621	1.05924	1.05998	82269	66081822498	0
2016.10.24	1.06105	1.06671	1.06054	1.06555	72069	58274960752	0
2016.10.25	1.06573	1.06997	1.06393	1.06688	92387	78240617837	51
2016.10.26	1.06648	1.07538	1.06384	1.06905	105887	65561889238	0
2016.10.27	1.06858	1.06972	1.06470	1.06525	118958	111409389596	0
2016.10.28	1.06540	1.06613	1.05804	1.05804	133758	120113638868	51
2016.10.31	1.06041	1.06495	1.05977	1.06364	97512	88709356526	0
2016.11.01	1.06358	1.07015	1.05913	1.06192	122355	100622323076	34
2016.11.02	1.06140	1.06193	1.04819	1.05068	127317	109554962322	34
2016.11.03	1.05068	1.05291	1.04632	1.04672	114145	103644065773	0
2016.11.04	1.04672	1.05119	1.04654	1.04681	119861	111836928730	40
2016.11.07	1.04526	1.05384	1.04510	1.05144	112585	91697563129	34
2016.11.08	1.05162	1.05229	1.04706	1.05013	107305	97847802330	0
2016.11.09	1.05020	1.05295	1.03614	1.04900	237918	211041334065	0
2016.11.10	1.04824	1.06443	1.04747	1.05462	177670	138278612971	0
2016.11.11	1.05428	1.06037	1.05034	1.05606	190557	166286563909	34
2016.11.14	1.05607	1.06558	1.05570	1.06075	152590	112618701749	0
2016.11.15	1.06100	1.06522	1.05965	1.06365	146676	120525425400	34
2016.11.16	1.06303	1.06532	1.05635	1.05745	142940	114097205401	34
2016.11.17	1.05710	1.05778	1.05167	1.05342	135795	110246293529	51
2016.11.18	1.05320	1.05513	1.04402	1.04402	151012	130955703326	0
2016.11.21	1.04808	1.04858	1.04144	1.04196	133570	113188258841	0
2016.11.22	1.04153	1.04902	1.04104	1.04742	128902	102093081807	51
2016.11.23	1.04718	1.05591	1.04627	1.05334	118511	92919066836	0
2016.11.24	1.05267	1.05938	1.05128	1.05774	104709	86015900972	51
2016.11.25	1.05695	1.06088	1.05250	1.05436	129773	108680248157	0
2016.11.28	1.05521	1.05919	1.05315	1.05723	132964	106451897721	0
2016.11.29	1.05737	1.05840	1.04774	1.04956	127774	112334996425	0
2016.11.30	1.04942	1.04967	1.04104	1.04197	139497	116920694514	0
2016.12.01	1.04173	1.04881	1.04019	1.04568	122953	94353971846	50
2016.12.02	1.04526	1.04713	1.04212	1.04335	107557	93793057609	34
2016.12.05	1.04139	1.05151	1.04139	1.04571	136200	109706830051	51
2016.12.06	1.04570	1.04891	1.04139	1.04770	101906	76509042811	0
2016.12.07	1.04730	1.04937	1.04168	1.04391	84718	64715349990	51
2016.12.08	1.04320	1.04353	1.03745	1.03977	120309	80198937840	0
2016.12.09	1.03915	1.04410	1.03797	1.04147	95364	78766419240	34
2016.12.12	1.04317	1.04601	1.04030	1.04189	108407	78660118343	0
2016.12.13	1.04150	1.04245	1.03813	1.04054	117247	88905623932	51
2016.12.14	1.04016	1.04195	1.03724	1.03988	141551	104683178955	0
2016.12.15	1.03974	1.04705	1.03896	1.04501	193028	126459390573	0
2016.12.16	1.04418	1.04925	1.04162	1.04695	150590	95715742043	0
2016.12.19	1.04479	1.04716	1.04366	1.04538	130230	97668094683	0
2016.12.20	1.04487	1.04992	1.04393	1.04910	116335	85513316686	51
2016.12.21	1.04859	1.05010	1.04495	1.04850	106412	77891831465	0
2016.12.22	1.04712	1.04982	1.04325	1.04478	112092	85706500883	51
2016.12.23	1.04442	1.04612	1.04040	1.04065	84422	61601246073	51
2016.12.26	1.04343	1.04434	1.02869	1.04038	11117	8142500000	0
2016.12.27	1.03924	1.04400	1.03894	1.04241	63850	52080851784	34
2016.12.28	1.04137	1.04330	1.03655	1.03663	88262	63531587289	0
2016.12.29	1.03624	1.03988	1.03490	1.03636	105341	79848315977	51
2016.12.30	1.03599	1.03973	1.03518	1.03613	129887	100780218975	0
2017.01.02	1.03775	1.03975	1.03175	1.03500	71590	59443752789	51
2017.01.03	1.03499	1.04602	1.03410	1.04302	121822	95701815512	0
2017.01.04	1.04218	1.04851	1.04216	1.04500	146280	114074565406	51
2017.01.05	1.04371	1.04760	1.04210	1.04386	182002	138998474608	0
2017.01.06	1.04367	1.04890	1.04226	1.04598	139990	106079308738	48
2017.01.09	1.04616	1.05156	1.04588	1.04791	125638	113956177028	36
2017.01.10	1.04752	1.05476	1.04619	1.05378	144972	107939269924	0
2017.01.11	1.05305	1.05692	1.05260	1.05410	172958	109215901106	0
2017.01.12	1.05430	1.05562	1.05018	1.05398	176423	134513063677	0
2017.01.13	1.05265	1.05508	1.04958	1.04985	155467	107692194455	0
2017.01.16	1.05059	1.05420	1.04953	1.05170	107859	91505602752	0
2017.01.17	1.05185	1.05259	1.04766	1.04781	172724	100146128263	51
2017.01.18	1.04782	1.05339	1.04623	1.05329	135319	102074727847	44
2017.01.19	1.05319	1.05413	1.05028	1.05072	171973	133802924582	50
2017.01.20	1.05018	1.05522	1.04911	1.05171	178072	146207960180	51
2017.01.23	1.05263	1.05450	1.04723	1.04811	152329	139883439158	0
2017.01.24	1.04763	1.04899	1.04380	1.04576	124798	95141678386	41
2017.01.25	1.04601	1.04671	1.03650	1.03702	154808	114796186763	0
2017.01.26	1.03746	1.04236	1.03564	1.03945	143834	108129978479	46
2017.01.27	1.03868	1.04050	1.03667	1.03789	141911	111451271070	0
2017.01.30	1.03758	1.04148	1.03599	1.03613	128349	112389900199	34
2017.01.31	1.03569	1.03864	1.03234	1.03659	150362	117198559979	42
2017.02.01	1.03645	1.04364	1.03645	1.04154	135686	108695187167	51
2017.02.02	1.04120	1.05161	1.04082	1.05026	144869	114190235798	51
2017.02.03	1.05000	1.05273	1.04704	1.04704	135454	110807056021	51
2017.02.06	1.04826	1.05041	1.04550	1.04562	122786	111958629909	0
2017.02.07	1.04529	1.04627	1.03764	1.04444	133683	102842543883	41
2017.02.08	1.04418	1.05276	1.04257	1.05199	136960	111734037176	38
2017.02.09	1.05162	1.06287	1.05147	1.06037	128655	95570944124	34
2017.02.10	1.06100	1.06726	1.05927	1.06365	128973	103819082227	40
2017.02.13	1.06468	1.06765	1.06294	1.06461	111735	93432050795	0
2017.02.14	1.06388	1.06992	1.06304	1.06863	136201	98521468951	51
2017.02.15	1.06834	1.07051	1.06665	1.06692	136098	103533317228	0
2017.02.16	1.06688	1.06932	1.06326	1.06641	151625	121523238349	36
2017.02.17	1.06594	1.07069	1.06469	1.06487	124301	106582089898	42
2017.02.20	1.06534	1.07006	1.06374	1.06844	84877	70211965600	0
2017.02.21	1.06847	1.07355	1.06693	1.07102	108865	86197625436	47
2017.02.22	1.07081	1.07467	1.07041	1.07073	112835	93364570627	51
2017.02.23	1.07091	1.07195	1.06580	1.06678	120595	97885543739	0
2017.02.24	1.06638	1.06860	1.06096	1.06338	108197	86557390266	0
2017.02.27	1.06584	1.06894	1.06435	1.06610	104810	87448698460	0
2017.02.28	1.06577	1.06961	1.06148	1.06423	112185	90257718718	51
2017.03.01	1.06406	1.07638	1.06332	1.07382	155154	118852479577	0
2017.03.02	1.07320	1.07634	1.06961	1.07182	127420	101981184470	51
2017.03.03	1.07151	1.07935	1.07109	1.07589	132412	116400158471	0
2017.03.06	1.07857	1.08405	1.07766	1.08343	109520	78450392679	0
2017.03.07	1.08306	1.09139	1.08266	1.09052	116371	77434480328	34
2017.03.08	1.09014	1.09241	1.08730	1.08808	130847	78899287559	34
2017.03.09	1.08788	1.09050	1.08577	1.08752	141882	90821736063	35
2017.03.10	1.08692	1.08980	1.08588	1.08948	132796	82847220585	51
2017.03.13	1.08805	1.09468	1.08784	1.09321	117557	82179249266	51
2017.03.14	1.09319	1.09436	1.09055	1.09177	119083	82484715309	0
2017.03.15	1.09175	1.09965	1.08887	1.09877	144349	94570255253	0
2017.03.16	1.09873	1.10169	1.09283	1.09929	146785	109424909339	0
2017.03.17	1.09929	1.10005	1.09524	1.09742	111771	80259892856	0
2017.03.20	1.09721	1.09776	1.09465	1.09534	105636	78980218064	0
2017.03.21	1.09535	1.09691	1.09071	1.09092	132253	87967985196	36
2017.03.22	1.09095	1.09154	1.08557	1.08952	137490	92259543960	51
2017.03.23	1.08946	1.09016	1.08212	1.08463	125753	89676912026	34
2017.03.24	1.08463	1.08858	1.08216	1.08216	113057	79458170797	35
2017.03.27	1.08423	1.08572	1.07904	1.08084	111646	88083196004	0
2017.03.28	1.08015	1.08948	1.08013	1.08827	106433	78130856558	51
2017.03.29	1.08754	1.09223	1.08743	1.09026	98898	75415032553	0
2017.03.30	1.08939	1.09424	1.08832	1.09195	100786	68634464834	34
2017.03.31	1.09177	1.09637	1.08630	1.08630	103221	72790820431	39
2017.04.03	1.08737	1.09023	1.08381	1.08383	86762	59969285899	0
2017.04.04	1.08361	1.08763	1.08085	1.08452	96364	67899832501	51
2017.04.05	1.08423	1.08974	1.08380	1.08669	102702	71844710536	0
2017.04.06	1.08540	1.08668	1.08060	1.08218	105917	66931738782	38
2017.04.07	1.08181	1.08237	1.07596	1.07955	119833	78597531612	37
2017.04.10	1.07947	1.08318	1.07613	1.07652	94795	68813665381	0
2017.04.11	1.07648	1.08164	1.07628	1.07720	106970	78791360847	34
2017.04.12	1.07672	1.08252	1.07618	1.07924	116606	79727946589	51
2017.04.13	1.07791	1.08447	1.07691	1.08101	113894	81677095741	0
2017.04.14	1.08002	1.08409	1.07948	1.08033	65151	47995432162	34
2017.04.17	1.08094	1.08325	1.07806	1.08271	69719	50420474707	0
2017.04.18	1.08174	1.08306	1.07180	1.07287	108277	76017419223	51
2017.04.19	1.07278	1.07380	1.06744	1.07018	96974	68831414374	51
2017.04.20	1.06956	1.07482	1.06399	1.07304	100264	71450101980	51
2017.04.21	1.07305	1.07681	1.07012	1.07029	83028	57054608515	51
2017.04.24	1.07545	1.07876	1.07124	1.07832	94314	64377208574	0
2017.04.25	1.07821	1.08511	1.07730	1.08355	95030	67081094813	34
2017.04.26	1.08213	1.08715	1.08006	1.08415	119638	84857827301	51
2017.04.27	1.08390	1.08735	1.08173	1.08476	106459	73656007572	0
2017.04.28	1.08483	1.09130	1.08362	1.08919	98074	64545283912	0
2017.05.01	1.08654	1.09329	1.08654	1.08875	68734	55892506045	51
2017.05.02	1.08856	1.09103	1.08470	1.08615	85882	59748758756	0
2017.05.03	1.08574	1.08639	1.07724	1.07880	101246	77711806721	0
2017.05.04	1.07822	1.07996	1.07566	1.07825	107639	79909463819	0
2017.05.05	1.07704	1.07876	1.06996	1.07011	106737	77864867996	43
2017.05.08	1.07194	1.07453	1.06656	1.06900	97176	72675739135	0
2017.05.09	1.06908	1.06911	1.06393	1.06454	108035	81057556189	0
2017.05.10	1.06461	1.06729	1.06078	1.06128	104588	75255896670	0
2017.05.11	1.06128	1.07778	1.06128	1.07699	112401	82729657370	0
2017.05.12	1.07686	1.08039	1.07507	1.07507	96983	74053900502	0
2017.05.15	1.07640	1.07846	1.07485	1.07677	92568	69544696429	0
2017.05.16	1.07662	1.07974	1.07428	1.07854	99656	70456544417	0
2017.05.17	1.07834	1.07859	1.06945	1.07005	119555	88668418803	0
2017.05.18	1.07014	1.07704	1.06899	1.07479	144997	105504037816	0
2017.05.19	1.07479	1.08184	1.07406	1.07584	103487	75772613112	0
2017.05.22	1.07426	1.07625	1.06795	1.06844	88765	65699246125	0
2017.05.23	1.06844	1.06911	1.06426	1.06556	102819	73885429793	0
2017.05.24	1.06633	1.06680	1.06216	1.06354	100396	65794668773	0
2017.05.25	1.06416	1.06644	1.05869	1.06099	97763	67189830935	0
2017.05.26	1.06110	1.06245	1.05225	1.05317	104839	74645261938	0
2017.05.29	1.05239	1.05692	1.04877	1.05349	59279	38795993149	0
2017.05.30	1.05343	1.05579	1.05105	1.05140	91158	59496763958	0
2017.05.31	1.05147	1.05364	1.04630	1.04849	104663	71389442180	0
2017.06.01	1.04770	1.05126	1.04309	1.04394	103107	73796150941	0
2017.06.02	1.04392	1.04513	1.03884	1.03967	95676	62602350629	0
2017.06.05	1.04031	1.04880	1.03948	1.04840	73044	0	51
2017.06.06	1.04791	1.05031	1.04163	1.04455	105866	0	34
2017.06.07	1.04430	1.05139	1.04325	1.04875	101718	0	51
2017.06.08	1.04852	1.04948	1.04384	1.04563	97688	0	51
2017.06.09	1.04496	1.04706	1.04269	1.04313	92275	0	50
2017.06.12	1.04386	1.04960	1.04306	1.04731	83378	0	51
2017.06.13	1.04667	1.04805	1.04274	1.04349	82021	0	51
2017.06.14	1.04349	1.04680	1.04038	1.04329	119489	0	51
2017.06.15	1.04286	1.05486	1.04280	1.05099	117761	0	51
2017.06.16	1.05053	1.05362	1.04889	1.04889	90864	0	48
2017.06.19	1.04943	1.05078	1.04443	1.05065	84573	0	51
2017.06.20	1.04911	1.05189	1.04543	1.04650	86064	0	51
2017.06.21	1.04640	1.04784	1.04347	1.04594	86712	0	51
2017.06.22	1.04160	1.04346	1.03686	1.03765	83308	0	34
2017.06.23	1.03739	1.04031	1.03647	1.03696	70375	0	42
2017.06.26	1.03783	1.04222	1.03773	1.04041	75598	0	51
2017.06.27	1.03944	1.04328	1.03730	1.04285	89893	0	39
2017.06.28	1.04215	1.04652	1.04190	1.04545	104766	0	51
2017.06.29	1.04426	1.05329	1.04393	1.05243	99070	0	51
2017.06.30	1.05144	1.05325	1.04670	1.04783	100869	0	51
2017.07.03	1.04728	1.05125	1.04562	1.04942	82279	0	51
2017.07.04	1.04954	1.05497	1.04145	1.04282	81523	0	51
2017.07.05	1.04215	1.04764	1.04107	1.04284	89807	0	41
2017.07.06	1.04229	1.04692	1.04189	1.04225	83807	0	34
2017.07.07	1.04181	1.04604	1.03940	1.04245	86300	0	51
2017.07.10	1.04323	1.04661	1.04098	1.04519	64973	0	51
2017.07.11	1.04444	1.05727	1.04339	1.05690	84170	0	51
2017.07.12	1.05637	1.05934	1.05520	1.05725	90584	0	51
2017.07.13	1.05625	1.05925	1.04911	1.05559	89388	0	51
2017.07.14	1.05506	1.06645	1.05484	1.06447	89737	0	51
2017.07.17	1.06482	1.06739	1.06290	1.06490	104423	0	51
2017.07.18	1.06500	1.07979	1.06364	1.07678	133167	0	35
2017.07.19	1.07653	1.08141	1.07429	1.08063	102745	0	51
2017.07.20	1.07986	1.08429	1.07319	1.07498	128711	0	51
2017.07.21	1.07481	1.07524	1.06065	1.06065	116296	0	51
2017.07.24	1.06083	1.07014	1.06053	1.06536	110589	0	51
2017.07.25	1.06493	1.07112	1.06429	1.06986	119248	0	51
2017.07.26	1.06922	1.07001	1.06219	1.06374	143797	0	51
2017.07.27	1.06374	1.06790	1.06200	1.06349	144146	0	51
2017.07.28	1.06355	1.06675	1.06119	1.06253	126559	0	46
2017.07.31	1.06216	1.06595	1.05881	1.06485	105635	0	51
2017.08.01	1.06481	1.06962	1.06454	1.06687	118460	0	51
2017.08.02	1.06655	1.07309	1.06507	1.07185	110009	0	51
2017.08.03	1.07172	1.07447	1.06721	1.06866	109166	0	35
2017.08.04	1.06865	1.07262	1.06661	1.06884	112632	0	47
2017.08.07	1.06915	1.07554	1.06862	1.07443	88913	0	51
2017.08.08	1.07392	1.08026	1.07388	1.07965	98199	0	34
2017.08.09	1.07864	1.07947	1.07436	1.07510	111910	0	51
2017.08.10	1.07068	1.08593	1.07068	1.08200	114137	0	34
2017.08.11	1.08087	1.08290	1.07719	1.07749	106054	0	51
2017.08.14	1.07896	1.08183	1.07645	1.07734	81688	0	51
2017.08.15	1.07709	1.08111	1.07445	1.08071	84640	0	51
2017.08.16	1.08070	1.08655	1.07969	1.08455	98378	0	51
2017.08.17	1.08270	1.08763	1.08169	1.08215	114515	0	51
2017.08.18	1.08209	1.08462	1.08003	1.08243	112873	0	45
2017.08.21	1.08344	1.08490	1.08194	1.08321	79916	0	51
2017.08.22	1.08281	1.08705	1.08260	1.08656	87157	0	51
2017.08.23	1.08618	1.09572	1.08592	1.09377	106063	0	51
2017.08.24	1.09293	1.09654	1.09214	1.09653	113089	0	51
2017.08.25	1.09535	1.09702	1.09369	1.09465	125015	0	51
2017.08.28	1.09316	1.09810	1.09303	1.09738	80448	0	41
2017.08.29	1.09740	1.09791	1.09251	1.09570	134917	0	45
2017.08.30	1.09595	1.10149	1.09382	1.09721	113731	0	51
2017.08.31	1.09635	1.10775	1.09591	1.10676	129981	0	51
2017.09.01	1.10659	1.11392	1.10521	1.11291	123285	0	51
2017.09.04	1.11111	1.11174	1.10720	1.10843	86030	0	51
2017.09.05	1.10843	1.11279	1.10246	1.10491	127041	0	51
2017.09.06	1.10432	1.11190	1.10224	1.11078	126327	0	51
2017.09.07	1.11043	1.11420	1.10670	1.11288	130324	0	51
2017.09.08	1.11245	1.11288	1.10548	1.10770	151455	0	34
2017.09.11	1.10786	1.11326	1.10405	1.10699	117893	0	34
2017.09.12	1.10603	1.11056	1.09778	1.09961	127305	880350000	0
2017.09.13	1.09961	1.10454	1.09949	1.10224	104697	0	0
2017.09.14	1.10224	1.10904	1.09919	1.10772	114645	0	0
2017.09.15	1.10772	1.10901	1.09528	1.09704	105210	0	0
2017.09.18	1.09844	1.09844	1.09373	1.09492	94868	0	0
2017.09.19	1.09492	1.09856	1.09335	1.09425	107459	0	0
2017.09.20	1.09425	1.09773	1.08895	1.09132	118214	0	0
2017.09.21	1.09132	1.09335	1.08242	1.08487	116639	0	0
2017.09.22	1.08480	1.08960	1.08343	1.08436	104783	0	0
2017.09.25	1.08841	1.09721	1.08518	1.09223	107321	0	0
2017.09.26	1.09223	1.09783	1.08743	1.09346	117672	0	0
2017.09.27	1.09346	1.09538	1.08676	1.08953	134196	0	0
2017.09.28	1.08953	1.09038	1.08417	1.08533	108271	0	0
2017.09.29	1.08533	1.08799	1.08303	1.08603	70887	0	0
2017.10.02	1.08546	1.08804	1.08523	1.08728	76139	0	0
2017.10.03	1.08728	1.09492	1.08728	1.09401	80217	0	0
2017.10.04	1.09401	1.09749	1.09194	1.09663	77528	0	0
2017.10.05	1.09663	1.09934	1.09222	1.09464	70502	0	0
2017.10.06	1.09458	1.09721	1.09100	1.09442	85546	0	0
2017.10.09	1.09962	1.10127	1.09458	1.09667	57551	0	0
2017.10.10	1.09667	1.10221	1.09655	1.09992	86720	0	0
2017.10.11	1.09992	1.10238	1.09820	1.09921	80234	0	0
2017.10.12	1.09921	1.10123	1.09579	1.09663	91022	0	0
2017.10.13	1.09663	1.10043	1.09540	1.09541	92954	0	0
2017.10.16	1.09880	1.10008	1.09346	1.09440	80672	0	0
2017.10.17	1.09440	1.09583	1.08732	1.09374	99291	0	0
2017.10.18	1.09374	1.09921	1.09301	1.09635	86314	0	0
2017.10.19	1.09635	1.12247	1.09500	1.11982	120400	0	0
2017.10.20	1.11982	1.12533	1.11917	1.12215	104116	0	0
2017.10.23	1.12475	1.12575	1.11881	1.11955	66117	0	0
2017.10.24	1.11955	1.12898	1.11659	1.12444	88725	0	0
2017.10.25	1.12400	1.12691	1.11762	1.11814	110043	0	0
2017.10.26	1.11814	1.12382	1.11698	1.11884	107580	0	0
2017.10.27	1.11884	1.12079	1.11412	1.11568	113620	0	0
2017.10.30	1.11460	1.12299	1.11361	1.11791	82531	0	0
2017.10.31	1.11791	1.12231	1.11725	1.11803	91465	0	0
2017.11.01	1.11797	1.11861	1.10761	1.11418	100504	0	0
2017.11.02	1.11418	1.11705	1.11178	1.11583	100559	0	0
2017.11.03	1.11583	1.11637	1.10430	1.10713	81561	0	0
2017.11.06	1.10516	1.11265	1.10516	1.10703	83771	0	0
2017.11.07	1.10713	1.10956	1.10545	1.10737	90734	0	0
2017.11.08	1.10737	1.10968	1.10121	1.10165	87532	0	0
2017.11.09	1.10150	1.10693	1.10094	1.10508	105538	0	0
2017.11.10	1.10508	1.10947	1.10306	1.10306	86877	0	0
2017.11.13	1.10437	1.10753	1.10376	1.10391	65089	0	0
2017.11.14	1.10391	1.11398	1.10336	1.10935	86295	0	0
2017.11.15	1.10935	1.11039	1.09889	1.10298	92947	0	0
2017.11.16	1.10298	1.10978	1.10184	1.10740	76455	0	1
2017.11.17	1.10740	1.11299	1.10430	1.10940	85275	0	1
2017.11.20	1.11067	1.11166	1.10570	1.10825	85657	0	0
2017.11.21	1.10818	1.11161	1.10653	1.10911	88220	0	0
2017.11.22	1.10911	1.10991	1.10537	1.10565	93059	0	0
2017.11.23	1.10565	1.10835	1.10508	1.10616	73039	0	0
2017.11.24	1.10616	1.10893	1.10461	1.10640	80357	0	0
2017.11.27	1.10598	1.10880	1.09957	1.09957	81934	0	0
2017.11.28	1.09957	1.10131	1.09607	1.10036	103221	0	0
2017.11.29	1.10036	1.10345	1.09481	1.09949	106057	0	0
2017.11.30	1.09949	1.10943	1.09869	1.10719	125737	0	0
2017.12.01	1.10719	1.10926	1.10321	1.10432	139853	0	0
2017.12.04	1.10608	1.11046	1.10525	1.10693	117154	0	0
2017.12.05	1.10684	1.11135	1.10487	1.10591	124287	0	0
2017.12.06	1.10591	1.10901	1.09657	1.09803	116193	0	0
2017.12.07	1.09802	1.10166	1.09576	1.09891	113520	0	0
2017.12.08	1.09891	1.10043	1.09511	1.09662	102506	0	0
2017.12.11	1.09642	1.09847	1.08639	1.08845	98715	0	0
2017.12.12	1.08845	1.09137	1.08598	1.08936	90197	0	0
2017.12.13	1.08936	1.09118	1.08589	1.08674	94100	0	0
2017.12.14	1.08674	1.09847	1.08645	1.09723	111777	0	0
2017.12.15	1.09722	1.09790	1.09096	1.09292	101082	0	0
2017.12.18	1.09221	1.09615	1.09089	1.09478	78810	0	4
2017.12.19	1.09478	1.09942	1.09259	1.09840	81387	0	4
2017.12.20	1.09840	1.10113	1.09267	1.09267	87834	0	4
2017.12.21	1.09267	1.09925	1.09232	1.09686	80865	0	4
2017.12.22	1.09686	1.10158	1.09662	1.09838	63615	0	4
2017.12.26	1.09722	1.10033	1.09709	1.09735	18082	0	4
2017.12.27	1.09724	1.10073	1.09710	1.09966	57588	0	4
2017.12.28	1.09966	1.10088	1.09841	1.09850	50167	0	4
2017.12.29	1.09850	1.10151	1.09566	1.09895	67335	0	4
2018.01.02	1.09581	1.10236	1.09581	1.10104	76328	0	4
2018.01.03	1.10104	1.10525	1.10023	1.10429	98973	0	4
2018.01.04	1.10429	1.10501	1.09787	1.09860	96304	0	4
2018.01.05	1.09860	1.09955	1.09366	1.09665	103825	0	4
2018.01.08	1.09705	1.09778	1.09110	1.09212	82827	0	2
2018.01.09	1.09212	1.09596	1.08881	1.09190	111588	0	1
2018.01.10	1.09158	1.09460	1.08693	1.08907	146777	0	1
2018.01.11	1.08907	1.09547	1.08661	1.08666	140540	0	1
2018.01.12	1.08666	1.09146	1.08359	1.09089	144604	0	1
2018.01.15	1.09132	1.09412	1.08972	1.09036	109388	0	1
2018.01.16	1.09036	1.09539	1.09020	1.09415	124531	0	1
2018.01.17	1.09415	1.10021	1.09393	1.09526	159053	0	1
2018.01.18	1.09526	1.09849	1.09218	1.09499	143337	0	1
2018.01.19	1.09499	1.10011	1.09490	1.09727	134179	0	1
2018.01.22	1.09782	1.09926	1.09359	1.09359	103973	0	1
2018.01.23	1.09359	1.09449	1.08561	1.08671	128946	0	2
2018.01.24	1.08676	1.09964	1.08490	1.09850	142964	0	2
2018.01.25	1.09850	1.09943	1.09335	1.09428	197386	0	1
2018.01.26	1.09428	1.10387	1.09428	1.10182	149996	0	1
2018.01.29	1.10255	1.10720	1.10173	1.10476	129528	0	1
2018.01.30	1.10476	1.10586	1.10093	1.10179	142877	0	2
2018.01.31	1.10179	1.10391	1.09197	1.09322	157820	0	1
2018.02.01	1.09313	1.09421	1.08489	1.08619	153107	0	1
2018.02.02	1.08619	1.08767	1.08322	1.08499	160053	0	1
2018.02.05	1.08480	1.08807	1.08330	1.08366	164999	0	1
2018.02.06	1.08366	1.08491	1.07443	1.07628	222899	0	1
2018.02.07	1.07622	1.08477	1.07472	1.07990	133924	0	1
2018.02.08	1.07990	1.08936	1.07563	1.07734	173742	0	1
2018.02.09	1.07738	1.08075	1.07461	1.07684	138648	0	1
2018.02.12	1.07833	1.08318	1.07689	1.08198	79811	0	1
2018.02.13	1.08173	1.08395	1.07608	1.08014	99422	0	1
2018.02.14	1.08014	1.08076	1.07145	1.07542	164662	0	1
2018.02.15	1.07542	1.07696	1.07042	1.07181	133223	0	1
2018.02.16	1.07181	1.07580	1.06987	1.07002	113692	0	1
2018.02.19	1.07138	1.07444	1.07016	1.07284	69952	0	1
2018.02.20	1.07284	1.07699	1.07120	1.07255	119492	0	2
2018.02.21	1.07255	1.07538	1.06591	1.06604	129707	0	1
2018.02.22	1.06604	1.06983	1.06537	1.06774	117244	0	1
2018.02.23	1.06774	1.07545	1.06757	1.07399	103956	0	1
2018.02.26	1.07468	1.07702	1.07149	1.07530	98361	0	1
2018.02.27	1.07530	1.07852	1.07487	1.07625	119860	0	1
2018.02.28	1.07625	1.08261	1.07533	1.07533	121270	0	1
2018.03.01	1.07533	1.07757	1.06885	1.06886	158592	0	1
2018.03.02	1.06867	1.07348	1.06602	1.07159	165688	0	1
2018.03.05	1.06989	1.07471	1.06975	1.07407	117333	0	1
2018.03.06	1.07407	1.07656	1.07042	1.07309	139907	0	1
2018.03.07	1.07309	1.07448	1.06645	1.07354	147610	0	1
2018.03.08	1.07354	1.07582	1.07120	1.07120	105232	0	1
2018.03.09	1.07120	1.07750	1.07039	1.07750	124832	0	1
2018.03.12	1.07673	1.08017	1.07404	1.07908	65831	0	1
2018.03.13	1.07908	1.07937	1.07047	1.07201	131641	0	1
2018.03.14	1.07201	1.07824	1.07057	1.07729	125808	0	1
2018.03.15	1.07729	1.07781	1.07071	1.07109	133951	0	1
2018.03.16	1.07108	1.07602	1.06763	1.06872	124563	0	1
2018.03.19	1.06868	1.06919	1.06354	1.06531	135285	0	1
2018.03.20	1.06531	1.07144	1.06389	1.07070	123033	0	1
2018.03.21	1.07070	1.07555	1.07009	1.07407	133066	0	1
2018.03.22	1.07407	1.07617	1.06549	1.06717	129775	0	1
2018.03.23	1.06717	1.06902	1.06231	1.06338	119328	0	1
2018.03.26	1.06440	1.06525	1.05849	1.06091	99876	0	1
2018.03.27	1.06091	1.06268	1.05421	1.05421	100381	0	1
2018.03.28	1.05627	1.06364	1.05592	1.06205	125606	0	1
2018.03.29	1.06205	1.06689	1.06054	1.06064	83366	0	1
2018.03.30	1.06064	1.06470	1.05931	1.06138	97783	0	1
2018.04.02	1.06136	1.06378	1.06004	1.06164	58386	0	2
2018.04.03	1.06164	1.06564	1.05682	1.05813	89463	0	1
2018.04.04	1.05879	1.05960	1.05260	1.05549	64945	0	1
2018.04.05	1.05545	1.05760	1.05250	1.05493	54444	0	1
2018.04.06	1.05034	1.06079	1.05029	1.05619	75447	0	1
2018.04.09	1.05441	1.05615	1.05042	1.05326	58107	0	1
2018.04.10	1.05297	1.05576	1.05133	1.05367	67350	0	1
2018.04.11	1.05398	1.05554	1.05111	1.05291	59870	0	1
2018.04.12	1.05174	1.05531	1.04885	1.05051	59021	0	1
2018.04.13	1.05065	1.05829	1.05055	1.05561	49576	0	1
2018.04.16	1.05568	1.05921	1.05508	1.05650	46579	0	1
2018.04.17	1.05578	1.06014	1.05512	1.05708	50639	0	1
2018.04.18	1.05693	1.06328	1.05693	1.06281	51123	0	1
2018.04.19	1.06304	1.06725	1.06053	1.06229	74773	0	1
2018.04.20	1.06180	1.06617	1.06180	1.06366	64102	0	1
2018.04.23	1.06177	1.06615	1.06170	1.06352	56990	0	2
2018.04.24	1.06265	1.06963	1.06237	1.06752	81080	0	1
2018.04.25	1.06752	1.07140	1.06689	1.06944	63129	0	1
2018.04.26	1.06929	1.07287	1.06835	1.06926	75334	0	1
2018.04.27	1.06911	1.07179	1.06798	1.06987	60234	0	1
2018.04.30	1.06935	1.07147	1.06819	1.06965	58954	0	1
2018.05.01	1.06986	1.07205	1.06851	1.06899	61731	0	1
2018.05.02	1.06899	1.07255	1.06496	1.07057	85435	0	1
2018.05.03	1.07063	1.07308	1.06740	1.06948	88721	0	1
2018.05.04	1.06948	1.07554	1.06869	1.07392	61860	0	1
2018.05.07	1.07351	1.07424	1.06986	1.06992	52663	0	1
2018.05.08	1.06992	1.07223	1.06781	1.06866	73164	0	1
2018.05.09	1.06866	1.06968	1.06577	1.06607	70892	0	1
2018.05.10	1.06607	1.08239	1.06607	1.08135	101099	0	1
2018.05.11	1.08115	1.08427	1.07946	1.08244	68173	0	1
2018.05.14	1.08177	1.08949	1.08097	1.08816	59660	0	1
2018.05.15	1.08789	1.09004	1.08526	1.08833	85431	0	1
2018.05.16	1.08806	1.09004	1.08507	1.08926	84931	0	1
2018.05.17	1.08915	1.09394	1.08720	1.09124	71318	0	1
2018.05.18	1.09042	1.09283	1.08496	1.08580	70098	0	1
2018.05.21	1.08632	1.09276	1.08547	1.09094	68730	0	1
2018.05.22	1.09090	1.09463	1.08959	1.09197	71408	0	1
2018.05.23	1.09211	1.09425	1.09092	1.09224	102147	0	1
2018.05.24	1.09167	1.09402	1.09116	1.09287	86494	0	1
2018.05.25	1.09284	1.09616	1.09055	1.09116	70718	0	1
2018.05.28	1.09097	1.09239	1.08624	1.08627	56002	0	1
2018.05.29	1.08603	1.08896	1.08453	1.08691	88946	0	1
2018.05.30	1.08662	1.08893	1.08044	1.08331	90315	0	1
2018.05.31	1.08299	1.08565	1.07766	1.08032	89990	0	1
2018.06.01	1.08047	1.08378	1.07761	1.08329	75907	0	1
2018.06.04	1.08183	1.08877	1.08183	1.08657	64123	0	1
2018.06.05	1.08599	1.08864	1.08294	1.08377	69970	0	1
2018.06.06	1.08392	1.09013	1.08321	1.08981	61279	0	1
2018.06.07	1.08991	1.09020	1.08110	1.08389	61172	0	1
2018.06.08	1.08407	1.08542	1.07779	1.08059	54896	0	1
2018.06.11	1.07990	1.08396	1.07903	1.08183	38187	0	1
2018.06.12	1.08115	1.08421	1.08050	1.08074	53862	0	1
2018.06.13	1.08089	1.08142	1.07560	1.07804	60956	0	1
2018.06.14	1.07797	1.07934	1.07028	1.07102	67473	0	1
2018.06.15	1.07078	1.07591	1.07010	1.07183	58491	0	1
2018.06.18	1.07225	1.07478	1.06832	1.06837	39775	0	1
2018.06.19	1.06761	1.07083	1.06576	1.06760	68076	0	1
2018.06.20	1.06810	1.07476	1.06687	1.07252	60239	0	1
2018.06.21	1.07220	1.07770	1.06943	1.07235	84876	0	1
2018.06.22	1.07159	1.07795	1.07099	1.07643	65531	0	1
2018.06.25	1.07487	1.07688	1.07313	1.07344	57836	0	1
2018.06.26	1.07318	1.07942	1.07301	1.07624	65666	0	1
2018.06.27	1.07385	1.08555	1.07385	1.07879	79676	0	1
2018.06.28	1.07962	1.08876	1.07816	1.08683	77583	0	1
2018.06.29	1.08706	1.09345	1.08696	1.09345	81406	0	1
2018.07.02	1.08881	1.09513	1.08877	1.09226	61370	0	1
2018.07.03	1.09235	1.09919	1.09211	1.09256	65276	0	1
2018.07.04	1.09187	1.09556	1.09014	1.09107	53715	0	1
2018.07.05	1.09118	1.09259	1.08710	1.08804	60001	0	1
2018.07.06	1.08802	1.08860	1.08513	1.08612	59271	0	1
2018.07.09	1.08560	1.09344	1.08560	1.09103	48117	0	1
2018.07.10	1.09093	1.09280	1.08990	1.08993	51630	0	1
2018.07.11	1.08960	1.09094	1.08682	1.08927	77314	0	1
2018.07.12	1.08898	1.09409	1.08898	1.09124	55620	0	1
2018.07.13	1.09078	1.09713	1.09078	1.09667	61799	0	1
2018.07.16	1.09676	1.09745	1.09372	1.09429	50116	0	1
2018.07.17	1.09416	1.09704	1.08603	1.08867	67203	0	1
2018.07.18	1.08803	1.09036	1.08622	1.08851	63217	0	1
2018.07.19	1.08841	1.09443	1.08782	1.09010	112612	0	1
2018.07.20	1.08942	1.09205	1.08845	1.08922	117177	0	1
2018.07.23	1.09045	1.09176	1.08673	1.08773	65408	0	21
2018.07.24	1.08633	1.09150	1.08594	1.09004	68572	0	18
2018.07.25	1.08972	1.09340	1.08726	1.08993	75568	0	40
2018.07.26	1.08953	1.09011	1.08649	1.08672	67376	0	20
2018.07.27	1.08651	1.09089	1.08649	1.08906	56250	0	27
2018.07.30	1.08837	1.08923	1.08392	1.08489	43881	0	19
2018.07.31	1.08449	1.09213	1.08412	1.08873	72766	0	20
2018.08.01	1.08898	1.09122	1.08838	1.08996	64812	0	17
2018.08.02	1.08954	1.09279	1.08830	1.09118	56614	0	17
2018.08.03	1.09035	1.09686	1.09021	1.09622	69802	0	40
2018.08.06	1.09505	1.09769	1.09489	1.09686	46263	0	19
2018.08.07	1.09689	1.10324	1.09659	1.10116	54255	0	24
2018.08.08	1.09829	1.10322	1.09778	1.09999	61673	0	25
2018.08.09	1.09991	1.11734	1.09991	1.11449	81905	0	34
2018.08.10	1.11408	1.11734	1.10476	1.10914	108671	0	17
2018.08.13	1.10513	1.10813	1.10319	1.10478	94586	0	40
2018.08.14	1.10378	1.10565	1.09843	1.10067	86026	0	27
2018.08.15	1.10071	1.10353	1.09901	1.10182	95234	0	27
2018.08.16	1.10147	1.10464	1.09891	1.10219	98672	0	28
2018.08.17	1.10060	1.10376	1.09976	1.10213	77791	0	18
2018.08.20	1.10130	1.10556	1.10115	1.10448	68052	0	23
2018.08.21	1.10391	1.10542	1.09944	1.09960	81523	0	18
2018.08.22	1.09926	1.10094	1.09473	1.09678	82517	0	40
2018.08.23	1.09631	1.09792	1.09044	1.09189	78616	0	17
2018.08.24	1.08993	1.09844	1.08941	1.09451	84872	0	26
2018.08.27	1.09515	1.09754	1.09411	1.09689	69845	0	23
2018.08.28	1.09668	1.09767	1.09246	1.09310	76418	0	24
2018.08.29	1.09274	1.09452	1.08702	1.08818	92749	0	19
2018.08.30	1.08788	1.09598	1.08758	1.09099	87749	0	27
2018.08.31	1.09030	1.09317	1.08520	1.08538	95214	0	13
2018.09.03	1.08615	1.09310	1.08347	1.09253	59141	0	25
2018.09.04	1.09254	1.09746	1.08968	1.09477	81769	0	19
2018.09.05	1.09376	1.10186	1.08984	1.09108	79464	0	20
2018.09.06	1.09020	1.09270	1.08808	1.09150	79645	0	40
2018.09.07	1.09141	1.09298	1.08619	1.08687	87952	0	40
2018.09.10	1.08672	1.09060	1.08647	1.08966	57824	0	23
2018.09.11	1.08821	1.09167	1.08758	1.09059	64761	0	31
2018.09.12	1.08972	1.09416	1.08903	1.09289	67364	0	21
2018.09.13	1.09124	1.09783	1.09111	1.09434	68382	0	21
2018.09.14	1.09451	1.09494	1.09125	1.09207	64190	0	29
2018.09.17	1.09123	1.09272	1.09036	1.09130	55290	0	20
2018.09.18	1.09039	1.09632	1.08756	1.09576	92464	0	40
2018.09.19	1.09463	1.10011	1.09412	1.09739	75701	0	19
2018.09.20	1.09620	1.09972	1.08904	1.08996	72802	0	40
2018.09.21	1.08986	1.09134	1.08821	1.08972	70241	0	25
2018.09.24	1.08817	1.09230	1.08801	1.09082	60306	0	27
2018.09.25	1.09034	1.09287	1.08968	1.09016	65172	0	30
2018.09.26	1.08904	1.09250	1.08566	1.08851	71882	0	29
2018.09.27	1.08814	1.09172	1.08653	1.08930	74025	0	21
2018.09.28	1.08815	1.09265	1.08772	1.09000	59581	0	16
2018.10.01	1.09033	1.09324	1.08971	1.09174	56307	0	22
2018.10.02	1.09230	1.09501	1.08883	1.08945	68622	0	39
2018.10.03	1.08971	1.09288	1.08879	1.08979	72950	0	40
2018.10.04	1.08950	1.09314	1.08892	1.09235	74314	0	32
2018.10.05	1.09116	1.09507	1.09025	1.09501	72025	0	40
2018.10.08	1.09426	1.09737	1.09334	1.09637	63341	0	36
2018.10.09	1.09664	1.09918	1.09367	1.09716	68715	0	29
2018.10.10	1.09603	1.09882	1.09266	1.09295	73203	0	24
2018.10.11	1.09200	1.09492	1.08935	1.09119	119847	0	18
2018.10.12	1.09113	1.09516	1.08990	1.09263	82273	0	31
2018.10.15	1.09297	1.09388	1.08777	1.08797	78380	0	21
2018.10.16	1.08795	1.08934	1.08135	1.08374	77337	0	39
2018.10.17	1.08438	1.08576	1.08204	1.08478	84961	0	40
2018.10.18	1.08482	1.08984	1.08413	1.08477	93141	0	23
2018.10.19	1.08441	1.08719	1.07966	1.07989	94581	0	40
2018.10.22	1.07629	1.08192	1.07602	1.08040	82006	0	17
2018.10.23	1.07811	1.08141	1.07740	1.08084	105481	0	14
2018.10.24	1.08082	1.08412	1.08038	1.08166	100982	0	40
2018.10.25	1.08165	1.08685	1.08016	1.08506	106684	0	27
2018.10.26	1.08471	1.08778	1.08275	1.08583	126038	0	31
2018.10.29	1.08655	1.08809	1.08054	1.08215	85773	0	39
2018.10.30	1.08213	1.08449	1.08124	1.08359	90132	0	22
2018.10.31	1.08359	1.08568	1.07970	1.08514	90162	0	23
2018.11.01	1.08514	1.08759	1.08163	1.08385	103953	0	24
2018.11.02	1.08384	1.08579	1.08075	1.08233	111968	0	35
2018.11.05	1.08306	1.08348	1.08009	1.08139	81121	0	37
2018.11.06	1.08111	1.08491	1.07449	1.07526	87590	0	20
2018.11.07	1.07526	1.07635	1.06795	1.07202	122441	0	40
2018.11.08	1.07143	1.07565	1.07093	1.07404	98801	0	27
2018.11.09	1.07406	1.07647	1.07144	1.07148	101171	0	40
2018.11.12	1.07195	1.07386	1.06750	1.06895	89698	0	24
2018.11.13	1.06891	1.06970	1.06602	1.06688	108382	0	25
2018.11.14	1.06690	1.06896	1.06108	1.06402	118332	0	19
2018.11.15	1.06418	1.07107	1.06286	1.06513	124357	0	40
2018.11.16	1.06514	1.06724	1.06341	1.06524	86176	0	40
2018.11.19	1.06432	1.06941	1.06379	1.06613	64756	0	24
2018.11.20	1.06645	1.06680	1.05871	1.06204	90071	0	19
2018.11.21	1.06204	1.06469	1.05986	1.06218	78213	0	24
2018.11.22	1.06286	1.06603	1.06194	1.06435	57512	0	19
2018.11.23	1.06402	1.06762	1.06180	1.06579	63409	0	4
2018.11.26	1.06882	1.06953	1.06452	1.06604	62867	0	37
2018.11.27	1.06604	1.06898	1.06224	1.06340	82719	0	24
2018.11.28	1.06364	1.06544	1.06254	1.06293	79724	0	26
2018.11.29	1.06299	1.06819	1.06243	1.06665	90138	0	19
2018.11.30	1.06629	1.06702	1.06160	1.06247	81829	0	25
2018.12.03	1.06607	1.06703	1.06073	1.06182	74320	0	26
2018.12.04	1.06191	1.06234	1.05740	1.05881	99674	0	38
2018.12.05	1.05892	1.05941	1.05137	1.05390	70939	0	13
2018.12.06	1.05312	1.05424	1.04729	1.05135	118346	0	24
2018.12.07	1.05139	1.05246	1.04807	1.04895	93088	0	21
2018.12.10	1.04516	1.04976	1.04319	1.04621	91512	0	25
2018.12.11	1.04603	1.04953	1.04491	1.04737	88120	0	30
2018.12.12	1.04751	1.05533	1.04678	1.05216	87732	0	25
2018.12.13	1.05256	1.05482	1.05118	1.05352	76507	0	40
2018.12.14	1.05311	1.05856	1.05182	1.05579	73338	0	17
2018.12.17	1.05466	1.05732	1.05328	1.05402	70732	0	23
2018.12.18	1.05415	1.05501	1.04551	1.04805	83198	0	27
2018.12.19	1.04870	1.05085	1.04412	1.04998	93261	0	23
2018.12.20	1.04997	1.05527	1.04831	1.04918	117751	0	28
2018.12.21	1.04932	1.05358	1.04772	1.04795	98054	0	24
2018.12.24	1.04633	1.04995	1.04588	1.04747	74440	0	40
2018.12.26	1.04609	1.05084	1.04580	1.04940	40150	0	18
2018.12.27	1.04976	1.05156	1.04623	1.04870	106747	0	25
2018.12.28	1.04891	1.05237	1.04838	1.04850	77385	0	30
2018.12.31	1.04817	1.05249	1.04807	1.04916	79285	0	40
2019.01.02	1.04844	1.05077	1.04499	1.04937	88823	0	17
2019.01.03	1.04934	1.05062	1.01500	1.04642	132839	0	32
2019.01.04	1.04651	1.05657	1.04575	1.05587	110940	0	22
2019.01.07	1.05419	1.05842	1.05392	1.05783	77432	0	27
2019.01.08	1.05811	1.06291	1.05613	1.06177	86963	0	38
2019.01.09	1.06174	1.06376	1.05492	1.05584	92182	0	13
2019.01.10	1.05582	1.05981	1.05445	1.05931	80280	0	15
2019.01.11	1.05953	1.06061	1.05409	1.05532	92533	0	13
2019.01.14	1.05589	1.05722	1.05367	1.05460	63566	0	24
2019.01.15	1.05458	1.05643	1.05338	1.05579	75237	0	29
2019.01.16	1.05624	1.06077	1.05457	1.05729	63410	0	28
2019.01.17	1.05745	1.06475	1.05677	1.06323	71986	0	29
2019.01.18	1.06315	1.06503	1.06110	1.06110	61991	0	36
2019.01.21	1.05867	1.06680	1.05867	1.06310	58175	0	34
2019.01.22	1.06291	1.06438	1.05422	1.05488	66032	0	20
2019.01.23	1.05487	1.05577	1.05001	1.05164	71021	0	26
2019.01.24	1.05163	1.05397	1.04637	1.04844	87004	0	22
2019.01.25	1.04842	1.04993	1.04727	1.04946	88360	0	21
2019.01.28	1.04981	1.05072	1.04719	1.04864	63668	0	25
2019.01.29	1.04869	1.04927	1.04480	1.04673	72106	0	19
2019.01.30	1.04672	1.05361	1.04627	1.05061	93117	0	26
2019.01.31	1.05067	1.05311	1.04867	1.05105	90075	0	40
2019.02.01	1.05113	1.05169	1.04688	1.05117	81568	0	30
2019.02.04	1.05030	1.05086	1.04806	1.04905	62166	0	29
2019.02.05	1.04922	1.05280	1.04539	1.04907	67273	0	25
2019.02.06	1.04923	1.04989	1.03968	1.04804	80365	0	18
2019.02.07	1.04844	1.05262	1.04791	1.05205	76627	0	25
2019.02.08	1.05206	1.05334	1.04683	1.05054	70046	0	26
2019.02.11	1.05066	1.05104	1.04803	1.04848	54719	0	18
2019.02.12	1.04861	1.05438	1.04770	1.05274	75551	0	40
2019.02.13	1.05280	1.05420	1.03943	1.04249	77115	0	28
2019.02.14	1.04266	1.04304	1.03664	1.03868	87901	0	18
2019.02.15	1.03872	1.04059	1.03674	1.03911	74896	0	18
2019.02.18	1.04007	1.04171	1.03784	1.04069	57797	0	28
2019.02.19	1.04068	1.04280	1.03847	1.04047	72522	0	40
2019.02.20	1.04026	1.04467	1.03980	1.04429	77177	0	31
2019.02.21	1.04462	1.04874	1.03946	1.04178	108707	0	33
2019.02.22	1.04199	1.04882	1.04033	1.04069	91416	0	40
2019.02.25	1.03935	1.04244	1.03842	1.04083	83289	0	40
2019.02.26	1.04108	1.04312	1.03872	1.04242	82642	0	24
2019.02.27	1.04237	1.04372	1.04094	1.04226	97026	0	30
2019.02.28	1.04258	1.04592	1.04083	1.04164	98719	0	27
2019.03.01	1.04120	1.04230	1.03923	1.04119	77863	0	27
2019.03.04	1.04049	1.04212	1.03855	1.03899	83556	0	12
2019.03.05	1.03855	1.04349	1.03794	1.04170	72920	0	33
2019.03.06	1.04187	1.04271	1.03568	1.03847	80513	0	40
2019.03.07	1.03860	1.03959	1.03652	1.03819	73554	0	27
2019.03.08	1.03825	1.03902	1.03409	1.03485	78783	0	32
2019.03.11	1.03461	1.03575	1.03295	1.03411	61558	0	26
2019.03.12	1.03413	1.03521	1.03081	1.03169	62960	0	28
2019.03.13	1.03172	1.03472	1.02918	1.03428	60753	0	25
2019.03.14	1.03428	1.03577	1.03183	1.03352	70316	0	22
2019.03.15	1.03356	1.03552	1.03311	1.03430	62469	0	37
2019.03.18	1.03444	1.03699	1.03384	1.03617	55918	0	25
2019.03.19	1.03618	1.03722	1.03322	1.03416	65201	0	28
2019.03.20	1.03416	1.03711	1.02983	1.02998	75556	0	20
2019.03.21	1.02998	1.03430	1.02970	1.03353	96869	0	40
2019.03.22	1.03353	1.03386	1.02879	1.02931	98564	0	21
2019.03.25	1.02810	1.03130	1.02737	1.02869	79759	0	22
2019.03.26	1.02875	1.03335	1.02834	1.03322	78298	0	22
2019.03.27	1.03322	1.04507	1.03058	1.04185	95882	0	40
2019.03.28	1.04186	1.04425	1.03998	1.04401	89138	0	27
2019.03.29	1.04405	1.04498	1.04002	1.04221	72000	0	21
2019.04.01	1.04292	1.04506	1.04196	1.04458	64736	0	25
2019.04.02	1.04495	1.04948	1.04311	1.04609	75043	0	25
2019.04.03	1.04627	1.04940	1.04459	1.04882	70135	0	25
2019.04.04	1.04895	1.05386	1.04733	1.05264	56820	0	24
2019.04.05	1.05302	1.05728	1.05087	1.05454	58280	0	24
2019.04.08	1.05451	1.05711	1.05310	1.05671	57443	0	24
2019.04.09	1.05663	1.05946	1.05510	1.05636	58935	0	24
2019.04.10	1.05654	1.06039	1.05403	1.05908	72537	0	19
2019.04.11	1.05977	1.06094	1.05783	1.05810	66836	0	40
2019.04.12	1.05801	1.06234	1.05718	1.06011	70867	0	24
2019.04.15	1.06040	1.06204	1.05798	1.06018	58364	0	24
2019.04.16	1.06025	1.06165	1.05693	1.06029	70383	0	18
2019.04.17	1.06057	1.07290	1.05858	1.06673	73050	0	21
2019.04.18	1.06657	1.07129	1.06480	1.06889	66806	0	17
2019.04.19	1.06918	1.06992	1.06717	1.06873	37662	0	25
2019.04.22	1.06827	1.06990	1.06743	1.06743	30551	0	19
2019.04.23	1.06798	1.06839	1.06634	1.06641	50713	0	20
2019.04.24	1.06628	1.06703	1.06153	1.06322	74392	0	18
2019.04.25	1.06358	1.06406	1.05751	1.05843	58867	0	21
2019.04.26	1.05853	1.05881	1.05572	1.05688	62707	0	20
2019.04.29	1.05663	1.05871	1.05536	1.05766	38290	0	14
2019.04.30	1.05777	1.05867	1.05485	1.05540	57232	0	15
2019.05.01	1.05546	1.06140	1.05396	1.05862	53854	0	26
2019.05.02	1.05900	1.05968	1.05700	1.05734	58428	0	28
2019.05.03	1.05730	1.05776	1.05492	1.05670	56996	0	22
2019.05.06	1.05373	1.05930	1.05304	1.05796	75299	0	27
2019.05.07	1.05807	1.06413	1.05597	1.06174	72303	0	24
2019.05.08	1.06191	1.07221	1.06028	1.06227	76219	0	25
2019.05.09	1.06229	1.06283	1.05846	1.05991	72981	0	24
2019.05.10	1.06025	1.06161	1.05925	1.06019	99126	0	22
2019.05.13	1.05987	1.06046	1.05648	1.05689	67630	0	18
2019.05.14	1.05709	1.05732	1.05437	1.05557	54474	0	28
2019.05.15	1.05553	1.05664	1.05413	1.05504	69464	0	19
2019.05.16	1.05545	1.05592	1.05193	1.05377	64059	0	22
2019.05.17	1.05405	1.05494	1.05209	1.05362	64711	0	22
2019.05.20	1.05796	1.05917	1.05513	1.05673	53971	0	21
2019.05.21	1.05673	1.05889	1.05530	1.05746	64177	0	20
2019.05.22	1.05745	1.05959	1.05695	1.05913	50440	0	23
2019.05.23	1.05922	1.05946	1.05679	1.05775	62672	0	21
2019.05.24	1.05784	1.05848	1.05501	1.05704	55593	0	22
2019.05.27	1.05762	1.05785	1.05620	1.05654	33972	0	21
2019.05.28	1.05666	1.05850	1.05547	1.05754	54937	0	24
2019.05.29	1.05777	1.06275	1.05704	1.06196	61518	0	24
2019.05.30	1.06211	1.06295	1.06112	1.06121	50956	0	21
2019.05.31	1.06154	1.06284	1.05977	1.06023	80730	0	30
2019.06.03	1.06118	1.06189	1.05674	1.05705	77732	0	21
2019.06.04	1.05703	1.06062	1.05663	1.05769	85407	0	25
2019.06.05	1.05757	1.05857	1.04975	1.05299	84777	0	21
2019.06.06	1.05300	1.05396	1.05075	1.05297	86835	0	19
2019.06.07	1.05328	1.05426	1.04992	1.05033	77053	0	23
2019.06.10	1.05085	1.05331	1.04968	1.05270	64859	0	25
2019.06.11	1.05293	1.05784	1.05226	1.05717	74026	0	26
2019.06.12	1.05716	1.05791	1.05369	1.05377	75266	0	22
2019.06.13	1.05395	1.05409	1.05034	1.05243	67580	0	24
2019.06.14	1.05315	1.05862	1.05210	1.05810	66480	0	33
2019.06.17	1.05658	1.05868	1.05360	1.05486	45764	0	25
2019.06.18	1.05493	1.05501	1.05045	1.05276	68233	0	26
2019.06.19	1.05290	1.05346	1.05075	1.05220	66748	0	25
2019.06.20	1.05257	1.05323	1.04769	1.05068	86389	0	23
2019.06.21	1.05113	1.05356	1.04956	1.05064	78270	0	29
2019.06.24	1.05085	1.05482	1.05061	1.05168	58231	0	26
2019.06.25	1.05185	1.05235	1.04599	1.04815	81007	0	23
2019.06.26	1.04795	1.05305	1.04398	1.04496	69306	0	21
2019.06.27	1.04551	1.04758	1.04423	1.04575	60270	0	26
2019.06.28	1.04578	1.04653	1.04345	1.04491	54229	0	21
2019.07.01	1.04486	1.04614	1.04250	1.04329	59850	0	24
2019.07.02	1.04293	1.04988	1.04231	1.04769	53384	0	23
2019.07.03	1.04768	1.04959	1.04570	1.04745	54606	0	20
2019.07.04	1.04821	1.05100	1.04645	1.04958	27902	0	14
2019.07.05	1.04973	1.05426	1.04920	1.05239	50848	0	20
2019.07.08	1.05249	1.05371	1.05068	1.05219	24242	0	13
2019.07.09	1.05202	1.05264	1.04782	1.04830	51830	0	13
2019.07.10	1.04832	1.05328	1.04591	1.04700	70259	0	13
2019.07.11	1.04630	1.04750	1.04447	1.04644	66836	0	13
2019.07.12	1.04647	1.04917	1.04596	1.04805	61629	0	13
2019.07.15	1.04873	1.04926	1.04459	1.04723	44481	0	13
2019.07.16	1.04722	1.04852	1.04429	1.04591	57698	0	13
2019.07.17	1.04592	1.04694	1.04062	1.04105	48439	0	13
2019.07.18	1.04106	1.04450	1.03993	1.04282	60324	0	13
2019.07.19	1.04280	1.04342	1.04002	1.04143	60313	0	13
2019.07.22	1.04056	1.04221	1.03849	1.04038	48237	0	13
2019.07.23	1.04043	1.04519	1.04015	1.04457	42603	0	13
2019.07.24	1.04460	1.04535	1.03940	1.04018	37370	0	13
2019.07.25	1.04018	1.04372	1.03968	1.04264	52255	0	13
2019.07.26	1.04269	1.04395	1.04092	1.04129	33701	0	13
2019.07.29	1.04066	1.04344	1.04026	1.04040	24557	0	13
2019.07.30	1.04039	1.04173	1.03867	1.03883	40474	0	13
2019.07.31	1.03882	1.04561	1.03855	1.04269	75039	0	13
2019.08.01	1.04302	1.04534	1.03618	1.03752	101556	0	13
2019.08.02	1.03659	1.04190	1.03599	1.03979	107050	0	13
2019.08.05	1.03969	1.04273	1.03410	1.03431	93837	0	13
2019.08.06	1.03556	1.03937	1.02614	1.03580	98838	0	13
2019.08.07	1.03570	1.04954	1.03366	1.04874	107038	0	13
2019.08.08	1.04796	1.05204	1.04589	1.04933	89593	0	13
2019.08.09	1.04910	1.05121	1.04724	1.04905	78741	0	13
2019.08.12	1.04829	1.05130	1.04528	1.04681	83515	0	13
2019.08.13	1.04674	1.05444	1.04600	1.05240	104449	0	13
2019.08.14	1.05232	1.05349	1.04751	1.04818	99445	0	13
2019.08.15	1.04798	1.05359	1.04757	1.05095	111953	0	13
2019.08.16	1.05020	1.05556	1.05018	1.05440	89809	0	13
2019.08.19	1.05387	1.05685	1.05226	1.05508	62059	0	13
2019.08.20	1.05489	1.05817	1.05406	1.05594	80161	0	13
2019.08.21	1.05597	1.06008	1.05590	1.05855	64040	0	13
2019.08.22	1.05855	1.06158	1.05769	1.06081	94820	0	13
2019.08.23	1.06075	1.06138	1.05468	1.05499	90956	0	13
2019.08.26	1.05465	1.06126	1.05306	1.05931	132308	0	13
2019.08.27	1.06036	1.06210	1.05885	1.06091	74369	0	12
2019.08.28	1.06090	1.06494	1.06039	1.06246	93458	0	12
2019.08.29	1.06231	1.06697	1.06161	1.06549	89388	0	12
2019.08.30	1.06548	1.06928	1.06542	1.06734	82892	0	12
2019.09.02	1.06605	1.06854	1.06376	1.06426	56469	0	12
2019.09.03	1.06422	1.07080	1.06364	1.06639	91560	0	12
2019.09.04	1.06631	1.07056	1.06614	1.06829	82033	0	12
2019.09.05	1.06823	1.07075	1.06637	1.06869	84255	0	12
2019.09.06	1.06874	1.07052	1.06317	1.06528	76461	0	12
2019.09.09	1.06519	1.06928	1.06311	1.06744	72418	0	13
2019.09.10	1.06734	1.06942	1.06436	1.06762	49605	0	12
2019.09.11	1.06779	1.07044	1.06757	1.06984	42902	0	12
2019.09.12	1.06987	1.07228	1.06755	1.07091	62392	0	12
2019.09.13	1.07118	1.07954	1.07075	1.07834	52932	0	12
2019.09.16	1.07799	1.08285	1.07585	1.08159	69570	0	12
2019.09.17	1.08173	1.08269	1.07873	1.07922	58924	0	12
2019.09.18	1.07914	1.08143	1.07825	1.08073	59454	0	12
2019.09.19	1.08019	1.08138	1.07472	1.07728	73085	0	12
2019.09.20	1.07693	1.08377	1.07648	1.08043	64589	0	12
2019.09.23	1.08037	1.08188	1.07551	1.07551	53708	0	12
2019.09.24	1.07589	1.07924	1.07394	1.07504	54046	0	12
2019.09.25	1.07528	1.07678	1.07015	1.07606	70826	0	12
2019.09.26	1.07598	1.07701	1.07056	1.07167	59867	0	12
2019.09.27	1.07106	1.07545	1.07106	1.07423	59771	0	12
2019.09.30	1.07401	1.07974	1.07391	1.07724	49393	0	12
2019.10.01	1.07728	1.08043	1.07261	1.07347	58558	0	12
2019.10.02	1.07319	1.07497	1.06898	1.06920	65192	0	12
2019.10.03	1.06897	1.07245	1.06749	1.06972	60614	0	12
2019.10.04	1.06899	1.07237	1.06743	1.07093	65346	0	13
2019.10.07	1.07099	1.07203	1.06841	1.07016	55642	0	12
2019.10.08	1.06942	1.07080	1.06644	1.06801	60702	0	12
2019.10.09	1.06803	1.06946	1.06660	1.06864	41983	0	12
2019.10.10	1.06859	1.07051	1.06685	1.06911	58123	0	12
2019.10.11	1.06911	1.07323	1.06828	1.07135	58051	0	12
2019.10.14	1.07113	1.07624	1.07083	1.07535	52189	0	12
2019.10.15	1.07502	1.07801	1.07232	1.07245	53563	0	12
2019.10.16	1.07216	1.07766	1.06819	1.07404	55450	0	12
2019.10.17	1.07502	1.07924	1.07284	1.07459	59543	0	12
2019.10.18	1.07461	1.07593	1.07158	1.07301	37668	0	13
2019.10.21	1.07160	1.07472	1.07153	1.07172	45352	0	12
2019.10.22	1.07111	1.07259	1.06813	1.06945	43787	0	12
2019.10.23	1.06984	1.07083	1.06639	1.06657	48041	0	13
2019.10.24	1.06665	1.06941	1.06592	1.06812	41312	0	13
2019.10.25	1.06768	1.07428	1.06701	1.07375	33881	0	13
2019.10.28	1.07360	1.07854	1.07286	1.07673	35838	0	12
2019.10.29	1.07673	1.08042	1.07430	1.07942	40073	0	12
2019.10.30	1.07942	1.08236	1.07669	1.07764	56589	0	12
2019.10.31	1.07764	1.07859	1.07351	1.07402	57633	0	12
2019.11.01	1.07402	1.07544	1.07136	1.07497	49075	0	12
2019.11.04	1.07424	1.07676	1.07069	1.07466	44789	0	12
2019.11.05	1.07465	1.08158	1.07439	1.08089	53556	0	12
2019.11.06	1.08080	1.08274	1.07967	1.08050	45117	0	12
2019.11.07	1.08045	1.08649	1.08003	1.08265	53207	0	12
2019.11.08	1.08290	1.08491	1.08028	1.08334	41662	0	12
2019.11.11	1.08325	1.08371	1.07572	1.07661	39999	0	12
2019.11.12	1.07651	1.08203	1.07542	1.08013	39048	0	12
2019.11.13	1.08014	1.08057	1.06503	1.06626	51489	0	12
2019.11.14	1.06625	1.06663	1.06050	1.06316	45382	0	12
2019.11.15	1.06315	1.06536	1.06239	1.06480	40279	0	12
2019.11.18	1.06306	1.06560	1.06286	1.06386	39171	0	12
2019.11.19	1.06387	1.06445	1.06105	1.06145	37149	0	12
2019.11.20	1.06141	1.06238	1.05920	1.05985	40360	0	12
2019.11.21	1.05984	1.06115	1.05789	1.05954	52080	0	12
2019.11.22	1.05953	1.06042	1.05718	1.05871	38386	0	13
2019.11.25	1.05853	1.05995	1.05389	1.05573	39503	0	12
2019.11.26	1.05624	1.05875	1.05519	1.05553	45710	0	13
2019.11.27	1.05552	1.05686	1.05387	1.05523	45174	0	12
2019.11.28	1.05530	1.05589	1.05222	1.05414	51475	0	12
2019.11.29	1.05414	1.05503	1.05128	1.05249	47281	0	12
2019.12.02	1.05195	1.05258	1.04721	1.04828	51153	0	12
2019.12.03	1.04823	1.05173	1.04786	1.04982	52673	0	12
2019.12.04	1.04982	1.05101	1.04681	1.04885	58688	0	12
2019.12.05	1.04867	1.04950	1.04240	1.04321	44542	0	12
2019.12.06	1.04401	1.04479	1.04028	1.04120	55660	0	12
2019.12.09	1.04142	1.04274	1.04046	1.04147	38075	0	12
2019.12.10	1.04149	1.04302	1.03956	1.03992	44333	0	12
2019.12.11	1.03975	1.04548	1.03874	1.04382	51654	0	12
2019.12.12	1.04353	1.04830	1.04315	1.04660	53436	0	12
2019.12.13	1.04660	1.04871	1.04171	1.04258	76097	0	12
2019.12.16	1.04200	1.04435	1.04109	1.04328	49716	0	12
2019.12.17	1.04328	1.04343	1.04004	1.04164	48999	0	12
2019.12.18	1.04161	1.04398	1.03625	1.03971	46686	0	13
2019.12.19	1.03971	1.04512	1.03952	1.04202	50951	0	12
2019.12.20	1.04202	1.04632	1.04117	1.04473	43875	0	13
2019.12.23	1.04458	1.04644	1.04231	1.04263	45582	0	13
2019.12.24	1.04264	1.04489	1.04135	1.04241	42745	0	12
2019.12.26	1.04188	1.04228	1.03991	1.04120	17678	0	13
2019.12.27	1.04125	1.04214	1.03996	1.04140	51540	0	13
2019.12.30	1.04027	1.04226	1.03908	1.03933	55045	0	12
2019.12.31	1.03933	1.04299	1.03908	1.04200	51730	0	13
2020.01.02	1.04205	1.04482	1.04109	1.04330	38699	0	13
2020.01.03	1.04330	1.04452	1.04142	1.04222	56792	0	12
2020.01.06	1.04219	1.04398	1.03920	1.03955	60882	0	14
2020.01.07	1.03933	1.04089	1.03371	1.03384	56959	0	12
2020.01.08	1.03384	1.03598	1.03147	1.03214	83188	0	13
2020.01.09	1.03240	1.03848	1.03175	1.03657	46003	0	13
2020.01.10	1.03657	1.04066	1.03572	1.03928	54684	0	14
2020.01.13	1.03860	1.04228	1.03817	1.04084	47172	0	13
2020.01.14	1.04087	1.04453	1.03986	1.04315	44393	0	13
2020.01.15	1.04313	1.04580	1.04115	1.04284	49419	0	13
2020.01.16	1.04284	1.04366	1.03824	1.03915	49100	0	13
2020.01.17	1.03861	1.04148	1.03720	1.03898	47624	0	13
2020.01.20	1.03824	1.04074	1.03821	1.03947	39513	0	13
2020.01.21	1.03944	1.04073	1.03681	1.03730	57830	0	13
2020.01.22	1.03730	1.03832	1.03633	1.03769	50056	0	13
2020.01.23	1.03775	1.04298	1.03320	1.03440	61493	0	13
2020.01.24	1.03446	1.03514	1.03176	1.03235	45834	0	12
2020.01.27	1.03332	1.03555	1.03068	1.03234	66612	0	12
2020.01.28	1.03271	1.03497	1.03198	1.03256	53344	0	14
2020.01.29	1.03250	1.03686	1.03102	1.03432	60373	0	13
2020.01.30	1.03428	1.03565	1.03291	1.03565	57717	0	13
2020.01.31	1.03530	1.03649	1.03369	1.03392	62508	0	13
2020.02.03	1.03237	1.03717	1.03232	1.03514	70713	0	13
2020.02.04	1.03507	1.04109	1.03474	1.03797	59414	0	12
2020.02.05	1.03797	1.04421	1.03644	1.04178	61094	0	13
2020.02.06	1.04182	1.04461	1.04094	1.04148	55282	0	13
2020.02.07	1.04148	1.04343	1.03928	1.04230	53333	0	13
2020.02.10	1.04059	1.04724	1.04033	1.04696	61302	0	13
2020.02.11	1.04697	1.05042	1.04634	1.04809	50942	0	12
2020.02.12	1.04814	1.04885	1.03961	1.04148	58563	0	12
2020.02.13	1.04111	1.04455	1.04030	1.04367	53779	0	12
2020.02.14	1.04367	1.04538	1.04251	1.04291	35837	0	12
2020.02.17	1.04214	1.04651	1.04181	1.04249	28826	0	14
2020.02.18	1.04239	1.04759	1.04134	1.04650	42178	0	12
2020.02.19	1.04649	1.04781	1.04520	1.04538	46203	0	13
2020.02.20	1.04535	1.04675	1.04280	1.04383	55971	0	12
2020.02.21	1.04387	1.04656	1.04238	1.04300	57803	0	14
2020.02.24	1.04255	1.04588	1.04085	1.04131	68997	0	13
2020.02.25	1.04131	1.04439	1.04078	1.04439	59069	0	13
2020.02.26	1.04439	1.04550	1.03984	1.03984	67848	0	12
2020.02.27	1.03993	1.04321	1.03846	1.04130	79592	0	12
2020.02.28	1.04130	1.04619	1.03876	1.04088	113569	0	12
2020.03.02	1.04303	1.04838	1.04166	1.04432	81729	0	3
2020.03.03	1.04417	1.05064	1.04073	1.04904	76593	0	1
2020.03.04	1.04902	1.05309	1.04664	1.05189	56612	0	10
2020.03.05	1.05122	1.05283	1.04631	1.04939	47938	0	8
2020.03.06	1.04882	1.04981	1.04195	1.04484	72484	0	9
2020.03.09	1.04352	1.05104	1.03603	1.03941	160441	0	12
2020.03.10	1.03943	1.04277	1.03272	1.03525	138536	0	40
2020.03.11	1.03525	1.03739	1.03016	1.03400	86116	0	12
2020.03.12	1.03400	1.03533	1.02032	1.02616	115558	0	13
2020.03.13	1.02594	1.02827	1.01531	1.01691	120962	0	13
2020.03.16	1.02195	1.02616	1.00182	1.00902	119332	0	13
2020.03.17	1.00913	1.01251	1.00305	1.00750	110233	0	13
2020.03.18	1.00743	1.01510	0.99934	1.00736	128870	0	13
2020.03.19	1.00736	1.01855	1.00204	1.00849	171106	0	7
2020.03.20	1.00735	1.02191	1.00701	1.01648	137410	0	12
2020.03.23	1.02161	1.02435	1.01358	1.01852	171961	0	12
2020.03.24	1.01852	1.02671	1.01772	1.02129	140009	0	12
2020.03.25	1.02165	1.02993	1.01634	1.01706	122687	0	14
2020.03.26	1.01705	1.02194	1.01184	1.01531	129851	0	12
2020.03.27	1.01531	1.02480	1.01482	1.01976	129153	0	19
2020.03.30	1.01866	1.02767	1.01582	1.02543	118096	0	13
2020.03.31	1.02477	1.03337	1.01798	1.02876	117955	0	13
2020.04.01	1.02842	1.03459	1.02477	1.02644	89683	0	12
2020.04.02	1.02644	1.02710	1.02048	1.02371	83121	0	15
2020.04.03	1.02371	1.02734	1.02137	1.02260	75768	0	13
2020.04.06	1.02190	1.02702	1.02050	1.02583	72696	0	13
2020.04.07	1.02583	1.03499	1.02257	1.03183	76608	0	12
2020.04.08	1.03178	1.03708	1.02857	1.03682	63296	0	12
2020.04.09	1.03682	1.04384	1.03325	1.04162	59153	0	12
2020.04.10	1.04162	1.04557	1.03967	1.04140	20669	0	12
2020.04.13	1.04261	1.04879	1.04055	1.04806	40898	0	13
2020.04.14	1.04806	1.05656	1.04556	1.05481	48685	0	13
2020.04.15	1.05477	1.05702	1.05118	1.05320	52865	0	12
2020.04.16	1.05441	1.06095	1.05133	1.05989	61613	0	13
2020.04.17	1.06028	1.06222	1.05284	1.05414	63726	0	13
2020.04.20	1.05113	1.05545	1.04872	1.04914	55503	0	12
2020.04.21	1.04902	1.05502	1.04698	1.05245	63787	0	14
2020.04.22	1.05245	1.06249	1.05091	1.06165	52313	0	13
2020.04.23	1.06186	1.06401	1.05844	1.06001	61861	0	12
2020.04.24	1.06006	1.06323	1.05842	1.06222	41281	0	5
2020.04.27	1.05958	1.06886	1.05919	1.06866	38725	0	12
2020.04.28	1.06857	1.07503	1.06745	1.07117	38993	0	12
2020.04.29	1.07127	1.07225	1.06711	1.06855	38318	0	13
2020.04.30	1.06871	1.06933	1.06018	1.06215	47604	0	12
2020.05.01	1.06215	1.06330	1.05814	1.05859	40006	0	12
2020.05.04	1.05790	1.06429	1.05711	1.06153	50260	0	14
2020.05.05	1.06126	1.06568	1.06010	1.06203	41041	0	14
2020.05.06	1.06212	1.06635	1.06008	1.06451	43668	0	13
2020.05.07	1.06451	1.06960	1.06309	1.06665	42920	0	12
2020.05.08	1.06665	1.06865	1.06314	1.06349	38358	0	15
2020.05.11	1.06201	1.06853	1.06111	1.06794	49476	0	13
2020.05.12	1.06778	1.06796	1.06153	1.06428	41547	0	12
2020.05.13	1.06428	1.07791	1.06133	1.07709	40966	0	12
2020.05.14	1.07709	1.07758	1.07411	1.07607	35516	0	12
2020.05.15	1.07607	1.08234	1.07404	1.08064	32928	0	12
2020.05.18	1.08060	1.08297	1.07757	1.07949	33580	0	12
2020.05.19	1.07949	1.08280	1.07393	1.07558	31258	0	12
2020.05.20	1.07548	1.07662	1.07132	1.07310	28702	0	13
2020.05.21	1.07310	1.07494	1.07016	1.07305	44793	0	13
2020.05.22	1.07305	1.07327	1.06669	1.07217	37994	0	13
2020.05.25	1.07070	1.07347	1.07055	1.07189	26615	0	13
2020.05.26	1.07189	1.07386	1.06921	1.07277	42842	0	13
2020.05.27	1.07258	1.07383	1.06695	1.07094	55417	0	13
2020.05.28	1.07094	1.07135	1.06591	1.06821	45689	0	13
2020.05.29	1.06821	1.07518	1.06650	1.07364	61924	0	13
2020.06.01	1.07419	1.08146	1.07350	1.07961	53615	0	13
2020.06.02	1.07978	1.08793	1.07851	1.08214	61318	0	13
2020.06.03	1.08214	1.08587	1.07557	1.07713	60134	0	13
2020.06.04	1.07713	1.07891	1.07328	1.07407	57739	0	13
2020.06.05	1.07411	1.07694	1.06967	1.07055	58387	0	13
2020.06.08	1.06994	1.07174	1.06794	1.06990	48453	0	13
2020.06.09	1.06990	1.07039	1.06361	1.06829	52902	0	13
2020.06.10	1.06795	1.07271	1.06650	1.07030	60908	0	13
2020.06.11	1.07030	1.07094	1.06339	1.06535	75216	0	13
2020.06.12	1.06535	1.06803	1.06287	1.06465	77270	0	13
2020.06.15	1.06191	1.06897	1.05809	1.06841	69247	0	13
2020.06.16	1.06841	1.07276	1.06547	1.06768	78106	0	12
2020.06.17	1.06731	1.06937	1.06482	1.06558	59355	0	12
2020.06.18	1.06558	1.06848	1.06307	1.06546	56496	0	13
2020.06.19	1.06546	1.07061	1.06463	1.06623	52432	0	14
2020.06.22	1.06631	1.06829	1.06291	1.06554	39654	0	14
2020.06.23	1.06554	1.06943	1.06508	1.06727	51276	0	12
2020.06.24	1.06725	1.07553	1.06642	1.07158	52727	0	5
2020.06.25	1.07148	1.07258	1.06736	1.07084	51421	0	5
2020.06.26	1.07086	1.07157	1.06711	1.06797	29519	0	14
2020.06.29	1.06730	1.07021	1.06705	1.06862	36536	0	15
2020.06.30	1.06862	1.07166	1.06790	1.06925	49563	0	13
2020.07.01	1.06931	1.07034	1.06622	1.06736	48860	0	14
2020.07.02	1.06737	1.06787	1.06052	1.06302	44338	0	17
2020.07.03	1.06334	1.06632	1.06109	1.06221	31863	0	15
2020.07.06	1.06164	1.06611	1.06088	1.06328	37966	0	15
2020.07.07	1.06374	1.06453	1.06028	1.06098	44392	0	21
2020.07.08	1.06073	1.06225	1.05877	1.06150	43672	0	16
2020.07.09	1.06155	1.06272	1.05886	1.05980	47312	0	19
2020.07.10	1.05985	1.05993	1.05647	1.05680	42821	0	14
2020.07.13	1.05734	1.06224	1.05603	1.06100	48465	0	13
2020.07.14	1.06100	1.06831	1.06003	1.06779	55761	0	15
2020.07.15	1.06767	1.06910	1.06502	1.06623	47006	0	19
2020.07.16	1.06622	1.06773	1.06481	1.06666	42662	0	15
2020.07.17	1.06616	1.06788	1.06544	1.06674	29661	0	13
2020.07.20	1.06556	1.06756	1.06464	1.06676	28117	0	13
2020.07.21	1.06636	1.07532	1.06570	1.07289	43866	0	14
2020.07.22	1.07290	1.07460	1.07076	1.07153	43571	0	0
2020.07.23	1.07150	1.07295	1.06885	1.06964	49911	0	5
2020.07.24	1.06961	1.07125	1.06718	1.06929	45850	0	13
2020.07.27	1.06792	1.07016	1.06705	1.06923	45463	0	14
2020.07.28	1.06921	1.07576	1.06852	1.07414	47298	0	10
2020.07.29	1.07414	1.07923	1.07172	1.07747	43893	0	13
2020.07.30	1.07708	1.07998	1.07346	1.07374	45512	0	12
2020.07.31	1.07373	1.07827	1.07284	1.07711	57127	0	8
2020.08.03	1.07398	1.07850	1.07165	1.07712	46839	0	11
2020.08.04	1.07705	1.08272	1.07491	1.08098	45790	0	15
2020.08.05	1.08097	1.08602	1.07769	1.08169	45393	0	13
2020.08.06	1.08131	1.08513	1.08020	1.08178	51030	0	14
2020.08.07	1.08137	1.08531	1.07974	1.08423	50055	0	14
2020.08.10	1.08211	1.08729	1.08160	1.08444	33775	0	13
2020.08.11	1.08437	1.08951	1.08326	1.08590	49083	0	13
2020.08.12	1.08590	1.09195	1.08323	1.08850	48894	0	15
2020.08.13	1.08876	1.09205	1.08737	1.09162	42040	0	5
2020.08.14	1.09148	1.09619	1.09066	1.09574	23151	0	9
2020.08.17	1.09412	1.10268	1.09340	1.09970	31520	0	14
2020.08.18	1.09912	1.10425	1.09588	1.09695	43392	0	16
2020.08.19	1.09702	1.09791	1.09287	1.09459	46168	0	14
2020.08.20	1.09451	1.10321	1.09323	1.10019	49287	0	13
2020.08.21	1.10003	1.10309	1.09369	1.09380	45709	0	15
2020.08.24	1.09374	1.10013	1.09374	1.09706	36962	0	16
2020.08.25	1.09696	1.09994	1.09588	1.09854	36054	0	13
2020.08.26	1.09854	1.09958	1.09201	1.09236	38843	0	13
2020.08.27	1.09275	1.09422	1.08972	1.09313	51114	0	12
2020.08.28	1.09310	1.09568	1.09024	1.09256	48071	0	13
2020.08.31	1.09279	1.09536	1.09087	1.09521	44530	0	14
2020.09.01	1.09521	1.09584	1.08869	1.09065	56524	0	13
2020.09.02	1.09058	1.09120	1.08185	1.08364	47688	0	13
2020.09.03	1.08359	1.08580	1.08137	1.08337	49537	0	13
2020.09.04	1.08338	1.08550	1.08229	1.08350	48279	0	12
2020.09.07	1.08440	1.08770	1.08316	1.08697	29481	0	16
2020.09.08	1.08699	1.09184	1.08609	1.08951	47518	0	13
2020.09.09	1.08951	1.09125	1.08793	1.08927	42317	0	14
2020.09.10	1.08892	1.09346	1.08746	1.09099	47217	0	15
2020.09.11	1.09079	1.09297	1.09036	1.09187	39458	0	14
2020.09.14	1.09166	1.09239	1.08565	1.08745	31699	0	16
2020.09.15	1.08742	1.09098	1.08585	1.08733	24940	0	13
2020.09.16	1.08730	1.08812	1.08316	1.08489	28003	0	15
2020.09.17	1.08472	1.08858	1.08171	1.08214	32831	0	12
2020.09.18	1.08213	1.08310	1.07651	1.07814	30524	0	12
2020.09.21	1.07873	1.08366	1.07802	1.08312	34358	0	14
2020.09.22	1.08311	1.08492	1.07943	1.08050	33406	0	12
2020.09.23	1.08050	1.08206	1.07470	1.07900	36973	0	7
2020.09.24	1.07939	1.08042	1.07530	1.07555	41493	0	14
2020.09.25	1.07647	1.07768	1.07162	1.07354	31296	0	13
2020.09.28	1.07336	1.07933	1.07255	1.07834	28384	0	13
2020.09.29	1.07829	1.08213	1.07779	1.08153	31730	0	14
2020.09.30	1.08159	1.08490	1.07862	1.08176	49411	0	13
2020.10.01	1.08193	1.08466	1.07963	1.07963	38914	0	19
2020.10.02	1.07963	1.08052	1.07694	1.07888	46050	0	16
2020.10.05	1.07765	1.08204	1.07704	1.08063	37593	0	13
2020.10.06	1.08065	1.08291	1.07586	1.07726	51124	0	13
2020.10.07	1.07735	1.08624	1.07635	1.08454	39706	0	14
2020.10.08	1.08413	1.08940	1.08394	1.08883	31742	0	13
2020.10.09	1.08883	1.08925	1.08472	1.08486	34718	0	15
2020.10.12	1.08559	1.08604	1.08262	1.08414	32561	0	11
2020.10.13	1.08407	1.08504	1.07609	1.07690	40849	0	13
2020.10.14	1.07685	1.07876	1.07469	1.07574	39793	0	13
2020.10.15	1.07574	1.07618	1.07011	1.07501	50235	0	11
2020.10.16	1.07501	1.07522	1.07083	1.07105	38080	0	14
2020.10.19	1.07088	1.07296	1.06809	1.06995	35858	0	13
2020.10.20	1.06912	1.07247	1.06875	1.07052	40136	0	15
2020.10.21	1.07048	1.07207	1.06745	1.06922	43232	0	12
2020.10.22	1.06925	1.07025	1.06436	1.06589	37651	0	13
2020.10.23	1.06585	1.06883	1.06517	1.06658	35876	0	14
2020.10.26	1.06674	1.06717	1.06364	1.06623	43102	0	13
2020.10.27	1.06623	1.06684	1.06057	1.06160	36153	0	10
2020.10.28	1.06160	1.06586	1.06018	1.06054	52324	0	13
2020.10.29	1.06054	1.06312	1.05898	1.05987	52323	0	14
2020.10.30	1.05987	1.06336	1.05945	1.06247	53229	0	13
2020.11.02	1.06194	1.06411	1.06009	1.06345	44770	0	13
2020.11.03	1.06350	1.06975	1.06032	1.06909	37230	0	12
2020.11.04	1.06925	1.07371	1.06505	1.07133	80021	0	10
2020.11.05	1.07139	1.07579	1.06879	1.07513	61618	0	10
2020.11.06	1.07506	1.07587	1.06938	1.07166	55720	0	14
2020.11.09	1.07071	1.07292	1.06624	1.06665	69396	0	16
2020.11.10	1.06676	1.06755	1.06407	1.06582	61882	0	11
2020.11.11	1.06541	1.06846	1.05701	1.05761	43830	0	8
2020.11.12	1.05763	1.05874	1.05460	1.05681	45944	0	16
2020.11.13	1.05685	1.06299	1.05563	1.06137	36891	0	16
2020.11.16	1.05928	1.06255	1.05869	1.06011	47326	0	15
2020.11.17	1.05965	1.06271	1.05886	1.05908	42674	0	6
2020.11.18	1.05909	1.05920	1.05403	1.05423	44995	0	9
2020.11.19	1.05395	1.05675	1.05229	1.05314	50163	0	6
2020.11.20	1.05313	1.05380	1.05104	1.05355	46590	0	16
2020.11.23	1.05346	1.05457	1.05135	1.05202	43179	0	12
2020.11.24	1.05192	1.05536	1.04713	1.05455	48485	0	16
2020.11.25	1.05418	1.05620	1.04888	1.05086	42661	0	11
2020.11.26	1.05073	1.05239	1.04928	1.05042	26467	0	8
2020.11.27	1.04993	1.05192	1.04909	1.05084	33245	0	16
2020.11.30	1.04963	1.05206	1.04596	1.04678	44651	0	16
2020.12.01	1.04636	1.04834	1.04168	1.04298	41290	0	11
2020.12.02	1.04366	1.04977	1.04230	1.04895	42394	0	16
2020.12.03	1.04846	1.05219	1.04747	1.05128	41121	0	11
2020.12.04	1.05117	1.05681	1.05062	1.05496	44904	0	16
2020.12.07	1.05417	1.05585	1.05155	1.05323	42070	0	16
2020.12.08	1.05311	1.05617	1.05122	1.05201	41937	0	8
2020.12.09	1.05201	1.06013	1.05128	1.06013	45260	0	16
2020.12.10	1.05958	1.06414	1.05686	1.06125	48856	0	16
2020.12.11	1.06107	1.06556	1.06053	1.06292	42502	0	14
2020.12.14	1.06216	1.06549	1.06210	1.06332	40003	0	16
2020.12.15	1.06325	1.06682	1.06140	1.06545	37404	0	16
2020.12.16	1.06611	1.06903	1.06271	1.06488	40102	0	2
2020.12.17	1.06488	1.06681	1.06249	1.06559	34639	0	16
2020.12.18	1.06559	1.06931	1.06398	1.06730	39466	0	11
2020.12.21	1.06508	1.07017	1.06508	1.06744	63920	0	16
2020.12.22	1.06755	1.07138	1.06441	1.06804	49140	0	16
2020.12.23	1.06780	1.07113	1.06684	1.06728	43066	0	16
2020.12.24	1.06692	1.07095	1.06605	1.06730	29120	0	16
2020.12.28	1.06639	1.06979	1.06619	1.06703	33148	0	8
2020.12.29	1.06687	1.06786	1.06277	1.06410	36767	0	11
2020.12.30	1.06410	1.06742	1.06297	1.06637	36778	0	16
2020.12.31	1.06642	1.07196	1.06485	1.07114	31290	0	16
2021.01.04	1.07012	1.07204	1.06690	1.06775	53820	0	16
2021.01.05	1.06745	1.07182	1.06695	1.07006	58490	0	16
2021.01.06	1.06914	1.07059	1.06789	1.06962	71532	0	16
2021.01.07	1.06972	1.07057	1.06716	1.07056	56225	0	16
2021.01.08	1.07047	1.07333	1.06834	1.07252	69310	0	16
2021.01.11	1.07011	1.07457	1.06986	1.07427	54432	0	3
2021.01.12	1.07427	1.07756	1.07324	1.07589	55979	0	16
2021.01.13	1.07597	1.07826	1.07354	1.07673	47236	0	10
2021.01.14	1.07683	1.07947	1.07592	1.07678	47264	0	16
2021.01.15	1.07713	1.08033	1.07630	1.08015	53191	0	10
2021.01.18	1.07838	1.08084	1.07837	1.07966	36487	0	16
2021.01.19	1.08008	1.08417	1.07806	1.08040	46329	0	16
2021.01.20	1.08052	1.08387	1.07944	1.07954	45179	0	16
2021.01.21	1.07945	1.08047	1.07494	1.07501	38018	0	16
2021.01.22	1.07568	1.07680	1.07338	1.07418	42941	0	16
2021.01.25	1.07437	1.07509	1.06888	1.07061	49002	0	15
2021.01.26	1.06990	1.07216	1.06808	1.07000	43312	0	16
2021.01.27	1.06971	1.07148	1.06810	1.06955	68099	0	10
2021.01.28	1.06958	1.07122	1.06714	1.07044	70295	0	14
2021.01.29	1.07059	1.07066	1.06324	1.06389	74413	0	16
2021.02.01	1.06338	1.06618	1.06209	1.06443	60918	0	16
2021.02.02	1.06453	1.06764	1.05716	1.05742	54366	0	16
2021.02.03	1.05740	1.05951	1.05398	1.05660	48385	0	15
2021.02.04	1.05659	1.06202	1.05611	1.06179	46056	0	16
2021.02.05	1.06178	1.06601	1.06054	1.06575	45413	0	16
2021.02.08	1.06561	1.06723	1.06450	1.06629	39720	0	16
2021.02.09	1.06628	1.06897	1.06519	1.06834	41745	0	16
2021.02.10	1.06829	1.07268	1.06762	1.06999	46931	0	16
2021.02.11	1.07001	1.07298	1.06800	1.07192	52925	0	12
2021.02.12	1.07181	1.07587	1.07086	1.07475	56837	0	15
2021.02.15	1.07547	1.07686	1.07382	1.07588	46935	0	15
2021.02.16	1.07625	1.07666	1.07188	1.07520	85295	0	15
2021.02.17	1.07519	1.07943	1.07428	1.07734	91100	0	15
2021.02.18	1.07731	1.07954	1.07520	1.07520	91590	0	15
2021.02.19	1.07519	1.07933	1.07492	1.07826	81627	0	15
2021.02.22	1.07843	1.08158	1.07639	1.07990	87991	0	15
2021.02.23	1.07979	1.08270	1.07716	1.07739	89581	0	15
2021.02.24	1.07731	1.08202	1.06867	1.07077	109051	0	15
2021.02.25	1.07077	1.07403	1.06702	1.06712	140585	0	15
2021.02.26	1.06726	1.07163	1.06391	1.06485	163637	0	15
2021.03.01	1.06419	1.07023	1.06324	1.06907	108612	0	15
2021.03.02	1.06912	1.07843	1.06678	1.07217	89402	0	15
2021.03.03	1.07200	1.07555	1.07155	1.07248	68946	0	15
2021.03.04	1.07235	1.07532	1.07083	1.07368	94510	0	15
2021.03.05	1.07345	1.07667	1.07194	1.07223	88586	0	15
2021.03.08	1.07161	1.07645	1.07144	1.07347	114769	0	15
2021.03.09	1.07016	1.07704	1.07016	1.07556	96446	0	15
2021.03.10	1.07556	1.07719	1.07372	1.07472	88274	0	15
2021.03.11	1.07474	1.07839	1.07386	1.07730	74143	0	6
2021.03.12	1.07723	1.08179	1.07677	1.08075	80146	0	7
2021.03.15	1.07957	1.08055	1.07419	1.07669	64404	0	15
2021.03.16	1.07663	1.07780	1.07473	1.07663	58686	0	15
2021.03.17	1.07660	1.07840	1.07477	1.07838	66066	0	15
2021.03.18	1.07838	1.08403	1.07654	1.08196	88189	0	7
2021.03.19	1.08198	1.08287	1.07901	1.08085	74021	0	15
2021.03.22	1.07930	1.08254	1.07816	1.08168	43097	0	15
2021.03.23	1.08150	1.09369	1.08150	1.08898	51729	0	15
2021.03.24	1.08899	1.09304	1.08620	1.08821	49090	0	15
2021.03.25	1.08822	1.09078	1.08798	1.08955	48608	0	15
2021.03.26	1.08959	1.09296	1.08906	1.09142	40265	0	15
2021.03.29	1.08964	1.09461	1.08900	1.09009	43956	0	15
2021.03.30	1.09008	1.09101	1.08676	1.08726	43085	0	15
2021.03.31	1.08726	1.09017	1.08632	1.08729	42647	0	15
2021.04.01	1.08758	1.08833	1.08355	1.08429	41890	0	15
2021.04.02	1.08429	1.08526	1.08053	1.08228	17865	0	15
2021.04.05	1.08049	1.08441	1.08049	1.08303	28160	0	15
2021.04.06	1.08336	1.08750	1.08223	1.08548	39609	0	15
2021.04.07	1.08549	1.08654	1.08355	1.08498	42858	0	15
2021.04.08	1.08458	1.08648	1.08266	1.08377	38851	0	15
2021.04.09	1.08421	1.08477	1.08180	1.08284	40010	0	15
2021.04.12	1.08156	1.08453	1.08136	1.08333	40274	0	15
2021.04.13	1.08326	1.08540	1.08162	1.08289	41656	0	15
2021.04.14	1.08310	1.08408	1.07956	1.08098	40875	0	15
2021.04.15	1.08133	1.08244	1.07838	1.08079	37700	0	15
2021.04.16	1.08079	1.08414	1.07961	1.08229	33325	0	15
2021.04.19	1.08303	1.08346	1.07964	1.07999	35153	0	15
2021.04.20	1.07999	1.08230	1.07478	1.07654	38635	0	15
2021.04.21	1.07644	1.07796	1.07391	1.07493	37478	0	15
2021.04.22	1.07506	1.07899	1.07425	1.07539	42672	0	22
2021.04.23	1.07455	1.07822	1.07390	1.07638	32707	0	20
2021.04.26	1.07498	1.08001	1.07488	1.07718	35029	0	16
2021.04.27	1.07732	1.07921	1.07558	1.07688	32064	0	19
2021.04.28	1.07696	1.07874	1.07112	1.07247	41180	0	16
2021.04.29	1.07307	1.07413	1.07096	1.07158	39863	0	22
2021.04.30	1.07159	1.07715	1.06923	1.07697	39720	0	13
2021.05.03	1.07571	1.07879	1.07490	1.07750	33802	0	21
2021.05.04	1.07757	1.08199	1.07534	1.07809	48289	0	18
2021.05.05	1.07809	1.07887	1.07316	1.07338	37618	0	26
2021.05.06	1.07338	1.07652	1.07161	1.07531	43855	0	15
2021.05.07	1.07532	1.07893	1.07398	1.07678	38839	0	31
2021.05.10	1.07647	1.08120	1.07608	1.07738	36722	0	23
2021.05.11	1.07738	1.07939	1.07366	1.07810	46643	0	23
2021.05.12	1.07814	1.08031	1.07611	1.07861	49413	0	24
2021.05.13	1.07879	1.08004	1.07446	1.07506	42615	0	34
2021.05.14	1.07506	1.07700	1.07191	1.07257	31559	0	15
2021.05.17	1.07176	1.07775	1.07166	1.07665	38312	0	14
2021.05.18	1.07665	1.07731	1.07365	1.07572	34223	0	19
2021.05.19	1.07447	1.07903	1.07292	1.07709	55012	0	22
2021.05.20	1.07692	1.07987	1.07605	1.07891	40065	0	34
2021.05.21	1.07892	1.08065	1.07702	1.07893	38803	0	11
2021.05.24	1.07509	1.07887	1.07353	1.07400	32662	0	17
2021.05.25	1.07400	1.07484	1.07122	1.07256	38382	0	17
2021.05.26	1.07183	1.07312	1.06134	1.06288	39212	0	21
2021.05.27	1.06287	1.06379	1.05985	1.06132	35926	0	18
2021.05.28	1.06173	1.06547	1.06009	1.06309	37538	0	15
2021.05.31	1.05981	1.06583	1.05981	1.06189	29844	0	23
2021.06.01	1.06094	1.07012	1.06087	1.06788	42051	0	16
2021.06.02	1.06848	1.07164	1.06589	1.07117	37515	0	16
2021.06.03	1.07109	1.07323	1.06951	1.07095	41341	0	21
2021.06.04	1.07059	1.07560	1.06911	1.07354	38230	0	21
2021.06.07	1.07067	1.07468	1.07058	1.07293	30473	0	16
2021.06.08	1.07198	1.07574	1.06962	1.07506	32972	0	14
2021.06.09	1.07501	1.07769	1.07351	1.07617	30139	0	12
2021.06.10	1.07617	1.07791	1.07524	1.07688	39700	0	18
2021.06.11	1.07698	1.08101	1.07497	1.08040	33477	0	12
2021.06.14	1.07887	1.08066	1.07805	1.07959	30772	0	20
2021.06.15	1.07939	1.08018	1.07688	1.07899	39451	0	20
2021.06.16	1.07891	1.08028	1.07658	1.07881	44601	0	33
2021.06.17	1.07881	1.08016	1.07423	1.07734	64129	0	34
2021.06.18	1.07734	1.08081	1.07617	1.07874	46800	0	15
2021.06.21	1.07682	1.07985	1.07645	1.07845	63836	0	34
2021.06.22	1.07842	1.07872	1.07424	1.07529	49090	0	17
2021.06.23	1.07544	1.07760	1.07391	1.07477	46685	0	10
2021.06.24	1.07482	1.07562	1.07243	1.07356	42134	0	13
2021.06.25	1.07323	1.07466	1.07220	1.07373	38182	0	25
2021.06.28	1.07080	1.07490	1.06965	1.07452	36273	0	14
2021.06.29	1.07439	1.07642	1.07271	1.07389	40253	0	17
2021.06.30	1.07458	1.07589	1.07257	1.07268	43001	0	14
2021.07.01	1.07268	1.07339	1.06996	1.07138	41241	0	15
2021.07.02	1.07138	1.07258	1.06940	1.07007	39499	0	20
2021.07.05	1.06818	1.07269	1.06811	1.07029	34918	0	31
2021.07.06	1.06971	1.07220	1.06614	1.06863	52534	0	16
2021.07.07	1.06861	1.06914	1.06599	1.06609	47352	0	19
2021.07.08	1.06572	1.07045	1.06324	1.06934	63828	0	16
2021.07.09	1.06934	1.07143	1.06561	1.06969	48127	0	19
2021.07.12	1.06810	1.07227	1.06777	1.07068	38082	0	17
2021.07.13	1.07068	1.07383	1.06931	1.07148	43532	0	33
2021.07.14	1.07135	1.07216	1.06162	1.06273	52432	0	17
2021.07.15	1.06277	1.06586	1.06166	1.06242	53427	0	12
2021.07.16	1.06240	1.06338	1.05545	1.05596	48439	0	15
2021.07.19	1.05565	1.05870	1.05509	1.05714	69547	0	18
2021.07.20	1.05714	1.06126	1.05589	1.05945	53185	0	20
2021.07.21	1.05909	1.06016	1.05437	1.05529	47272	0	26
2021.07.22	1.05529	1.05980	1.05418	1.05778	49675	0	20
2021.07.23	1.05778	1.06053	1.05427	1.05485	40951	0	16
2021.07.26	1.05417	1.05647	1.05382	1.05408	47713	0	12
2021.07.27	1.05408	1.05967	1.05314	1.05789	54395	0	22
2021.07.28	1.05786	1.06061	1.05632	1.05962	62137	0	34
2021.07.29	1.05962	1.06020	1.05436	1.05449	43008	0	20
2021.07.30	1.05450	1.05571	1.05163	1.05288	46158	0	17
2021.08.02	1.05070	1.05631	1.05070	1.05573	52724	0	25
2021.08.03	1.05567	1.05647	1.05240	1.05367	57220	0	19
2021.08.04	1.05364	1.05364	1.04655	1.04729	53106	0	34
2021.08.05	1.04728	1.04936	1.04488	1.04888	48599	0	15
2021.08.06	1.04888	1.05026	1.04705	1.04849	46088	0	19
2021.08.09	1.04754	1.05006	1.04693	1.04789	43255	0	26
2021.08.10	1.04788	1.05096	1.04709	1.04769	40351	0	19
2021.08.11	1.04769	1.04858	1.04546	1.04678	43815	0	18
2021.08.12	1.04624	1.04861	1.04523	1.04709	39404	0	19
2021.08.13	1.04650	1.04879	1.04552	1.04669	36018	0	13
2021.08.16	1.04582	1.04669	1.04218	1.04452	40811	0	19
2021.08.17	1.04431	1.05392	1.04171	1.04789	59137	0	17
2021.08.18	1.04789	1.05390	1.04492	1.05126	55300	0	12
2021.08.19	1.05104	1.05351	1.04578	1.04647	64622	0	29
2021.08.20	1.04647	1.04813	1.04282	1.04409	49294	0	32
2021.08.23	1.04317	1.04702	1.04183	1.04571	47624	0	16
2021.08.24	1.04571	1.04702	1.04081	1.04388	47317	0	7
2021.08.25	1.04352	1.04580	1.04172	1.04326	52385	0	33
2021.08.26	1.04254	1.04418	1.04103	1.04136	56433	0	33
2021.08.27	1.04057	1.04419	1.04031	1.04230	53941	0	33
2021.08.30	1.04247	1.04379	1.04112	1.04232	40978	0	33
2021.08.31	1.04178	1.04221	1.03460	1.03736	61738	0	33
2021.09.01	1.03762	1.04336	1.03663	1.04179	38230	0	33
2021.09.02	1.04122	1.04342	1.03967	1.04020	30794	0	33
2021.09.03	1.03952	1.04433	1.03909	1.04151	35900	0	33
2021.09.06	1.04003	1.04276	1.03982	1.04239	38153	0	33
2021.09.07	1.04168	1.04520	1.03799	1.04032	40568	0	33
2021.09.08	1.03918	1.04082	1.03702	1.03745	42412	0	33
2021.09.09	1.03563	1.03791	1.03532	1.03605	51382	0	33
2021.09.10	1.03594	1.03804	1.03304	1.03364	46347	0	33
2021.09.13	1.03203	1.03649	1.03203	1.03492	48095	0	33
2021.09.14	1.03420	1.03601	1.02951	1.03137	45580	0	33
2021.09.15	1.03071	1.03249	1.03000	1.03139	37226	0	33
2021.09.16	1.03040	1.03140	1.02762	1.03070	39072	0	33
2021.09.17	1.03033	1.03461	1.02939	1.03229	42360	0	33
2021.09.20	1.03176	1.03331	1.02880	1.03125	51881	0	33
2021.09.21	1.03082	1.03568	1.02911	1.03181	51938	0	33
2021.09.22	1.03099	1.03492	1.03004	1.03376	51356	0	33
2021.09.23	1.03376	1.03523	1.02992	1.03196	44954	0	33
2021.09.24	1.03117	1.03551	1.03057	1.03506	42406	0	33
2021.09.27	1.03314	1.03916	1.03271	1.03851	43518	0	33
2021.09.28	1.03851	1.04302	1.03721	1.03959	57297	0	33
2021.09.29	1.03978	1.04639	1.03871	1.04459	52964	0	33
2021.09.30	1.04459	1.04854	1.04345	1.04706	47131	0	33
2021.10.01	1.04706	1.04903	1.04487	1.04638	54520	0	33
2021.10.04	1.04589	1.04848	1.04362	1.04609	55881	0	33
2021.10.05	1.04609	1.04758	1.04326	1.04696	46339	0	33
2021.10.06	1.04621	1.05198	1.04400	1.05136	57024	0	33
2021.10.07	1.05075	1.05506	1.05040	1.05501	45326	0	33
2021.10.08	1.05487	1.05553	1.05247	1.05450	48610	0	33
2021.10.11	1.05539	1.05924	1.05336	1.05870	44005	0	33
2021.10.12	1.05803	1.06103	1.05712	1.06026	49771	0	33
2021.10.13	1.06026	1.06035	1.05633	1.05893	48750	0	33
2021.10.14	1.05883	1.05965	1.05319	1.05344	39036	0	33
2021.10.15	1.05344	1.05454	1.04826	1.04847	41787	0	33
2021.10.18	1.04809	1.04927	1.04476	1.04569	45498	0	33
2021.10.19	1.04532	1.04676	1.04230	1.04452	44462	0	33
2021.10.20	1.04444	1.04562	1.04229	1.04337	43788	0	33
2021.10.21	1.04337	1.04630	1.04169	1.04308	45966	0	33
2021.10.22	1.04308	1.04954	1.04150	1.04421	48049	0	7
2021.10.25	1.04269	1.04912	1.04269	1.04517	39969	0	6
2021.10.26	1.04472	1.04839	1.04429	1.04714	40557	0	7
2021.10.27	1.04714	1.05174	1.04531	1.04813	45604	0	7
2021.10.28	1.04813	1.04865	1.04548	1.04744	50828	0	7
2021.10.29	1.04712	1.05276	1.04610	1.04927	51458	0	7
2021.11.01	1.04869	1.04934	1.04431	1.04637	40278	0	7
2021.11.02	1.04598	1.04841	1.04044	1.04276	43721	0	7
2021.11.03	1.04241	1.04474	1.03882	1.04050	45062	0	7
2021.11.04	1.04032	1.04232	1.03937	1.04128	45643	0	7
2021.11.05	1.04102	1.04332	1.03862	1.03944	42342	0	7
2021.11.08	1.03862	1.04171	1.03343	1.03551	36637	0	6
2021.11.09	1.03510	1.03795	1.03297	1.03460	40943	0	7
2021.11.10	1.03467	1.03897	1.03382	1.03760	46354	0	7
2021.11.11	1.03764	1.04011	1.03560	1.03809	39857	0	6
2021.11.12	1.03801	1.04105	1.03684	1.04085	36486	0	7
2021.11.15	1.03961	1.04368	1.03897	1.04246	32859	0	7
2021.11.16	1.04246	1.04559	1.04098	1.04431	40922	0	6
2021.11.17	1.04407	1.04465	1.03749	1.03793	40847	0	7
2021.11.18	1.03781	1.03845	1.03234	1.03252	40126	0	7
2021.11.19	1.03252	1.03612	1.03117	1.03383	44163	0	7
2021.11.22	1.03106	1.04008	1.03106	1.03843	45755	0	7
2021.11.23	1.03843	1.04302	1.03441	1.03943	51024	0	7
2021.11.24	1.03914	1.04833	1.03831	1.04657	45693	0	6
2021.11.25	1.04632	1.05018	1.04520	1.04780	28461	0	11
2021.11.26	1.04751	1.04900	1.04306	1.04460	55316	0	7
2021.11.29	1.04248	1.04964	1.04184	1.04608	48737	0	7
2021.11.30	1.04576	1.04825	1.04221	1.04443	61552	0	6
2021.12.01	1.04443	1.04566	1.04219	1.04340	58395	0	8
2021.12.02	1.04298	1.04380	1.03987	1.03999	51218	0	6
2021.12.03	1.04009	1.04196	1.03662	1.03730	49973	0	10
2021.12.06	1.03563	1.04501	1.03501	1.04358	40807	0	7
2021.12.07	1.04373	1.05085	1.04278	1.04810	37867	0	7
2021.12.08	1.04775	1.05358	1.04716	1.05297	44619	0	6
2021.12.09	1.05297	1.05364	1.05114	1.05126	37038	0	7
2021.12.10	1.05136	1.05626	1.05017	1.05486	33991	0	7
2021.12.13	1.05305	1.05650	1.04986	1.05546	34269	0	7
2021.12.14	1.05439	1.05651	1.05236	1.05347	36960	0	6
2021.12.15	1.05332	1.05963	1.05194	1.05686	44129	0	9
2021.12.16	1.05659	1.05957	1.05479	1.05616	44461	0	7
2021.12.17	1.05592	1.05901	1.05445	1.05770	42930	0	8
2021.12.20	1.05624	1.06005	1.05568	1.05885	47446	0	7
2021.12.21	1.05866	1.05956	1.05489	1.05612	34898	0	11
2021.12.22	1.05612	1.05936	1.05510	1.05903	32944	0	6
2021.12.23	1.05862	1.06275	1.05664	1.06111	26676	0	7
2021.12.24	1.06070	1.06269	1.05604	1.05879	46392	0	12
2021.12.27	1.05803	1.06331	1.05638	1.06171	22082	0	7
2021.12.28	1.06181	1.06429	1.06005	1.06180	21112	0	7
2021.12.29	1.06183	1.06429	1.06033	1.06131	29294	0	7
2021.12.30	1.06109	1.06431	1.05957	1.06083	25613	0	8
2021.12.31	1.06055	1.06319	1.05947	1.06177	25611	0	9
