<DATE>	<TIME>	<OPEN>	<HIGH>	<LOW>	<CLOSE>	<TICKVOL>	<VOL>	<SPREAD>
2012.01.02	00:00:00	1.31259	1.31338	1.31014	1.31236	2412	0	300
2012.01.02	04:00:00	1.31235	1.31567	1.30994	1.31318	3039	0	97
2012.01.02	08:00:00	1.31319	1.31394	1.30801	1.31356	4773	0	90
2012.01.02	12:00:00	1.31360	1.31435	1.30992	1.31120	4460	0	88
2012.01.02	16:00:00	1.31127	1.31502	1.31017	1.31279	3406	0	102
2012.01.02	20:00:00	1.31280	1.31423	1.31086	1.31214	3510	0	200
2012.01.03	00:00:00	1.31215	1.31440	1.31026	1.31266	8612	0	200
2012.01.03	04:00:00	1.31268	1.31277	1.31090	1.31125	6375	0	60
2012.01.03	08:00:00	1.31115	1.31241	1.30943	1.31183	12043	0	60
2012.01.03	12:00:00	1.31181	1.31394	1.31130	1.31265	13555	0	200
2012.01.03	16:00:00	1.31262	1.31388	1.31138	1.31185	11855	0	200
2012.01.03	20:00:00	1.31186	1.31291	1.31066	1.31117	7730	0	200
2012.01.04	00:00:00	1.31120	1.31182	1.30895	1.30929	7519	0	300
2012.01.04	04:00:00	1.30928	1.31195	1.30880	1.31114	6675	0	200
2012.01.04	08:00:00	1.31112	1.31282	1.31012	1.31054	12922	0	200
2012.01.04	12:00:00	1.31053	1.31158	1.30898	1.31100	13824	0	200
2012.01.04	16:00:00	1.31098	1.31491	1.31027	1.31384	11285	0	200
2012.01.04	20:00:00	1.31378	1.31564	1.31287	1.31403	7939	0	200
2012.01.05	00:00:00	1.31401	1.31466	1.31041	1.31072	9124	0	220
2012.01.05	04:00:00	1.31071	1.31265	1.30975	1.31219	8187	0	144
2012.01.05	08:00:00	1.31218	1.31309	1.31129	1.31195	15747	0	60
2012.01.05	12:00:00	1.31187	1.31270	1.31034	1.31208	16566	0	60
2012.01.05	16:00:00	1.31209	1.31428	1.31128	1.31341	13567	0	60
2012.01.05	20:00:00	1.31340	1.31356	1.31109	1.31167	9085	0	200
2012.01.06	00:00:00	1.31167	1.31243	1.31041	1.31089	7448	0	300
2012.01.06	04:00:00	1.31088	1.31202	1.31020	1.31175	8888	0	200
2012.01.06	08:00:00	1.31176	1.31208	1.30955	1.30998	12381	0	200
2012.01.06	12:00:00	1.30997	1.31074	1.30757	1.30821	14428	0	200
2012.01.06	16:00:00	1.30822	1.30986	1.30759	1.30864	12474	0	200
2012.01.06	20:00:00	1.30865	1.30900	1.30760	1.30862	5082	0	200
2012.01.09	00:00:00	1.30680	1.30757	1.30142	1.30246	10116	0	200
2012.01.09	04:00:00	1.30247	1.30365	1.30186	1.30301	7974	0	60
2012.01.09	08:00:00	1.30299	1.30338	1.30096	1.30211	17621	0	60
2012.01.09	12:00:00	1.30212	1.30227	1.30004	1.30103	15584	0	60
2012.01.09	16:00:00	1.30103	1.30290	1.29909	1.30030	14392	0	60
2012.01.09	20:00:00	1.30027	1.30027	1.29772	1.29938	7660	0	78
2012.01.10	00:00:00	1.29937	1.30175	1.29541	1.29579	10047	0	200
2012.01.10	04:00:00	1.29580	1.29911	1.29539	1.29831	9682	0	200
2012.01.10	08:00:00	1.29833	1.29905	1.29710	1.29861	13364	0	200
2012.01.10	12:00:00	1.29857	1.30202	1.29758	1.29841	14505	0	60
2012.01.10	16:00:00	1.29840	1.30014	1.29710	1.29888	11696	0	144
2012.01.10	20:00:00	1.29877	1.29952	1.29627	1.29737	7938	0	200
2012.01.11	00:00:00	1.29725	1.29751	1.29346	1.29422	9092	0	220
2012.01.11	04:00:00	1.29423	1.29538	1.29398	1.29504	6651	0	200
2012.01.11	08:00:00	1.29503	1.29695	1.29428	1.29498	12034	0	200
2012.01.11	12:00:00	1.29497	1.29529	1.29271	1.29328	14647	0	200
2012.01.11	16:00:00	1.29333	1.29496	1.29320	1.29329	12073	0	200
2012.01.11	20:00:00	1.29328	1.29328	1.29097	1.29130	7775	0	200
2012.01.12	00:00:00	1.29128	1.29338	1.29093	1.29222	8481	0	220
2012.01.12	04:00:00	1.29221	1.29434	1.29160	1.29376	6939	0	60
2012.01.12	08:00:00	1.29372	1.29891	1.29346	1.29775	13181	0	60
2012.01.12	12:00:00	1.29779	1.30181	1.29732	1.29917	14473	0	60
2012.01.12	16:00:00	1.29916	1.30163	1.29788	1.30049	13622	0	60
2012.01.12	20:00:00	1.30050	1.30101	1.29882	1.29951	6806	0	200
2012.01.13	00:00:00	1.29951	1.30248	1.29941	1.30203	6182	0	300
2012.01.13	04:00:00	1.30205	1.30500	1.30153	1.30307	7451	0	60
2012.01.13	08:00:00	1.30309	1.30502	1.30042	1.30070	13429	0	35
2012.01.13	12:00:00	1.30068	1.30175	1.29950	1.30091	13842	0	200
2012.01.13	16:00:00	1.30092	1.30187	1.29733	1.29801	13847	0	60
2012.01.13	20:00:00	1.29758	1.29944	1.29699	1.29795	6819	0	200
2012.01.16	00:00:00	1.29545	1.29689	1.29319	1.29396	7021	0	200
2012.01.16	04:00:00	1.29397	1.29716	1.29376	1.29706	6561	0	60
2012.01.16	08:00:00	1.29713	1.29983	1.29659	1.29946	13461	0	60
2012.01.16	12:00:00	1.29950	1.30108	1.29899	1.30055	10489	0	60
2012.01.16	16:00:00	1.30055	1.30096	1.29658	1.29734	8017	0	60
2012.01.16	20:00:00	1.29728	1.29890	1.29616	1.29755	4246	0	85
2012.01.17	00:00:00	1.29754	1.30001	1.29736	1.29874	7811	0	300
2012.01.17	04:00:00	1.29873	1.30075	1.29775	1.29920	8342	0	200
2012.01.17	08:00:00	1.29921	1.30258	1.29898	1.29983	14170	0	200
2012.01.17	12:00:00	1.29986	1.30119	1.29866	1.29983	12875	0	200
2012.01.17	16:00:00	1.29978	1.30000	1.29671	1.29741	11816	0	60
2012.01.17	20:00:00	1.29731	1.29767	1.29450	1.29492	7728	0	23
2012.01.18	00:00:00	1.29487	1.29658	1.29328	1.29366	6784	0	220
2012.01.18	04:00:00	1.29365	1.29465	1.29144	1.29221	7702	0	200
2012.01.18	08:00:00	1.29219	1.29391	1.29000	1.29104	16604	0	60
2012.01.18	12:00:00	1.29106	1.29129	1.28723	1.28733	18363	0	60
2012.01.18	16:00:00	1.28734	1.29028	1.28659	1.28921	17169	0	60
2012.01.18	20:00:00	1.28904	1.29706	1.28800	1.29655	10024	0	102
2012.01.19	00:00:00	1.29654	1.29673	1.29154	1.29517	10145	0	240
2012.01.19	04:00:00	1.29516	1.29527	1.29270	1.29453	8078	0	200
2012.01.19	08:00:00	1.29459	1.29791	1.29301	1.29761	14094	0	200
2012.01.19	12:00:00	1.29762	1.30008	1.29627	1.29739	13918	0	60
2012.01.19	16:00:00	1.29741	1.30042	1.29487	1.29511	12747	0	60
2012.01.19	20:00:00	1.29509	1.29747	1.29409	1.29594	8890	0	200
2012.01.20	00:00:00	1.29593	1.29647	1.29564	1.29631	6423	0	200
2012.01.20	04:00:00	1.29634	1.29788	1.29582	1.29756	7071	0	60
2012.01.20	08:00:00	1.29753	1.29845	1.29605	1.29620	14050	0	60
2012.01.20	12:00:00	1.29621	1.29856	1.29551	1.29834	15392	0	60
2012.01.20	16:00:00	1.29835	1.30026	1.29801	1.29862	11290	0	200
2012.01.20	20:00:00	1.29859	1.29955	1.29799	1.29870	5022	0	200
2012.01.23	00:00:00	1.29900	1.29950	1.29750	1.29783	7043	0	200
2012.01.23	04:00:00	1.29781	1.30027	1.29770	1.29944	5839	0	60
2012.01.23	08:00:00	1.29943	1.29963	1.29741	1.29837	14905	0	60
2012.01.23	12:00:00	1.29840	1.29940	1.29729	1.29804	15929	0	60
2012.01.23	16:00:00	1.29805	1.30069	1.29737	1.29953	12846	0	15
2012.01.23	20:00:00	1.29951	1.29953	1.29666	1.29671	8218	0	76
2012.01.24	00:00:00	1.29672	1.29727	1.29463	1.29542	6982	0	300
2012.01.24	04:00:00	1.29543	1.29578	1.29409	1.29546	6886	0	200
2012.01.24	08:00:00	1.29548	1.29765	1.29305	1.29380	13612	0	172
2012.01.24	12:00:00	1.29386	1.29452	1.29275	1.29376	12631	0	60
2012.01.24	16:00:00	1.29375	1.29420	1.29161	1.29280	11976	0	10
2012.01.24	20:00:00	1.29279	1.29285	1.29042	1.29089	7035	0	14
2012.01.25	00:00:00	1.29091	1.29774	1.28896	1.29691	8626	0	200
2012.01.25	04:00:00	1.29692	1.29895	1.29567	1.29814	7165	0	200
2012.01.25	08:00:00	1.29815	1.29831	1.29526	1.29815	13765	0	200
2012.01.25	12:00:00	1.29813	1.29903	1.29662	1.29810	13081	0	200
2012.01.25	16:00:00	1.29811	1.30201	1.29793	1.29937	14957	0	60
2012.01.25	20:00:00	1.29939	1.30024	1.29414	1.29603	13123	0	200
2012.01.26	00:00:00	1.29602	1.29752	1.29399	1.29718	6615	0	200
2012.01.26	04:00:00	1.29719	1.29866	1.29638	1.29733	7389	0	60
2012.01.26	08:00:00	1.29731	1.29864	1.29478	1.29720	14914	0	60
2012.01.26	12:00:00	1.29728	1.29865	1.29645	1.29724	13255	0	60
2012.01.26	16:00:00	1.29729	1.29749	1.29373	1.29593	14200	0	60
2012.01.26	20:00:00	1.29595	1.29596	1.29148	1.29229	9049	0	30
2012.01.27	00:00:00	1.29230	1.29295	1.29093	1.29195	8469	0	300
2012.01.27	04:00:00	1.29194	1.29238	1.28947	1.29114	8479	0	200
2012.01.27	08:00:00	1.29115	1.29293	1.29050	1.29256	12895	0	200
2012.01.27	12:00:00	1.29255	1.29335	1.29056	1.29119	12818	0	200
2012.01.27	16:00:00	1.29120	1.29282	1.28993	1.29198	14315	0	200
2012.01.27	20:00:00	1.29196	1.29244	1.28990	1.29068	7135	0	200
2012.01.30	00:00:00	1.29095	1.29204	1.28837	1.28978	9179	0	200
2012.01.30	04:00:00	1.28977	1.29041	1.28740	1.28892	8609	0	60
2012.01.30	08:00:00	1.28890	1.29017	1.28780	1.28805	14297	0	60
2012.01.30	12:00:00	1.28804	1.29255	1.28799	1.29165	14181	0	60
2012.01.30	16:00:00	1.29164	1.29326	1.29020	1.29107	15330	0	60
2012.01.30	20:00:00	1.29110	1.29384	1.28989	1.29131	8701	0	72
2012.01.31	00:00:00	1.29129	1.29195	1.28937	1.28970	9448	0	283
2012.01.31	04:00:00	1.28971	1.29122	1.28950	1.29037	7678	0	60
2012.01.31	08:00:00	1.29035	1.29160	1.28577	1.28638	12470	0	60
2012.01.31	12:00:00	1.28640	1.28706	1.28372	1.28596	11984	0	200
2012.01.31	16:00:00	1.28599	1.28605	1.28312	1.28357	14584	0	60
2012.01.31	20:00:00	1.28359	1.28583	1.28284	1.28519	8865	0	16
2012.02.01	00:00:00	1.28520	1.28813	1.28293	1.28684	10439	0	200
2012.02.01	04:00:00	1.28682	1.28886	1.28618	1.28635	8770	0	60
2012.02.01	08:00:00	1.28634	1.28800	1.28520	1.28608	15855	0	60
2012.02.01	12:00:00	1.28607	1.28666	1.28360	1.28566	13457	0	60
2012.02.01	16:00:00	1.28578	1.28708	1.28352	1.28456	14221	0	60
2012.02.01	20:00:00	1.28459	1.28503	1.28261	1.28483	9081	0	200
2012.02.02	00:00:00	1.28484	1.28663	1.28425	1.28454	9031	0	267
2012.02.02	04:00:00	1.28455	1.28635	1.28353	1.28516	7905	0	10
2012.02.02	08:00:00	1.28517	1.28625	1.28387	1.28552	13527	0	60
2012.02.02	12:00:00	1.28553	1.28561	1.28294	1.28302	13274	0	60
2012.02.02	16:00:00	1.28301	1.28446	1.28168	1.28442	13065	0	200
2012.02.02	20:00:00	1.28429	1.28538	1.28247	1.28507	7619	0	200
2012.02.03	00:00:00	1.28508	1.28703	1.28338	1.28454	8621	0	300
2012.02.03	04:00:00	1.28453	1.28529	1.28362	1.28462	7315	0	200
2012.02.03	08:00:00	1.28461	1.28626	1.28426	1.28459	11290	0	200
2012.02.03	12:00:00	1.28456	1.28705	1.28379	1.28611	14184	0	10
2012.02.03	16:00:00	1.28612	1.28807	1.28446	1.28779	13132	0	200
2012.02.03	20:00:00	1.28789	1.28829	1.28659	1.28659	5592	0	200
2012.02.06	00:00:00	1.28897	1.29062	1.28615	1.28728	8192	0	200
2012.02.06	04:00:00	1.28726	1.29096	1.28705	1.28946	7929	0	60
2012.02.06	08:00:00	1.28945	1.29083	1.28713	1.28812	14197	0	60
2012.02.06	12:00:00	1.28810	1.28973	1.28596	1.28603	13364	0	60
2012.02.06	16:00:00	1.28608	1.28776	1.28575	1.28703	13387	0	60
2012.02.06	20:00:00	1.28701	1.28705	1.28383	1.28453	5979	0	72
2012.02.07	00:00:00	1.28454	1.28473	1.28225	1.28235	7365	0	300
2012.02.07	04:00:00	1.28234	1.29599	1.28221	1.29550	11815	0	60
2012.02.07	08:00:00	1.29540	1.29544	1.28934	1.28967	13048	0	60
2012.02.07	12:00:00	1.28966	1.29575	1.28938	1.29513	15415	0	60
2012.02.07	16:00:00	1.29507	1.29519	1.28984	1.29143	13698	0	60
2012.02.07	20:00:00	1.29141	1.29195	1.29043	1.29157	7180	0	200
2012.02.08	00:00:00	1.29156	1.29247	1.28945	1.28995	7193	0	200
2012.02.08	04:00:00	1.28993	1.29265	1.28979	1.29240	8880	0	60
2012.02.08	08:00:00	1.29236	1.29249	1.29060	1.29066	14259	0	60
2012.02.08	12:00:00	1.29068	1.29145	1.28931	1.29069	14614	0	60
2012.02.08	16:00:00	1.29071	1.29368	1.28975	1.29215	15374	0	60
2012.02.08	20:00:00	1.29216	1.29295	1.28769	1.29292	8748	0	139
2012.02.09	00:00:00	1.29290	1.29322	1.28904	1.29009	10043	0	300
2012.02.09	04:00:00	1.29011	1.29280	1.28970	1.29246	9932	0	200
2012.02.09	08:00:00	1.29245	1.29256	1.29051	1.29137	13280	0	200
2012.02.09	12:00:00	1.29139	1.29347	1.29072	1.29263	15385	0	30
2012.02.09	16:00:00	1.29265	1.29280	1.28997	1.29216	15242	0	200
2012.02.09	20:00:00	1.29191	1.29272	1.29117	1.29235	7218	0	250
2012.02.10	00:00:00	1.29234	1.29246	1.28766	1.28824	9871	0	300
2012.02.10	04:00:00	1.28825	1.29018	1.28788	1.28848	10596	0	200
2012.02.10	08:00:00	1.28849	1.28973	1.28762	1.28815	14328	0	33
2012.02.10	12:00:00	1.28814	1.28916	1.28632	1.28808	15554	0	200
2012.02.10	16:00:00	1.28809	1.28971	1.28718	1.28790	13189	0	200
2012.02.10	20:00:00	1.28791	1.28995	1.28642	1.28958	6501	0	200
2012.02.13	00:00:00	1.28847	1.28942	1.28694	1.28897	10386	0	200
2012.02.13	04:00:00	1.28896	1.28935	1.28619	1.28684	10212	0	60
2012.02.13	08:00:00	1.28684	1.28773	1.28554	1.28652	16531	0	60
2012.02.13	12:00:00	1.28651	1.28790	1.28597	1.28758	15632	0	60
2012.02.13	16:00:00	1.28757	1.28757	1.28539	1.28564	15616	0	60
2012.02.13	20:00:00	1.28562	1.28609	1.28419	1.28531	7661	0	72
2012.02.14	00:00:00	1.28533	1.28676	1.28462	1.28650	10218	0	300
2012.02.14	04:00:00	1.28649	1.28722	1.28478	1.28636	10972	0	200
2012.02.14	08:00:00	1.28635	1.28707	1.28483	1.28484	14267	0	200
2012.02.14	12:00:00	1.28483	1.28625	1.28408	1.28552	14373	0	200
2012.02.14	16:00:00	1.28550	1.28616	1.28283	1.28310	14749	0	200
2012.02.14	20:00:00	1.28308	1.28365	1.27890	1.27921	11245	0	200
2012.02.15	00:00:00	1.27920	1.28211	1.27862	1.28060	10647	0	233
2012.02.15	04:00:00	1.28061	1.28099	1.27862	1.28080	10968	0	200
2012.02.15	08:00:00	1.28079	1.28123	1.27840	1.28012	13909	0	200
2012.02.15	12:00:00	1.28013	1.28145	1.27825	1.28145	15121	0	200
2012.02.15	16:00:00	1.28147	1.28200	1.27935	1.28032	14748	0	200
2012.02.15	20:00:00	1.28031	1.28290	1.27888	1.28271	11625	0	200
2012.02.16	00:00:00	1.28272	1.29143	1.28145	1.29047	12573	0	200
2012.02.16	04:00:00	1.29045	1.29161	1.28905	1.29032	12757	0	60
2012.02.16	08:00:00	1.29032	1.29142	1.28953	1.29101	17941	0	60
2012.02.16	12:00:00	1.29104	1.29145	1.28863	1.29055	16619	0	60
2012.02.16	16:00:00	1.29050	1.29283	1.28965	1.29220	19170	0	60
2012.02.16	20:00:00	1.29224	1.29224	1.28836	1.28836	9328	0	72
2012.02.17	00:00:00	1.28840	1.28878	1.28409	1.28680	10056	0	200
2012.02.17	04:00:00	1.28679	1.28740	1.28612	1.28654	8721	0	60
2012.02.17	08:00:00	1.28652	1.28850	1.28536	1.28563	15466	0	60
2012.02.17	12:00:00	1.28566	1.28722	1.28397	1.28629	16704	0	60
2012.02.17	16:00:00	1.28631	1.28638	1.28281	1.28294	14844	0	60
2012.02.17	20:00:00	1.28295	1.28703	1.28203	1.28483	5628	0	200
2012.02.20	00:00:00	1.28119	1.28275	1.28046	1.28170	9255	0	200
2012.02.20	04:00:00	1.28168	1.28183	1.27992	1.28128	7840	0	60
2012.02.20	08:00:00	1.28130	1.28196	1.28037	1.28187	15246	0	60
2012.02.20	12:00:00	1.28186	1.28335	1.28070	1.28110	12720	0	60
2012.02.20	16:00:00	1.28108	1.28122	1.27961	1.28063	9778	0	60
2012.02.20	20:00:00	1.28058	1.28058	1.27846	1.27922	4930	0	99
2012.02.21	00:00:00	1.27923	1.28085	1.27680	1.27924	11087	0	10
2012.02.21	04:00:00	1.27923	1.27984	1.27709	1.27858	11154	0	200
2012.02.21	08:00:00	1.27859	1.27885	1.27574	1.27697	15609	0	200
2012.02.21	12:00:00	1.27698	1.27824	1.27629	1.27759	14514	0	200
2012.02.21	16:00:00	1.27755	1.27856	1.27612	1.27763	12759	0	200
2012.02.21	20:00:00	1.27764	1.27886	1.27570	1.27633	9030	0	11
2012.02.22	00:00:00	1.27632	1.27773	1.27529	1.27773	10553	0	300
2012.02.22	04:00:00	1.27777	1.27869	1.27664	1.27809	9179	0	200
2012.02.22	08:00:00	1.27807	1.27876	1.27702	1.27760	14896	0	200
2012.02.22	12:00:00	1.27758	1.28227	1.27752	1.28127	14646	0	165
2012.02.22	16:00:00	1.28126	1.28389	1.27980	1.28093	14993	0	60
2012.02.22	20:00:00	1.28087	1.28245	1.27966	1.28182	8247	0	200
2012.02.23	00:00:00	1.28179	1.28303	1.28040	1.28287	8143	0	300
2012.02.23	04:00:00	1.28288	1.28342	1.28145	1.28314	6663	0	200
2012.02.23	08:00:00	1.28313	1.28407	1.28193	1.28372	13546	0	200
2012.02.23	12:00:00	1.28373	1.28393	1.28098	1.28188	12068	0	200
2012.02.23	16:00:00	1.28193	1.28287	1.28026	1.28091	12902	0	26
2012.02.23	20:00:00	1.28093	1.28151	1.27951	1.28128	8856	0	200
2012.02.24	00:00:00	1.28129	1.28132	1.27951	1.28072	7519	0	300
2012.02.24	04:00:00	1.28070	1.28095	1.27740	1.27864	7293	0	200
2012.02.24	08:00:00	1.27863	1.28058	1.27805	1.27894	12325	0	200
2012.02.24	12:00:00	1.27895	1.28080	1.27823	1.28022	12004	0	200
2012.02.24	16:00:00	1.28020	1.28126	1.27822	1.27892	11040	0	200
2012.02.24	20:00:00	1.27877	1.27892	1.27756	1.27800	5290	0	225
2012.02.27	00:00:00	1.27909	1.27945	1.27706	1.27796	8858	0	200
2012.02.27	04:00:00	1.27797	1.27960	1.27727	1.27898	6815	0	60
2012.02.27	08:00:00	1.27899	1.27976	1.27823	1.27909	12745	0	60
2012.02.27	12:00:00	1.27912	1.28100	1.27838	1.27995	13293	0	60
2012.02.27	16:00:00	1.27996	1.28170	1.27967	1.28049	14634	0	60
2012.02.27	20:00:00	1.28045	1.28066	1.27753	1.27824	7870	0	90
2012.02.28	00:00:00	1.27825	1.28084	1.27786	1.28082	6980	0	300
2012.02.28	04:00:00	1.28080	1.28125	1.27999	1.28081	7692	0	200
2012.02.28	08:00:00	1.28080	1.28458	1.27948	1.28373	11700	0	60
2012.02.28	12:00:00	1.28412	1.28558	1.28256	1.28409	13021	0	60
2012.02.28	16:00:00	1.28410	1.28586	1.28320	1.28523	14886	0	60
2012.02.28	20:00:00	1.28525	1.28539	1.28336	1.28405	8045	0	75
2012.02.29	00:00:00	1.28404	1.28460	1.28122	1.28157	9710	0	200
2012.02.29	04:00:00	1.28158	1.28324	1.28155	1.28219	7956	0	200
2012.02.29	08:00:00	1.28221	1.28342	1.28127	1.28211	12707	0	60
2012.02.29	12:00:00	1.28207	1.28250	1.27936	1.28072	14487	0	60
2012.02.29	16:00:00	1.28073	1.28314	1.28032	1.28259	16733	0	60
2012.02.29	20:00:00	1.28262	1.28539	1.28141	1.28484	9992	0	200
2012.03.01	00:00:00	1.28482	1.28550	1.28368	1.28438	8441	0	300
2012.03.01	04:00:00	1.28439	1.28667	1.28408	1.28626	8050	0	200
2012.03.01	08:00:00	1.28622	1.28933	1.28597	1.28658	13779	0	60
2012.03.01	12:00:00	1.28659	1.28856	1.28628	1.28674	13076	0	60
2012.03.01	16:00:00	1.28673	1.28734	1.28473	1.28582	13100	0	200
2012.03.01	20:00:00	1.28585	1.28739	1.28501	1.28571	8587	0	200
2012.03.02	00:00:00	1.28570	1.28783	1.28556	1.28759	6821	0	300
2012.03.02	04:00:00	1.28760	1.28864	1.28678	1.28850	6445	0	200
2012.03.02	08:00:00	1.28849	1.29321	1.28792	1.29187	12530	0	60
2012.03.02	12:00:00	1.29170	1.29275	1.28860	1.28935	12848	0	60
2012.03.02	16:00:00	1.28936	1.29525	1.28882	1.29449	13557	0	60
2012.03.02	20:00:00	1.29450	1.29451	1.29282	1.29354	5313	0	72
2012.03.05	00:00:00	1.29298	1.29358	1.29169	1.29206	6819	0	200
2012.03.05	04:00:00	1.29205	1.29426	1.29173	1.29315	7642	0	60
2012.03.05	08:00:00	1.29318	1.29918	1.29291	1.29825	15109	0	60
2012.03.05	12:00:00	1.29827	1.29943	1.29700	1.29839	13353	0	60
2012.03.05	16:00:00	1.29831	1.29925	1.29692	1.29868	13239	0	60
2012.03.05	20:00:00	1.29867	1.29930	1.29737	1.29778	6329	0	75
2012.03.06	00:00:00	1.29777	1.30301	1.29766	1.30087	8117	0	200
2012.03.06	04:00:00	1.30088	1.30525	1.30082	1.30245	10981	0	60
2012.03.06	08:00:00	1.30251	1.30339	1.29853	1.29931	14433	0	60
2012.03.06	12:00:00	1.29935	1.30000	1.29814	1.29884	13102	0	200
2012.03.06	16:00:00	1.29883	1.30063	1.29693	1.29776	13808	0	200
2012.03.06	20:00:00	1.29778	1.29802	1.29609	1.29708	7458	0	200
2012.03.07	00:00:00	1.29707	1.29946	1.29128	1.29174	10457	0	200
2012.03.07	04:00:00	1.29175	1.29248	1.29025	1.29109	9092	0	60
2012.03.07	08:00:00	1.29106	1.29259	1.29049	1.29188	14048	0	60
2012.03.07	12:00:00	1.29186	1.29243	1.29026	1.29148	13420	0	60
2012.03.07	16:00:00	1.29148	1.29187	1.28931	1.29024	13808	0	60
2012.03.07	20:00:00	1.29022	1.29626	1.28827	1.29621	7910	0	72
2012.03.08	00:00:00	1.29623	1.29702	1.29257	1.29334	8694	0	200
2012.03.08	04:00:00	1.29335	1.29480	1.29043	1.29134	9721	0	60
2012.03.08	08:00:00	1.29126	1.29239	1.28675	1.28775	14707	0	60
2012.03.08	12:00:00	1.28774	1.28954	1.28718	1.28774	13831	0	200
2012.03.08	16:00:00	1.28772	1.28864	1.28665	1.28860	11544	0	200
2012.03.08	20:00:00	1.28858	1.29111	1.28790	1.29075	7338	0	200
2012.03.09	00:00:00	1.29073	1.29123	1.28645	1.28712	7910	0	200
2012.03.09	04:00:00	1.28713	1.28954	1.28655	1.28834	8312	0	60
2012.03.09	08:00:00	1.28837	1.28992	1.28774	1.28800	11050	0	60
2012.03.09	12:00:00	1.28810	1.29088	1.28783	1.28962	13602	0	60
2012.03.09	16:00:00	1.28964	1.29112	1.28441	1.28480	12180	0	72
2012.03.09	20:00:00	1.28478	1.28722	1.28432	1.28606	5993	0	200
2012.03.12	00:00:00	1.28977	1.28977	1.28592	1.28658	7922	0	38
2012.03.12	04:00:00	1.28659	1.28765	1.28595	1.28745	6896	0	60
2012.03.12	08:00:00	1.28743	1.28848	1.28640	1.28739	11909	0	60
2012.03.12	12:00:00	1.28744	1.28769	1.28537	1.28576	14678	0	60
2012.03.12	16:00:00	1.28575	1.28653	1.28212	1.28405	11764	0	60
2012.03.12	20:00:00	1.28401	1.28493	1.28179	1.28235	5423	0	60
2012.03.13	00:00:00	1.28236	1.28350	1.28048	1.28064	7344	0	300
2012.03.13	04:00:00	1.28062	1.28221	1.28011	1.28207	7122	0	200
2012.03.13	08:00:00	1.28205	1.28236	1.28014	1.28072	10259	0	200
2012.03.13	12:00:00	1.28074	1.28076	1.27856	1.27952	12731	0	200
2012.03.13	16:00:00	1.27950	1.28162	1.27854	1.28027	12128	0	200
2012.03.13	20:00:00	1.28026	1.28189	1.27898	1.28110	7758	0	200
2012.03.14	00:00:00	1.28111	1.28282	1.28059	1.28224	6870	0	300
2012.03.14	04:00:00	1.28223	1.28456	1.28211	1.28427	8116	0	200
2012.03.14	08:00:00	1.28423	1.28994	1.28401	1.28832	12796	0	60
2012.03.14	12:00:00	1.28835	1.28953	1.28763	1.28873	14728	0	60
2012.03.14	16:00:00	1.28871	1.29295	1.28866	1.29205	15312	0	60
2012.03.14	20:00:00	1.29203	1.29203	1.28813	1.28947	7206	0	72
2012.03.15	00:00:00	1.28949	1.29202	1.28892	1.28914	9458	0	300
2012.03.15	04:00:00	1.28915	1.29166	1.28880	1.29070	8461	0	200
2012.03.15	08:00:00	1.29069	1.29105	1.28809	1.28892	13920	0	60
2012.03.15	12:00:00	1.28895	1.28934	1.28573	1.28573	16730	0	60
2012.03.15	16:00:00	1.28576	1.28670	1.28334	1.28356	13807	0	60
2012.03.15	20:00:00	1.28354	1.28465	1.28251	1.28279	5839	0	72
2012.03.16	00:00:00	1.28280	1.28376	1.27996	1.28110	7275	0	300
2012.03.16	04:00:00	1.28109	1.28319	1.28015	1.28304	6935	0	200
2012.03.16	08:00:00	1.28305	1.28681	1.28246	1.28436	11804	0	60
2012.03.16	12:00:00	1.28437	1.28680	1.28269	1.28344	15731	0	60
2012.03.16	16:00:00	1.28345	1.28422	1.28147	1.28410	9259	0	200
2012.03.16	20:00:00	1.28412	1.28414	1.28184	1.28267	2871	0	200
2012.03.19	00:00:00	1.28108	1.28300	1.28103	1.28212	6559	0	200
2012.03.19	04:00:00	1.28211	1.28412	1.28187	1.28354	6663	0	60
2012.03.19	08:00:00	1.28350	1.28467	1.28216	1.28272	11525	0	60
2012.03.19	12:00:00	1.28275	1.28336	1.28003	1.28302	13673	0	60
2012.03.19	16:00:00	1.28301	1.28558	1.28206	1.28396	12366	0	60
2012.03.19	20:00:00	1.28395	1.28397	1.28243	1.28288	4670	0	72
2012.03.20	00:00:00	1.28287	1.28380	1.27910	1.28148	7737	0	300
2012.03.20	04:00:00	1.28150	1.28355	1.28066	1.28271	7489	0	200
2012.03.20	08:00:00	1.28270	1.28493	1.28087	1.28476	13597	0	200
2012.03.20	12:00:00	1.28478	1.28501	1.28215	1.28403	14300	0	200
2012.03.20	16:00:00	1.28401	1.28667	1.28059	1.28141	11571	0	200
2012.03.20	20:00:00	1.28142	1.28231	1.28041	1.28200	6067	0	200
2012.03.21	00:00:00	1.28199	1.28220	1.27923	1.28029	8776	0	200
2012.03.21	04:00:00	1.28027	1.28053	1.27918	1.27974	7864	0	200
2012.03.21	08:00:00	1.27972	1.28108	1.27926	1.28080	12272	0	200
2012.03.21	12:00:00	1.28079	1.28314	1.27946	1.28279	15328	0	60
2012.03.21	16:00:00	1.28276	1.28328	1.28007	1.28087	12657	0	60
2012.03.21	20:00:00	1.28089	1.28768	1.27976	1.28566	7214	0	116
2012.03.22	00:00:00	1.28565	1.28604	1.28246	1.28336	9534	0	200
2012.03.22	04:00:00	1.28341	1.28566	1.28309	1.28492	11061	0	60
2012.03.22	08:00:00	1.28499	1.28546	1.28159	1.28277	14869	0	60
2012.03.22	12:00:00	1.28257	1.28390	1.28046	1.28216	16036	0	60
2012.03.22	16:00:00	1.28215	1.28404	1.28107	1.28341	12878	0	60
2012.03.22	20:00:00	1.28342	1.28342	1.27881	1.28191	6573	0	60
2012.03.23	00:00:00	1.28192	1.28195	1.27918	1.27962	7756	0	200
2012.03.23	04:00:00	1.27963	1.28146	1.27911	1.27983	6375	0	95
2012.03.23	08:00:00	1.27984	1.28145	1.27805	1.27858	13354	0	106
2012.03.23	12:00:00	1.27860	1.27935	1.27734	1.27827	14582	0	200
2012.03.23	16:00:00	1.27826	1.27882	1.27646	1.27810	11284	0	27
2012.03.23	20:00:00	1.27809	1.27914	1.27713	1.27729	2929	0	200
2012.03.26	00:00:00	1.27918	1.28167	1.27840	1.27900	6913	0	200
2012.03.26	04:00:00	1.27901	1.28108	1.27870	1.28029	6609	0	60
2012.03.26	08:00:00	1.28030	1.28044	1.27900	1.27983	13288	0	60
2012.03.26	12:00:00	1.27981	1.28241	1.27859	1.28036	15031	0	60
2012.03.26	16:00:00	1.28034	1.28066	1.27851	1.28017	11457	0	60
2012.03.26	20:00:00	1.28018	1.28022	1.27787	1.27856	5759	0	72
2012.03.27	00:00:00	1.27855	1.27864	1.27669	1.27733	5694	0	300
2012.03.27	04:00:00	1.27731	1.27889	1.27648	1.27799	6493	0	200
2012.03.27	08:00:00	1.27801	1.27926	1.27586	1.27636	11195	0	12
2012.03.27	12:00:00	1.27635	1.27710	1.27586	1.27707	11861	0	200
2012.03.27	16:00:00	1.27704	1.27714	1.27387	1.27424	10785	0	200
2012.03.27	20:00:00	1.27421	1.27421	1.27279	1.27289	5621	0	200
2012.03.28	00:00:00	1.27287	1.27382	1.27192	1.27202	7438	0	300
2012.03.28	04:00:00	1.27203	1.27379	1.27177	1.27261	6950	0	200
2012.03.28	08:00:00	1.27267	1.27276	1.26912	1.27044	13564	0	200
2012.03.28	12:00:00	1.27045	1.27095	1.26890	1.26912	13502	0	60
2012.03.28	16:00:00	1.26914	1.27038	1.26818	1.26966	14100	0	60
2012.03.28	20:00:00	1.26965	1.27070	1.26839	1.26931	6716	0	200
2012.03.29	00:00:00	1.26934	1.27046	1.26589	1.26652	7431	0	300
2012.03.29	04:00:00	1.26653	1.26873	1.26630	1.26867	8148	0	200
2012.03.29	08:00:00	1.26868	1.26926	1.26612	1.26695	13764	0	200
2012.03.29	12:00:00	1.26691	1.26992	1.26674	1.26898	13615	0	200
2012.03.29	16:00:00	1.26899	1.26992	1.26781	1.26964	12823	0	200
2012.03.29	20:00:00	1.26953	1.26963	1.26747	1.26857	7900	0	220
2012.03.30	00:00:00	1.26858	1.26899	1.26771	1.26862	8605	0	300
2012.03.30	04:00:00	1.26863	1.26881	1.26688	1.26748	7927	0	200
2012.03.30	08:00:00	1.26747	1.26819	1.26425	1.26500	12572	0	200
2012.03.30	12:00:00	1.26499	1.26548	1.26160	1.26201	12572	0	60
2012.03.30	16:00:00	1.26202	1.26426	1.26178	1.26421	11496	0	60
2012.03.30	20:00:00	1.26422	1.26474	1.25879	1.25941	5351	0	200
2012.04.02	00:00:00	1.26644	1.26916	1.26514	1.26840	8167	0	200
2012.04.02	04:00:00	1.26844	1.26890	1.26679	1.26797	6958	0	60
2012.04.02	08:00:00	1.26795	1.26935	1.26600	1.26725	12706	0	60
2012.04.02	12:00:00	1.26724	1.26732	1.26492	1.26571	12174	0	60
2012.04.02	16:00:00	1.26571	1.26647	1.26420	1.26468	13510	0	60
2012.04.02	20:00:00	1.26475	1.26482	1.26259	1.26259	5896	0	72
2012.04.03	00:00:00	1.26263	1.26400	1.26181	1.26325	7214	0	200
2012.04.03	04:00:00	1.26326	1.26788	1.26098	1.26222	10519	0	60
2012.04.03	08:00:00	1.26223	1.26256	1.26131	1.26247	14037	0	60
2012.04.03	12:00:00	1.26238	1.26280	1.25950	1.25969	14055	0	60
2012.04.03	16:00:00	1.25972	1.25972	1.25801	1.25838	12513	0	60
2012.04.03	20:00:00	1.25818	1.26100	1.25733	1.25940	11350	0	84
2012.04.04	00:00:00	1.25941	1.26137	1.25681	1.25757	8698	0	200
2012.04.04	04:00:00	1.25758	1.25882	1.25692	1.25763	8819	0	60
2012.04.04	08:00:00	1.25765	1.26185	1.25756	1.26005	15396	0	10
2012.04.04	12:00:00	1.26005	1.26237	1.25907	1.26003	16771	0	60
2012.04.04	16:00:00	1.26005	1.26157	1.25819	1.25942	14018	0	60
2012.04.04	20:00:00	1.25913	1.25941	1.25767	1.25922	6486	0	138
2012.04.05	00:00:00	1.25932	1.25996	1.25713	1.25806	6971	0	200
2012.04.05	04:00:00	1.25804	1.26085	1.25784	1.26067	8433	0	60
2012.04.05	08:00:00	1.26066	1.26176	1.25896	1.26170	14744	0	60
2012.04.05	12:00:00	1.26173	1.26396	1.26028	1.26322	15303	0	60
2012.04.05	16:00:00	1.26323	1.26327	1.26112	1.26140	12840	0	60
2012.04.05	20:00:00	1.26147	1.26256	1.25996	1.26179	5462	0	62
2012.04.06	00:00:00	1.26180	1.26196	1.26003	1.26145	4157	0	200
2012.04.06	04:00:00	1.26146	1.26253	1.26105	1.26205	3964	0	60
2012.04.06	08:00:00	1.26181	1.26238	1.26079	1.26169	4758	0	60
2012.04.06	12:00:00	1.26148	1.26256	1.25651	1.25773	10279	0	60
2012.04.06	16:00:00	1.25758	1.26008	1.25682	1.25794	7387	0	60
2012.04.06	20:00:00	1.25788	1.25814	1.25495	1.25624	3680	0	86
2012.04.09	00:00:00	1.25642	1.25894	1.25578	1.25825	6441	0	200
2012.04.09	04:00:00	1.25826	1.25858	1.25661	1.25695	5227	0	60
2012.04.09	08:00:00	1.25689	1.25758	1.25650	1.25742	5519	0	60
2012.04.09	12:00:00	1.25756	1.25761	1.25515	1.25639	7341	0	60
2012.04.09	16:00:00	1.25638	1.25646	1.25313	1.25360	10364	0	60
2012.04.09	20:00:00	1.25355	1.25516	1.25273	1.25367	5422	0	77
2012.04.10	00:00:00	1.25369	1.25765	1.25313	1.25651	7048	0	200
2012.04.10	04:00:00	1.25652	1.25707	1.25449	1.25664	9629	0	60
2012.04.10	08:00:00	1.25663	1.25901	1.25455	1.25783	13822	0	60
2012.04.10	12:00:00	1.25784	1.25965	1.25750	1.25847	13374	0	60
2012.04.10	16:00:00	1.25846	1.26229	1.25830	1.26020	15861	0	60
2012.04.10	20:00:00	1.26018	1.26075	1.25409	1.25642	8696	0	72
2012.04.11	00:00:00	1.25639	1.25778	1.25498	1.25567	7537	0	200
2012.04.11	04:00:00	1.25569	1.25883	1.25568	1.25821	8302	0	60
2012.04.11	08:00:00	1.25827	1.25973	1.25799	1.25818	14545	0	60
2012.04.11	12:00:00	1.25809	1.25829	1.25641	1.25704	13948	0	60
2012.04.11	16:00:00	1.25705	1.25976	1.25632	1.25918	13056	0	60
2012.04.11	20:00:00	1.25908	1.25981	1.25757	1.25812	6726	0	101
2012.04.12	00:00:00	1.25813	1.26393	1.25674	1.26353	7562	0	200
2012.04.12	04:00:00	1.26352	1.26597	1.26314	1.26529	8974	0	60
2012.04.12	08:00:00	1.26530	1.26583	1.26378	1.26432	14629	0	60
2012.04.12	12:00:00	1.26434	1.26637	1.26182	1.26248	15656	0	60
2012.04.12	16:00:00	1.26250	1.26290	1.26102	1.26137	14477	0	60
2012.04.12	20:00:00	1.26136	1.26138	1.25978	1.26039	6011	0	78
2012.04.13	00:00:00	1.26032	1.26032	1.25332	1.25506	7382	0	200
2012.04.13	04:00:00	1.25500	1.25500	1.25110	1.25211	9869	0	60
2012.04.13	08:00:00	1.25210	1.25426	1.25175	1.25274	14540	0	60
2012.04.13	12:00:00	1.25276	1.25621	1.25232	1.25561	15058	0	60
2012.04.13	16:00:00	1.25558	1.25857	1.25469	1.25822	13938	0	60
2012.04.13	20:00:00	1.25824	1.25934	1.25712	1.25934	5286	0	72
2012.04.16	00:00:00	1.25777	1.25890	1.25686	1.25765	8851	0	200
2012.04.16	04:00:00	1.25768	1.25893	1.25704	1.25884	7674	0	60
2012.04.16	08:00:00	1.25886	1.26586	1.25843	1.26427	14632	0	60
2012.04.16	12:00:00	1.26427	1.26533	1.26293	1.26351	13904	0	60
2012.04.16	16:00:00	1.26350	1.26422	1.26139	1.26294	14876	0	60
2012.04.16	20:00:00	1.26295	1.26316	1.26025	1.26185	7154	0	75
2012.04.17	00:00:00	1.26195	1.26458	1.26163	1.26439	6626	0	200
2012.04.17	04:00:00	1.26440	1.26608	1.26392	1.26426	7784	0	60
2012.04.17	08:00:00	1.26422	1.26545	1.26325	1.26487	13599	0	60
2012.04.17	12:00:00	1.26484	1.26663	1.26453	1.26649	13860	0	60
2012.04.17	16:00:00	1.26648	1.26806	1.26426	1.26557	12927	0	60
2012.04.17	20:00:00	1.26556	1.26556	1.26333	1.26443	5962	0	72
2012.04.18	00:00:00	1.26445	1.26561	1.26411	1.26440	6513	0	200
2012.04.18	04:00:00	1.26441	1.26568	1.26410	1.26517	7225	0	60
2012.04.18	08:00:00	1.26531	1.26595	1.26440	1.26539	13833	0	60
2012.04.18	12:00:00	1.26540	1.26897	1.26490	1.26875	14370	0	60
2012.04.18	16:00:00	1.26877	1.26905	1.26743	1.26805	12614	0	60
2012.04.18	20:00:00	1.26813	1.26886	1.26683	1.26874	7030	0	60
2012.04.19	00:00:00	1.26876	1.26885	1.26597	1.26619	8082	0	200
2012.04.19	04:00:00	1.26617	1.26875	1.26566	1.26843	7089	0	60
2012.04.19	08:00:00	1.26845	1.26892	1.26708	1.26797	14556	0	60
2012.04.19	12:00:00	1.26796	1.26896	1.26596	1.26667	15503	0	60
2012.04.19	16:00:00	1.26663	1.26980	1.26563	1.26959	15487	0	60
2012.04.19	20:00:00	1.26958	1.26962	1.26773	1.26790	7007	0	72
2012.04.20	00:00:00	1.26788	1.26927	1.26768	1.26829	6179	0	200
2012.04.20	04:00:00	1.26828	1.27075	1.26776	1.27055	7131	0	60
2012.04.20	08:00:00	1.27056	1.27156	1.26832	1.26974	14151	0	60
2012.04.20	12:00:00	1.26973	1.27164	1.26938	1.27162	13731	0	60
2012.04.20	16:00:00	1.27161	1.27165	1.26792	1.26848	11697	0	60
2012.04.20	20:00:00	1.26833	1.26837	1.26627	1.26629	4320	0	80
2012.04.23	00:00:00	1.26792	1.26844	1.26491	1.26509	6531	0	200
2012.04.23	04:00:00	1.26510	1.26754	1.26464	1.26734	5939	0	60
2012.04.23	08:00:00	1.26733	1.27038	1.26566	1.26810	13245	0	60
2012.04.23	12:00:00	1.26811	1.26909	1.26747	1.26883	13460	0	60
2012.04.23	16:00:00	1.26880	1.26973	1.26792	1.26839	11890	0	60
2012.04.23	20:00:00	1.26840	1.26981	1.26610	1.26762	6605	0	82
2012.04.24	00:00:00	1.26757	1.26931	1.26183	1.26262	7284	0	200
2012.04.24	04:00:00	1.26261	1.26384	1.26115	1.26349	9293	0	60
2012.04.24	08:00:00	1.26357	1.26633	1.26245	1.26616	13729	0	60
2012.04.24	12:00:00	1.26603	1.26628	1.26412	1.26510	13768	0	60
2012.04.24	16:00:00	1.26509	1.26918	1.26446	1.26787	12678	0	60
2012.04.24	20:00:00	1.26774	1.26895	1.26644	1.26854	7384	0	101
2012.04.25	00:00:00	1.26847	1.26927	1.26820	1.26835	5959	0	200
2012.04.25	04:00:00	1.26836	1.27126	1.26805	1.27077	5763	0	60
2012.04.25	08:00:00	1.27079	1.27235	1.26953	1.27000	13247	0	60
2012.04.25	12:00:00	1.27001	1.27156	1.26832	1.27112	13161	0	60
2012.04.25	16:00:00	1.27113	1.27175	1.26956	1.27096	13709	0	60
2012.04.25	20:00:00	1.27092	1.27349	1.26749	1.26855	9747	0	86
2012.04.26	00:00:00	1.26856	1.27087	1.26819	1.27043	6755	0	200
2012.04.26	04:00:00	1.27042	1.27102	1.26948	1.27078	6519	0	60
2012.04.26	08:00:00	1.27079	1.27112	1.26785	1.26993	14243	0	60
2012.04.26	12:00:00	1.26972	1.27321	1.26856	1.27319	13781	0	60
2012.04.26	16:00:00	1.27316	1.27669	1.27250	1.27529	12159	0	60
2012.04.26	20:00:00	1.27530	1.27552	1.27276	1.27422	7573	0	72
2012.04.27	00:00:00	1.27419	1.27524	1.27334	1.27479	6723	0	200
2012.04.27	04:00:00	1.27477	1.27771	1.27440	1.27664	8553	0	60
2012.04.27	08:00:00	1.27663	1.27790	1.27545	1.27652	14739	0	60
2012.04.27	12:00:00	1.27627	1.27684	1.27341	1.27442	14629	0	60
2012.04.27	16:00:00	1.27444	1.27530	1.27120	1.27243	12435	0	60
2012.04.27	20:00:00	1.27241	1.27280	1.27056	1.27203	4371	0	80
2012.04.30	00:00:00	1.27014	1.27178	1.26829	1.27043	5832	0	200
2012.04.30	04:00:00	1.27045	1.27188	1.26999	1.27139	5188	0	60
2012.04.30	08:00:00	1.27138	1.27214	1.27068	1.27103	12444	0	60
2012.04.30	12:00:00	1.27080	1.27179	1.27026	1.27097	12726	0	60
2012.04.30	16:00:00	1.27103	1.27468	1.26935	1.27432	11848	0	60
2012.04.30	20:00:00	1.27411	1.27413	1.27240	1.27301	5213	0	102
2012.05.01	00:00:00	1.27303	1.27342	1.27205	1.27306	5021	0	200
2012.05.01	04:00:00	1.27309	1.27451	1.26601	1.26696	9773	0	60
2012.05.01	08:00:00	1.26687	1.26933	1.26643	1.26796	10263	0	60
2012.05.01	12:00:00	1.26819	1.26953	1.26762	1.26916	9050	0	60
2012.05.01	16:00:00	1.26914	1.27023	1.26664	1.26676	10149	0	60
2012.05.01	20:00:00	1.26664	1.26732	1.26505	1.26686	5170	0	72
2012.05.02	00:00:00	1.26687	1.27024	1.26645	1.26950	6185	0	200
2012.05.02	04:00:00	1.26949	1.27011	1.26850	1.26905	7212	0	60
2012.05.02	08:00:00	1.26908	1.27051	1.26814	1.26979	13708	0	60
2012.05.02	12:00:00	1.26978	1.27134	1.26943	1.27034	14047	0	60
2012.05.02	16:00:00	1.27034	1.27425	1.26948	1.27411	12263	0	60
2012.05.02	20:00:00	1.27412	1.27585	1.27238	1.27571	5593	0	75
2012.05.03	00:00:00	1.27572	1.28153	1.27487	1.27674	8234	0	200
2012.05.03	04:00:00	1.27675	1.27820	1.27623	1.27809	6849	0	60
2012.05.03	08:00:00	1.27808	1.28261	1.27749	1.28073	14234	0	60
2012.05.03	12:00:00	1.28081	1.28225	1.28000	1.28073	14493	0	60
2012.05.03	16:00:00	1.28073	1.28237	1.28030	1.28156	12382	0	60
2012.05.03	20:00:00	1.28158	1.28272	1.28064	1.28163	6141	0	75
2012.05.04	00:00:00	1.28161	1.28191	1.27920	1.28086	5955	0	200
2012.05.04	04:00:00	1.28085	1.28280	1.27994	1.28209	6813	0	60
2012.05.04	08:00:00	1.28208	1.28476	1.28116	1.28300	12060	0	60
2012.05.04	12:00:00	1.28302	1.28394	1.28119	1.28197	15576	0	60
2012.05.04	16:00:00	1.28196	1.28294	1.28012	1.28123	13291	0	60
2012.05.04	20:00:00	1.28120	1.28126	1.27752	1.27877	4674	0	72
2012.05.07	00:00:00	1.27857	1.27950	1.27601	1.27808	11244	0	200
2012.05.07	04:00:00	1.27809	1.28088	1.27790	1.28005	7215	0	60
2012.05.07	08:00:00	1.28010	1.28165	1.27897	1.28066	12652	0	60
2012.05.07	12:00:00	1.28067	1.28095	1.27915	1.28092	11727	0	60
2012.05.07	16:00:00	1.28086	1.28281	1.28027	1.28262	11428	0	60
2012.05.07	20:00:00	1.28261	1.28306	1.28118	1.28192	5722	0	60
2012.05.08	00:00:00	1.28193	1.28293	1.28019	1.28285	7834	0	200
2012.05.08	04:00:00	1.28283	1.28424	1.28180	1.28382	6740	0	60
2012.05.08	08:00:00	1.28379	1.28444	1.28257	1.28340	14185	0	60
2012.05.08	12:00:00	1.28339	1.28386	1.28168	1.28287	14885	0	60
2012.05.08	16:00:00	1.28287	1.28514	1.28206	1.28443	14321	0	60
2012.05.08	20:00:00	1.28447	1.28449	1.28197	1.28260	7509	0	72
2012.05.09	00:00:00	1.28259	1.28501	1.28150	1.28211	8453	0	200
2012.05.09	04:00:00	1.28215	1.28228	1.28054	1.28154	9355	0	60
2012.05.09	08:00:00	1.28153	1.28250	1.28038	1.28083	15077	0	60
2012.05.09	12:00:00	1.28076	1.28223	1.28046	1.28222	14465	0	60
2012.05.09	16:00:00	1.28224	1.28357	1.27971	1.28177	15824	0	60
2012.05.09	20:00:00	1.28190	1.28190	1.27948	1.28016	7532	0	60
2012.05.10	00:00:00	1.28020	1.28459	1.27916	1.28416	8317	0	200
2012.05.10	04:00:00	1.28415	1.28491	1.28153	1.28442	11298	0	60
2012.05.10	08:00:00	1.28440	1.28468	1.28203	1.28380	15207	0	60
2012.05.10	12:00:00	1.28394	1.28429	1.28296	1.28412	15185	0	60
2012.05.10	16:00:00	1.28409	1.28539	1.28389	1.28445	13274	0	60
2012.05.10	20:00:00	1.28448	1.28450	1.28158	1.28221	8163	0	60
2012.05.11	00:00:00	1.28222	1.28334	1.28120	1.28254	8800	0	200
2012.05.11	04:00:00	1.28252	1.28320	1.28112	1.28179	8732	0	60
2012.05.11	08:00:00	1.28178	1.28243	1.27970	1.28053	15243	0	60
2012.05.11	12:00:00	1.28052	1.28112	1.27853	1.28078	15033	0	60
2012.05.11	16:00:00	1.28076	1.28150	1.27694	1.27737	13228	0	60
2012.05.11	20:00:00	1.27707	1.28054	1.27637	1.27911	5541	0	60
2012.05.14	00:00:00	1.28039	1.28291	1.27993	1.28028	7526	0	200
2012.05.14	04:00:00	1.28029	1.28236	1.27901	1.28182	6897	0	60
2012.05.14	08:00:00	1.28177	1.28381	1.28079	1.28256	13059	0	60
2012.05.14	12:00:00	1.28252	1.28414	1.28165	1.28268	11964	0	60
2012.05.14	16:00:00	1.28267	1.28338	1.28110	1.28154	11321	0	60
2012.05.14	20:00:00	1.28155	1.28166	1.27978	1.28034	5968	0	77
2012.05.15	00:00:00	1.28035	1.28304	1.28035	1.28181	7057	0	200
2012.05.15	04:00:00	1.28182	1.28390	1.28181	1.28301	7398	0	60
2012.05.15	08:00:00	1.28299	1.28819	1.28238	1.28809	13308	0	60
2012.05.15	12:00:00	1.28808	1.29099	1.28719	1.29029	13855	0	60
2012.05.15	16:00:00	1.29028	1.29180	1.28847	1.29137	12116	0	60
2012.05.15	20:00:00	1.29130	1.29139	1.28891	1.29086	7470	0	82
2012.05.16	00:00:00	1.29087	1.29387	1.29061	1.29325	7268	0	200
2012.05.16	04:00:00	1.29327	1.29517	1.29138	1.29177	8851	0	60
2012.05.16	08:00:00	1.29173	1.29680	1.29119	1.29668	16096	0	60
2012.05.16	12:00:00	1.29666	1.29694	1.29431	1.29598	14794	0	60
2012.05.16	16:00:00	1.29612	1.29851	1.29542	1.29553	14143	0	60
2012.05.16	20:00:00	1.29553	1.29647	1.29474	1.29583	7026	0	75
2012.05.17	00:00:00	1.29581	1.29664	1.29413	1.29427	6823	0	200
2012.05.17	04:00:00	1.29425	1.29739	1.29423	1.29701	7644	0	60
2012.05.17	08:00:00	1.29702	1.29853	1.29617	1.29705	12383	0	60
2012.05.17	12:00:00	1.29702	1.29950	1.29592	1.29825	15039	0	60
2012.05.17	16:00:00	1.29825	1.29961	1.29429	1.29560	16392	0	60
2012.05.17	20:00:00	1.29560	1.29586	1.29259	1.29443	7506	0	80
2012.05.18	00:00:00	1.29442	1.29644	1.29107	1.29593	9150	0	200
2012.05.18	04:00:00	1.29592	1.29804	1.29557	1.29759	10525	0	60
2012.05.18	08:00:00	1.29758	1.30069	1.29617	1.29826	15880	0	60
2012.05.18	12:00:00	1.29823	1.30085	1.29804	1.30046	14787	0	60
2012.05.18	16:00:00	1.30043	1.30443	1.29978	1.30397	16890	0	60
2012.05.18	20:00:00	1.30398	1.30407	1.29944	1.29969	7973	0	60
2012.05.21	00:00:00	1.29986	1.30069	1.29654	1.29728	9529	0	200
2012.05.21	04:00:00	1.29725	1.29787	1.29622	1.29731	7950	0	60
2012.05.21	08:00:00	1.29730	1.30083	1.29673	1.29937	14924	0	60
2012.05.21	12:00:00	1.29935	1.29963	1.29652	1.29777	14165	0	60
2012.05.21	16:00:00	1.29772	1.29865	1.29406	1.29480	14415	0	60
2012.05.21	20:00:00	1.29474	1.29591	1.29376	1.29522	8090	0	90
2012.05.22	00:00:00	1.29519	1.29521	1.29140	1.29157	7811	0	200
2012.05.22	04:00:00	1.29156	1.29412	1.29097	1.29299	7791	0	60
2012.05.22	08:00:00	1.29312	1.29763	1.29272	1.29749	16743	0	60
2012.05.22	12:00:00	1.29746	1.29903	1.29537	1.29542	15282	0	60
2012.05.22	16:00:00	1.29540	1.29904	1.29515	1.29802	14631	0	60
2012.05.22	20:00:00	1.29806	1.30070	1.29626	1.29727	9205	0	60
2012.05.23	00:00:00	1.29729	1.30049	1.29576	1.29958	9387	0	200
2012.05.23	04:00:00	1.29959	1.29983	1.29743	1.29889	8240	0	60
2012.05.23	08:00:00	1.29884	1.30362	1.29846	1.30102	16753	0	60
2012.05.23	12:00:00	1.30101	1.30139	1.29871	1.30033	15491	0	60
2012.05.23	16:00:00	1.30032	1.30157	1.29704	1.29748	19434	0	60
2012.05.23	20:00:00	1.29744	1.29841	1.29618	1.29687	10775	0	72
2012.05.24	00:00:00	1.29686	1.29794	1.29599	1.29778	9216	0	200
2012.05.24	04:00:00	1.29779	1.29903	1.29579	1.29700	9066	0	60
2012.05.24	08:00:00	1.29702	1.29812	1.29583	1.29685	17138	0	60
2012.05.24	12:00:00	1.29687	1.29757	1.29454	1.29669	18371	0	60
2012.05.24	16:00:00	1.29670	1.29785	1.29446	1.29648	16911	0	60
2012.05.24	20:00:00	1.29647	1.29693	1.29332	1.29365	8970	0	72
2012.05.25	00:00:00	1.29366	1.29499	1.29253	1.29268	7545	0	200
2012.05.25	04:00:00	1.29266	1.29489	1.29162	1.29265	10058	0	60
2012.05.25	08:00:00	1.29264	1.29356	1.29210	1.29233	15172	0	21
2012.05.25	12:00:00	1.29236	1.29427	1.29087	1.29164	17022	0	60
2012.05.25	16:00:00	1.29162	1.29511	1.29152	1.29399	13932	0	60
2012.05.25	20:00:00	1.29403	1.29532	1.29233	1.29233	5579	0	60
2012.05.28	00:00:00	1.29164	1.29338	1.29055	1.29141	8976	0	200
2012.05.28	04:00:00	1.29139	1.29385	1.29114	1.29329	8355	0	60
2012.05.28	08:00:00	1.29328	1.29414	1.29244	1.29324	13648	0	60
2012.05.28	12:00:00	1.29289	1.29406	1.29210	1.29357	10601	0	60
2012.05.28	16:00:00	1.29358	1.29547	1.29269	1.29355	8314	0	60
2012.05.28	20:00:00	1.29350	1.29413	1.29142	1.29262	3647	0	84
2012.05.29	00:00:00	1.29261	1.29335	1.29189	1.29258	7949	0	200
2012.05.29	04:00:00	1.29259	1.29465	1.29212	1.29409	8656	0	60
2012.05.29	08:00:00	1.29410	1.29548	1.29329	1.29434	16267	0	60
2012.05.29	12:00:00	1.29434	1.29492	1.29244	1.29273	14721	0	60
2012.05.29	16:00:00	1.29274	1.29304	1.29021	1.29069	17226	0	60
2012.05.29	20:00:00	1.29052	1.29107	1.28911	1.29023	8580	0	75
2012.05.30	00:00:00	1.29024	1.29174	1.28707	1.28742	9039	0	200
2012.05.30	04:00:00	1.28739	1.28832	1.28660	1.28675	8034	0	60
2012.05.30	08:00:00	1.28658	1.28871	1.28557	1.28834	15505	0	36
2012.05.30	12:00:00	1.28836	1.28943	1.28727	1.28807	16994	0	60
2012.05.30	16:00:00	1.28808	1.28976	1.28712	1.28860	15274	0	60
2012.05.30	20:00:00	1.28861	1.28877	1.28691	1.28864	7675	0	82
2012.05.31	00:00:00	1.28865	1.28998	1.28735	1.28781	10003	0	200
2012.05.31	04:00:00	1.28782	1.28868	1.28694	1.28722	9717	0	60
2012.05.31	08:00:00	1.28719	1.28876	1.28571	1.28856	15669	0	60
2012.05.31	12:00:00	1.28854	1.29062	1.28834	1.28936	15401	0	60
2012.05.31	16:00:00	1.28938	1.29121	1.28812	1.29112	17411	0	60
2012.05.31	20:00:00	1.29090	1.29218	1.28997	1.29058	8422	0	120
2012.06.01	00:00:00	1.29054	1.29146	1.28670	1.28761	9351	0	200
2012.06.01	04:00:00	1.28762	1.28878	1.28677	1.28847	9373	0	60
2012.06.01	08:00:00	1.28846	1.28905	1.28721	1.28795	16187	0	60
2012.06.01	12:00:00	1.28796	1.28807	1.28304	1.28400	19779	0	60
2012.06.01	16:00:00	1.28407	1.28578	1.28295	1.28464	17439	0	60
2012.06.01	20:00:00	1.28463	1.28581	1.28228	1.28430	8791	0	80
2012.06.04	00:00:00	1.28417	1.28522	1.28193	1.28195	9645	0	200
2012.06.04	04:00:00	1.28196	1.28362	1.28134	1.28297	8156	0	60
2012.06.04	08:00:00	1.28298	1.28371	1.28125	1.28134	12429	0	60
2012.06.04	12:00:00	1.28130	1.28379	1.28111	1.28339	15153	0	60
2012.06.04	16:00:00	1.28338	1.28485	1.28240	1.28461	15324	0	60
2012.06.04	20:00:00	1.28469	1.28541	1.28345	1.28495	8033	0	60
2012.06.05	00:00:00	1.28494	1.28562	1.28196	1.28529	8492	0	200
2012.06.05	04:00:00	1.28528	1.29051	1.28298	1.29013	10949	0	60
2012.06.05	08:00:00	1.29015	1.29154	1.28878	1.29131	17161	0	60
2012.06.05	12:00:00	1.29131	1.29178	1.28993	1.29072	16433	0	60
2012.06.05	16:00:00	1.29074	1.29147	1.28679	1.28831	15148	0	60
2012.06.05	20:00:00	1.28832	1.28835	1.28602	1.28704	7038	0	72
2012.06.06	00:00:00	1.28710	1.29258	1.28590	1.29203	9923	0	200
2012.06.06	04:00:00	1.29204	1.29279	1.29104	1.29210	10774	0	60
2012.06.06	08:00:00	1.29209	1.29261	1.28910	1.29120	16744	0	60
2012.06.06	12:00:00	1.29121	1.29439	1.29068	1.29292	17503	0	60
2012.06.06	16:00:00	1.29290	1.29301	1.28832	1.28850	16015	0	60
2012.06.06	20:00:00	1.28854	1.28854	1.28639	1.28678	8519	0	76
2012.06.07	00:00:00	1.28681	1.29156	1.28266	1.29105	9901	0	200
2012.06.07	04:00:00	1.29104	1.29159	1.28959	1.29076	9612	0	60
2012.06.07	08:00:00	1.29076	1.29173	1.28871	1.28961	15114	0	60
2012.06.07	12:00:00	1.28964	1.29126	1.28887	1.28949	17155	0	60
2012.06.07	16:00:00	1.28951	1.28994	1.28670	1.28849	17274	0	60
2012.06.07	20:00:00	1.28848	1.28971	1.28589	1.28876	8342	0	60
2012.06.08	00:00:00	1.28875	1.29055	1.28780	1.28990	9709	0	200
2012.06.08	04:00:00	1.28988	1.29216	1.28920	1.29127	10708	0	60
2012.06.08	08:00:00	1.29130	1.29163	1.28747	1.28849	17135	0	60
2012.06.08	12:00:00	1.28860	1.28902	1.28734	1.28745	15688	0	60
2012.06.08	16:00:00	1.28750	1.28754	1.28488	1.28490	14675	0	60
2012.06.08	20:00:00	1.28488	1.28685	1.28434	1.28629	6950	0	72
2012.06.11	00:00:00	1.28456	1.28556	1.28297	1.28308	9225	0	200
2012.06.11	04:00:00	1.28309	1.28475	1.28265	1.28410	6029	0	60
2012.06.11	08:00:00	1.28411	1.28571	1.28354	1.28566	15197	0	60
2012.06.11	12:00:00	1.28565	1.28668	1.28464	1.28482	14565	0	60
2012.06.11	16:00:00	1.28480	1.28534	1.28180	1.28221	16024	0	60
2012.06.11	20:00:00	1.28233	1.28297	1.28104	1.28250	8280	0	60
2012.06.12	00:00:00	1.28251	1.28412	1.28175	1.28201	7994	0	200
2012.06.12	04:00:00	1.28202	1.28325	1.28132	1.28154	8319	0	60
2012.06.12	08:00:00	1.28140	1.28294	1.27812	1.27869	15910	0	60
2012.06.12	12:00:00	1.27854	1.28003	1.27688	1.27929	15790	0	60
2012.06.12	16:00:00	1.27928	1.28034	1.27793	1.27920	16788	0	60
2012.06.12	20:00:00	1.27920	1.28072	1.27826	1.28032	8400	0	72
2012.06.13	00:00:00	1.28033	1.28052	1.27847	1.28027	7593	0	200
2012.06.13	04:00:00	1.28026	1.28068	1.27899	1.28032	6980	0	60
2012.06.13	08:00:00	1.28033	1.28057	1.27815	1.27961	15757	0	60
2012.06.13	12:00:00	1.27959	1.28119	1.27907	1.27923	15485	0	60
2012.06.13	16:00:00	1.27923	1.28231	1.27921	1.28085	15994	0	60
2012.06.13	20:00:00	1.28086	1.28471	1.28007	1.28035	9972	0	60
2012.06.14	00:00:00	1.28036	1.28161	1.27884	1.28066	6505	0	200
2012.06.14	04:00:00	1.28064	1.28165	1.27977	1.28032	7413	0	60
2012.06.14	08:00:00	1.28030	1.28097	1.27820	1.27886	14938	0	60
2012.06.14	12:00:00	1.27887	1.27930	1.27745	1.27812	16008	0	60
2012.06.14	16:00:00	1.27814	1.27991	1.27652	1.27868	14341	0	60
2012.06.14	20:00:00	1.27868	1.28017	1.27770	1.27984	10705	0	72
2012.06.15	00:00:00	1.27983	1.27995	1.27748	1.27826	6481	0	200
2012.06.15	04:00:00	1.27828	1.27928	1.27743	1.27907	7608	0	60
2012.06.15	08:00:00	1.27906	1.27923	1.27674	1.27745	14748	0	60
2012.06.15	12:00:00	1.27747	1.27829	1.27517	1.27617	14850	0	60
2012.06.15	16:00:00	1.27617	1.27762	1.27525	1.27629	13718	0	60
2012.06.15	20:00:00	1.27628	1.28052	1.27464	1.27684	6239	0	75
2012.06.18	00:00:00	1.27878	1.27878	1.27492	1.27586	8575	0	43
2012.06.18	04:00:00	1.27585	1.27662	1.27452	1.27500	7363	0	60
2012.06.18	08:00:00	1.27498	1.27543	1.27301	1.27479	16438	0	60
2012.06.18	12:00:00	1.27480	1.27534	1.27308	1.27351	15668	0	60
2012.06.18	16:00:00	1.27350	1.27839	1.27299	1.27795	16405	0	60
2012.06.18	20:00:00	1.27796	1.27802	1.27553	1.27672	7516	0	72
2012.06.19	00:00:00	1.27671	1.27721	1.27452	1.27513	7031	0	200
2012.06.19	04:00:00	1.27515	1.27834	1.27497	1.27833	6940	0	60
2012.06.19	08:00:00	1.27832	1.27994	1.27516	1.27679	16501	0	60
2012.06.19	12:00:00	1.27678	1.27817	1.27546	1.27780	14968	0	60
2012.06.19	16:00:00	1.27781	1.27874	1.27570	1.27677	14802	0	60
2012.06.19	20:00:00	1.27687	1.27687	1.27517	1.27595	8159	0	60
2012.06.20	00:00:00	1.27596	1.27900	1.27574	1.27864	7632	0	200
2012.06.20	04:00:00	1.27863	1.28070	1.27838	1.28061	6185	0	60
2012.06.20	08:00:00	1.28070	1.28179	1.27781	1.27840	15153	0	60
2012.06.20	12:00:00	1.27828	1.27982	1.27724	1.27967	14550	0	32
2012.06.20	16:00:00	1.27968	1.28160	1.27784	1.28093	18444	0	60
2012.06.20	20:00:00	1.28094	1.28094	1.27778	1.27853	11191	0	94
2012.06.21	00:00:00	1.27854	1.27929	1.27193	1.27472	8441	0	200
2012.06.21	04:00:00	1.27473	1.27571	1.27295	1.27309	9425	0	60
2012.06.21	08:00:00	1.27296	1.27356	1.27130	1.27350	15971	0	60
2012.06.21	12:00:00	1.27346	1.27410	1.27134	1.27136	16376	0	60
2012.06.21	16:00:00	1.27137	1.27552	1.27039	1.27456	18423	0	60
2012.06.21	20:00:00	1.27429	1.27586	1.27358	1.27532	10197	0	125
2012.06.22	00:00:00	1.27529	1.27529	1.27373	1.27472	6705	0	200
2012.06.22	04:00:00	1.27468	1.27641	1.27391	1.27456	7205	0	60
2012.06.22	08:00:00	1.27456	1.27656	1.27247	1.27340	15719	0	60
2012.06.22	12:00:00	1.27341	1.27394	1.27141	1.27149	15461	0	60
2012.06.22	16:00:00	1.27148	1.27259	1.27090	1.27152	14268	0	60
2012.06.22	20:00:00	1.27151	1.27312	1.27067	1.27165	6033	0	72
2012.06.25	00:00:00	1.27273	1.27435	1.27121	1.27289	6746	0	51
2012.06.25	04:00:00	1.27288	1.27423	1.27251	1.27339	6149	0	60
2012.06.25	08:00:00	1.27336	1.27378	1.27041	1.27092	14564	0	60
2012.06.25	12:00:00	1.27087	1.27257	1.27031	1.27129	13749	0	60
2012.06.25	16:00:00	1.27133	1.27140	1.26893	1.26979	13974	0	60
2012.06.25	20:00:00	1.26967	1.27044	1.26879	1.26987	7621	0	102
2012.06.26	00:00:00	1.26984	1.27205	1.26848	1.26917	6441	0	200
2012.06.26	04:00:00	1.26916	1.27090	1.26881	1.27005	7101	0	60
2012.06.26	08:00:00	1.27006	1.27060	1.26710	1.26872	15042	0	60
2012.06.26	12:00:00	1.26871	1.27028	1.26838	1.26880	13173	0	60
2012.06.26	16:00:00	1.26878	1.27098	1.26848	1.27065	15175	0	60
2012.06.26	20:00:00	1.27066	1.27183	1.26983	1.27104	7658	0	72
2012.06.27	00:00:00	1.27108	1.27300	1.27089	1.27208	6222	0	200
2012.06.27	04:00:00	1.27207	1.27387	1.27190	1.27360	6301	0	60
2012.06.27	08:00:00	1.27362	1.27478	1.27261	1.27448	12745	0	60
2012.06.27	12:00:00	1.27451	1.27670	1.27384	1.27508	13909	0	60
2012.06.27	16:00:00	1.27507	1.27544	1.27219	1.27283	13761	0	60
2012.06.27	20:00:00	1.27281	1.27288	1.27137	1.27218	6701	0	78
2012.06.28	00:00:00	1.27220	1.27301	1.27104	1.27223	7180	0	200
2012.06.28	04:00:00	1.27224	1.27257	1.27042	1.27149	8095	0	60
2012.06.28	08:00:00	1.27147	1.27346	1.27094	1.27298	14882	0	60
2012.06.28	12:00:00	1.27297	1.27408	1.27180	1.27329	15441	0	60
2012.06.28	16:00:00	1.27328	1.27571	1.27267	1.27484	14671	0	60
2012.06.28	20:00:00	1.27481	1.27486	1.27272	1.27346	8575	0	75
2012.06.29	00:00:00	1.27345	1.27602	1.27286	1.27516	7287	0	200
2012.06.29	04:00:00	1.27514	1.27697	1.27455	1.27673	14576	0	60
2012.06.29	08:00:00	1.27673	1.27773	1.27326	1.27433	16899	0	60
2012.06.29	12:00:00	1.27440	1.27670	1.27408	1.27559	16368	0	60
2012.06.29	16:00:00	1.27560	1.27708	1.27355	1.27597	14264	0	60
2012.06.29	20:00:00	1.27596	1.27941	1.27526	1.27707	6989	0	75
2012.07.02	00:00:00	1.27925	1.27948	1.27522	1.27548	6702	0	200
2012.07.02	04:00:00	1.27550	1.27644	1.27438	1.27633	6157	0	60
2012.07.02	08:00:00	1.27632	1.27736	1.27526	1.27602	14368	0	60
2012.07.02	12:00:00	1.27601	1.27713	1.27507	1.27536	13899	0	60
2012.07.02	16:00:00	1.27525	1.27706	1.27388	1.27450	13732	0	60
2012.07.02	20:00:00	1.27449	1.27608	1.27348	1.27551	6499	0	60
2012.07.03	00:00:00	1.27552	1.27561	1.27322	1.27482	6908	0	200
2012.07.03	04:00:00	1.27483	1.27656	1.27334	1.27586	9059	0	60
2012.07.03	08:00:00	1.27587	1.27800	1.27546	1.27727	13840	0	60
2012.07.03	12:00:00	1.27728	1.27925	1.27651	1.27695	12366	0	60
2012.07.03	16:00:00	1.27697	1.27862	1.27568	1.27814	11918	0	60
2012.07.03	20:00:00	1.27823	1.28023	1.27663	1.27815	3978	0	60
2012.07.04	00:00:00	1.27819	1.27905	1.27615	1.27853	6400	0	200
2012.07.04	04:00:00	1.27854	1.27868	1.27708	1.27784	6939	0	60
2012.07.04	08:00:00	1.27782	1.27961	1.27741	1.27790	11780	0	60
2012.07.04	12:00:00	1.27794	1.27928	1.27760	1.27850	10044	0	60
2012.07.04	16:00:00	1.27890	1.27950	1.27700	1.27775	9122	0	60
2012.07.04	20:00:00	1.27781	1.27821	1.27613	1.27704	4194	0	60
2012.07.05	00:00:00	1.27705	1.27827	1.27562	1.27777	6842	0	200
2012.07.05	04:00:00	1.27776	1.27851	1.27703	1.27807	6251	0	30
2012.07.05	08:00:00	1.27806	1.27913	1.27775	1.27865	12292	0	25
2012.07.05	12:00:00	1.27866	1.28056	1.27785	1.27970	17799	0	60
2012.07.05	16:00:00	1.27967	1.28091	1.27808	1.27996	12820	0	60
2012.07.05	20:00:00	1.27997	1.27998	1.27801	1.27905	5713	0	75
2012.07.06	00:00:00	1.27903	1.27965	1.27722	1.27844	6261	0	200
2012.07.06	04:00:00	1.27845	1.27870	1.27742	1.27829	7182	0	60
2012.07.06	08:00:00	1.27832	1.27992	1.27767	1.27969	12343	0	60
2012.07.06	12:00:00	1.27968	1.28085	1.27825	1.28043	14179	0	60
2012.07.06	16:00:00	1.28043	1.28063	1.27827	1.27924	14201	0	60
2012.07.06	20:00:00	1.27921	1.28008	1.27782	1.27825	6032	0	75
2012.07.09	00:00:00	1.27918	1.27943	1.27752	1.27872	6613	0	50
2012.07.09	04:00:00	1.27870	1.27957	1.27798	1.27888	6375	0	60
2012.07.09	08:00:00	1.27889	1.28094	1.27843	1.27984	12535	0	60
2012.07.09	12:00:00	1.27982	1.28175	1.27949	1.28144	11941	0	60
2012.07.09	16:00:00	1.28143	1.28157	1.27852	1.27941	12485	0	60
2012.07.09	20:00:00	1.27943	1.28177	1.27869	1.28014	6336	0	72
2012.07.10	00:00:00	1.28016	1.28109	1.27984	1.28047	6523	0	200
2012.07.10	04:00:00	1.28046	1.28155	1.27923	1.28127	8324	0	60
2012.07.10	08:00:00	1.28110	1.28367	1.28075	1.28238	13081	0	60
2012.07.10	12:00:00	1.28247	1.28336	1.28151	1.28204	12825	0	60
2012.07.10	16:00:00	1.28203	1.28298	1.28131	1.28165	12689	0	60
2012.07.10	20:00:00	1.28164	1.28313	1.28078	1.28264	7189	0	70
2012.07.11	00:00:00	1.28263	1.28264	1.28141	1.28199	5359	0	200
2012.07.11	04:00:00	1.28200	1.28397	1.28181	1.28323	7285	0	60
2012.07.11	08:00:00	1.28318	1.28584	1.28311	1.28520	13513	0	60
2012.07.11	12:00:00	1.28519	1.28583	1.28454	1.28526	12681	0	60
2012.07.11	16:00:00	1.28525	1.28540	1.28351	1.28433	13301	0	60
2012.07.11	20:00:00	1.28437	1.28595	1.28331	1.28468	8556	0	60
2012.07.12	00:00:00	1.28470	1.28979	1.28295	1.28451	8720	0	200
2012.07.12	04:00:00	1.28452	1.28463	1.28295	1.28367	9075	0	60
2012.07.12	08:00:00	1.28371	1.28634	1.28337	1.28524	13870	0	60
2012.07.12	12:00:00	1.28523	1.28649	1.28330	1.28375	14068	0	60
2012.07.12	16:00:00	1.28379	1.28402	1.28149	1.28257	13986	0	34
2012.07.12	20:00:00	1.28255	1.28409	1.28116	1.28240	7017	0	79
2012.07.13	00:00:00	1.28238	1.28304	1.28133	1.28260	7489	0	200
2012.07.13	04:00:00	1.28261	1.28409	1.28214	1.28362	8470	0	60
2012.07.13	08:00:00	1.28361	1.28402	1.28236	1.28303	12393	0	60
2012.07.13	12:00:00	1.28304	1.28524	1.28278	1.28361	13201	0	60
2012.07.13	16:00:00	1.28362	1.28652	1.28322	1.28605	11151	0	60
2012.07.13	20:00:00	1.28606	1.28606	1.28310	1.28342	5486	0	60
2012.07.16	00:00:00	1.28354	1.28416	1.28238	1.28293	5184	0	200
2012.07.16	04:00:00	1.28294	1.28428	1.28257	1.28385	5212	0	60
2012.07.16	08:00:00	1.28381	1.28526	1.28351	1.28464	9856	0	60
2012.07.16	12:00:00	1.28465	1.28549	1.28397	1.28451	11960	0	60
2012.07.16	16:00:00	1.28453	1.28457	1.28327	1.28388	10895	0	60
2012.07.16	20:00:00	1.28389	1.28455	1.28250	1.28363	6064	0	60
2012.07.17	00:00:00	1.28362	1.28649	1.28279	1.28589	7343	0	200
2012.07.17	04:00:00	1.28588	1.28868	1.28585	1.28780	7940	0	60
2012.07.17	08:00:00	1.28779	1.28877	1.28721	1.28818	11612	0	60
2012.07.17	12:00:00	1.28817	1.28926	1.28771	1.28822	11145	0	60
2012.07.17	16:00:00	1.28822	1.29269	1.28821	1.29096	15558	0	60
2012.07.17	20:00:00	1.29096	1.29713	1.28939	1.29195	7683	0	72
2012.07.18	00:00:00	1.29196	1.29206	1.29032	1.29160	6034	0	200
2012.07.18	04:00:00	1.29158	1.29465	1.29113	1.29426	8105	0	60
2012.07.18	08:00:00	1.29419	1.29710	1.29362	1.29616	12498	0	60
2012.07.18	12:00:00	1.29619	1.29882	1.29597	1.29675	14105	0	60
2012.07.18	16:00:00	1.29677	1.29683	1.29343	1.29397	13610	0	60
2012.07.18	20:00:00	1.29392	1.29558	1.29344	1.29445	7426	0	60
2012.07.19	00:00:00	1.29446	1.29577	1.29340	1.29566	6439	0	200
2012.07.19	04:00:00	1.29567	1.29709	1.29518	1.29649	8303	0	60
2012.07.19	08:00:00	1.29657	1.29786	1.29578	1.29631	13241	0	60
2012.07.19	12:00:00	1.29631	1.29699	1.29462	1.29662	14985	0	60
2012.07.19	16:00:00	1.29661	1.29774	1.29625	1.29743	14081	0	60
2012.07.19	20:00:00	1.29746	1.29870	1.29591	1.29647	6778	0	72
2012.07.20	00:00:00	1.29648	1.29713	1.29608	1.29667	6325	0	200
2012.07.20	04:00:00	1.29666	1.29717	1.29550	1.29696	7487	0	60
2012.07.20	08:00:00	1.29686	1.29784	1.29605	1.29761	12237	0	37
2012.07.20	12:00:00	1.29760	1.29815	1.29683	1.29754	15822	0	60
2012.07.20	16:00:00	1.29752	1.29911	1.29724	1.29753	14947	0	60
2012.07.20	20:00:00	1.29751	1.29831	1.29650	1.29676	5775	0	78
2012.07.23	00:00:00	1.29718	1.29816	1.29627	1.29727	8170	0	200
2012.07.23	04:00:00	1.29724	1.29996	1.29707	1.29955	7787	0	60
2012.07.23	08:00:00	1.29957	1.30117	1.29826	1.29864	15111	0	60
2012.07.23	12:00:00	1.29863	1.30078	1.29783	1.29997	15155	0	60
2012.07.23	16:00:00	1.29998	1.30265	1.29989	1.30229	14643	0	60
2012.07.23	20:00:00	1.30228	1.30228	1.30013	1.30081	8373	0	80
2012.07.24	00:00:00	1.30080	1.30156	1.29925	1.30035	6535	0	200
2012.07.24	04:00:00	1.30036	1.30149	1.29923	1.30128	9246	0	60
2012.07.24	08:00:00	1.30126	1.30184	1.29925	1.29985	14917	0	60
2012.07.24	12:00:00	1.29981	1.30190	1.29954	1.30104	14441	0	60
2012.07.24	16:00:00	1.30105	1.30248	1.30074	1.30169	15747	0	60
2012.07.24	20:00:00	1.30179	1.30236	1.30065	1.30228	8524	0	60
2012.07.25	00:00:00	1.30230	1.30666	1.30211	1.30661	9169	0	200
2012.07.25	04:00:00	1.30664	1.30699	1.30567	1.30618	8521	0	60
2012.07.25	08:00:00	1.30620	1.30705	1.30527	1.30697	16594	0	60
2012.07.25	12:00:00	1.30683	1.30729	1.30512	1.30659	15523	0	60
2012.07.25	16:00:00	1.30657	1.30762	1.30541	1.30615	15797	0	60
2012.07.25	20:00:00	1.30613	1.30685	1.30188	1.30284	8836	0	72
2012.07.26	00:00:00	1.30282	1.30437	1.30229	1.30311	7004	0	200
2012.07.26	04:00:00	1.30313	1.30414	1.30254	1.30294	7374	0	60
2012.07.26	08:00:00	1.30295	1.30466	1.30268	1.30348	14075	0	60
2012.07.26	12:00:00	1.30347	1.30512	1.29811	1.29927	20188	0	60
2012.07.26	16:00:00	1.29922	1.29990	1.29547	1.29585	15640	0	60
2012.07.26	20:00:00	1.29586	1.29762	1.29450	1.29730	7665	0	72
2012.07.27	00:00:00	1.29736	1.29924	1.29704	1.29916	5775	0	200
2012.07.27	04:00:00	1.29917	1.29943	1.29738	1.29841	7311	0	60
2012.07.27	08:00:00	1.29837	1.29879	1.29632	1.29651	15537	0	60
2012.07.27	12:00:00	1.29650	1.29661	1.29279	1.29447	16848	0	60
2012.07.27	16:00:00	1.29445	1.29467	1.29097	1.29349	14966	0	60
2012.07.27	20:00:00	1.29346	1.29466	1.29175	1.29342	8221	0	72
2012.07.30	00:00:00	1.29301	1.29488	1.29148	1.29433	6658	0	67
2012.07.30	04:00:00	1.29436	1.29529	1.29333	1.29424	5544	0	60
2012.07.30	08:00:00	1.29426	1.29617	1.29378	1.29586	12857	0	60
2012.07.30	12:00:00	1.29587	1.29794	1.29580	1.29761	13121	0	60
2012.07.30	16:00:00	1.29760	1.29851	1.29657	1.29720	11704	0	60
2012.07.30	20:00:00	1.29712	1.29789	1.29657	1.29755	5996	0	102
2012.07.31	00:00:00	1.29754	1.29788	1.29557	1.29670	6366	0	200
2012.07.31	04:00:00	1.29669	1.29926	1.29664	1.29872	7643	0	60
2012.07.31	08:00:00	1.29878	1.29949	1.29745	1.29911	12170	0	60
2012.07.31	12:00:00	1.29910	1.30026	1.29764	1.29832	12496	0	60
2012.07.31	16:00:00	1.29834	1.29881	1.29562	1.29741	13019	0	60
2012.07.31	20:00:00	1.29740	1.29791	1.29601	1.29647	6712	0	78
2012.08.01	00:00:00	1.29646	1.29708	1.29216	1.29269	7174	0	200
2012.08.01	04:00:00	1.29270	1.29382	1.29245	1.29320	6831	0	60
2012.08.01	08:00:00	1.29319	1.29507	1.29283	1.29473	13402	0	60
2012.08.01	12:00:00	1.29440	1.29606	1.29439	1.29560	13051	0	60
2012.08.01	16:00:00	1.29565	1.29595	1.29370	1.29485	11422	0	20
2012.08.01	20:00:00	1.29446	1.29473	1.29170	1.29330	10962	0	164
2012.08.02	00:00:00	1.29331	1.29458	1.29119	1.29372	7974	0	200
2012.08.02	04:00:00	1.29373	1.29616	1.29321	1.29515	7165	0	60
2012.08.02	08:00:00	1.29515	1.29555	1.29359	1.29434	13101	0	60
2012.08.02	12:00:00	1.29434	1.29494	1.29305	1.29347	18798	0	60
2012.08.02	16:00:00	1.29346	1.29385	1.29100	1.29207	15312	0	60
2012.08.02	20:00:00	1.29204	1.29231	1.28978	1.29084	7024	0	82
2012.08.03	00:00:00	1.29087	1.29181	1.28916	1.29052	6723	0	200
2012.08.03	04:00:00	1.29051	1.29057	1.28715	1.28793	7794	0	60
2012.08.03	08:00:00	1.28796	1.29043	1.28762	1.29003	13560	0	60
2012.08.03	12:00:00	1.29002	1.29201	1.28936	1.29179	17155	0	28
2012.08.03	16:00:00	1.29177	1.29269	1.28818	1.28933	12070	0	60
2012.08.03	20:00:00	1.28931	1.28955	1.28825	1.28934	4712	0	60
2012.08.06	00:00:00	1.29128	1.29128	1.28913	1.28982	6892	0	47
2012.08.06	04:00:00	1.28981	1.29104	1.28967	1.29086	5294	0	60
2012.08.06	08:00:00	1.29087	1.29133	1.28930	1.29008	11775	0	60
2012.08.06	12:00:00	1.29021	1.29067	1.28694	1.28779	11010	0	60
2012.08.06	16:00:00	1.28778	1.28877	1.28717	1.28752	10229	0	60
2012.08.06	20:00:00	1.28730	1.28832	1.28688	1.28751	5499	0	110
2012.08.07	00:00:00	1.28749	1.28774	1.28563	1.28691	5543	0	200
2012.08.07	04:00:00	1.28692	1.28975	1.28668	1.28889	7033	0	60
2012.08.07	08:00:00	1.28883	1.29125	1.28739	1.28991	12894	0	60
2012.08.07	12:00:00	1.28990	1.29091	1.28884	1.28996	11700	0	60
2012.08.07	16:00:00	1.28994	1.29388	1.28977	1.29359	9889	0	60
2012.08.07	20:00:00	1.29365	1.29406	1.28607	1.29338	5789	0	80
2012.08.08	00:00:00	1.29339	1.29350	1.29166	1.29309	6931	0	200
2012.08.08	04:00:00	1.29307	1.29796	1.29301	1.29705	7519	0	60
2012.08.08	08:00:00	1.29706	1.29761	1.29557	1.29660	13109	0	60
2012.08.08	12:00:00	1.29659	1.29695	1.29534	1.29601	12907	0	60
2012.08.08	16:00:00	1.29599	1.29688	1.29479	1.29544	10783	0	60
2012.08.08	20:00:00	1.29544	1.29593	1.29455	1.29540	5003	0	78
2012.08.09	00:00:00	1.29541	1.30130	1.29475	1.30121	7836	0	200
2012.08.09	04:00:00	1.30120	1.30241	1.30047	1.30159	8263	0	60
2012.08.09	08:00:00	1.30155	1.30199	1.30025	1.30180	12293	0	60
2012.08.09	12:00:00	1.30181	1.30324	1.30086	1.30228	13166	0	60
2012.08.09	16:00:00	1.30230	1.30411	1.30157	1.30275	11194	0	60
2012.08.09	20:00:00	1.30278	1.30278	1.30138	1.30148	4845	0	60
2012.08.10	00:00:00	1.30146	1.30270	1.30061	1.30134	5842	0	200
2012.08.10	04:00:00	1.30135	1.30165	1.29828	1.29875	9387	0	60
2012.08.10	08:00:00	1.29880	1.29975	1.29774	1.29801	11827	0	60
2012.08.10	12:00:00	1.29802	1.29983	1.29749	1.29836	11557	0	60
2012.08.10	16:00:00	1.29840	1.30081	1.29814	1.30028	11110	0	60
2012.08.10	20:00:00	1.30030	1.30039	1.29819	1.29950	3952	0	60
2012.08.13	00:00:00	1.29974	1.30052	1.29775	1.30013	6167	0	19
2012.08.13	04:00:00	1.30014	1.30064	1.29958	1.30030	5115	0	60
2012.08.13	08:00:00	1.30041	1.30149	1.29978	1.30060	8845	0	60
2012.08.13	12:00:00	1.30058	1.30089	1.29909	1.29943	9571	0	60
2012.08.13	16:00:00	1.29940	1.30029	1.29868	1.29971	9158	0	60
2012.08.13	20:00:00	1.29970	1.29975	1.29866	1.29893	4411	0	75
2012.08.14	00:00:00	1.29894	1.29939	1.29621	1.29779	5359	0	200
2012.08.14	04:00:00	1.29780	1.29875	1.29586	1.29679	6238	0	60
2012.08.14	08:00:00	1.29679	1.30096	1.29678	1.30044	11471	0	60
2012.08.14	12:00:00	1.30054	1.30127	1.29905	1.30056	11988	0	60
2012.08.14	16:00:00	1.30057	1.30249	1.30003	1.30212	10363	0	60
2012.08.14	20:00:00	1.30219	1.30263	1.30108	1.30125	5740	0	60
2012.08.15	00:00:00	1.30124	1.30264	1.30016	1.30045	6772	0	200
2012.08.15	04:00:00	1.30046	1.30153	1.29992	1.30053	5950	0	60
2012.08.15	08:00:00	1.30054	1.30089	1.29950	1.30019	10610	0	60
2012.08.15	12:00:00	1.30022	1.30210	1.29938	1.30172	11692	0	60
2012.08.15	16:00:00	1.30171	1.30234	1.30053	1.30104	9222	0	60
2012.08.15	20:00:00	1.30105	1.30105	1.29982	1.29994	4912	0	60
2012.08.16	00:00:00	1.29997	1.30025	1.29843	1.29861	5561	0	200
2012.08.16	04:00:00	1.29860	1.30012	1.29825	1.29988	6314	0	60
2012.08.16	08:00:00	1.29959	1.30013	1.29860	1.29871	10936	0	60
2012.08.16	12:00:00	1.29865	1.29893	1.29614	1.29734	11067	0	60
2012.08.16	16:00:00	1.29735	1.29765	1.29541	1.29629	11186	0	60
2012.08.16	20:00:00	1.29631	1.29704	1.29448	1.29537	5479	0	75
2012.08.17	00:00:00	1.29536	1.29586	1.29418	1.29426	5244	0	200
2012.08.17	04:00:00	1.29427	1.29447	1.29268	1.29335	7100	0	60
2012.08.17	08:00:00	1.29336	1.29370	1.29102	1.29222	11335	0	60
2012.08.17	12:00:00	1.29223	1.29310	1.29095	1.29185	11286	0	60
2012.08.17	16:00:00	1.29186	1.29186	1.28988	1.29096	9806	0	60
2012.08.17	20:00:00	1.29098	1.29098	1.28816	1.28917	4252	0	60
2012.08.20	00:00:00	1.29195	1.29204	1.28990	1.29044	5818	0	35
2012.08.20	04:00:00	1.29046	1.29160	1.29000	1.29155	5366	0	60
2012.08.20	08:00:00	1.29153	1.29231	1.29055	1.29092	9648	0	60
2012.08.20	12:00:00	1.29093	1.29253	1.29060	1.29150	10277	0	60
2012.08.20	16:00:00	1.29151	1.29220	1.29009	1.29125	9203	0	60
2012.08.20	20:00:00	1.29126	1.29126	1.28954	1.28988	4560	0	75
2012.08.21	00:00:00	1.28986	1.29168	1.28948	1.29149	4883	0	200
2012.08.21	04:00:00	1.29150	1.29284	1.29123	1.29225	4365	0	60
2012.08.21	08:00:00	1.29226	1.29298	1.29002	1.29064	10371	0	60
2012.08.21	12:00:00	1.29066	1.29251	1.28991	1.29251	9935	0	60
2012.08.21	16:00:00	1.29252	1.29316	1.29156	1.29273	9553	0	60
2012.08.21	20:00:00	1.29255	1.29278	1.29071	1.29169	6401	0	80
2012.08.22	00:00:00	1.29163	1.29231	1.29016	1.29106	6314	0	200
2012.08.22	04:00:00	1.29105	1.29281	1.29091	1.29125	6713	0	60
2012.08.22	08:00:00	1.29120	1.29209	1.28872	1.28905	11164	0	60
2012.08.22	12:00:00	1.28910	1.29021	1.28720	1.28867	12296	0	60
2012.08.22	16:00:00	1.28865	1.29056	1.28838	1.29039	10494	0	60
2012.08.22	20:00:00	1.29038	1.29243	1.28868	1.29010	11124	0	72
2012.08.23	00:00:00	1.29011	1.29056	1.28493	1.28698	7691	0	200
2012.08.23	04:00:00	1.28697	1.28733	1.28480	1.28691	7907	0	60
2012.08.23	08:00:00	1.28683	1.28743	1.28357	1.28422	12083	0	16
2012.08.23	12:00:00	1.28421	1.28448	1.28196	1.28287	12282	0	60
2012.08.23	16:00:00	1.28286	1.28426	1.28222	1.28313	12451	0	60
2012.08.23	20:00:00	1.28308	1.28420	1.28231	1.28379	5417	0	75
2012.08.24	00:00:00	1.28377	1.28411	1.28110	1.28147	7005	0	200
2012.08.24	04:00:00	1.28144	1.28404	1.28113	1.28260	6828	0	60
2012.08.24	08:00:00	1.28262	1.28310	1.28151	1.28254	13234	0	60
2012.08.24	12:00:00	1.28263	1.28333	1.28149	1.28273	11975	0	60
2012.08.24	16:00:00	1.28272	1.28430	1.28183	1.28264	10803	0	60
2012.08.24	20:00:00	1.28269	1.28279	1.28121	1.28139	4276	0	70
2012.08.27	00:00:00	1.28331	1.28352	1.28174	1.28305	6716	0	10
2012.08.27	04:00:00	1.28304	1.28317	1.28049	1.28092	6051	0	60
2012.08.27	08:00:00	1.28091	1.28190	1.28010	1.28120	7759	0	60
2012.08.27	12:00:00	1.28098	1.28210	1.28095	1.28154	7467	0	60
2012.08.27	16:00:00	1.28147	1.28316	1.28140	1.28246	6500	0	60
2012.08.27	20:00:00	1.28240	1.28241	1.28031	1.28059	4179	0	75
2012.08.28	00:00:00	1.28061	1.28353	1.28014	1.28248	6129	0	200
2012.08.28	04:00:00	1.28250	1.28275	1.28105	1.28260	5788	0	60
2012.08.28	08:00:00	1.28242	1.28539	1.28192	1.28437	10077	0	60
2012.08.28	12:00:00	1.28429	1.28781	1.28345	1.28736	10435	0	60
2012.08.28	16:00:00	1.28739	1.29039	1.28661	1.28998	8796	0	60
2012.08.28	20:00:00	1.28977	1.29056	1.28759	1.28759	4773	0	75
2012.08.29	00:00:00	1.28757	1.28859	1.28690	1.28720	4878	0	200
2012.08.29	04:00:00	1.28719	1.28851	1.28706	1.28811	5218	0	60
2012.08.29	08:00:00	1.28810	1.29215	1.28767	1.29139	10137	0	60
2012.08.29	12:00:00	1.29139	1.29207	1.28950	1.29063	8860	0	60
2012.08.29	16:00:00	1.29058	1.29191	1.29032	1.29089	7256	0	60
2012.08.29	20:00:00	1.29098	1.29208	1.29008	1.29131	5249	0	60
2012.08.30	00:00:00	1.29132	1.29141	1.28664	1.28687	6228	0	200
2012.08.30	04:00:00	1.28688	1.28833	1.28596	1.28723	5932	0	60
2012.08.30	08:00:00	1.28720	1.28958	1.28643	1.28876	8363	0	60
2012.08.30	12:00:00	1.28871	1.29037	1.28846	1.28988	8109	0	60
2012.08.30	16:00:00	1.28983	1.29138	1.28843	1.28871	10135	0	60
2012.08.30	20:00:00	1.28882	1.28964	1.28696	1.28768	5164	0	75
2012.08.31	00:00:00	1.28767	1.28857	1.28651	1.28691	5472	0	200
2012.08.31	04:00:00	1.28693	1.28875	1.28652	1.28793	5296	0	60
2012.08.31	08:00:00	1.28792	1.28925	1.28718	1.28798	8953	0	60
2012.08.31	12:00:00	1.28800	1.28858	1.28578	1.28600	11214	0	60
2012.08.31	16:00:00	1.28604	1.28720	1.28533	1.28567	13694	0	60
2012.08.31	20:00:00	1.28572	1.28655	1.28285	1.28293	5606	0	60
2012.09.03	00:00:00	1.28562	1.28562	1.28081	1.28121	6728	0	32
2012.09.03	04:00:00	1.28119	1.28202	1.28048	1.28102	6200	0	60
2012.09.03	08:00:00	1.28104	1.28414	1.28098	1.28227	9220	0	60
2012.09.03	12:00:00	1.28215	1.28414	1.28194	1.28327	6295	0	60
2012.09.03	16:00:00	1.28330	1.28566	1.28248	1.28469	5944	0	60
2012.09.03	20:00:00	1.28489	1.28511	1.28259	1.28310	3550	0	60
2012.09.04	00:00:00	1.28313	1.28434	1.28153	1.28303	7602	0	200
2012.09.04	04:00:00	1.28301	1.28743	1.28170	1.28643	8021	0	60
2012.09.04	08:00:00	1.28639	1.28733	1.28540	1.28689	8735	0	60
2012.09.04	12:00:00	1.28689	1.29159	1.28669	1.28846	10572	0	60
2012.09.04	16:00:00	1.28849	1.29036	1.28730	1.28810	10885	0	60
2012.09.04	20:00:00	1.28809	1.28810	1.28572	1.28572	5470	0	60
2012.09.05	00:00:00	1.28573	1.28618	1.28380	1.28421	7340	0	200
2012.09.05	04:00:00	1.28424	1.28468	1.28270	1.28386	7613	0	60
2012.09.05	08:00:00	1.28386	1.28477	1.28306	1.28444	11268	0	60
2012.09.05	12:00:00	1.28445	1.28494	1.28168	1.28345	12915	0	60
2012.09.05	16:00:00	1.28345	1.28387	1.28096	1.28207	11016	0	60
2012.09.05	20:00:00	1.28213	1.28219	1.28002	1.28058	4694	0	60
2012.09.06	00:00:00	1.28057	1.28313	1.27819	1.28208	6604	0	200
2012.09.06	04:00:00	1.28206	1.28346	1.28180	1.28288	6037	0	60
2012.09.06	08:00:00	1.28287	1.28575	1.28227	1.28519	10214	0	60
2012.09.06	12:00:00	1.28528	1.28553	1.28190	1.28451	14680	0	60
2012.09.06	16:00:00	1.28449	1.28478	1.28154	1.28205	12126	0	17
2012.09.06	20:00:00	1.28187	1.28243	1.28125	1.28176	5332	0	92
2012.09.07	00:00:00	1.28180	1.28381	1.28163	1.28204	5824	0	200
2012.09.07	04:00:00	1.28206	1.28518	1.28196	1.28487	6748	0	60
2012.09.07	08:00:00	1.28488	1.28586	1.28450	1.28511	10447	0	60
2012.09.07	12:00:00	1.28512	1.28784	1.28340	1.28427	14339	0	60
2012.09.07	16:00:00	1.28428	1.28438	1.27906	1.27928	11309	0	60
2012.09.07	20:00:00	1.27929	1.27977	1.27736	1.27749	5248	0	70
2012.09.10	00:00:00	1.27934	1.27942	1.27609	1.27757	5522	0	54
2012.09.10	04:00:00	1.27755	1.27771	1.27457	1.27499	5847	0	60
2012.09.10	08:00:00	1.27500	1.27764	1.27480	1.27664	8726	0	60
2012.09.10	12:00:00	1.27665	1.27748	1.27590	1.27722	9340	0	60
2012.09.10	16:00:00	1.27719	1.27879	1.27647	1.27829	9015	0	60
2012.09.10	20:00:00	1.27825	1.27825	1.27644	1.27683	5448	0	77
2012.09.11	00:00:00	1.27682	1.27749	1.27512	1.27526	5160	0	200
2012.09.11	04:00:00	1.27524	1.27717	1.27507	1.27539	6799	0	60
2012.09.11	08:00:00	1.27538	1.27714	1.27517	1.27552	12307	0	60
2012.09.11	12:00:00	1.27544	1.27781	1.27480	1.27709	12109	0	60
2012.09.11	16:00:00	1.27710	1.27736	1.27490	1.27626	10706	0	60
2012.09.11	20:00:00	1.27632	1.27632	1.27339	1.27496	6417	0	60
2012.09.12	00:00:00	1.27501	1.27685	1.27436	1.27685	6041	0	200
2012.09.12	04:00:00	1.27686	1.27740	1.27549	1.27672	6586	0	60
2012.09.12	08:00:00	1.27672	1.27739	1.27406	1.27607	16000	0	60
2012.09.12	12:00:00	1.27611	1.27802	1.27611	1.27721	13565	0	60
2012.09.12	16:00:00	1.27720	1.27798	1.27504	1.27562	11432	0	60
2012.09.12	20:00:00	1.27559	1.27614	1.27279	1.27501	6465	0	60
2012.09.13	00:00:00	1.27502	1.27544	1.27323	1.27530	4910	0	200
2012.09.13	04:00:00	1.27531	1.27533	1.27404	1.27430	5396	0	60
2012.09.13	08:00:00	1.27425	1.27446	1.27050	1.27114	11653	0	60
2012.09.13	12:00:00	1.27122	1.27137	1.26774	1.26777	10340	0	60
2012.09.13	16:00:00	1.26778	1.27000	1.26612	1.26994	16826	0	60
2012.09.13	20:00:00	1.26997	1.27002	1.26673	1.26816	9493	0	60
2012.09.14	00:00:00	1.26815	1.26830	1.26578	1.26739	7323	0	200
2012.09.14	04:00:00	1.26738	1.26793	1.26567	1.26719	8208	0	60
2012.09.14	08:00:00	1.26719	1.27041	1.26673	1.26914	12110	0	60
2012.09.14	12:00:00	1.26907	1.27157	1.26860	1.27089	13409	0	60
2012.09.14	16:00:00	1.27091	1.27375	1.27076	1.27335	14379	0	60
2012.09.14	20:00:00	1.27334	1.27343	1.27052	1.27183	5943	0	60
2012.09.17	00:00:00	1.27157	1.27157	1.26924	1.27001	5433	0	32
2012.09.17	04:00:00	1.27000	1.27204	1.26839	1.27133	6119	0	60
2012.09.17	08:00:00	1.27136	1.27175	1.26859	1.26934	9035	0	60
2012.09.17	12:00:00	1.26929	1.27012	1.26692	1.26896	10300	0	60
2012.09.17	16:00:00	1.26899	1.27032	1.26577	1.26708	11334	0	60
2012.09.17	20:00:00	1.26703	1.26717	1.26430	1.26601	6402	0	68
2012.09.18	00:00:00	1.26598	1.26736	1.26502	1.26633	7273	0	200
2012.09.18	04:00:00	1.26634	1.26683	1.26289	1.26332	7024	0	60
2012.09.18	08:00:00	1.26334	1.26416	1.26062	1.26235	11461	0	60
2012.09.18	12:00:00	1.26234	1.26236	1.25973	1.26034	10973	0	60
2012.09.18	16:00:00	1.26035	1.26310	1.26019	1.26253	11528	0	60
2012.09.18	20:00:00	1.26250	1.26380	1.26102	1.26266	5499	0	60
2012.09.19	00:00:00	1.26265	1.26282	1.25984	1.26071	5991	0	200
2012.09.19	04:00:00	1.26072	1.26266	1.25990	1.26212	7667	0	60
2012.09.19	08:00:00	1.26215	1.26284	1.26130	1.26255	9975	0	60
2012.09.19	12:00:00	1.26260	1.26323	1.26135	1.26229	10809	0	60
2012.09.19	16:00:00	1.26232	1.26618	1.26218	1.26507	10847	0	60
2012.09.19	20:00:00	1.26508	1.26711	1.26396	1.26703	5545	0	60
2012.09.20	00:00:00	1.26704	1.26881	1.25977	1.26107	6518	0	200
2012.09.20	04:00:00	1.26106	1.26225	1.25992	1.26025	10001	0	60
2012.09.20	08:00:00	1.26025	1.26326	1.25997	1.26313	12670	0	60
2012.09.20	12:00:00	1.26314	1.26349	1.26072	1.26087	10464	0	60
2012.09.20	16:00:00	1.26086	1.26180	1.25740	1.25862	11722	0	60
2012.09.20	20:00:00	1.25849	1.25964	1.25714	1.25741	6209	0	76
2012.09.21	00:00:00	1.25740	1.26002	1.25693	1.26002	6118	0	200
2012.09.21	04:00:00	1.26003	1.26138	1.25958	1.26051	6241	0	60
2012.09.21	08:00:00	1.26046	1.26289	1.25977	1.26192	11820	0	60
2012.09.21	12:00:00	1.26181	1.26197	1.25947	1.26025	11860	0	60
2012.09.21	16:00:00	1.26024	1.26149	1.25950	1.25980	10967	0	60
2012.09.21	20:00:00	1.25980	1.26133	1.25802	1.26042	4927	0	60
2012.09.24	00:00:00	1.25957	1.26466	1.25878	1.26460	6656	0	42
2012.09.24	04:00:00	1.26459	1.26541	1.26333	1.26446	6717	0	60
2012.09.24	08:00:00	1.26447	1.26496	1.26290	1.26447	9748	0	60
2012.09.24	12:00:00	1.26448	1.26931	1.26425	1.26800	10547	0	60
2012.09.24	16:00:00	1.26801	1.26912	1.26696	1.26873	8991	0	60
2012.09.24	20:00:00	1.26874	1.26891	1.26550	1.26674	5761	0	60
2012.09.25	00:00:00	1.26671	1.26794	1.26596	1.26622	5226	0	200
2012.09.25	04:00:00	1.26624	1.26729	1.26567	1.26680	6361	0	60
2012.09.25	08:00:00	1.26681	1.26715	1.26244	1.26353	10873	0	60
2012.09.25	12:00:00	1.26352	1.26574	1.26296	1.26322	11012	0	60
2012.09.25	16:00:00	1.26323	1.26330	1.26120	1.26185	11094	0	60
2012.09.25	20:00:00	1.26187	1.26468	1.26089	1.26329	7808	0	60
2012.09.26	00:00:00	1.26328	1.26454	1.26268	1.26347	6749	0	200
2012.09.26	04:00:00	1.26348	1.26384	1.26201	1.26310	7357	0	60
2012.09.26	08:00:00	1.26307	1.26331	1.26100	1.26145	11220	0	60
2012.09.26	12:00:00	1.26142	1.26278	1.26050	1.26183	10776	0	60
2012.09.26	16:00:00	1.26179	1.26251	1.25680	1.25707	11935	0	60
2012.09.26	20:00:00	1.25684	1.25753	1.25530	1.25734	6517	0	115
2012.09.27	00:00:00	1.25733	1.25805	1.25565	1.25668	6276	0	200
2012.09.27	04:00:00	1.25663	1.26033	1.25659	1.25966	8626	0	60
2012.09.27	08:00:00	1.25967	1.25996	1.25595	1.25633	11227	0	60
2012.09.27	12:00:00	1.25634	1.25781	1.25580	1.25632	11158	0	60
2012.09.27	16:00:00	1.25630	1.25666	1.25463	1.25620	14301	0	60
2012.09.27	20:00:00	1.25608	1.25630	1.25440	1.25543	6134	0	91
2012.09.28	00:00:00	1.25542	1.25648	1.25210	1.25244	6349	0	200
2012.09.28	04:00:00	1.25243	1.25326	1.25187	1.25304	6510	0	60
2012.09.28	08:00:00	1.25303	1.25411	1.25218	1.25351	10596	0	60
2012.09.28	12:00:00	1.25349	1.25474	1.25174	1.25222	11971	0	60
2012.09.28	16:00:00	1.25223	1.25315	1.25000	1.25080	13882	0	60
2012.09.28	20:00:00	1.25068	1.25158	1.24909	1.24940	6062	0	92
2012.10.01	00:00:00	1.25056	1.25113	1.24767	1.24783	6978	0	60
2012.10.01	04:00:00	1.24784	1.25020	1.24769	1.25000	5570	0	60
2012.10.01	08:00:00	1.24999	1.25040	1.24802	1.24849	10204	0	60
2012.10.01	12:00:00	1.24845	1.24976	1.24771	1.24838	9406	0	60
2012.10.01	16:00:00	1.24839	1.25198	1.24834	1.25153	11737	0	60
2012.10.01	20:00:00	1.25120	1.25178	1.24992	1.25002	6534	0	126
2012.10.02	00:00:00	1.25000	1.25088	1.24917	1.25050	4959	0	200
2012.10.02	04:00:00	1.25049	1.25193	1.24249	1.24260	8397	0	60
2012.10.02	08:00:00	1.24259	1.24279	1.23930	1.23996	11621	0	60
2012.10.02	12:00:00	1.23986	1.24007	1.23690	1.23924	10327	0	60
2012.10.02	16:00:00	1.23925	1.24092	1.23810	1.23993	13077	0	60
2012.10.02	20:00:00	1.23975	1.24106	1.23893	1.24072	7665	0	98
2012.10.03	00:00:00	1.24071	1.24232	1.23925	1.24010	6223	0	200
2012.10.03	04:00:00	1.24009	1.24329	1.24007	1.24120	7203	0	60
2012.10.03	08:00:00	1.24134	1.24484	1.24116	1.24315	11739	0	60
2012.10.03	12:00:00	1.24320	1.24633	1.24247	1.24525	11247	0	60
2012.10.03	16:00:00	1.24525	1.24676	1.24434	1.24624	11050	0	60
2012.10.03	20:00:00	1.24623	1.24662	1.24442	1.24614	6926	0	68
2012.10.04	00:00:00	1.24617	1.24662	1.24185	1.24190	6426	0	200
2012.10.04	04:00:00	1.24191	1.24585	1.24171	1.24487	7437	0	60
2012.10.04	08:00:00	1.24484	1.24593	1.24380	1.24500	10345	0	60
2012.10.04	12:00:00	1.24504	1.24888	1.24450	1.24835	11705	0	60
2012.10.04	16:00:00	1.24835	1.25025	1.24710	1.24799	12644	0	60
2012.10.04	20:00:00	1.24788	1.24788	1.24437	1.24571	6074	0	92
2012.10.05	00:00:00	1.24572	1.24704	1.24505	1.24575	4829	0	200
2012.10.05	04:00:00	1.24576	1.24597	1.24366	1.24511	5515	0	60
2012.10.05	08:00:00	1.24512	1.24525	1.24260	1.24314	8755	0	60
2012.10.05	12:00:00	1.24315	1.24407	1.24136	1.24322	11342	0	60
2012.10.05	16:00:00	1.24323	1.24502	1.24020	1.24325	11644	0	60
2012.10.05	20:00:00	1.24322	1.24611	1.24207	1.24445	6683	0	60
2012.10.08	00:00:00	1.24367	1.24367	1.24018	1.24233	6188	0	30
2012.10.08	04:00:00	1.24232	1.24345	1.24117	1.24282	6007	0	60
2012.10.08	08:00:00	1.24269	1.24561	1.24269	1.24543	10641	0	60
2012.10.08	12:00:00	1.24543	1.24626	1.24480	1.24610	9070	0	60
2012.10.08	16:00:00	1.24609	1.24674	1.24227	1.24304	9466	0	60
2012.10.08	20:00:00	1.24262	1.24358	1.24152	1.24290	5055	0	138
2012.10.09	00:00:00	1.24291	1.24526	1.24276	1.24382	5581	0	200
2012.10.09	04:00:00	1.24380	1.24428	1.24184	1.24385	5517	0	60
2012.10.09	08:00:00	1.24383	1.24540	1.24290	1.24521	9773	0	60
2012.10.09	12:00:00	1.24517	1.24674	1.24462	1.24472	9903	0	60
2012.10.09	16:00:00	1.24473	1.24779	1.24400	1.24716	11838	0	60
2012.10.09	20:00:00	1.24714	1.24821	1.24625	1.24768	6180	0	70
2012.10.10	00:00:00	1.24769	1.25051	1.24723	1.25035	6333	0	200
2012.10.10	04:00:00	1.25037	1.25141	1.24955	1.25011	6214	0	60
2012.10.10	08:00:00	1.25012	1.25260	1.24965	1.25065	9726	0	60
2012.10.10	12:00:00	1.25067	1.25419	1.24910	1.25350	9984	0	60
2012.10.10	16:00:00	1.25349	1.25425	1.25188	1.25307	11645	0	60
2012.10.10	20:00:00	1.25305	1.25344	1.25052	1.25077	7972	0	60
2012.10.11	00:00:00	1.25073	1.25623	1.24960	1.25552	7967	0	200
2012.10.11	04:00:00	1.25551	1.25693	1.25517	1.25660	6607	0	24
2012.10.11	08:00:00	1.25658	1.25690	1.25580	1.25612	9770	0	60
2012.10.11	12:00:00	1.25611	1.25646	1.25526	1.25598	9674	0	60
2012.10.11	16:00:00	1.25599	1.25650	1.25415	1.25438	9096	0	60
2012.10.11	20:00:00	1.25443	1.25487	1.25356	1.25437	4553	0	60
2012.10.12	00:00:00	1.25442	1.25572	1.25314	1.25316	5800	0	200
2012.10.12	04:00:00	1.25317	1.25424	1.25179	1.25413	5072	0	60
2012.10.12	08:00:00	1.25410	1.25426	1.24979	1.25060	9505	0	60
2012.10.12	12:00:00	1.25064	1.25079	1.24870	1.24969	10504	0	60
2012.10.12	16:00:00	1.24968	1.25117	1.24852	1.25032	10251	0	60
2012.10.12	20:00:00	1.25034	1.25263	1.24924	1.25185	4098	0	60
2012.10.15	00:00:00	1.25407	1.25483	1.25222	1.25295	7629	0	26
2012.10.15	04:00:00	1.25294	1.25492	1.25242	1.25402	6334	0	60
2012.10.15	08:00:00	1.25411	1.25659	1.25389	1.25553	9395	0	60
2012.10.15	12:00:00	1.25545	1.25555	1.25356	1.25470	8248	0	60
2012.10.15	16:00:00	1.25471	1.25549	1.25055	1.25186	9769	0	60
2012.10.15	20:00:00	1.25188	1.25608	1.25083	1.25544	5507	0	60
2012.10.16	00:00:00	1.25543	1.25923	1.25501	1.25754	6950	0	200
2012.10.16	04:00:00	1.25755	1.25841	1.25613	1.25727	5445	0	60
2012.10.16	08:00:00	1.25729	1.26134	1.25627	1.26079	9708	0	60
2012.10.16	12:00:00	1.26080	1.26376	1.25992	1.26348	9851	0	60
2012.10.16	16:00:00	1.26349	1.26457	1.26130	1.26184	8782	0	60
2012.10.16	20:00:00	1.26192	1.26199	1.25972	1.25986	5370	0	60
2012.10.17	00:00:00	1.25985	1.26133	1.25922	1.25930	7043	0	200
2012.10.17	04:00:00	1.25933	1.26131	1.25918	1.26087	6392	0	60
2012.10.17	08:00:00	1.26090	1.26331	1.26048	1.26224	10157	0	60
2012.10.17	12:00:00	1.26225	1.26274	1.25910	1.26059	10789	0	60
2012.10.17	16:00:00	1.26061	1.26293	1.25995	1.26217	10452	0	60
2012.10.17	20:00:00	1.26189	1.26304	1.26086	1.26151	5368	0	98
2012.10.18	00:00:00	1.26146	1.26276	1.26095	1.26265	5133	0	200
2012.10.18	04:00:00	1.26267	1.26442	1.26230	1.26341	6959	0	60
2012.10.18	08:00:00	1.26341	1.26540	1.26254	1.26446	8938	0	60
2012.10.18	12:00:00	1.26444	1.26520	1.26335	1.26468	8939	0	60
2012.10.18	16:00:00	1.26465	1.26604	1.26340	1.26449	10755	0	60
2012.10.18	20:00:00	1.26400	1.26629	1.26328	1.26515	7046	0	154
2012.10.19	00:00:00	1.26518	1.26619	1.26427	1.26474	6564	0	200
2012.10.19	04:00:00	1.26475	1.26489	1.26268	1.26335	4912	0	60
2012.10.19	08:00:00	1.26332	1.26454	1.26270	1.26385	7563	0	60
2012.10.19	12:00:00	1.26384	1.26429	1.26260	1.26309	7965	0	60
2012.10.19	16:00:00	1.26316	1.26627	1.26314	1.26478	10203	0	60
2012.10.19	20:00:00	1.26464	1.26597	1.26330	1.26531	5881	0	95
2012.10.22	00:00:00	1.26457	1.26491	1.26067	1.26151	5614	0	23
2012.10.22	04:00:00	1.26149	1.26192	1.26050	1.26102	4751	0	60
2012.10.22	08:00:00	1.26104	1.26241	1.26080	1.26188	8100	0	60
2012.10.22	12:00:00	1.26186	1.26280	1.26100	1.26200	7792	0	60
2012.10.22	16:00:00	1.26199	1.26316	1.26120	1.26194	10298	0	60
2012.10.22	20:00:00	1.26199	1.26199	1.26042	1.26161	5615	0	60
2012.10.23	00:00:00	1.26159	1.26285	1.26157	1.26210	4984	0	200
2012.10.23	04:00:00	1.26208	1.26360	1.26195	1.26310	4710	0	60
2012.10.23	08:00:00	1.26311	1.26332	1.26013	1.26033	9144	0	60
2012.10.23	12:00:00	1.26032	1.26496	1.25955	1.26320	11903	0	60
2012.10.23	16:00:00	1.26317	1.26405	1.26230	1.26292	11497	0	60
2012.10.23	20:00:00	1.26262	1.26373	1.26198	1.26332	6831	0	126
2012.10.24	00:00:00	1.26338	1.26827	1.26319	1.26661	6182	0	200
2012.10.24	04:00:00	1.26662	1.26940	1.26628	1.26804	5079	0	60
2012.10.24	08:00:00	1.26806	1.26960	1.26710	1.26808	10243	0	60
2012.10.24	12:00:00	1.26807	1.26953	1.26715	1.26837	10461	0	60
2012.10.24	16:00:00	1.26818	1.26864	1.26587	1.26593	10087	0	60
2012.10.24	20:00:00	1.26578	1.26831	1.26023	1.26206	9171	0	98
2012.10.25	00:00:00	1.26207	1.26216	1.25768	1.25830	6210	0	200
2012.10.25	04:00:00	1.25832	1.26058	1.25808	1.26053	5561	0	60
2012.10.25	08:00:00	1.26056	1.26230	1.25969	1.26215	9625	0	60
2012.10.25	12:00:00	1.26217	1.26261	1.25986	1.26069	8741	0	60
2012.10.25	16:00:00	1.26070	1.26128	1.25918	1.26030	11053	0	60
2012.10.25	20:00:00	1.26029	1.26593	1.25853	1.26353	7373	0	60
2012.10.26	00:00:00	1.26344	1.26360	1.26132	1.26170	5544	0	200
2012.10.26	04:00:00	1.26169	1.26187	1.25965	1.26076	7046	0	60
2012.10.26	08:00:00	1.26083	1.26220	1.25971	1.26079	6572	0	20
2012.10.26	12:00:00	1.26075	1.26169	1.25829	1.26082	8516	0	29
2012.10.26	16:00:00	1.26078	1.26120	1.25839	1.25946	8578	0	32
2012.10.26	20:00:00	1.25951	1.26136	1.25877	1.26012	3127	0	32
2012.10.29	00:00:00	1.26030	1.26212	1.25981	1.26105	3651	0	19
2012.10.29	04:00:00	1.26104	1.26165	1.26017	1.26097	2864	0	8
2012.10.29	08:00:00	1.26095	1.26257	1.25950	1.26242	5476	0	23
2012.10.29	12:00:00	1.26244	1.26328	1.26086	1.26264	4445	0	25
2012.10.29	16:00:00	1.26262	1.26265	1.26018	1.26110	3334	0	21
2012.10.29	20:00:00	1.26108	1.26184	1.26023	1.26090	1685	0	13
2012.10.30	00:00:00	1.26095	1.26148	1.25931	1.25980	3551	0	21
2012.10.30	04:00:00	1.25982	1.26200	1.25935	1.26194	4345	0	26
2012.10.30	08:00:00	1.26183	1.26194	1.26023	1.26142	4984	0	24
2012.10.30	12:00:00	1.26144	1.26433	1.26088	1.26316	4433	0	32
2012.10.30	16:00:00	1.26314	1.26390	1.26195	1.26195	2885	0	32
2012.10.30	20:00:00	1.26197	1.26293	1.26017	1.26035	1847	0	29
2012.10.31	00:00:00	1.26030	1.26352	1.26024	1.26247	4102	0	29
2012.10.31	04:00:00	1.26245	1.26362	1.26188	1.26251	2845	0	17
2012.10.31	08:00:00	1.26249	1.26411	1.26246	1.26272	6978	0	26
2012.10.31	12:00:00	1.26270	1.26355	1.26148	1.26264	16337	0	60
2012.10.31	16:00:00	1.26277	1.26277	1.26063	1.26194	15355	0	60
2012.10.31	20:00:00	1.26192	1.26192	1.25989	1.26160	7077	0	60
2012.11.01	00:00:00	1.26159	1.26207	1.25992	1.26107	7869	0	200
2012.11.01	04:00:00	1.26105	1.26163	1.26027	1.26054	8421	0	60
2012.11.01	08:00:00	1.26051	1.26142	1.25949	1.25955	14375	0	60
2012.11.01	12:00:00	1.25948	1.26005	1.25505	1.25696	18292	0	60
2012.11.01	16:00:00	1.25700	1.25835	1.25573	1.25633	16039	0	60
2012.11.01	20:00:00	1.25630	1.25777	1.25537	1.25727	6681	0	75
2012.11.02	00:00:00	1.25726	1.25782	1.25559	1.25760	7677	0	200
2012.11.02	04:00:00	1.25756	1.25773	1.25628	1.25737	7386	0	10
2012.11.02	08:00:00	1.25730	1.25760	1.25421	1.25421	12037	0	10
2012.11.02	12:00:00	1.25420	1.25600	1.25313	1.25489	19627	0	60
2012.11.02	16:00:00	1.25490	1.25608	1.25351	1.25369	17064	0	60
2012.11.02	20:00:00	1.25367	1.25370	1.25157	1.25182	4459	0	70
2012.11.05	00:00:00	1.25404	1.25515	1.25236	1.25390	7912	0	40
2012.11.05	04:00:00	1.25389	1.25489	1.25273	1.25481	7010	0	60
2012.11.05	08:00:00	1.25483	1.25563	1.25391	1.25475	15094	0	60
2012.11.05	12:00:00	1.25474	1.25746	1.25406	1.25685	15053	0	60
2012.11.05	16:00:00	1.25681	1.25713	1.25502	1.25656	17155	0	60
2012.11.05	20:00:00	1.25657	1.25657	1.25417	1.25464	5921	0	64
2012.11.06	00:00:00	1.25461	1.25626	1.25434	1.25569	5438	0	200
2012.11.06	04:00:00	1.25570	1.26175	1.25495	1.26110	9980	0	10
2012.11.06	08:00:00	1.26109	1.26165	1.25950	1.26157	15845	0	60
2012.11.06	12:00:00	1.26159	1.26191	1.25857	1.25982	15735	0	60
2012.11.06	16:00:00	1.25985	1.26157	1.25910	1.25996	17531	0	60
2012.11.06	20:00:00	1.25997	1.26077	1.25873	1.26001	6996	0	60
2012.11.07	00:00:00	1.26003	1.26307	1.25906	1.26285	9575	0	200
2012.11.07	04:00:00	1.26287	1.26333	1.26100	1.26185	12780	0	60
2012.11.07	08:00:00	1.26186	1.26251	1.25982	1.26143	15920	0	60
2012.11.07	12:00:00	1.26143	1.26170	1.25876	1.26087	20255	0	60
2012.11.07	16:00:00	1.26088	1.26144	1.25939	1.26017	20484	0	60
2012.11.07	20:00:00	1.26015	1.27166	1.25880	1.26891	11418	0	60
2012.11.08	00:00:00	1.26894	1.27371	1.26695	1.27315	9193	0	200
2012.11.08	04:00:00	1.27314	1.27406	1.27193	1.27357	9290	0	60
2012.11.08	08:00:00	1.27365	1.27517	1.27269	1.27436	16522	0	60
2012.11.08	12:00:00	1.27434	1.27533	1.27332	1.27532	16544	0	60
2012.11.08	16:00:00	1.27534	1.27724	1.27503	1.27707	19690	0	60
2012.11.08	20:00:00	1.27710	1.27710	1.27443	1.27568	7793	0	60
2012.11.09	00:00:00	1.27567	1.27815	1.27541	1.27555	8195	0	200
2012.11.09	04:00:00	1.27558	1.27616	1.27460	1.27523	9579	0	60
2012.11.09	08:00:00	1.27521	1.27560	1.27368	1.27371	15460	0	60
2012.11.09	12:00:00	1.27369	1.27694	1.27311	1.27362	18181	0	60
2012.11.09	16:00:00	1.27360	1.27595	1.27298	1.27504	19550	0	60
2012.11.09	20:00:00	1.27511	1.27515	1.27347	1.27408	6717	0	66
2012.11.12	00:00:00	1.27507	1.27611	1.27371	1.27529	7649	0	43
2012.11.12	04:00:00	1.27530	1.27697	1.27510	1.27544	6799	0	60
2012.11.12	08:00:00	1.27543	1.27715	1.27521	1.27689	14121	0	60
2012.11.12	12:00:00	1.27689	1.27822	1.27521	1.27610	13019	0	60
2012.11.12	16:00:00	1.27612	1.27633	1.27430	1.27504	13182	0	60
2012.11.12	20:00:00	1.27497	1.27499	1.27330	1.27421	4626	0	60
2012.11.13	00:00:00	1.27423	1.27451	1.27252	1.27342	7560	0	200
2012.11.13	04:00:00	1.27341	1.27429	1.27291	1.27336	8352	0	60
2012.11.13	08:00:00	1.27335	1.27395	1.27108	1.27357	15204	0	60
2012.11.13	12:00:00	1.27358	1.27630	1.27270	1.27270	16112	0	10
2012.11.13	16:00:00	1.27269	1.27366	1.27189	1.27335	18364	0	60
2012.11.13	20:00:00	1.27333	1.27838	1.27139	1.27702	8629	0	61
2012.11.14	00:00:00	1.27700	1.27879	1.27663	1.27737	7490	0	200
2012.11.14	04:00:00	1.27735	1.27930	1.27707	1.27847	8348	0	60
2012.11.14	08:00:00	1.27864	1.27941	1.27765	1.27826	16027	0	60
2012.11.14	12:00:00	1.27827	1.28199	1.27794	1.28105	17754	0	60
2012.11.14	16:00:00	1.28105	1.28291	1.27935	1.27970	20188	0	60
2012.11.14	20:00:00	1.27973	1.28021	1.27809	1.27830	10466	0	60
2012.11.15	00:00:00	1.27828	1.27902	1.27709	1.27773	8830	0	200
2012.11.15	04:00:00	1.27772	1.27846	1.27487	1.27509	10934	0	60
2012.11.15	08:00:00	1.27496	1.27603	1.27232	1.27358	15530	0	60
2012.11.15	12:00:00	1.27357	1.27377	1.27109	1.27237	17805	0	60
2012.11.15	16:00:00	1.27239	1.27574	1.27182	1.27535	19986	0	60
2012.11.15	20:00:00	1.27497	1.27601	1.27453	1.27513	7852	0	130
2012.11.16	00:00:00	1.27515	1.27584	1.27315	1.27375	6663	0	200
2012.11.16	04:00:00	1.27376	1.27505	1.27344	1.27416	8566	0	60
2012.11.16	08:00:00	1.27417	1.27618	1.27340	1.27554	15603	0	60
2012.11.16	12:00:00	1.27553	1.27706	1.27397	1.27530	16753	0	60
2012.11.16	16:00:00	1.27529	1.27723	1.27419	1.27484	21415	0	60
2012.11.16	20:00:00	1.27483	1.27495	1.27142	1.27156	7300	0	70
2012.11.19	00:00:00	1.27321	1.27492	1.27198	1.27432	8257	0	18
2012.11.19	04:00:00	1.27436	1.27481	1.27290	1.27367	6790	0	60
2012.11.19	08:00:00	1.27366	1.27479	1.27149	1.27187	13007	0	60
2012.11.19	12:00:00	1.27190	1.27267	1.27059	1.27196	14086	0	60
2012.11.19	16:00:00	1.27194	1.27233	1.26973	1.27111	14573	0	60
2012.11.19	20:00:00	1.27119	1.27159	1.26850	1.27072	8652	0	22
2012.11.20	00:00:00	1.27069	1.27119	1.26966	1.27013	8140	0	200
2012.11.20	04:00:00	1.27012	1.27219	1.27008	1.27160	7654	0	60
2012.11.20	08:00:00	1.27162	1.27269	1.27105	1.27217	14701	0	60
2012.11.20	12:00:00	1.27212	1.27220	1.27045	1.27082	15051	0	60
2012.11.20	16:00:00	1.27082	1.27323	1.27060	1.27102	16649	0	60
2012.11.20	20:00:00	1.27099	1.27121	1.26939	1.26992	6496	0	73
2012.11.21	00:00:00	1.26994	1.27159	1.26959	1.27098	6690	0	200
2012.11.21	04:00:00	1.27097	1.27293	1.27055	1.27241	11779	0	60
2012.11.21	08:00:00	1.27240	1.27380	1.27200	1.27368	15315	0	15
2012.11.21	12:00:00	1.27368	1.27399	1.27214	1.27275	16332	0	60
2012.11.21	16:00:00	1.27275	1.27432	1.27266	1.27390	16998	0	60
2012.11.21	20:00:00	1.27387	1.27387	1.27044	1.27132	6746	0	60
2012.11.22	00:00:00	1.27135	1.27284	1.27106	1.27204	7053	0	200
2012.11.22	04:00:00	1.27207	1.27353	1.27187	1.27292	5843	0	60
2012.11.22	08:00:00	1.27290	1.27331	1.27193	1.27264	13449	0	60
2012.11.22	12:00:00	1.27269	1.27367	1.27197	1.27338	11445	0	60
2012.11.22	16:00:00	1.27338	1.27466	1.27206	1.27315	8887	0	60
2012.11.22	20:00:00	1.27277	1.27308	1.27169	1.27220	5496	0	139
2012.11.23	00:00:00	1.27217	1.27252	1.27126	1.27230	4892	0	200
2012.11.23	04:00:00	1.27231	1.27351	1.27171	1.27283	6298	0	60
2012.11.23	08:00:00	1.27282	1.27297	1.27057	1.27160	13402	0	60
2012.11.23	12:00:00	1.27161	1.27228	1.27002	1.27065	13982	0	60
2012.11.23	16:00:00	1.27070	1.27160	1.26770	1.26854	18144	0	60
2012.11.23	20:00:00	1.26858	1.26899	1.26745	1.26867	2996	0	64
2012.11.26	00:00:00	1.26917	1.26922	1.26778	1.26823	7683	0	19
2012.11.26	04:00:00	1.26824	1.26978	1.26795	1.26931	7928	0	60
2012.11.26	08:00:00	1.26933	1.26991	1.26830	1.26872	13822	0	60
2012.11.26	12:00:00	1.26875	1.27045	1.26830	1.27031	14690	0	60
2012.11.26	16:00:00	1.27032	1.27194	1.26984	1.27156	14966	0	60
2012.11.26	20:00:00	1.27136	1.27310	1.27066	1.27190	8117	0	28
2012.11.27	00:00:00	1.27187	1.27369	1.27120	1.27309	8594	0	68
2012.11.27	04:00:00	1.27310	1.27340	1.27211	1.27260	7716	0	21
2012.11.27	08:00:00	1.27260	1.27452	1.27216	1.27324	14533	0	15
2012.11.27	12:00:00	1.27328	1.27430	1.27176	1.27429	16164	0	15
2012.11.27	16:00:00	1.27429	1.27464	1.27310	1.27334	17097	0	60
2012.11.27	20:00:00	1.27337	1.27342	1.27172	1.27191	8612	0	60
2012.11.28	00:00:00	1.27197	1.27239	1.27119	1.27157	7908	0	200
2012.11.28	04:00:00	1.27156	1.27285	1.27089	1.27208	9339	0	60
2012.11.28	08:00:00	1.27206	1.27333	1.27130	1.27140	14289	0	60
2012.11.28	12:00:00	1.27132	1.27300	1.27102	1.27145	16135	0	60
2012.11.28	16:00:00	1.27147	1.27226	1.27028	1.27125	20440	0	60
2012.11.28	20:00:00	1.27098	1.27144	1.27035	1.27082	8135	0	68
2012.11.29	00:00:00	1.27080	1.27080	1.26782	1.26846	7456	0	22
2012.11.29	04:00:00	1.26845	1.26976	1.26638	1.26699	9364	0	20
2012.11.29	08:00:00	1.26696	1.26823	1.26561	1.26583	15009	0	60
2012.11.29	12:00:00	1.26582	1.26820	1.26550	1.26804	7959	0	25
2012.11.29	16:00:00	1.26804	1.26926	1.26730	1.26784	10007	0	60
2012.11.29	20:00:00	1.26766	1.26815	1.26626	1.26738	4566	0	18
2012.11.30	00:00:00	1.26737	1.26802	1.26545	1.26687	5507	0	15
2012.11.30	04:00:00	1.26686	1.26805	1.26630	1.26789	8203	0	27
2012.11.30	08:00:00	1.26788	1.26961	1.26727	1.26880	16295	0	60
2012.11.30	12:00:00	1.26883	1.27247	1.26859	1.27075	17942	0	60
2012.11.30	16:00:00	1.27076	1.27193	1.27049	1.27152	18889	0	60
2012.11.30	20:00:00	1.27152	1.27152	1.26923	1.26975	7029	0	72
2012.12.03	00:00:00	1.27139	1.27278	1.26773	1.26800	8564	0	17
2012.12.03	04:00:00	1.26801	1.26985	1.26782	1.26963	6668	0	60
2012.12.03	08:00:00	1.26961	1.26988	1.26822	1.26886	13457	0	60
2012.12.03	12:00:00	1.26895	1.27043	1.26769	1.26837	15959	0	60
2012.12.03	16:00:00	1.26834	1.26994	1.26772	1.26850	14557	0	60
2012.12.03	20:00:00	1.26845	1.26947	1.26798	1.26839	7093	0	95
2012.12.04	00:00:00	1.26834	1.26990	1.26789	1.26854	5910	0	18
2012.12.04	04:00:00	1.26855	1.27149	1.26747	1.26946	9555	0	18
2012.12.04	08:00:00	1.26945	1.27019	1.26849	1.26984	15583	0	60
2012.12.04	12:00:00	1.26982	1.27081	1.26888	1.27003	15545	0	15
2012.12.04	16:00:00	1.27005	1.27140	1.26977	1.27045	13705	0	60
2012.12.04	20:00:00	1.27041	1.27107	1.26963	1.26978	6722	0	18
2012.12.05	00:00:00	1.26977	1.27009	1.26834	1.26916	7578	0	25
2012.12.05	04:00:00	1.26915	1.27003	1.26850	1.26903	6043	0	34
2012.12.05	08:00:00	1.26900	1.26966	1.26790	1.26821	5701	0	10
2012.12.05	12:00:00	1.26820	1.26904	1.26750	1.26808	6540	0	14
2012.12.05	16:00:00	1.26803	1.26827	1.26620	1.26664	12549	0	60
2012.12.05	20:00:00	1.26662	1.26708	1.25978	1.25985	9867	0	60
2012.12.06	00:00:00	1.25984	1.26224	1.25889	1.26150	8571	0	120
2012.12.06	04:00:00	1.26151	1.26213	1.26057	1.26088	7207	0	27
2012.12.06	08:00:00	1.26090	1.26268	1.26038	1.26203	12084	0	60
2012.12.06	12:00:00	1.26199	1.26251	1.25762	1.25931	16611	0	10
2012.12.06	16:00:00	1.25935	1.26099	1.25840	1.25914	15668	0	60
2012.12.06	20:00:00	1.25915	1.25993	1.25801	1.25915	7054	0	30
2012.12.07	00:00:00	1.25912	1.25962	1.25820	1.25906	6860	0	23
2012.12.07	04:00:00	1.25904	1.25955	1.25842	1.25926	5963	0	60
2012.12.07	08:00:00	1.25927	1.25955	1.25780	1.25856	11102	0	60
2012.12.07	12:00:00	1.25853	1.25944	1.25714	1.25925	14706	0	60
2012.12.07	16:00:00	1.25924	1.25953	1.25768	1.25853	12994	0	60
2012.12.07	20:00:00	1.25855	1.25966	1.25775	1.25898	4448	0	42
2012.12.10	00:00:00	1.25861	1.25888	1.25620	1.25656	7637	0	12
2012.12.10	04:00:00	1.25657	1.25836	1.25625	1.25830	6688	0	26
2012.12.10	08:00:00	1.25829	1.25859	1.25687	1.25788	11758	0	60
2012.12.10	12:00:00	1.25786	1.25834	1.25655	1.25680	11184	0	18
2012.12.10	16:00:00	1.25675	1.25777	1.25627	1.25657	10260	0	60
2012.12.10	20:00:00	1.25656	1.25754	1.25525	1.25614	4863	0	20
2012.12.11	00:00:00	1.25616	1.25667	1.25295	1.25398	6347	0	60
2012.12.11	04:00:00	1.25397	1.25519	1.25370	1.25404	7203	0	21
2012.12.11	08:00:00	1.25401	1.25489	1.25099	1.25135	11544	0	60
2012.12.11	12:00:00	1.25132	1.25451	1.25132	1.25440	11204	0	60
2012.12.11	16:00:00	1.25439	1.25547	1.25289	1.25464	12430	0	60
2012.12.11	20:00:00	1.25467	1.25506	1.25292	1.25468	7774	0	60
2012.12.12	00:00:00	1.25467	1.25531	1.25365	1.25370	6225	0	21
2012.12.12	04:00:00	1.25367	1.25456	1.25320	1.25341	6198	0	23
2012.12.12	08:00:00	1.25342	1.25424	1.25205	1.25242	10904	0	60
2012.12.12	12:00:00	1.25255	1.25483	1.25220	1.25399	10628	0	60
2012.12.12	16:00:00	1.25402	1.25460	1.25076	1.25099	15193	0	60
2012.12.12	20:00:00	1.25098	1.25176	1.24980	1.25050	9876	0	60
2012.12.13	00:00:00	1.25052	1.25132	1.24891	1.24907	7074	0	120
2012.12.13	04:00:00	1.24909	1.24964	1.24847	1.24920	6802	0	60
2012.12.13	08:00:00	1.24923	1.24998	1.24869	1.24898	11224	0	60
2012.12.13	12:00:00	1.24895	1.24911	1.24790	1.24848	12150	0	60
2012.12.13	16:00:00	1.24853	1.24933	1.24683	1.24723	12950	0	60
2012.12.13	20:00:00	1.24718	1.24826	1.24687	1.24802	6630	0	25
2012.12.14	00:00:00	1.24800	1.24873	1.24758	1.24833	7088	0	60
2012.12.14	04:00:00	1.24834	1.24892	1.24762	1.24865	8832	0	28
2012.12.14	08:00:00	1.24866	1.25206	1.24816	1.25140	11819	0	60
2012.12.14	12:00:00	1.25136	1.25273	1.25050	1.25165	11769	0	60
2012.12.14	16:00:00	1.25153	1.25192	1.24721	1.24846	13294	0	60
2012.12.14	20:00:00	1.24838	1.24960	1.24726	1.24792	5105	0	60
2012.12.17	00:00:00	1.24675	1.24761	1.24503	1.24711	8915	0	15
2012.12.17	04:00:00	1.24710	1.24886	1.24704	1.24835	7333	0	60
2012.12.17	08:00:00	1.24836	1.24888	1.24731	1.24785	12266	0	60
2012.12.17	12:00:00	1.24786	1.24934	1.24763	1.24856	10783	0	60
2012.12.17	16:00:00	1.24852	1.25005	1.24740	1.24931	11369	0	25
2012.12.17	20:00:00	1.24923	1.24959	1.24749	1.24840	6468	0	75
2012.12.18	00:00:00	1.24842	1.24963	1.24754	1.24867	7430	0	60
2012.12.18	04:00:00	1.24865	1.24934	1.24794	1.24913	7300	0	14
2012.12.18	08:00:00	1.24910	1.25060	1.24869	1.24975	10273	0	60
2012.12.18	12:00:00	1.24974	1.25258	1.24960	1.25071	11776	0	60
2012.12.18	16:00:00	1.25071	1.25129	1.24932	1.24983	12377	0	12
2012.12.18	20:00:00	1.24976	1.25228	1.24940	1.25207	7649	0	60
2012.12.19	00:00:00	1.25205	1.25392	1.25052	1.25337	8086	0	60
2012.12.19	04:00:00	1.25336	1.25368	1.25199	1.25267	8175	0	60
2012.12.19	08:00:00	1.25268	1.25496	1.25169	1.25479	12766	0	60
2012.12.19	12:00:00	1.25478	1.25546	1.25347	1.25469	13819	0	60
2012.12.19	16:00:00	1.25466	1.25521	1.25264	1.25383	13237	0	60
2012.12.19	20:00:00	1.25376	1.25687	1.25180	1.25512	9636	0	75
2012.12.20	00:00:00	1.25510	1.25518	1.25281	1.25411	7865	0	120
2012.12.20	04:00:00	1.25412	1.25465	1.25351	1.25421	8261	0	10
2012.12.20	08:00:00	1.25416	1.25683	1.25361	1.25662	10425	0	60
2012.12.20	12:00:00	1.25663	1.25836	1.25426	1.25533	14195	0	60
2012.12.20	16:00:00	1.25522	1.25772	1.25496	1.25743	14652	0	60
2012.12.20	20:00:00	1.25726	1.25726	1.25548	1.25610	6889	0	21
2012.12.21	00:00:00	1.25612	1.25729	1.25584	1.25707	9809	0	60
2012.12.21	04:00:00	1.25708	1.25891	1.25655	1.25862	7018	0	21
2012.12.21	08:00:00	1.25861	1.26538	1.25820	1.26464	14082	0	60
2012.12.21	12:00:00	1.26458	1.26662	1.26417	1.26580	13514	0	20
2012.12.21	16:00:00	1.26581	1.26646	1.26310	1.26344	13657	0	60
2012.12.21	20:00:00	1.26332	1.26389	1.26116	1.26253	6096	0	28
2012.12.24	00:00:00	1.26227	1.26411	1.26033	1.26294	7275	0	10
2012.12.24	04:00:00	1.26295	1.26641	1.26295	1.26543	5297	0	24
2012.12.24	08:00:00	1.26544	1.26674	1.26290	1.26410	7516	0	60
2012.12.24	12:00:00	1.26404	1.26487	1.26139	1.26231	8989	0	20
2012.12.24	16:00:00	1.26232	1.26246	1.25910	1.26071	7581	0	10
2012.12.26	04:00:00	1.26146	1.26148	1.26140	1.26148	4	0	60
2012.12.26	08:00:00	1.26134	1.26282	1.25853	1.26124	7201	0	60
2012.12.26	12:00:00	1.26135	1.26881	1.25973	1.26752	10721	0	60
2012.12.26	16:00:00	1.26746	1.26970	1.26579	1.26730	13009	0	60
2012.12.26	20:00:00	1.26739	1.26765	1.26439	1.26549	9586	0	60
2012.12.27	00:00:00	1.26552	1.26559	1.26220	1.26264	6673	0	120
2012.12.27	04:00:00	1.26265	1.26417	1.26135	1.26304	7379	0	25
2012.12.27	08:00:00	1.26303	1.26435	1.26080	1.26371	9912	0	60
2012.12.27	12:00:00	1.26369	1.26687	1.26340	1.26626	11960	0	60
2012.12.27	16:00:00	1.26622	1.26830	1.26429	1.26610	15022	0	60
2012.12.27	20:00:00	1.26593	1.26631	1.26129	1.26194	10780	0	60
2012.12.28	00:00:00	1.26196	1.26460	1.26165	1.26340	7713	0	60
2012.12.28	04:00:00	1.26338	1.26546	1.26199	1.26277	5731	0	44
2012.12.28	08:00:00	1.26278	1.26456	1.26181	1.26239	9944	0	60
2012.12.28	12:00:00	1.26244	1.26449	1.26203	1.26291	10274	0	60
2012.12.28	16:00:00	1.26289	1.26845	1.26188	1.26482	11648	0	60
2012.12.28	20:00:00	1.26481	1.26481	1.26376	1.26423	6527	0	60
2012.12.31	00:00:00	1.26329	1.26339	1.26033	1.26065	7784	0	60
2012.12.31	04:00:00	1.26066	1.26169	1.25948	1.26162	6988	0	60
2012.12.31	08:00:00	1.26155	1.26271	1.26090	1.26193	7506	0	60
2012.12.31	12:00:00	1.26218	1.26261	1.26025	1.26061	10595	0	60
2012.12.31	16:00:00	1.26062	1.26101	1.25585	1.25633	8130	0	50
2013.01.01	20:00:00	1.25562	1.25665	1.25383	1.25547	946	0	50
2013.01.02	00:00:00	1.25550	1.25750	1.24694	1.24977	8113	0	37
2013.01.02	04:00:00	1.24975	1.25431	1.24947	1.25376	5198	0	50
2013.01.02	08:00:00	1.25375	1.25463	1.24963	1.25328	19341	0	60
2013.01.02	12:00:00	1.25328	1.25664	1.25267	1.25629	17299	0	60
2013.01.02	16:00:00	1.25631	1.26302	1.25515	1.26264	15481	0	60
2013.01.02	20:00:00	1.26266	1.26372	1.25785	1.25929	10452	0	60
2013.01.03	00:00:00	1.25928	1.26083	1.25735	1.25920	7633	0	120
2013.01.03	04:00:00	1.25919	1.26032	1.25765	1.25880	6650	0	60
2013.01.03	08:00:00	1.25880	1.26068	1.25764	1.26008	12427	0	60
2013.01.03	12:00:00	1.26006	1.26176	1.25905	1.26165	14152	0	60
2013.01.03	16:00:00	1.26166	1.26371	1.26148	1.26343	12831	0	60
2013.01.03	20:00:00	1.26335	1.26473	1.26205	1.26404	10943	0	60
2013.01.04	00:00:00	1.26405	1.26753	1.26270	1.26673	9723	0	60
2013.01.04	04:00:00	1.26674	1.26742	1.26478	1.26679	8408	0	60
2013.01.04	08:00:00	1.26684	1.26767	1.26498	1.26548	13433	0	60
2013.01.04	12:00:00	1.26549	1.26672	1.26197	1.26234	16342	0	60
2013.01.04	16:00:00	1.26221	1.26352	1.26010	1.26110	15477	0	60
2013.01.04	20:00:00	1.26106	1.26144	1.25857	1.25899	7145	0	42
2013.01.07	00:00:00	1.26202	1.26325	1.26051	1.26163	8436	0	77
2013.01.07	04:00:00	1.26165	1.26349	1.26133	1.26305	7027	0	60
2013.01.07	08:00:00	1.26308	1.26353	1.25503	1.25554	13365	0	60
2013.01.07	12:00:00	1.25552	1.25687	1.25393	1.25607	13211	0	60
2013.01.07	16:00:00	1.25605	1.25605	1.25334	1.25479	13434	0	60
2013.01.07	20:00:00	1.25478	1.25490	1.25341	1.25437	7947	0	60
2013.01.08	00:00:00	1.25439	1.25545	1.25322	1.25351	9316	0	120
2013.01.08	04:00:00	1.25352	1.25420	1.25320	1.25382	7961	0	60
2013.01.08	08:00:00	1.25383	1.25696	1.25171	1.25609	13644	0	60
2013.01.08	12:00:00	1.25602	1.25669	1.25435	1.25535	13668	0	60
2013.01.08	16:00:00	1.25534	1.25671	1.25457	1.25577	13696	0	60
2013.01.08	20:00:00	1.25567	1.25586	1.25253	1.25500	9201	0	57
2013.01.09	00:00:00	1.25504	1.25555	1.25009	1.25229	9404	0	60
2013.01.09	04:00:00	1.25226	1.25325	1.25126	1.25318	7531	0	60
2013.01.09	08:00:00	1.25317	1.25513	1.25170	1.25497	14256	0	60
2013.01.09	12:00:00	1.25498	1.25631	1.25189	1.25290	16100	0	60
2013.01.09	16:00:00	1.25290	1.25321	1.25160	1.25193	16041	0	60
2013.01.09	20:00:00	1.25196	1.25320	1.25106	1.25119	9498	0	42
2013.01.10	00:00:00	1.25116	1.25545	1.25067	1.25465	9312	0	60
2013.01.10	04:00:00	1.25466	1.25619	1.25416	1.25611	9176	0	60
2013.01.10	08:00:00	1.25615	1.25629	1.25164	1.25224	14217	0	60
2013.01.10	12:00:00	1.25224	1.25399	1.25051	1.25215	17253	0	60
2013.01.10	16:00:00	1.25212	1.25578	1.25171	1.25344	17291	0	60
2013.01.10	20:00:00	1.25338	1.25472	1.25188	1.25280	10272	0	60
2013.01.11	00:00:00	1.25281	1.25483	1.25239	1.25456	9882	0	120
2013.01.11	04:00:00	1.25455	1.25672	1.25420	1.25649	8773	0	29
2013.01.11	08:00:00	1.25646	1.25805	1.25482	1.25763	14922	0	60
2013.01.11	12:00:00	1.25762	1.25952	1.25677	1.25835	17382	0	60
2013.01.11	16:00:00	1.25837	1.25978	1.25663	1.25797	15762	0	60
2013.01.11	20:00:00	1.25769	1.25922	1.25659	1.25898	6867	0	120
2013.01.14	00:00:00	1.25874	1.25926	1.25519	1.25637	8001	0	38
2013.01.14	04:00:00	1.25615	1.25665	1.25492	1.25654	7297	0	60
2013.01.14	08:00:00	1.25654	1.25715	1.25387	1.25508	13362	0	60
2013.01.14	12:00:00	1.25442	1.25586	1.25319	1.25533	14008	0	60
2013.01.14	16:00:00	1.25527	1.25764	1.25451	1.25672	14009	0	60
2013.01.14	20:00:00	1.25665	1.25692	1.25125	1.25307	10839	0	35
2013.01.15	00:00:00	1.25274	1.25445	1.25215	1.25378	7795	0	60
2013.01.15	04:00:00	1.25377	1.25547	1.25251	1.25500	9574	0	60
2013.01.15	08:00:00	1.25497	1.25535	1.25134	1.25205	14471	0	60
2013.01.15	12:00:00	1.25205	1.25804	1.25129	1.25692	17145	0	60
2013.01.15	16:00:00	1.25697	1.25938	1.25640	1.25786	16290	0	60
2013.01.15	20:00:00	1.25783	1.25859	1.25570	1.25777	9692	0	20
2013.01.16	00:00:00	1.25755	1.25813	1.25371	1.25720	10775	0	120
2013.01.16	04:00:00	1.25695	1.25721	1.25508	1.25630	9598	0	37
2013.01.16	08:00:00	1.25624	1.25837	1.25545	1.25675	14999	0	60
2013.01.16	12:00:00	1.25670	1.25771	1.25524	1.25553	15381	0	60
2013.01.16	16:00:00	1.25549	1.25650	1.25450	1.25634	14434	0	38
2013.01.16	20:00:00	1.25618	1.25668	1.25489	1.25597	9691	0	42
2013.01.17	00:00:00	1.25532	1.25670	1.25131	1.25233	9319	0	60
2013.01.17	04:00:00	1.25236	1.25266	1.25075	1.25211	11778	0	60
2013.01.17	08:00:00	1.25152	1.25337	1.25014	1.25228	14326	0	60
2013.01.17	12:00:00	1.25186	1.25511	1.25157	1.25461	15389	0	60
2013.01.17	16:00:00	1.25468	1.25505	1.25210	1.25305	15517	0	60
2013.01.17	20:00:00	1.25309	1.26260	1.25110	1.26022	10454	0	29
2013.01.18	00:00:00	1.26023	1.26065	1.25749	1.25844	10717	0	37
2013.01.18	04:00:00	1.25821	1.25939	1.25739	1.25820	9014	0	60
2013.01.18	08:00:00	1.25804	1.25929	1.25660	1.25803	15469	0	60
2013.01.18	12:00:00	1.25805	1.25805	1.25511	1.25637	14815	0	21
2013.01.18	16:00:00	1.25636	1.25767	1.25565	1.25654	13787	0	60
2013.01.18	20:00:00	1.25618	1.25720	1.25327	1.25327	6277	0	120
2013.01.21	00:00:00	1.25556	1.25925	1.25434	1.25863	8162	0	44
2013.01.21	04:00:00	1.25818	1.25865	1.25676	1.25763	6314	0	60
2013.01.21	08:00:00	1.25759	1.25845	1.25630	1.25818	10391	0	60
2013.01.21	12:00:00	1.25751	1.25878	1.25687	1.25819	8010	0	60
2013.01.21	16:00:00	1.25819	1.25829	1.25539	1.25672	7602	0	26
2013.01.21	20:00:00	1.25612	1.25766	1.25550	1.25703	5742	0	30
2013.01.22	00:00:00	1.25607	1.25819	1.25295	1.25371	7151	0	32
2013.01.22	04:00:00	1.25370	1.25504	1.25237	1.25392	11871	0	60
2013.01.22	08:00:00	1.25333	1.25558	1.25333	1.25502	17130	0	60
2013.01.22	12:00:00	1.25500	1.25569	1.25421	1.25468	13400	0	35
2013.01.22	16:00:00	1.25490	1.25668	1.25423	1.25632	14090	0	60
2013.01.22	20:00:00	1.25630	1.25630	1.25441	1.25490	7206	0	60
2013.01.23	00:00:00	1.25492	1.25551	1.25095	1.25304	8027	0	29
2013.01.23	04:00:00	1.25248	1.25371	1.25195	1.25291	8052	0	60
2013.01.23	08:00:00	1.25292	1.25333	1.25098	1.25279	13207	0	60
2013.01.23	12:00:00	1.25284	1.25321	1.25018	1.25031	12338	0	32
2013.01.23	16:00:00	1.25031	1.25370	1.24931	1.25226	14666	0	60
2013.01.23	20:00:00	1.25222	1.25347	1.25086	1.25091	11411	0	60
2013.01.24	00:00:00	1.25090	1.25132	1.24769	1.24769	9540	0	20
2013.01.24	04:00:00	1.24748	1.24980	1.24608	1.24941	10669	0	60
2013.01.24	08:00:00	1.24940	1.25043	1.24699	1.24746	14990	0	60
2013.01.24	12:00:00	1.24688	1.24833	1.24560	1.24719	13842	0	60
2013.01.24	16:00:00	1.24718	1.24831	1.24650	1.24791	15224	0	60
2013.01.24	20:00:00	1.24787	1.24804	1.24571	1.24677	9084	0	31
2013.01.25	00:00:00	1.24679	1.24899	1.24599	1.24812	7732	0	38
2013.01.25	04:00:00	1.24813	1.25004	1.24717	1.24955	8137	0	60
2013.01.25	08:00:00	1.24950	1.24984	1.24485	1.24636	14570	0	60
2013.01.25	12:00:00	1.24636	1.24688	1.24378	1.24383	16267	0	60
2013.01.25	16:00:00	1.24384	1.24534	1.24311	1.24470	15470	0	38
2013.01.25	20:00:00	1.24472	1.24472	1.24209	1.24409	6031	0	36
2013.01.28	00:00:00	1.24626	1.24757	1.24432	1.24666	7621	0	36
2013.01.28	04:00:00	1.24644	1.24692	1.24543	1.24669	7804	0	39
2013.01.28	08:00:00	1.24666	1.25418	1.24584	1.25355	15768	0	60
2013.01.28	12:00:00	1.25357	1.25432	1.25007	1.25091	14673	0	60
2013.01.28	16:00:00	1.25087	1.25257	1.25030	1.25061	13810	0	60
2013.01.28	20:00:00	1.25062	1.25120	1.24670	1.24855	8538	0	31
2013.01.29	00:00:00	1.24858	1.25025	1.24683	1.24749	9083	0	120
2013.01.29	04:00:00	1.24748	1.24944	1.24659	1.24871	9021	0	60
2013.01.29	08:00:00	1.24870	1.25082	1.24789	1.25013	14155	0	60
2013.01.29	12:00:00	1.25014	1.25036	1.24813	1.25012	14354	0	60
2013.01.29	16:00:00	1.25016	1.25016	1.24811	1.24900	13501	0	60
2013.01.29	20:00:00	1.24900	1.24917	1.24634	1.24731	7847	0	60
2013.01.30	00:00:00	1.24730	1.24964	1.24646	1.24922	6802	0	36
2013.01.30	04:00:00	1.24926	1.25228	1.24831	1.25169	8356	0	60
2013.01.30	08:00:00	1.25171	1.25198	1.24979	1.25125	14943	0	60
2013.01.30	12:00:00	1.25123	1.25381	1.25046	1.25284	16031	0	60
2013.01.30	16:00:00	1.25283	1.25480	1.25187	1.25308	15178	0	60
2013.01.30	20:00:00	1.25307	1.25313	1.24355	1.24491	12995	0	60
2013.01.31	00:00:00	1.24490	1.24657	1.24385	1.24581	8110	0	30
2013.01.31	04:00:00	1.24559	1.24569	1.24273	1.24413	12518	0	60
2013.01.31	08:00:00	1.24414	1.24492	1.24176	1.24309	15257	0	60
2013.01.31	12:00:00	1.24307	1.24436	1.24139	1.24298	14429	0	60
2013.01.31	16:00:00	1.24299	1.24305	1.23960	1.24088	17172	0	60
2013.01.31	20:00:00	1.24083	1.24253	1.23970	1.24209	9011	0	74
2013.02.01	00:00:00	1.24162	1.24269	1.23482	1.23629	10862	0	120
2013.02.01	04:00:00	1.23628	1.23677	1.23412	1.23422	9213	0	20
2013.02.01	08:00:00	1.23424	1.23472	1.23238	1.23330	14674	0	60
2013.02.01	12:00:00	1.23331	1.23525	1.22976	1.23102	17287	0	60
2013.02.01	16:00:00	1.23088	1.23214	1.22905	1.22991	15285	0	60
2013.02.01	20:00:00	1.22933	1.23123	1.22862	1.23037	7494	0	120
2013.02.04	00:00:00	1.23007	1.23290	1.22860	1.23206	9129	0	31
2013.02.04	04:00:00	1.23205	1.23339	1.23102	1.23272	8947	0	60
2013.02.04	08:00:00	1.23235	1.23405	1.23065	1.23184	13929	0	60
2013.02.04	12:00:00	1.23114	1.23274	1.23077	1.23172	13050	0	60
2013.02.04	16:00:00	1.23171	1.23523	1.23038	1.23511	14685	0	60
2013.02.04	20:00:00	1.23510	1.23829	1.23384	1.23818	11483	0	60
2013.02.05	00:00:00	1.23773	1.23949	1.23697	1.23822	9147	0	36
2013.02.05	04:00:00	1.23791	1.23989	1.23403	1.23631	11997	0	39
2013.02.05	08:00:00	1.23633	1.23656	1.23093	1.23216	14774	0	60
2013.02.05	12:00:00	1.23212	1.23411	1.23082	1.23227	14918	0	60
2013.02.05	16:00:00	1.23233	1.23303	1.22905	1.23033	16092	0	60
2013.02.05	20:00:00	1.22992	1.23325	1.22827	1.22921	11104	0	59
2013.02.06	00:00:00	1.22879	1.22956	1.22356	1.22551	10042	0	60
2013.02.06	04:00:00	1.22505	1.22638	1.22388	1.22548	10717	0	60
2013.02.06	08:00:00	1.22549	1.22678	1.22358	1.22387	15765	0	60
2013.02.06	12:00:00	1.22393	1.22584	1.22306	1.22521	14465	0	60
2013.02.06	16:00:00	1.22454	1.22533	1.22278	1.22376	13076	0	60
2013.02.06	20:00:00	1.22334	1.23018	1.22155	1.22802	11822	0	120
2013.02.07	00:00:00	1.22804	1.23246	1.22717	1.23212	9857	0	37
2013.02.07	04:00:00	1.23213	1.23426	1.23120	1.23384	9714	0	38
2013.02.07	08:00:00	1.23385	1.23544	1.23290	1.23405	13529	0	60
2013.02.07	12:00:00	1.23405	1.23701	1.23334	1.23624	16410	0	60
2013.02.07	16:00:00	1.23620	1.23872	1.23532	1.23561	17007	0	60
2013.02.07	20:00:00	1.23580	1.23733	1.23255	1.23343	12032	0	60
2013.02.08	00:00:00	1.23342	1.23372	1.22966	1.23144	10878	0	31
2013.02.08	04:00:00	1.23088	1.23266	1.23047	1.23197	9516	0	60
2013.02.08	08:00:00	1.23202	1.23468	1.23137	1.23453	15812	0	60
2013.02.08	12:00:00	1.23388	1.23474	1.23215	1.23341	14746	0	20
2013.02.08	16:00:00	1.23340	1.23615	1.23247	1.23570	13991	0	60
2013.02.08	20:00:00	1.23512	1.23616	1.23298	1.23360	6500	0	30
2013.02.11	00:00:00	1.23251	1.23555	1.23124	1.23485	6834	0	23
2013.02.11	04:00:00	1.23461	1.23599	1.23388	1.23498	6553	0	37
2013.02.11	08:00:00	1.23497	1.23610	1.23326	1.23386	13740	0	52
2013.02.11	12:00:00	1.23398	1.23440	1.23182	1.23224	13737	0	52
2013.02.11	16:00:00	1.23225	1.23243	1.22746	1.22796	12555	0	52
2013.02.11	20:00:00	1.22797	1.22862	1.22576	1.22658	9349	0	70
2013.02.12	00:00:00	1.22659	1.22754	1.22559	1.22637	7401	0	104
2013.02.12	04:00:00	1.22613	1.22725	1.22542	1.22624	10063	0	37
2013.02.12	08:00:00	1.22624	1.22761	1.22515	1.22738	12878	0	44
2013.02.12	12:00:00	1.22734	1.22760	1.22537	1.22641	14110	0	44
2013.02.12	16:00:00	1.22639	1.22661	1.22265	1.22406	15949	0	44
2013.02.12	20:00:00	1.22342	1.22660	1.22277	1.22522	9161	0	104
2013.02.13	00:00:00	1.22462	1.22982	1.22435	1.22878	7862	0	104
2013.02.13	04:00:00	1.22847	1.22977	1.22735	1.22863	9550	0	44
2013.02.13	08:00:00	1.22841	1.22904	1.22740	1.22855	12975	0	44
2013.02.13	12:00:00	1.22778	1.23086	1.22694	1.23024	12612	0	44
2013.02.13	16:00:00	1.23009	1.23072	1.22863	1.22976	11748	0	60
2013.02.13	20:00:00	1.22935	1.22975	1.22357	1.22502	12271	0	120
2013.02.14	00:00:00	1.22499	1.22531	1.21913	1.22176	9387	0	37
2013.02.14	04:00:00	1.22154	1.22225	1.21958	1.22134	7400	0	35
2013.02.14	08:00:00	1.22139	1.22169	1.21634	1.21920	15629	0	52
2013.02.14	12:00:00	1.21918	1.22051	1.21793	1.21968	14996	0	20
2013.02.14	16:00:00	1.21967	1.22256	1.21933	1.21996	13144	0	20
2013.02.14	20:00:00	1.21997	1.22446	1.21474	1.21506	12528	0	52
2013.02.15	00:00:00	1.21505	1.21650	1.21383	1.21568	8504	0	33
2013.02.15	04:00:00	1.21570	1.21794	1.21557	1.21703	9216	0	52
2013.02.15	08:00:00	1.21698	1.21830	1.21647	1.21798	10646	0	52
2013.02.15	12:00:00	1.21803	1.21854	1.21589	1.21642	12335	0	20
2013.02.15	16:00:00	1.21649	1.21933	1.21632	1.21837	11806	0	35
2013.02.15	20:00:00	1.21824	1.22018	1.21780	1.21811	6888	0	78
2013.02.18	00:00:00	1.21865	1.21906	1.21635	1.21798	8403	0	20
2013.02.18	04:00:00	1.21799	1.22047	1.21749	1.22010	7330	0	34
2013.02.18	08:00:00	1.22001	1.22216	1.21921	1.21985	8681	0	21
2013.02.18	12:00:00	1.21982	1.22003	1.21870	1.21882	7464	0	52
2013.02.18	16:00:00	1.21877	1.21904	1.21684	1.21755	8459	0	52
2013.02.18	20:00:00	1.21755	1.21937	1.21678	1.21899	10824	0	34
2013.02.19	00:00:00	1.21897	1.22702	1.21871	1.22480	9415	0	28
2013.02.19	04:00:00	1.22481	1.22541	1.22279	1.22370	8827	0	30
2013.02.19	08:00:00	1.22368	1.22424	1.22256	1.22411	11162	0	52
2013.02.19	12:00:00	1.22408	1.22501	1.22249	1.22280	9782	0	52
2013.02.19	16:00:00	1.22281	1.22340	1.21941	1.22139	11038	0	52
2013.02.19	20:00:00	1.22131	1.22343	1.22037	1.22309	7306	0	52
2013.02.20	00:00:00	1.22312	1.22998	1.22141	1.22946	8911	0	60
2013.02.20	04:00:00	1.22948	1.23325	1.22936	1.23276	9451	0	52
2013.02.20	08:00:00	1.23264	1.23434	1.23046	1.23417	11244	0	52
2013.02.20	12:00:00	1.23418	1.23467	1.22857	1.22859	13342	0	52
2013.02.20	16:00:00	1.22859	1.23026	1.22665	1.22715	13447	0	52
2013.02.20	20:00:00	1.22706	1.22987	1.22601	1.22643	14167	0	74
2013.02.21	00:00:00	1.22644	1.22858	1.22629	1.22700	8823	0	104
2013.02.21	04:00:00	1.22699	1.22767	1.22591	1.22682	8800	0	38
2013.02.21	08:00:00	1.22680	1.22938	1.22599	1.22770	13396	0	30
2013.02.21	12:00:00	1.22769	1.22859	1.22621	1.22693	13033	0	52
2013.02.21	16:00:00	1.22710	1.22842	1.22710	1.22822	13341	0	25
2013.02.21	20:00:00	1.22814	1.23281	1.22696	1.23263	10675	0	52
2013.02.22	00:00:00	1.23264	1.23297	1.22831	1.23014	9840	0	21
2013.02.22	04:00:00	1.23012	1.23150	1.22934	1.23109	8323	0	52
2013.02.22	08:00:00	1.23106	1.23171	1.22983	1.23103	9624	0	52
2013.02.22	12:00:00	1.23098	1.23331	1.23000	1.23237	12899	0	20
2013.02.22	16:00:00	1.23234	1.23423	1.23006	1.23092	13006	0	52
2013.02.22	20:00:00	1.23066	1.23287	1.23043	1.23050	4987	0	31
2013.02.25	00:00:00	1.23132	1.23141	1.22763	1.22836	8436	0	60
2013.02.25	04:00:00	1.22833	1.22861	1.22692	1.22772	6836	0	52
2013.02.25	08:00:00	1.22776	1.22873	1.22556	1.22763	10512	0	52
2013.02.25	12:00:00	1.22761	1.22803	1.22667	1.22713	12052	0	52
2013.02.25	16:00:00	1.22715	1.22830	1.22572	1.22800	16816	0	52
2013.02.25	20:00:00	1.22799	1.23344	1.22583	1.23102	16403	0	68
2013.02.26	00:00:00	1.23099	1.23340	1.23058	1.23180	10611	0	60
2013.02.26	04:00:00	1.23187	1.23318	1.23026	1.23232	10160	0	52
2013.02.26	08:00:00	1.23241	1.23443	1.23108	1.23405	14721	0	52
2013.02.26	12:00:00	1.23402	1.23814	1.23375	1.23678	14840	0	52
2013.02.26	16:00:00	1.23686	1.24181	1.23663	1.23932	19173	0	52
2013.02.26	20:00:00	1.23923	1.24236	1.23812	1.24011	10568	0	78
2013.02.27	00:00:00	1.24012	1.24033	1.23578	1.23845	10365	0	33
2013.02.27	04:00:00	1.23843	1.24024	1.23761	1.23855	10415	0	52
2013.02.27	08:00:00	1.23855	1.23926	1.23620	1.23667	15361	0	52
2013.02.27	12:00:00	1.23671	1.23837	1.23654	1.23735	15047	0	52
2013.02.27	16:00:00	1.23729	1.23965	1.23625	1.23653	14625	0	52
2013.02.27	20:00:00	1.23651	1.23789	1.23326	1.23548	14115	0	56
2013.02.28	00:00:00	1.23543	1.23809	1.23246	1.23557	13380	0	40
2013.02.28	04:00:00	1.23556	1.23584	1.23434	1.23560	8184	0	34
2013.02.28	08:00:00	1.23558	1.23626	1.23401	1.23467	12471	0	52
2013.02.28	12:00:00	1.23468	1.23580	1.23230	1.23464	12695	0	52
2013.02.28	16:00:00	1.23463	1.23767	1.23347	1.23569	14458	0	52
2013.02.28	20:00:00	1.23579	1.23899	1.23410	1.23813	10598	0	52
2013.03.01	00:00:00	1.23814	1.23897	1.23561	1.23628	9208	0	30
2013.03.01	04:00:00	1.23629	1.23761	1.23599	1.23757	7810	0	34
2013.03.01	08:00:00	1.23753	1.23820	1.23353	1.23672	13603	0	24
2013.03.01	12:00:00	1.23661	1.23786	1.23538	1.23712	14679	0	31
2013.03.01	16:00:00	1.23712	1.23908	1.23583	1.23713	15554	0	52
2013.03.01	20:00:00	1.23697	1.23747	1.23471	1.23572	5600	0	24
2013.03.04	00:00:00	1.23879	1.23879	1.23483	1.23611	1907	0	22
2013.03.04	04:00:00	1.23605	1.23745	1.23271	1.23469	1653	0	20
2013.03.04	08:00:00	1.23461	1.23562	1.23139	1.23148	1855	0	20
2013.03.04	12:00:00	1.23149	1.23416	1.23121	1.23324	2046	0	23
2013.03.04	16:00:00	1.23325	1.23532	1.23283	1.23436	2088	0	24
2013.03.04	20:00:00	1.23415	1.23473	1.23048	1.23167	2046	0	20
2013.03.05	00:00:00	1.23165	1.23402	1.23139	1.23279	2017	0	20
2013.03.05	04:00:00	1.23280	1.23584	1.23105	1.23475	1964	0	20
2013.03.05	08:00:00	1.23471	1.23680	1.23386	1.23680	2120	0	20
2013.03.05	12:00:00	1.23685	1.23800	1.23648	1.23706	2005	0	22
2013.03.05	16:00:00	1.23682	1.23741	1.23128	1.23203	2134	0	20
2013.03.05	20:00:00	1.23196	1.23422	1.23054	1.23353	2138	0	20
2013.03.06	00:00:00	1.23354	1.23582	1.23275	1.23525	2151	0	20
2013.03.06	04:00:00	1.23510	1.23535	1.23298	1.23452	1880	0	20
2013.03.06	08:00:00	1.23450	1.23580	1.23389	1.23479	2205	0	20
2013.03.06	12:00:00	1.23478	1.23532	1.23253	1.23448	3076	0	5
2013.03.06	16:00:00	1.23455	1.23683	1.23121	1.23621	6615	0	6
2013.03.06	20:00:00	1.23619	1.23660	1.23412	1.23570	4534	0	9
2013.03.07	00:00:00	1.23570	1.23792	1.23530	1.23774	4585	0	7
2013.03.07	04:00:00	1.23773	1.23881	1.23662	1.23802	3278	0	8
2013.03.07	08:00:00	1.23802	1.23900	1.23633	1.23894	5134	0	4
2013.03.07	12:00:00	1.23899	1.23951	1.23646	1.23951	6450	0	5
2013.03.07	16:00:00	1.23952	1.24181	1.23937	1.24115	5239	0	7
2013.03.07	20:00:00	1.24116	1.24137	1.23787	1.23939	3750	0	11
2013.03.08	00:00:00	1.23933	1.24115	1.23850	1.24024	5976	0	12
2013.03.08	04:00:00	1.24032	1.24119	1.23962	1.24027	4264	0	12
2013.03.08	08:00:00	1.24025	1.24138	1.23870	1.23918	3479	0	9
2013.03.08	12:00:00	1.23918	1.24734	1.23895	1.24650	4975	0	6
2013.03.08	16:00:00	1.24648	1.24845	1.24604	1.24723	4235	0	5
2013.03.08	20:00:00	1.24720	1.24769	1.24511	1.24511	2437	0	8
2013.03.11	00:00:00	1.24445	1.24517	1.24258	1.24274	4247	0	7
2013.03.11	04:00:00	1.24273	1.24676	1.24271	1.24619	3070	0	5
2013.03.11	08:00:00	1.24612	1.24785	1.24409	1.24471	4018	0	5
2013.03.11	12:00:00	1.24468	1.24658	1.24375	1.24612	3209	0	6
2013.03.11	16:00:00	1.24612	1.24627	1.24240	1.24291	4690	0	6
2013.03.11	20:00:00	1.24291	1.24374	1.24058	1.24338	3996	0	7
2013.03.12	00:00:00	1.24339	1.24660	1.24330	1.24636	5318	0	8
2013.03.12	04:00:00	1.24637	1.24699	1.24527	1.24562	4089	0	10
2013.03.12	08:00:00	1.24559	1.25030	1.24547	1.24928	5151	0	6
2013.03.12	12:00:00	1.24928	1.25242	1.24892	1.25114	5496	0	6
2013.03.12	16:00:00	1.25107	1.25132	1.24869	1.25009	4950	0	3
2013.03.12	20:00:00	1.25013	1.25273	1.24742	1.25219	3668	0	7
2013.03.13	00:00:00	1.25223	1.25324	1.25052	1.25112	5348	0	8
2013.03.13	04:00:00	1.25114	1.25137	1.24852	1.25035	5079	0	11
2013.03.13	08:00:00	1.25035	1.25039	1.24798	1.24948	5726	0	6
2013.03.13	12:00:00	1.24948	1.25124	1.24918	1.25108	7101	0	7
2013.03.13	16:00:00	1.25106	1.25136	1.24736	1.24802	5838	0	7
2013.03.13	20:00:00	1.24801	1.26038	1.24593	1.25963	6626	0	5
2013.03.14	00:00:00	1.25963	1.26769	1.25792	1.26721	7456	0	9
2013.03.14	04:00:00	1.26721	1.26817	1.26599	1.26648	4507	0	11
2013.03.14	08:00:00	1.26650	1.26765	1.26334	1.26445	6257	0	5
2013.03.14	12:00:00	1.26445	1.26702	1.26317	1.26606	7320	0	5
2013.03.14	16:00:00	1.26609	1.26658	1.26249	1.26249	7467	0	6
2013.03.14	20:00:00	1.26249	1.26536	1.26122	1.26279	5945	0	8
2013.03.15	00:00:00	1.26279	1.26547	1.26222	1.26313	5983	0	7
2013.03.15	04:00:00	1.26314	1.26409	1.26277	1.26294	4374	0	10
2013.03.15	08:00:00	1.26295	1.26338	1.26053	1.26057	5016	0	6
2013.03.15	12:00:00	1.26052	1.26152	1.25866	1.25926	6667	0	7
2013.03.15	16:00:00	1.25928	1.25954	1.25738	1.25869	5479	0	6
2013.03.15	20:00:00	1.25874	1.25874	1.25738	1.25752	1752	0	12
2013.03.18	00:00:00	1.25788	1.25989	1.25760	1.25839	6641	0	11
2013.03.18	04:00:00	1.25839	1.25915	1.25646	1.25764	4813	0	11
2013.03.18	08:00:00	1.25766	1.25981	1.25662	1.25981	6144	0	7
2013.03.18	12:00:00	1.25979	1.26211	1.25971	1.26078	6887	0	7
2013.03.18	16:00:00	1.26080	1.26147	1.25848	1.25958	5112	0	6
2013.03.18	20:00:00	1.25953	1.26036	1.25694	1.25750	5112	0	9
2013.03.19	00:00:00	1.25756	1.26029	1.25713	1.25921	5557	0	5
2013.03.19	04:00:00	1.25918	1.25944	1.25761	1.25801	4067	0	8
2013.03.19	08:00:00	1.25801	1.25910	1.25665	1.25872	5783	0	6
2013.03.19	12:00:00	1.25865	1.26082	1.25766	1.25797	6181	0	7
2013.03.19	16:00:00	1.25798	1.25885	1.25628	1.25851	8293	0	5
2013.03.19	20:00:00	1.25856	1.25868	1.25585	1.25683	8060	0	9
2013.03.20	00:00:00	1.25676	1.26140	1.25633	1.26010	4690	0	9
2013.03.20	04:00:00	1.26009	1.26297	1.26007	1.26128	4581	0	9
2013.03.20	08:00:00	1.26128	1.26337	1.26106	1.26271	6018	0	6
2013.03.20	12:00:00	1.26270	1.26397	1.26154	1.26214	7673	0	6
2013.03.20	16:00:00	1.26211	1.26385	1.26052	1.26192	7863	0	5
2013.03.20	20:00:00	1.26190	1.26358	1.25300	1.25582	9015	0	5
2013.03.21	00:00:00	1.25578	1.25703	1.25291	1.25441	5681	0	12
2013.03.21	04:00:00	1.25441	1.25628	1.25358	1.25572	4308	0	10
2013.03.21	08:00:00	1.25574	1.25595	1.25068	1.25079	7207	0	5
2013.03.21	12:00:00	1.25083	1.25244	1.25025	1.25229	8628	0	5
2013.03.21	16:00:00	1.25230	1.25521	1.25155	1.25423	7538	0	5
2013.03.21	20:00:00	1.25425	1.25600	1.25373	1.25462	6811	0	6
2013.03.22	00:00:00	1.25459	1.25516	1.25229	1.25261	4947	0	3
2013.03.22	04:00:00	1.25260	1.25337	1.25122	1.25330	4219	0	10
2013.03.22	08:00:00	1.25332	1.25506	1.25245	1.25407	5922	0	6
2013.03.22	12:00:00	1.25407	1.25502	1.25215	1.25271	5431	0	7
2013.03.22	16:00:00	1.25272	1.25307	1.25023	1.25033	5110	0	6
2013.03.22	20:00:00	1.25038	1.25091	1.24913	1.24931	2083	0	8
2013.03.25	00:00:00	1.25058	1.25236	1.24999	1.25229	6670	0	2
2013.03.25	04:00:00	1.25228	1.25292	1.25100	1.25271	4331	0	7
2013.03.25	08:00:00	1.25275	1.25364	1.25139	1.25186	4933	0	5
2013.03.25	12:00:00	1.25187	1.25321	1.25112	1.25245	6485	0	5
2013.03.25	16:00:00	1.25241	1.25324	1.25101	1.25113	8176	0	6
2013.03.25	20:00:00	1.25110	1.25442	1.25042	1.25262	5515	0	4
2013.03.26	00:00:00	1.25261	1.25374	1.25206	1.25250	5580	0	7
2013.03.26	04:00:00	1.25247	1.25341	1.25216	1.25309	5325	0	6
2013.03.26	08:00:00	1.25311	1.25480	1.25269	1.25432	6014	0	6
2013.03.26	12:00:00	1.25436	1.25534	1.25132	1.25143	7212	0	6
2013.03.26	16:00:00	1.25141	1.25183	1.24990	1.25045	5441	0	4
2013.03.26	20:00:00	1.25050	1.25053	1.24795	1.24831	3612	0	5
2013.03.27	00:00:00	1.24826	1.24945	1.24746	1.24911	4041	0	10
2013.03.27	04:00:00	1.24917	1.24986	1.24884	1.24936	4520	0	8
2013.03.27	08:00:00	1.24939	1.25012	1.24837	1.24890	6042	0	6
2013.03.27	12:00:00	1.24890	1.24962	1.24796	1.24820	6236	0	1
2013.03.27	16:00:00	1.24821	1.24961	1.24779	1.24791	4865	0	6
2013.03.27	20:00:00	1.24792	1.24862	1.24677	1.24737	3332	0	6
2013.03.28	00:00:00	1.24735	1.24858	1.24661	1.24670	5359	0	9
2013.03.28	04:00:00	1.24675	1.24744	1.24566	1.24573	4614	0	9
2013.03.28	08:00:00	1.24570	1.24606	1.24393	1.24394	6385	0	6
2013.03.28	12:00:00	1.24394	1.24584	1.24294	1.24537	6668	0	5
2013.03.28	16:00:00	1.24534	1.24567	1.24367	1.24495	5072	0	5
2013.03.28	20:00:00	1.24497	1.24596	1.24309	1.24401	3363	0	9
2013.03.29	00:00:00	1.24399	1.24458	1.24271	1.24419	4178	0	10
2013.03.29	04:00:00	1.24419	1.24641	1.24419	1.24485	3136	0	12
2013.03.29	08:00:00	1.24485	1.24558	1.24423	1.24447	4406	0	15
2013.03.29	12:00:00	1.24449	1.24540	1.24331	1.24408	2322	0	8
2013.03.29	16:00:00	1.24407	1.24502	1.24346	1.24391	2335	0	10
2013.03.29	20:00:00	1.24388	1.24479	1.24229	1.24427	909	0	18
2013.04.01	00:00:00	1.24512	1.24512	1.24289	1.24406	3479	0	8
2013.04.01	04:00:00	1.24411	1.24472	1.24348	1.24460	2338	0	8
2013.04.01	08:00:00	1.24461	1.24544	1.24357	1.24485	2438	0	8
2013.04.01	12:00:00	1.24487	1.24570	1.24377	1.24559	2740	0	11
2013.04.01	16:00:00	1.24558	1.24603	1.24331	1.24445	3612	0	9
2013.04.01	20:00:00	1.24444	1.24535	1.24351	1.24382	2852	0	6
2013.04.02	00:00:00	1.24382	1.24613	1.24373	1.24571	4696	0	7
2013.04.02	04:00:00	1.24572	1.24655	1.24432	1.24477	5434	0	6
2013.04.02	08:00:00	1.24476	1.24517	1.24288	1.24321	5503	0	8
2013.04.02	12:00:00	1.24321	1.24333	1.23958	1.23991	5032	0	6
2013.04.02	16:00:00	1.23987	1.24214	1.23985	1.24186	4474	0	6
2013.04.02	20:00:00	1.24186	1.24224	1.24037	1.24184	3276	0	9
2013.04.03	00:00:00	1.24183	1.24480	1.24129	1.24406	4501	0	7
2013.04.03	04:00:00	1.24406	1.24422	1.24325	1.24355	3888	0	6
2013.04.03	08:00:00	1.24358	1.24370	1.24145	1.24262	4713	0	7
2013.04.03	12:00:00	1.24267	1.24302	1.24149	1.24210	5376	0	7
2013.04.03	16:00:00	1.24206	1.24273	1.24106	1.24234	5729	0	7
2013.04.03	20:00:00	1.24233	1.24301	1.24138	1.24223	3816	0	7
2013.04.04	00:00:00	1.24224	1.24581	1.24137	1.24433	4429	0	8
2013.04.04	04:00:00	1.24434	1.24605	1.24295	1.24363	4808	0	6
2013.04.04	08:00:00	1.24362	1.24502	1.24217	1.24271	6594	0	5
2013.04.04	12:00:00	1.24276	1.24405	1.24163	1.24193	6553	0	5
2013.04.04	16:00:00	1.24196	1.24212	1.23836	1.23871	6581	0	7
2013.04.04	20:00:00	1.23871	1.23942	1.23765	1.23862	4498	0	7
2013.04.05	00:00:00	1.23866	1.24016	1.23822	1.23939	4863	0	7
2013.04.05	04:00:00	1.23941	1.23998	1.23870	1.23912	5227	0	6
2013.04.05	08:00:00	1.23902	1.24012	1.23837	1.23892	5572	0	2
2013.04.05	12:00:00	1.23892	1.24136	1.23685	1.23696	8112	0	6
2013.04.05	16:00:00	1.23694	1.23696	1.23087	1.23228	6151	0	6
2013.04.05	20:00:00	1.23224	1.23334	1.23068	1.23115	3048	0	5
2013.04.08	00:00:00	1.23203	1.23366	1.23089	1.23314	5457	0	11
2013.04.08	04:00:00	1.23322	1.23414	1.23072	1.23157	4539	0	11
2013.04.08	08:00:00	1.23158	1.23248	1.23013	1.23150	5469	0	6
2013.04.08	12:00:00	1.23146	1.23294	1.22867	1.22895	5677	0	6
2013.04.08	16:00:00	1.22897	1.23025	1.22854	1.22931	5356	0	6
2013.04.08	20:00:00	1.22928	1.23065	1.22874	1.23026	3995	0	5
2013.04.09	00:00:00	1.23026	1.23089	1.22729	1.22896	5915	0	9
2013.04.09	04:00:00	1.22891	1.22910	1.22794	1.22861	3893	0	6
2013.04.09	08:00:00	1.22858	1.23523	1.22730	1.23443	6282	0	6
2013.04.09	12:00:00	1.23442	1.23478	1.23165	1.23193	5791	0	4
2013.04.09	16:00:00	1.23196	1.23327	1.23043	1.23097	6684	0	5
2013.04.09	20:00:00	1.23098	1.23205	1.22960	1.23042	4923	0	6
2013.04.10	00:00:00	1.23052	1.23151	1.22882	1.22914	5208	0	6
2013.04.10	04:00:00	1.22914	1.23261	1.22866	1.23138	5465	0	11
2013.04.10	08:00:00	1.23140	1.23225	1.22944	1.23063	6421	0	11
2013.04.10	12:00:00	1.23064	1.23216	1.22980	1.23179	6376	0	11
2013.04.10	16:00:00	1.23179	1.23205	1.22913	1.22939	5748	0	12
2013.04.10	20:00:00	1.22939	1.22983	1.22656	1.22694	4756	0	11
2013.04.11	00:00:00	1.22694	1.22930	1.22319	1.22540	5813	0	12
2013.04.11	04:00:00	1.22537	1.22537	1.22288	1.22455	4559	0	11
2013.04.11	08:00:00	1.22455	1.22507	1.21819	1.22007	7735	0	9
2013.04.11	12:00:00	1.22009	1.22212	1.21898	1.22152	6774	0	11
2013.04.11	16:00:00	1.22149	1.22283	1.22024	1.22182	5022	0	13
2013.04.11	20:00:00	1.22182	1.22237	1.21946	1.22085	3609	0	17
2013.04.12	00:00:00	1.22084	1.22221	1.22037	1.22170	4249	0	16
2013.04.12	04:00:00	1.22170	1.22430	1.22140	1.22387	3976	0	14
2013.04.12	08:00:00	1.22387	1.22656	1.22301	1.22481	5855	0	11
2013.04.12	12:00:00	1.22481	1.22546	1.22315	1.22535	5457	0	13
2013.04.12	16:00:00	1.22545	1.22659	1.22405	1.22441	6188	0	11
2013.04.12	20:00:00	1.22441	1.22469	1.22250	1.22276	3354	0	16
2013.04.15	00:00:00	1.22418	1.23101	1.22402	1.22895	5204	0	11
2013.04.15	04:00:00	1.22844	1.23086	1.22651	1.22791	9074	0	13
2013.04.15	08:00:00	1.22793	1.22936	1.22680	1.22777	7462	0	9
2013.04.15	12:00:00	1.22781	1.22867	1.22649	1.22681	7468	0	11
2013.04.15	16:00:00	1.22681	1.22735	1.22465	1.22654	7718	0	13
2013.04.15	20:00:00	1.22653	1.22914	1.22422	1.22465	12721	0	11
2013.04.16	00:00:00	1.22461	1.22647	1.22194	1.22230	8830	0	12
2013.04.16	04:00:00	1.22230	1.22472	1.22182	1.22213	7412	0	11
2013.04.16	08:00:00	1.22213	1.22455	1.22206	1.22333	8174	0	14
2013.04.16	12:00:00	1.22333	1.22355	1.22124	1.22159	7927	0	12
2013.04.16	16:00:00	1.22154	1.22277	1.22031	1.22181	8921	0	12
2013.04.16	20:00:00	1.22180	1.22370	1.22109	1.22254	5535	0	10
2013.04.17	00:00:00	1.22254	1.22558	1.22092	1.22268	6952	0	10
2013.04.17	04:00:00	1.22266	1.22364	1.22163	1.22240	5118	0	10
2013.04.17	08:00:00	1.22240	1.22482	1.22152	1.22353	6739	0	12
2013.04.17	12:00:00	1.22342	1.22374	1.22000	1.22009	7091	0	12
2013.04.17	16:00:00	1.22009	1.22138	1.21763	1.22029	10292	0	11
2013.04.17	20:00:00	1.22038	1.22100	1.21757	1.22027	7430	0	10
2013.04.18	00:00:00	1.22026	1.22068	1.21852	1.22030	7153	0	11
2013.04.18	04:00:00	1.22031	1.22096	1.21750	1.21885	7293	0	11
2013.04.18	08:00:00	1.21890	1.22223	1.21782	1.22144	7324	0	12
2013.04.18	12:00:00	1.22143	1.22401	1.22129	1.22163	6779	0	11
2013.04.18	16:00:00	1.22163	1.22386	1.22082	1.22281	9385	0	11
2013.04.18	20:00:00	1.22284	1.22486	1.22239	1.22472	5699	0	13
2013.04.19	00:00:00	1.22468	1.22482	1.22139	1.22168	6196	0	11
2013.04.19	04:00:00	1.22168	1.22367	1.22088	1.22318	5840	0	13
2013.04.19	08:00:00	1.22316	1.22426	1.21949	1.22077	8163	0	10
2013.04.19	12:00:00	1.22078	1.22269	1.21982	1.22263	6105	0	11
2013.04.19	16:00:00	1.22270	1.22293	1.21956	1.21986	6437	0	11
2013.04.19	20:00:00	1.21985	1.22148	1.21939	1.22012	4496	0	16
2013.04.22	00:00:00	1.22220	1.22297	1.21764	1.21857	5893	0	11
2013.04.22	04:00:00	1.21857	1.22046	1.21838	1.21917	4734	0	8
2013.04.22	08:00:00	1.21914	1.22092	1.21810	1.21944	5732	0	7
2013.04.22	12:00:00	1.21945	1.21980	1.21617	1.21671	5780	0	6
2013.04.22	16:00:00	1.21677	1.22087	1.21643	1.21980	5813	0	6
2013.04.22	20:00:00	1.21971	1.22066	1.21816	1.21888	4038	0	11
2013.04.23	00:00:00	1.21887	1.21983	1.21732	1.21910	4867	0	8
2013.04.23	04:00:00	1.21907	1.22071	1.21808	1.21961	5888	0	7
2013.04.23	08:00:00	1.21970	1.22328	1.21930	1.21995	7394	0	6
2013.04.23	12:00:00	1.22001	1.22227	1.21825	1.22207	5999	0	7
2013.04.23	16:00:00	1.22201	1.22242	1.21923	1.22039	6588	0	7
2013.04.23	20:00:00	1.22042	1.22189	1.21368	1.21781	5837	0	10
2013.04.24	00:00:00	1.21782	1.21959	1.21397	1.21511	5947	0	11
2013.04.24	04:00:00	1.21513	1.21548	1.21372	1.21420	5268	0	7
2013.04.24	08:00:00	1.21417	1.21638	1.21114	1.21611	7432	0	6
2013.04.24	12:00:00	1.21611	1.21636	1.21377	1.21496	6252	0	9
2013.04.24	16:00:00	1.21499	1.21577	1.21277	1.21366	7325	0	6
2013.04.24	20:00:00	1.21366	1.21448	1.21076	1.21245	4106	0	6
2013.04.25	00:00:00	1.21247	1.21324	1.21016	1.21021	4626	0	6
2013.04.25	04:00:00	1.21021	1.21052	1.20784	1.20981	5108	0	6
2013.04.25	08:00:00	1.20986	1.20990	1.20687	1.20787	6035	0	6
2013.04.25	12:00:00	1.20786	1.20898	1.20681	1.20757	6103	0	6
2013.04.25	16:00:00	1.20761	1.21064	1.20752	1.20927	4505	0	5
2013.04.25	20:00:00	1.20926	1.21131	1.20839	1.21076	4377	0	8
2013.04.26	00:00:00	1.21076	1.21166	1.20861	1.21061	5334	0	8
2013.04.26	04:00:00	1.21056	1.21125	1.20811	1.21007	6153	0	11
2013.04.26	08:00:00	1.20992	1.21051	1.20702	1.20765	6162	0	8
2013.04.26	12:00:00	1.20764	1.20861	1.20508	1.20570	6885	0	8
2013.04.26	16:00:00	1.20568	1.21185	1.20562	1.21149	6251	0	11
2013.04.26	20:00:00	1.21150	1.21291	1.20896	1.21209	2679	0	6
2013.04.29	00:00:00	1.21146	1.21173	1.20899	1.21034	4195	0	11
2013.04.29	04:00:00	1.21033	1.21097	1.20929	1.21038	5281	0	16
2013.04.29	08:00:00	1.21039	1.21221	1.21037	1.21168	4972	0	13
2013.04.29	12:00:00	1.21164	1.21185	1.20775	1.20905	5637	0	10
2013.04.29	16:00:00	1.20905	1.20999	1.20745	1.20810	5352	0	14
2013.04.29	20:00:00	1.20810	1.20958	1.20741	1.20907	5472	0	14
2013.04.30	00:00:00	1.20907	1.21115	1.20878	1.21058	4987	0	17
2013.04.30	04:00:00	1.21058	1.21066	1.20819	1.21002	4706	0	12
2013.04.30	08:00:00	1.21002	1.21120	1.20885	1.20892	5772	0	11
2013.04.30	12:00:00	1.20890	1.20920	1.20606	1.20699	5931	0	8
2013.04.30	16:00:00	1.20698	1.21051	1.20648	1.20908	6957	0	8
2013.04.30	20:00:00	1.20912	1.21130	1.20825	1.21011	4578	0	11
2013.05.01	00:00:00	1.21011	1.21102	1.20940	1.20993	3862	0	5
2013.05.01	04:00:00	1.20994	1.20999	1.20824	1.20830	3017	0	9
2013.05.01	08:00:00	1.20830	1.20999	1.20710	1.20716	3649	0	7
2013.05.01	12:00:00	1.20718	1.21290	1.20703	1.21058	6653	0	6
2013.05.01	16:00:00	1.21060	1.21229	1.20993	1.21089	6770	0	6
2013.05.01	20:00:00	1.21114	1.21124	1.20823	1.20838	9198	0	6
2013.05.02	00:00:00	1.20844	1.20891	1.20654	1.20839	6670	0	4
2013.05.02	04:00:00	1.20846	1.20857	1.20514	1.20553	4780	0	7
2013.05.02	08:00:00	1.20556	1.20882	1.20540	1.20672	5724	0	8
2013.05.02	12:00:00	1.20674	1.20989	1.20665	1.20888	8742	0	6
2013.05.02	16:00:00	1.20888	1.20914	1.20666	1.20675	5753	0	5
2013.05.02	20:00:00	1.20675	1.20748	1.20137	1.20618	4435	0	10
2013.05.03	00:00:00	1.20618	1.20711	1.20409	1.20471	3787	0	10
2013.05.03	04:00:00	1.20464	1.20561	1.20336	1.20402	3370	0	7
2013.05.03	08:00:00	1.20398	1.20564	1.20257	1.20515	4827	0	5
2013.05.03	12:00:00	1.20518	1.20927	1.20374	1.20724	8541	0	4
2013.05.03	16:00:00	1.20726	1.20876	1.20693	1.20789	5280	0	5
2013.05.03	20:00:00	1.20785	1.20895	1.20680	1.20759	3180	0	10
2013.05.06	00:00:00	1.20645	1.20716	1.20111	1.20276	4546	0	7
2013.05.06	04:00:00	1.20274	1.20393	1.20209	1.20353	3484	0	9
2013.05.06	08:00:00	1.20352	1.20368	1.20180	1.20238	5137	0	6
2013.05.06	12:00:00	1.20235	1.20396	1.20112	1.20372	4309	0	6
2013.05.06	16:00:00	1.20367	1.20595	1.20238	1.20307	4555	0	6
2013.05.06	20:00:00	1.20311	1.20457	1.20261	1.20418	3114	0	10
2013.05.07	00:00:00	1.20419	1.20419	1.20243	1.20333	4447	0	9
2013.05.07	04:00:00	1.20332	1.20409	1.19550	1.19924	6706	0	6
2013.05.07	08:00:00	1.19926	1.20127	1.19881	1.20104	6496	0	1
2013.05.07	12:00:00	1.20108	1.20498	1.20066	1.20331	6894	0	6
2013.05.07	16:00:00	1.20328	1.20586	1.20300	1.20386	5434	0	6
2013.05.07	20:00:00	1.20384	1.20682	1.20301	1.20582	4409	0	7
2013.05.08	00:00:00	1.20582	1.21548	1.20215	1.21350	7867	0	5
2013.05.08	04:00:00	1.21348	1.21431	1.21081	1.21413	5264	0	6
2013.05.08	08:00:00	1.21415	1.21669	1.21295	1.21512	6855	0	5
2013.05.08	12:00:00	1.21467	1.21563	1.21287	1.21515	6320	0	5
2013.05.08	16:00:00	1.21517	1.21523	1.21234	1.21316	5039	0	9
2013.05.08	20:00:00	1.21315	1.21378	1.20933	1.20970	5037	0	4
2013.05.09	00:00:00	1.20967	1.21093	1.20256	1.20999	7377	0	8
2013.05.09	04:00:00	1.20995	1.21186	1.20863	1.20975	4947	0	10
2013.05.09	08:00:00	1.20975	1.21150	1.20951	1.21012	5561	0	6
2013.05.09	12:00:00	1.21008	1.21028	1.20609	1.20712	6679	0	6
2013.05.09	16:00:00	1.20713	1.20827	1.20557	1.20651	5839	0	7
2013.05.09	20:00:00	1.20647	1.20684	1.20037	1.20116	10685	0	7
2013.05.10	00:00:00	1.20116	1.20416	1.19898	1.20406	7689	0	4
2013.05.10	04:00:00	1.20402	1.20619	1.20286	1.20459	6575	0	7
2013.05.10	08:00:00	1.20455	1.20691	1.20281	1.20357	9050	0	7
2013.05.10	12:00:00	1.20358	1.20492	1.20265	1.20441	10005	0	6
2013.05.10	16:00:00	1.20441	1.20831	1.20356	1.20527	9565	0	6
2013.05.10	20:00:00	1.20533	1.20794	1.20510	1.20560	4782	0	8
2013.05.13	00:00:00	1.20693	1.20850	1.20519	1.20528	6924	0	1
2013.05.13	04:00:00	1.20532	1.20581	1.20181	1.20308	6838	0	4
2013.05.13	08:00:00	1.20310	1.20404	1.20163	1.20316	7576	0	4
2013.05.13	12:00:00	1.20311	1.20739	1.20245	1.20599	7623	0	6
2013.05.13	16:00:00	1.20600	1.20886	1.20575	1.20675	7402	0	8
2013.05.13	20:00:00	1.20673	1.20756	1.20485	1.20586	5351	0	9
2013.05.14	00:00:00	1.20586	1.20747	1.20428	1.20474	6708	0	8
2013.05.14	04:00:00	1.20477	1.20522	1.20351	1.20387	6634	0	2
2013.05.14	08:00:00	1.20383	1.20506	1.20187	1.20302	8288	0	1
2013.05.14	12:00:00	1.20296	1.20590	1.20236	1.20461	9278	0	1
2013.05.14	16:00:00	1.20464	1.20707	1.20409	1.20663	8111	0	1
2013.05.14	20:00:00	1.20663	1.20789	1.20369	1.20569	4820	0	1
2013.05.15	00:00:00	1.20579	1.20698	1.20428	1.20583	5205	0	1
2013.05.15	04:00:00	1.20583	1.20610	1.20313	1.20454	4284	0	1
2013.05.15	08:00:00	1.20450	1.20607	1.20339	1.20377	9300	0	1
2013.05.15	12:00:00	1.20382	1.20453	1.20064	1.20151	10346	0	1
2013.05.15	16:00:00	1.20141	1.20338	1.20094	1.20166	8241	0	1
2013.05.15	20:00:00	1.20166	1.20245	1.19989	1.20077	6076	0	1
2013.05.16	00:00:00	1.20078	1.20129	1.19784	1.19989	7055	0	1
2013.05.16	04:00:00	1.19993	1.20004	1.19722	1.19790	5386	0	1
2013.05.16	08:00:00	1.19788	1.20378	1.19613	1.20174	10993	0	1
2013.05.16	12:00:00	1.20166	1.20521	1.20124	1.20301	9957	0	1
2013.05.16	16:00:00	1.20298	1.20402	1.20104	1.20240	9096	0	1
2013.05.16	20:00:00	1.20244	1.20379	1.20116	1.20169	6357	0	1
2013.05.17	00:00:00	1.20149	1.20621	1.20090	1.20511	6060	0	1
2013.05.17	04:00:00	1.20513	1.20582	1.20164	1.20192	7428	0	1
2013.05.17	08:00:00	1.20192	1.20349	1.20010	1.20315	8751	0	1
2013.05.17	12:00:00	1.20315	1.20489	1.20259	1.20415	8562	0	1
2013.05.17	16:00:00	1.20417	1.20708	1.20417	1.20501	7567	0	1
2013.05.17	20:00:00	1.20501	1.20741	1.20501	1.20550	3711	0	1
2013.05.20	00:00:00	1.20401	1.20598	1.20319	1.20510	8102	0	5
2013.05.20	04:00:00	1.20507	1.20559	1.20280	1.20281	6298	0	6
2013.05.20	08:00:00	1.20279	1.20358	1.20068	1.20180	7696	0	6
2013.05.20	12:00:00	1.20184	1.20203	1.19875	1.20009	7486	0	4
2013.05.20	16:00:00	1.20010	1.20237	1.19973	1.20141	7546	0	6
2013.05.20	20:00:00	1.20147	1.20170	1.19894	1.19966	6680	0	10
2013.05.21	00:00:00	1.19960	1.20032	1.19738	1.19836	8299	0	7
2013.05.21	04:00:00	1.19836	1.19963	1.19741	1.19864	7614	0	5
2013.05.21	08:00:00	1.19869	1.19940	1.19757	1.19831	8664	0	5
2013.05.21	12:00:00	1.19829	1.20242	1.19772	1.20091	7978	0	5
2013.05.21	16:00:00	1.20101	1.20262	1.19998	1.20047	10630	0	5
2013.05.21	20:00:00	1.20043	1.20192	1.19891	1.19979	7283	0	11
2013.05.22	00:00:00	1.19966	1.20188	1.19849	1.19997	7435	0	4
2013.05.22	04:00:00	1.19995	1.20043	1.19913	1.19980	7019	0	11
2013.05.22	08:00:00	1.19983	1.20094	1.19827	1.19974	8132	0	5
2013.05.22	12:00:00	1.19974	1.20201	1.19959	1.20041	8643	0	6
2013.05.22	16:00:00	1.20032	1.20100	1.19648	1.19997	15318	0	5
2013.05.22	20:00:00	1.19994	1.20222	1.19912	1.20207	10717	0	7
2013.05.23	00:00:00	1.20208	1.20265	1.19680	1.19921	12814	0	7
2013.05.23	04:00:00	1.19921	1.20170	1.19859	1.19972	12830	0	7
2013.05.23	08:00:00	1.19972	1.20016	1.19709	1.19810	17565	0	7
2013.05.23	12:00:00	1.19811	1.20012	1.19667	1.19784	15227	0	7
2013.05.23	16:00:00	1.19786	1.19908	1.19446	1.19624	10935	0	11
2013.05.23	20:00:00	1.19625	1.19862	1.19538	1.19831	7021	0	11
2013.05.24	00:00:00	1.19831	1.19963	1.19568	1.19606	9470	0	12
2013.05.24	04:00:00	1.19606	1.19689	1.19536	1.19596	11301	0	7
2013.05.24	08:00:00	1.19599	1.19779	1.19387	1.19456	13878	0	7
2013.05.24	12:00:00	1.19467	1.19725	1.19410	1.19521	13430	0	7
2013.05.24	16:00:00	1.19521	1.19595	1.19261	1.19288	10047	0	7
2013.05.24	20:00:00	1.19282	1.19428	1.18953	1.18972	4899	0	7
2013.05.27	00:00:00	1.19038	1.19381	1.18907	1.19267	10279	0	7
2013.05.27	04:00:00	1.19268	1.19300	1.18998	1.19066	7709	0	7
2013.05.27	08:00:00	1.19065	1.19286	1.19008	1.19237	7150	0	7
2013.05.27	12:00:00	1.19234	1.19373	1.19179	1.19192	4096	0	7
2013.05.27	16:00:00	1.19192	1.19260	1.19055	1.19093	4964	0	7
2013.05.27	20:00:00	1.19092	1.19220	1.19000	1.19117	9082	0	7
2013.05.28	00:00:00	1.19112	1.19199	1.18955	1.19048	11879	0	7
2013.05.28	04:00:00	1.19048	1.19333	1.19028	1.19185	9533	0	7
2013.05.28	08:00:00	1.19186	1.19397	1.19080	1.19386	12920	0	7
2013.05.28	12:00:00	1.19380	1.19425	1.19151	1.19263	9785	0	7
2013.05.28	16:00:00	1.19263	1.19380	1.19002	1.19026	14306	0	7
2013.05.28	20:00:00	1.19026	1.19091	1.18708	1.18750	8714	0	7
2013.05.29	00:00:00	1.18750	1.18881	1.18505	1.18551	11411	0	7
2013.05.29	04:00:00	1.18550	1.18640	1.18302	1.18316	10805	0	7
2013.05.29	08:00:00	1.18316	1.18683	1.18301	1.18460	14950	0	7
2013.05.29	12:00:00	1.18461	1.18608	1.18176	1.18391	16501	0	7
2013.05.29	16:00:00	1.18388	1.18638	1.18370	1.18491	12914	0	7
2013.05.29	20:00:00	1.18491	1.19055	1.18428	1.18870	7385	0	7
2013.05.30	00:00:00	1.18885	1.19175	1.18500	1.19029	11580	0	7
2013.05.30	04:00:00	1.19029	1.19458	1.18942	1.19256	12528	0	7
2013.05.30	08:00:00	1.19260	1.19433	1.19113	1.19405	12836	0	7
2013.05.30	12:00:00	1.19408	1.19785	1.19195	1.19641	18368	0	7
2013.05.30	16:00:00	1.19644	1.19728	1.19410	1.19609	12388	0	7
2013.05.30	20:00:00	1.19608	1.19852	1.19521	1.19556	7027	0	7
2013.05.31	00:00:00	1.19548	1.19669	1.19410	1.19509	10089	0	7
2013.05.31	04:00:00	1.19509	1.19556	1.19209	1.19289	9388	0	7
2013.05.31	08:00:00	1.19282	1.20039	1.19076	1.19892	18003	0	7
2013.05.31	12:00:00	1.19892	1.20203	1.19797	1.20121	14240	0	7
2013.05.31	16:00:00	1.20121	1.20623	1.20063	1.20510	14134	0	7
2013.05.31	20:00:00	1.20506	1.20636	1.20185	1.20185	7228	0	7
2013.06.03	00:00:00	1.20627	1.20880	1.20490	1.20856	10235	0	7
2013.06.03	04:00:00	1.20856	1.20936	1.20707	1.20892	8463	0	7
2013.06.03	08:00:00	1.20891	1.21007	1.20545	1.20684	11694	0	7
2013.06.03	12:00:00	1.20688	1.21000	1.20657	1.20780	10071	0	7
2013.06.03	16:00:00	1.20842	1.20887	1.20373	1.20690	17203	0	7
2013.06.03	20:00:00	1.20695	1.20768	1.20538	1.20581	8795	0	7
2013.06.04	00:00:00	1.20577	1.20689	1.20443	1.20607	10389	0	7
2013.06.04	04:00:00	1.20607	1.20779	1.20455	1.20721	12230	0	7
2013.06.04	08:00:00	1.20725	1.20794	1.20401	1.20402	14096	0	7
2013.06.04	12:00:00	1.20402	1.20605	1.20220	1.20425	12553	0	7
2013.06.04	16:00:00	1.20432	1.20719	1.20432	1.20592	12924	0	7
2013.06.04	20:00:00	1.20592	1.20593	1.20097	1.20314	8518	0	7
2013.06.05	00:00:00	1.20339	1.20366	1.19842	1.19860	10276	0	7
2013.06.05	04:00:00	1.19859	1.19914	1.19647	1.19647	13554	0	7
2013.06.05	08:00:00	1.19647	1.19849	1.19594	1.19798	13967	0	7
2013.06.05	12:00:00	1.19790	1.19794	1.19388	1.19430	12859	0	7
2013.06.05	16:00:00	1.19435	1.20124	1.19380	1.20124	15298	0	7
2013.06.05	20:00:00	1.20123	1.20123	1.19514	1.19542	9452	0	7
2013.06.06	00:00:00	1.19635	1.19713	1.19231	1.19475	10721	0	112
2013.06.06	04:00:00	1.19476	1.19609	1.19118	1.19361	12330	0	52
2013.06.06	08:00:00	1.19362	1.19440	1.19090	1.19287	14120	0	52
2013.06.06	12:00:00	1.19288	1.19549	1.19280	1.19428	14472	0	52
2013.06.06	16:00:00	1.19428	1.19817	1.19219	1.19636	22270	0	52
2013.06.06	20:00:00	1.19636	1.19699	1.19365	1.19415	14304	0	52
2013.06.07	00:00:00	1.19417	1.19824	1.19298	1.19389	11612	0	112
2013.06.07	04:00:00	1.19390	1.19477	1.18958	1.19227	16644	0	52
2013.06.07	08:00:00	1.19226	1.19352	1.19017	1.19242	16794	0	52
2013.06.07	12:00:00	1.19243	1.19890	1.19197	1.19819	16413	0	52
2013.06.07	16:00:00	1.19815	1.20536	1.19610	1.20456	19906	0	52
2013.06.07	20:00:00	1.20454	1.20477	1.20183	1.20194	7605	0	52
2013.06.10	00:00:00	1.20124	1.20173	1.19945	1.20091	8229	0	112
2013.06.10	04:00:00	1.20094	1.20224	1.19969	1.20114	8226	0	52
2013.06.10	08:00:00	1.20115	1.20124	1.19598	1.19670	10851	0	52
2013.06.10	12:00:00	1.19672	1.19700	1.19514	1.19559	10478	0	52
2013.06.10	16:00:00	1.19558	1.19811	1.19467	1.19699	18785	0	52
2013.06.10	20:00:00	1.19700	1.19861	1.19643	1.19692	9706	0	52
2013.06.11	00:00:00	1.19690	1.19772	1.19419	1.19431	7613	0	112
2013.06.11	04:00:00	1.19429	1.19619	1.19291	1.19445	12693	0	52
2013.06.11	08:00:00	1.19445	1.19676	1.19320	1.19561	16649	0	52
2013.06.11	12:00:00	1.19558	1.20298	1.19550	1.20178	18781	0	52
2013.06.11	16:00:00	1.20177	1.20200	1.19570	1.19811	19410	0	52
2013.06.11	20:00:00	1.19820	1.19931	1.19602	1.19747	12845	0	52
2013.06.12	00:00:00	1.19711	1.19928	1.19530	1.19666	11497	0	112
2013.06.12	04:00:00	1.19664	1.19920	1.19568	1.19732	11181	0	52
2013.06.12	08:00:00	1.19731	1.20103	1.19627	1.19683	15783	0	52
2013.06.12	12:00:00	1.19683	1.19868	1.19102	1.19304	15180	0	52
2013.06.12	16:00:00	1.19298	1.19426	1.19112	1.19239	18314	0	52
2013.06.12	20:00:00	1.19238	1.19245	1.18546	1.18548	11223	0	52
2013.06.13	00:00:00	1.18528	1.19321	1.18528	1.19041	10872	0	112
2013.06.13	04:00:00	1.19039	1.19565	1.18964	1.19394	14524	0	52
2013.06.13	08:00:00	1.19395	1.19556	1.19257	1.19400	16508	0	52
2013.06.13	12:00:00	1.19399	1.19919	1.19226	1.19759	17671	0	52
2013.06.13	16:00:00	1.19757	1.19843	1.19252	1.19326	20024	0	52
2013.06.13	20:00:00	1.19323	1.19498	1.18908	1.18971	13319	0	52
2013.06.14	00:00:00	1.19197	1.19197	1.18782	1.19015	13211	0	7
2013.06.14	04:00:00	1.19011	1.19101	1.18801	1.18994	11351	0	7
2013.06.14	08:00:00	1.18990	1.19270	1.18990	1.19160	14082	0	7
2013.06.14	12:00:00	1.19166	1.19178	1.18798	1.18825	10883	0	7
2013.06.14	16:00:00	1.18825	1.19085	1.18628	1.19023	14531	0	7
2013.06.14	20:00:00	1.19024	1.19091	1.18642	1.18642	4930	0	9
2013.06.17	00:00:00	1.18777	1.18988	1.18611	1.18833	9568	0	7
2013.06.17	04:00:00	1.18833	1.19038	1.18824	1.18978	6659	0	9
2013.06.17	08:00:00	1.18971	1.19071	1.18758	1.18941	9826	0	7
2013.06.17	12:00:00	1.18933	1.19111	1.18927	1.18956	9355	0	7
2013.06.17	16:00:00	1.18956	1.19403	1.18954	1.19342	9681	0	7
2013.06.17	20:00:00	1.19343	1.19552	1.19262	1.19285	9104	0	7
2013.06.18	00:00:00	1.19294	1.19550	1.19223	1.19252	11078	0	7
2013.06.18	04:00:00	1.19252	1.19290	1.18966	1.19019	10801	0	7
2013.06.18	08:00:00	1.19022	1.19100	1.18592	1.18664	14192	0	7
2013.06.18	12:00:00	1.18662	1.18709	1.18268	1.18352	11390	0	7
2013.06.18	16:00:00	1.18352	1.18696	1.18244	1.18577	11268	0	7
2013.06.18	20:00:00	1.18577	1.18699	1.18481	1.18659	6718	0	7
2013.06.19	00:00:00	1.18656	1.18753	1.18461	1.18653	9583	0	7
2013.06.19	04:00:00	1.18653	1.18764	1.18572	1.18606	8623	0	7
2013.06.19	08:00:00	1.18610	1.18870	1.18469	1.18670	11009	0	7
2013.06.19	12:00:00	1.18669	1.18785	1.18515	1.18577	7468	0	7
2013.06.19	16:00:00	1.18574	1.18830	1.18449	1.18630	8867	0	7
2013.06.19	20:00:00	1.18547	1.18720	1.17493	1.17661	17900	0	7
2013.06.20	00:00:00	1.17661	1.18155	1.17470	1.17663	15111	0	7
2013.06.20	04:00:00	1.17660	1.17888	1.17654	1.17793	11897	0	7
2013.06.20	08:00:00	1.17793	1.18431	1.17555	1.18194	15819	0	7
2013.06.20	12:00:00	1.18194	1.18756	1.18091	1.18472	16758	0	7
2013.06.20	16:00:00	1.18472	1.18992	1.18445	1.18862	17732	0	7
2013.06.20	20:00:00	1.18864	1.18917	1.18435	1.18515	12513	0	7
2013.06.21	00:00:00	1.18517	1.18576	1.18386	1.18487	13017	0	9
2013.06.21	04:00:00	1.18479	1.18719	1.18421	1.18717	12354	0	7
2013.06.21	08:00:00	1.18715	1.18916	1.18634	1.18805	13741	0	7
2013.06.21	12:00:00	1.18805	1.19052	1.18507	1.19027	14046	0	7
2013.06.21	16:00:00	1.19037	1.19311	1.18896	1.19118	17629	0	7
2013.06.21	20:00:00	1.19118	1.19163	1.18647	1.18778	7544	0	7
2013.06.24	00:00:00	1.18987	1.19100	1.18810	1.18875	12365	0	10
2013.06.24	04:00:00	1.18872	1.19043	1.18817	1.18891	11710	0	7
2013.06.24	08:00:00	1.18901	1.19133	1.18538	1.19078	16801	0	7
2013.06.24	12:00:00	1.19077	1.19317	1.18946	1.19180	17649	0	7
2013.06.24	16:00:00	1.19182	1.19692	1.19098	1.19524	16688	0	7
2013.06.24	20:00:00	1.19524	1.19547	1.19218	1.19229	11328	0	7
2013.06.25	00:00:00	1.19254	1.19412	1.19204	1.19366	10702	0	7
2013.06.25	04:00:00	1.19366	1.19476	1.19216	1.19457	11787	0	7
2013.06.25	08:00:00	1.19456	1.19614	1.19130	1.19533	13591	0	7
2013.06.25	12:00:00	1.19534	1.19792	1.19506	1.19646	14560	0	7
2013.06.25	16:00:00	1.19646	1.19815	1.19441	1.19693	13986	0	7
2013.06.25	20:00:00	1.19687	1.19763	1.19447	1.19509	7682	0	7
2013.06.26	00:00:00	1.19509	1.19785	1.19487	1.19723	10957	0	7
2013.06.26	04:00:00	1.19727	1.19852	1.19623	1.19759	9508	0	7
2013.06.26	08:00:00	1.19760	1.19812	1.19502	1.19546	13657	0	7
2013.06.26	12:00:00	1.19543	1.19617	1.18860	1.18869	14600	0	7
2013.06.26	16:00:00	1.18867	1.19149	1.18811	1.19051	13350	0	7
2013.06.26	20:00:00	1.19048	1.19230	1.18934	1.19196	10229	0	7
2013.06.27	00:00:00	1.18966	1.19493	1.18869	1.19291	8252	0	112
2013.06.27	04:00:00	1.19290	1.19291	1.18954	1.19158	11214	0	52
2013.06.27	08:00:00	1.19157	1.19175	1.18780	1.18938	13610	0	52
2013.06.27	12:00:00	1.18939	1.18995	1.18668	1.18898	15018	0	52
2013.06.27	16:00:00	1.18899	1.19268	1.18768	1.19177	17055	0	52
2013.06.27	20:00:00	1.19180	1.19241	1.18934	1.18945	9878	0	52
2013.06.28	00:00:00	1.18941	1.19042	1.18760	1.18760	9853	0	112
2013.06.28	04:00:00	1.18755	1.18811	1.18415	1.18688	11840	0	52
2013.06.28	08:00:00	1.18687	1.18715	1.18414	1.18451	13356	0	52
2013.06.28	12:00:00	1.18449	1.18620	1.18388	1.18554	13235	0	52
2013.06.28	16:00:00	1.18552	1.18638	1.18092	1.18186	20218	0	52
2013.06.28	20:00:00	1.18185	1.18237	1.17835	1.17882	10334	0	52
2013.07.01	00:00:00	1.18000	1.18235	1.17895	1.18040	10956	0	7
2013.07.01	04:00:00	1.18039	1.18327	1.17993	1.18282	8945	0	7
2013.07.01	08:00:00	1.18284	1.18341	1.18064	1.18169	11162	0	7
2013.07.01	12:00:00	1.18169	1.18326	1.18104	1.18266	10178	0	7
2013.07.01	16:00:00	1.18266	1.18321	1.17953	1.18166	13247	0	7
2013.07.01	20:00:00	1.18171	1.18275	1.18017	1.18082	7079	0	7
2013.07.02	00:00:00	1.18083	1.18177	1.17981	1.18100	7569	0	7
2013.07.02	04:00:00	1.18104	1.18230	1.17655	1.17748	12395	0	7
2013.07.02	08:00:00	1.17748	1.18020	1.17628	1.17882	13868	0	7
2013.07.02	12:00:00	1.17875	1.18051	1.17827	1.17944	12455	0	7
2013.07.02	16:00:00	1.17942	1.18252	1.17889	1.17982	12122	0	7
2013.07.02	20:00:00	1.17981	1.18104	1.17744	1.17789	6932	0	7
2013.07.03	00:00:00	1.17788	1.18115	1.17785	1.18077	10228	0	7
2013.07.03	04:00:00	1.18077	1.18095	1.17360	1.17405	12583	0	7
2013.07.03	08:00:00	1.17400	1.17495	1.17109	1.17114	15677	0	7
2013.07.03	12:00:00	1.17116	1.17294	1.16975	1.16975	14095	0	7
2013.07.03	16:00:00	1.16975	1.17077	1.16672	1.16700	11278	0	7
2013.07.03	20:00:00	1.16700	1.16975	1.16510	1.16922	7324	0	7
2013.07.04	00:00:00	1.16920	1.17033	1.16839	1.16855	9087	0	7
2013.07.04	04:00:00	1.16856	1.17120	1.16764	1.17052	11564	0	7
2013.07.04	08:00:00	1.17060	1.17118	1.16907	1.17084	11824	0	7
2013.07.04	12:00:00	1.17084	1.17235	1.16750	1.16962	12688	0	7
2013.07.04	16:00:00	1.16956	1.16987	1.16535	1.16865	10231	0	7
2013.07.04	20:00:00	1.16847	1.16904	1.16585	1.16700	6609	0	7
2013.07.05	00:00:00	1.16716	1.16940	1.16646	1.16825	9912	0	7
2013.07.05	04:00:00	1.16825	1.17015	1.16813	1.16995	6034	0	7
2013.07.05	08:00:00	1.16995	1.17127	1.16844	1.17014	9998	0	7
2013.07.05	12:00:00	1.17010	1.17510	1.16556	1.17309	15453	0	7
2013.07.05	16:00:00	1.17304	1.17881	1.17253	1.17605	12307	0	7
2013.07.05	20:00:00	1.17607	1.17658	1.17372	1.17462	4437	0	7
2013.07.08	00:00:00	1.17373	1.17478	1.17250	1.17349	7838	0	7
2013.07.08	04:00:00	1.17349	1.17380	1.17025	1.17145	6814	0	7
2013.07.08	08:00:00	1.17145	1.17418	1.16999	1.17394	8584	0	7
2013.07.08	12:00:00	1.17391	1.17464	1.16999	1.17040	9173	0	7
2013.07.08	16:00:00	1.17040	1.17070	1.16764	1.16931	9189	0	7
2013.07.08	20:00:00	1.16931	1.17095	1.16869	1.16971	6534	0	7
2013.07.09	00:00:00	1.16969	1.17160	1.16871	1.16910	11379	0	7
2013.07.09	04:00:00	1.16902	1.16984	1.16811	1.16951	9236	0	7
2013.07.09	08:00:00	1.16952	1.17084	1.16564	1.16653	12391	0	7
2013.07.09	12:00:00	1.16653	1.16780	1.16538	1.16685	10119	0	7
2013.07.09	16:00:00	1.16684	1.16750	1.16491	1.16730	10358	0	7
2013.07.09	20:00:00	1.16731	1.16969	1.16718	1.16838	5718	0	7
2013.07.10	00:00:00	1.16838	1.17107	1.16653	1.16752	8809	0	7
2013.07.10	04:00:00	1.16754	1.17080	1.16572	1.16921	12217	0	7
2013.07.10	08:00:00	1.16917	1.17413	1.16875	1.17093	11476	0	7
2013.07.10	12:00:00	1.17083	1.17410	1.17011	1.17332	8738	0	7
2013.07.10	16:00:00	1.17334	1.17467	1.17073	1.17135	9259	0	7
2013.07.10	20:00:00	1.17137	1.17240	1.16675	1.16703	14767	0	7
2013.07.11	00:00:00	1.16692	1.16891	1.16386	1.16710	15811	0	7
2013.07.11	04:00:00	1.16705	1.16905	1.16631	1.16771	13450	0	7
2013.07.11	08:00:00	1.16763	1.17035	1.16705	1.16969	12602	0	7
2013.07.11	12:00:00	1.16966	1.17328	1.16885	1.17001	11175	0	7
2013.07.11	16:00:00	1.17004	1.17499	1.16960	1.17245	13499	0	7
2013.07.11	20:00:00	1.17243	1.17296	1.16901	1.16938	12183	0	7
2013.07.12	00:00:00	1.16937	1.16980	1.16687	1.16820	10706	0	7
2013.07.12	04:00:00	1.16830	1.16865	1.16594	1.16675	8873	0	7
2013.07.12	08:00:00	1.16675	1.16701	1.16348	1.16441	7906	0	7
2013.07.12	12:00:00	1.16441	1.16441	1.15846	1.16014	13622	0	7
2013.07.12	16:00:00	1.16014	1.16400	1.15985	1.16324	9434	0	7
2013.07.12	20:00:00	1.16326	1.16386	1.15935	1.16302	3520	0	7
2013.07.15	00:00:00	1.16350	1.16597	1.16254	1.16576	7815	0	7
2013.07.15	04:00:00	1.16586	1.16664	1.16344	1.16477	8041	0	7
2013.07.15	08:00:00	1.16472	1.16824	1.16395	1.16658	11851	0	7
2013.07.15	12:00:00	1.16658	1.16949	1.16495	1.16591	11863	0	7
2013.07.15	16:00:00	1.16594	1.16605	1.16337	1.16436	9404	0	7
2013.07.15	20:00:00	1.16431	1.16585	1.16371	1.16477	5450	0	7
2013.07.16	00:00:00	1.16477	1.17207	1.16333	1.17178	10182	0	7
2013.07.16	04:00:00	1.17186	1.17253	1.17003	1.17220	8308	0	7
2013.07.16	08:00:00	1.17223	1.17375	1.16998	1.17109	11812	0	7
2013.07.16	12:00:00	1.17106	1.17298	1.16979	1.17170	11920	0	7
2013.07.16	16:00:00	1.17171	1.17330	1.17038	1.17154	10961	0	7
2013.07.16	20:00:00	1.17154	1.17239	1.17096	1.17126	5775	0	7
2013.07.17	00:00:00	1.17128	1.17235	1.16999	1.17110	8100	0	7
2013.07.17	04:00:00	1.17108	1.17209	1.17066	1.17147	8102	0	7
2013.07.17	08:00:00	1.17147	1.17340	1.17076	1.17197	10936	0	7
2013.07.17	12:00:00	1.17190	1.17325	1.16993	1.17011	12654	0	7
2013.07.17	16:00:00	1.17004	1.17060	1.16550	1.16834	15636	0	7
2013.07.17	20:00:00	1.16841	1.16931	1.16588	1.16759	6864	0	7
2013.07.18	00:00:00	1.16759	1.16861	1.16616	1.16628	9040	0	7
2013.07.18	04:00:00	1.16628	1.16740	1.16465	1.16490	8483	0	7
2013.07.18	08:00:00	1.16489	1.16586	1.16303	1.16312	9034	0	1
2013.07.18	12:00:00	1.16314	1.16391	1.16145	1.16150	8531	0	1
2013.07.18	16:00:00	1.16150	1.16150	1.15987	1.16023	9946	0	1
2013.07.18	20:00:00	1.16023	1.16330	1.15939	1.16028	5568	0	1
2013.07.19	00:00:00	1.16034	1.16199	1.15983	1.16017	8772	0	4
2013.07.19	04:00:00	1.16014	1.16146	1.16014	1.16060	8085	0	1
2013.07.19	08:00:00	1.16060	1.16060	1.15417	1.15577	9395	0	1
2013.07.19	12:00:00	1.15574	1.15845	1.15426	1.15729	10767	0	1
2013.07.19	16:00:00	1.15729	1.15835	1.15626	1.15819	7569	0	1
2013.07.19	20:00:00	1.15815	1.15870	1.15455	1.15547	4049	0	1
2013.07.22	00:00:00	1.16000	1.16225	1.15936	1.16136	8092	0	1
2013.07.22	04:00:00	1.16136	1.16275	1.16098	1.16178	7062	0	1
2013.07.22	08:00:00	1.16179	1.16250	1.16092	1.16130	7838	0	1
2013.07.22	12:00:00	1.16130	1.16394	1.16113	1.16372	9939	0	1
2013.07.22	16:00:00	1.16340	1.16399	1.16117	1.16174	9270	0	2
2013.07.22	20:00:00	1.16174	1.16212	1.15905	1.15987	6027	0	1
2013.07.23	00:00:00	1.15985	1.16115	1.15839	1.15908	7942	0	2
2013.07.23	04:00:00	1.15908	1.16030	1.15826	1.15895	8319	0	1
2013.07.23	08:00:00	1.15892	1.15933	1.15712	1.15848	10774	0	1
2013.07.23	12:00:00	1.15849	1.15930	1.15777	1.15853	9875	0	1
2013.07.23	16:00:00	1.15855	1.16185	1.15820	1.16157	9755	0	1
2013.07.23	20:00:00	1.16152	1.16268	1.16102	1.16151	7120	0	2
2013.07.24	00:00:00	1.16150	1.16415	1.15560	1.16243	10884	0	1
2013.07.24	04:00:00	1.16246	1.16285	1.16087	1.16100	9686	0	1
2013.07.24	08:00:00	1.16101	1.16160	1.15665	1.15717	12179	0	1
2013.07.24	12:00:00	1.15710	1.15832	1.15570	1.15781	10007	0	2
2013.07.24	16:00:00	1.15780	1.15801	1.15488	1.15526	13000	0	1
2013.07.24	20:00:00	1.15526	1.15560	1.14753	1.14860	9157	0	2
2013.07.25	00:00:00	1.14851	1.14884	1.14603	1.14741	9427	0	1
2013.07.25	04:00:00	1.14742	1.14757	1.14580	1.14633	7663	0	3
2013.07.25	08:00:00	1.14635	1.14666	1.13997	1.14290	11963	0	1
2013.07.25	12:00:00	1.14290	1.14335	1.13953	1.14072	12903	0	1
2013.07.25	16:00:00	1.14067	1.14245	1.14028	1.14211	11744	0	1
2013.07.25	20:00:00	1.14207	1.14621	1.14144	1.14529	10787	0	1
2013.07.26	00:00:00	1.14529	1.14665	1.14491	1.14600	9090	0	1
2013.07.26	04:00:00	1.14595	1.14658	1.14517	1.14554	7462	0	1
2013.07.26	08:00:00	1.14552	1.14940	1.14546	1.14676	9985	0	1
2013.07.26	12:00:00	1.14677	1.14880	1.14568	1.14605	10198	0	3
2013.07.26	16:00:00	1.14605	1.14681	1.14414	1.14481	10316	0	1
2013.07.26	20:00:00	1.14483	1.14700	1.14348	1.14427	5086	0	4
2013.07.29	00:00:00	1.14620	1.14735	1.14476	1.14517	7904	0	2
2013.07.29	04:00:00	1.14511	1.14699	1.14488	1.14586	7746	0	1
2013.07.29	08:00:00	1.14586	1.14625	1.14305	1.14455	9115	0	1
2013.07.29	12:00:00	1.14480	1.14536	1.14373	1.14530	7893	0	1
2013.07.29	16:00:00	1.14540	1.14805	1.14431	1.14646	9619	0	1
2013.07.29	20:00:00	1.14646	1.14717	1.14445	1.14553	5824	0	1
2013.07.30	00:00:00	1.14555	1.14678	1.14273	1.14299	9587	0	1
2013.07.30	04:00:00	1.14297	1.14303	1.13427	1.13475	11959	0	2
2013.07.30	08:00:00	1.13481	1.13550	1.13332	1.13476	10397	0	2
2013.07.30	12:00:00	1.13479	1.13733	1.13447	1.13497	9917	0	1
2013.07.30	16:00:00	1.13586	1.13736	1.13518	1.13595	9179	0	2
2013.07.30	20:00:00	1.13595	1.13635	1.13292	1.13441	6709	0	3
2013.07.31	00:00:00	1.13443	1.13553	1.13115	1.13234	11199	0	2
2013.07.31	04:00:00	1.13228	1.13288	1.13099	1.13139	7771	0	1
2013.07.31	08:00:00	1.13140	1.13224	1.12979	1.13004	10453	0	3
2013.07.31	12:00:00	1.13004	1.13062	1.12685	1.12832	12891	0	1
2013.07.31	16:00:00	1.12825	1.12896	1.12479	1.12553	11019	0	1
2013.07.31	20:00:00	1.12641	1.12762	1.11990	1.12169	13144	0	1
2013.08.01	00:00:00	1.12173	1.12735	1.12173	1.12604	10988	0	1
2013.08.01	04:00:00	1.12604	1.12737	1.12427	1.12664	7182	0	1
2013.08.01	08:00:00	1.12663	1.13091	1.12456	1.12995	10228	0	2
2013.08.01	12:00:00	1.12995	1.13313	1.12732	1.13192	12935	0	1
2013.08.01	16:00:00	1.13202	1.13557	1.12988	1.13385	12452	0	1
2013.08.01	20:00:00	1.13384	1.13460	1.12917	1.13131	7929	0	1
2013.08.02	00:00:00	1.13131	1.13256	1.12666	1.12713	8159	0	3
2013.08.02	04:00:00	1.12720	1.12969	1.12624	1.12902	8497	0	1
2013.08.02	08:00:00	1.12899	1.13210	1.12882	1.13092	9740	0	1
2013.08.02	12:00:00	1.13090	1.13480	1.12803	1.13436	13772	0	1
2013.08.02	16:00:00	1.13431	1.13949	1.13414	1.13555	11327	0	2
2013.08.02	20:00:00	1.13551	1.13723	1.13385	1.13395	4371	0	2
2013.08.05	00:00:00	1.14650	1.14935	1.14179	1.14433	10583	0	1
2013.08.05	04:00:00	1.14433	1.14539	1.13973	1.14215	8686	0	1
2013.08.05	08:00:00	1.14215	1.14580	1.13920	1.14577	11518	0	1
2013.08.05	12:00:00	1.14574	1.14800	1.14360	1.14688	8090	0	2
2013.08.05	16:00:00	1.14688	1.14786	1.14104	1.14109	8445	0	4
2013.08.05	20:00:00	1.14105	1.14372	1.13644	1.13770	6692	0	1
2013.08.06	00:00:00	1.13761	1.14038	1.13543	1.13990	8642	0	2
2013.08.06	04:00:00	1.13982	1.14505	1.13731	1.14355	11934	0	1
2013.08.06	08:00:00	1.14358	1.14443	1.14086	1.14176	11522	0	4
2013.08.06	12:00:00	1.14175	1.14187	1.13752	1.13760	9828	0	1
2013.08.06	16:00:00	1.13758	1.14063	1.13488	1.13635	9698	0	1
2013.08.06	20:00:00	1.13638	1.13870	1.13534	1.13585	5633	0	1
2013.08.07	00:00:00	1.13589	1.13866	1.13475	1.13556	9554	0	4
2013.08.07	04:00:00	1.13556	1.13595	1.13260	1.13264	7624	0	1
2013.08.07	08:00:00	1.13265	1.13397	1.12961	1.13045	11768	0	1
2013.08.07	12:00:00	1.13045	1.13279	1.12693	1.12821	11308	0	2
2013.08.07	16:00:00	1.12821	1.13017	1.12659	1.12961	10793	0	1
2013.08.07	20:00:00	1.12956	1.13055	1.12776	1.12997	6989	0	1
2013.08.08	00:00:00	1.12996	1.13547	1.12880	1.13156	9824	0	1
2013.08.08	04:00:00	1.13156	1.14080	1.13154	1.13987	10810	0	1
2013.08.08	08:00:00	1.13991	1.14005	1.13593	1.13657	12148	0	1
2013.08.08	12:00:00	1.13667	1.13826	1.13605	1.13638	9609	0	1
2013.08.08	16:00:00	1.13639	1.13761	1.13299	1.13610	11099	0	1
2013.08.08	20:00:00	1.13591	1.13811	1.13456	1.13744	6275	0	1
2013.08.09	00:00:00	1.13740	1.14147	1.13689	1.13948	9410	0	1
2013.08.09	04:00:00	1.13950	1.14105	1.13891	1.13980	6700	0	2
2013.08.09	08:00:00	1.13982	1.14246	1.13887	1.14198	10225	0	4
2013.08.09	12:00:00	1.14198	1.14348	1.14167	1.14235	8694	0	1
2013.08.09	16:00:00	1.14227	1.14433	1.14115	1.14390	8657	0	2
2013.08.09	20:00:00	1.14390	1.14452	1.14148	1.14435	4986	0	1
2013.08.12	00:00:00	1.14291	1.14529	1.14189	1.14385	7373	0	1
2013.08.12	04:00:00	1.14390	1.14607	1.14333	1.14554	7594	0	1
2013.08.12	08:00:00	1.14553	1.14565	1.14266	1.14380	8670	0	1
2013.08.12	12:00:00	1.14378	1.14473	1.14187	1.14226	8092	0	1
2013.08.12	16:00:00	1.14234	1.14316	1.14044	1.14180	6756	0	1
2013.08.12	20:00:00	1.14180	1.14356	1.14090	1.14236	5924	0	4
2013.08.13	00:00:00	1.14242	1.14445	1.13994	1.14122	9663	0	1
2013.08.13	04:00:00	1.14122	1.14270	1.14085	1.14198	7885	0	3
2013.08.13	08:00:00	1.14203	1.14305	1.14110	1.14246	11344	0	2
2013.08.13	12:00:00	1.14246	1.14445	1.14140	1.14250	11082	0	1
2013.08.13	16:00:00	1.14251	1.14508	1.14250	1.14320	9331	0	3
2013.08.13	20:00:00	1.14324	1.14459	1.14188	1.14221	5652	0	1
2013.08.14	00:00:00	1.14221	1.14275	1.13882	1.14033	7882	0	1
2013.08.14	04:00:00	1.14040	1.14191	1.13869	1.13965	7557	0	1
2013.08.14	08:00:00	1.13966	1.14024	1.13590	1.13701	9803	0	1
2013.08.14	12:00:00	1.13714	1.13866	1.13507	1.13852	9586	0	1
2013.08.14	16:00:00	1.13845	1.13976	1.13609	1.13633	9060	0	1
2013.08.14	20:00:00	1.13632	1.13791	1.13531	1.13605	7029	0	2
2013.08.15	00:00:00	1.13581	1.13770	1.13369	1.13680	9550	0	2
2013.08.15	04:00:00	1.13683	1.13908	1.13648	1.13759	9136	0	1
2013.08.15	08:00:00	1.13756	1.13759	1.13322	1.13464	10414	0	2
2013.08.15	12:00:00	1.13461	1.13525	1.13225	1.13394	12334	0	2
2013.08.15	16:00:00	1.13388	1.13515	1.13043	1.13113	13784	0	1
2013.08.15	20:00:00	1.13124	1.13275	1.13053	1.13192	9307	0	1
2013.08.16	00:00:00	1.13193	1.13225	1.12755	1.12952	7606	0	2
2013.08.16	04:00:00	1.12952	1.13585	1.12907	1.13435	11157	0	2
2013.08.16	08:00:00	1.13430	1.13705	1.13267	1.13526	11760	0	2
2013.08.16	12:00:00	1.13530	1.13765	1.13399	1.13447	10837	0	2
2013.08.16	16:00:00	1.13451	1.13689	1.13187	1.13344	10734	0	1
2013.08.16	20:00:00	1.13342	1.13455	1.13191	1.13265	4676	0	1
2013.08.19	00:00:00	1.13275	1.13520	1.13081	1.13456	9080	0	1
2013.08.19	04:00:00	1.13455	1.13570	1.13353	1.13402	7324	0	2
2013.08.19	08:00:00	1.13405	1.13414	1.12765	1.12920	10303	0	1
2013.08.19	12:00:00	1.12915	1.12961	1.12646	1.12942	11173	0	2
2013.08.19	16:00:00	1.12936	1.13244	1.12883	1.13033	8584	0	4
2013.08.19	20:00:00	1.13031	1.13102	1.12855	1.13003	5771	0	1
2013.08.20	00:00:00	1.13003	1.13570	1.12948	1.13294	9146	0	1
2013.08.20	04:00:00	1.13291	1.13814	1.13267	1.13395	12492	0	1
2013.08.20	08:00:00	1.13400	1.13608	1.13091	1.13354	14345	0	1
2013.08.20	12:00:00	1.13354	1.13843	1.13333	1.13805	11374	0	1
2013.08.20	16:00:00	1.13808	1.13890	1.13695	1.13854	8011	0	1
2013.08.20	20:00:00	1.13853	1.13915	1.13587	1.13870	5726	0	3
2013.08.21	00:00:00	1.13867	1.14056	1.13570	1.13880	10095	0	1
2013.08.21	04:00:00	1.13880	1.14110	1.13738	1.13818	9356	0	1
2013.08.21	08:00:00	1.13817	1.14129	1.13780	1.13885	10857	0	1
2013.08.21	12:00:00	1.13885	1.14471	1.13731	1.14295	11614	0	1
2013.08.21	16:00:00	1.14301	1.14575	1.14250	1.14491	9647	0	2
2013.08.21	20:00:00	1.14480	1.14605	1.14191	1.14277	13322	0	1
2013.08.22	00:00:00	1.14301	1.14627	1.14129	1.14547	12099	0	1
2013.08.22	04:00:00	1.14544	1.14825	1.14422	1.14592	10176	0	1
2013.08.22	08:00:00	1.14592	1.14997	1.14532	1.14982	12163	0	1
2013.08.22	12:00:00	1.14983	1.15408	1.14885	1.15389	10953	0	1
2013.08.22	16:00:00	1.15385	1.15443	1.14911	1.15016	9216	0	1
2013.08.22	20:00:00	1.15016	1.15150	1.14864	1.14999	6354	0	1
2013.08.23	00:00:00	1.14999	1.15250	1.14872	1.15089	9233	0	3
2013.08.23	04:00:00	1.15091	1.15253	1.15044	1.15186	7725	0	1
2013.08.23	08:00:00	1.15182	1.15513	1.15062	1.15495	11708	0	1
2013.08.23	12:00:00	1.15495	1.15766	1.15401	1.15556	10810	0	1
2013.08.23	16:00:00	1.15705	1.15902	1.15465	1.15565	10110	0	1
2013.08.23	20:00:00	1.15563	1.15665	1.15309	1.15512	2829	0	2
2013.08.26	00:00:00	1.15550	1.15860	1.15459	1.15620	6937	0	1
2013.08.26	04:00:00	1.15626	1.15675	1.15372	1.15434	7084	0	1
2013.08.26	08:00:00	1.15427	1.15471	1.14997	1.15000	6458	0	1
2013.08.26	12:00:00	1.15004	1.15279	1.14969	1.15021	7978	0	3
2013.08.26	16:00:00	1.15018	1.15123	1.14933	1.14973	6670	0	1
2013.08.26	20:00:00	1.14973	1.15094	1.14857	1.14938	5546	0	4
2013.08.27	00:00:00	1.14938	1.15037	1.14792	1.14862	9413	0	1
2013.08.27	04:00:00	1.14870	1.14918	1.14617	1.14660	7771	0	2
2013.08.27	08:00:00	1.14660	1.15125	1.14555	1.14921	10982	0	2
2013.08.27	12:00:00	1.14921	1.15275	1.14859	1.14976	10357	0	1
2013.08.27	16:00:00	1.14976	1.15251	1.14944	1.15099	9934	0	1
2013.08.27	20:00:00	1.15100	1.15365	1.15032	1.15248	5776	0	1
2013.08.28	00:00:00	1.15248	1.15324	1.14798	1.14900	10139	0	1
2013.08.28	04:00:00	1.14899	1.14958	1.14655	1.14733	12036	0	1
2013.08.28	08:00:00	1.14733	1.15175	1.14691	1.15114	11277	0	1
2013.08.28	12:00:00	1.15117	1.15126	1.14729	1.14822	10562	0	1
2013.08.28	16:00:00	1.14815	1.14902	1.14578	1.14718	9434	0	1
2013.08.28	20:00:00	1.14718	1.14775	1.14546	1.14578	5352	0	1
2013.08.29	00:00:00	1.14583	1.14675	1.14352	1.14542	9407	0	1
2013.08.29	04:00:00	1.14543	1.14660	1.14459	1.14568	7366	0	3
2013.08.29	08:00:00	1.14566	1.14848	1.14511	1.14773	9470	0	1
2013.08.29	12:00:00	1.14771	1.15079	1.14754	1.14970	9519	0	1
2013.08.29	16:00:00	1.14976	1.15135	1.14834	1.14850	8533	0	1
2013.08.29	20:00:00	1.14851	1.15138	1.14778	1.15009	5203	0	1
2013.08.30	00:00:00	1.14996	1.15080	1.14823	1.15029	8485	0	2
2013.08.30	04:00:00	1.15020	1.15057	1.14833	1.14893	6522	0	7
2013.08.30	08:00:00	1.14896	1.14980	1.14829	1.14900	7864	0	2
2013.08.30	12:00:00	1.14900	1.15123	1.14813	1.15054	8128	0	1
2013.08.30	16:00:00	1.15051	1.15191	1.14990	1.15027	9311	0	2
2013.08.30	20:00:00	1.15027	1.15275	1.14996	1.15004	4117	0	1
2013.09.02	00:00:00	1.15010	1.15422	1.14935	1.15400	7720	0	1
2013.09.02	04:00:00	1.15400	1.15442	1.15069	1.15155	6117	0	1
2013.09.02	08:00:00	1.15155	1.15262	1.14826	1.15136	9885	0	1
2013.09.02	12:00:00	1.15134	1.15167	1.14927	1.15011	5121	0	2
2013.09.02	16:00:00	1.15016	1.15130	1.14855	1.14988	6306	0	1
2013.09.02	20:00:00	1.14988	1.15089	1.14760	1.14783	7353	0	1
2013.09.03	00:00:00	1.14790	1.15271	1.14773	1.14969	9041	0	2
2013.09.03	04:00:00	1.14969	1.15459	1.14881	1.15390	9864	0	1
2013.09.03	08:00:00	1.15390	1.15676	1.15315	1.15589	9933	0	1
2013.09.03	12:00:00	1.15593	1.15870	1.15565	1.15570	7352	0	1
2013.09.03	16:00:00	1.15469	1.16308	1.15469	1.16121	10177	0	1
2013.09.03	20:00:00	1.16122	1.16182	1.16042	1.16093	4349	0	2
2013.09.04	00:00:00	1.16104	1.16590	1.15870	1.16527	7860	0	5
2013.09.04	04:00:00	1.16524	1.16575	1.16374	1.16457	7563	0	2
2013.09.04	08:00:00	1.16457	1.16550	1.16013	1.16023	10618	0	1
2013.09.04	12:00:00	1.16023	1.16248	1.15950	1.16131	9248	0	2
2013.09.04	16:00:00	1.16134	1.16146	1.15837	1.15841	8892	0	2
2013.09.04	20:00:00	1.15841	1.16049	1.15825	1.16023	4846	0	5
2013.09.05	00:00:00	1.16012	1.16190	1.15929	1.16049	7099	0	5
2013.09.05	04:00:00	1.16049	1.16155	1.15978	1.16106	5976	0	1
2013.09.05	08:00:00	1.16107	1.16275	1.16024	1.16149	8844	0	2
2013.09.05	12:00:00	1.16149	1.16183	1.15643	1.15650	8474	0	2
2013.09.05	16:00:00	1.15650	1.15746	1.15451	1.15708	9028	0	1
2013.09.05	20:00:00	1.15708	1.15765	1.15609	1.15757	3752	0	1
2013.09.06	00:00:00	1.15757	1.15757	1.15480	1.15516	6527	0	2
2013.09.06	04:00:00	1.15509	1.15528	1.15315	1.15354	5372	0	1
2013.09.06	08:00:00	1.15357	1.15385	1.15024	1.15110	6721	0	1
2013.09.06	12:00:00	1.15110	1.15378	1.14703	1.14983	9208	0	3
2013.09.06	16:00:00	1.14988	1.15139	1.14868	1.14935	7629	0	1
2013.09.06	20:00:00	1.14936	1.14952	1.14660	1.14660	4115	0	6
2013.09.09	00:00:00	1.14922	1.15305	1.14873	1.15266	7202	0	1
2013.09.09	04:00:00	1.15266	1.15294	1.15113	1.15144	5532	0	1
2013.09.09	08:00:00	1.15141	1.15195	1.14945	1.15033	7365	0	3
2013.09.09	12:00:00	1.15038	1.15049	1.14790	1.14839	6709	0	4
2013.09.09	16:00:00	1.14838	1.15174	1.14815	1.15054	6913	0	2
2013.09.09	20:00:00	1.15054	1.15176	1.14988	1.15066	3730	0	6
2013.09.10	00:00:00	1.15068	1.15287	1.15059	1.15271	6453	0	2
2013.09.10	04:00:00	1.15269	1.15289	1.15125	1.15227	7767	0	1
2013.09.10	08:00:00	1.15226	1.15390	1.15175	1.15246	8630	0	2
2013.09.10	12:00:00	1.15246	1.15418	1.15243	1.15304	8871	0	2
2013.09.10	16:00:00	1.15294	1.15426	1.15266	1.15380	7848	0	3
2013.09.10	20:00:00	1.15380	1.15471	1.15339	1.15415	5062	0	4
2013.09.11	00:00:00	1.15417	1.15580	1.15333	1.15448	7673	0	6
2013.09.11	04:00:00	1.15455	1.15532	1.15390	1.15517	6167	0	4
2013.09.11	08:00:00	1.15518	1.15521	1.15218	1.15283	7643	0	2
2013.09.11	12:00:00	1.15283	1.15395	1.15188	1.15349	7231	0	1
2013.09.11	16:00:00	1.15346	1.15480	1.15309	1.15405	7643	0	1
2013.09.11	20:00:00	1.15408	1.15516	1.14675	1.14736	5611	0	1
2013.09.12	00:00:00	1.14739	1.14800	1.13820	1.14102	9464	0	2
2013.09.12	04:00:00	1.14105	1.14152	1.13774	1.13848	7991	0	2
2013.09.12	08:00:00	1.13850	1.13871	1.13365	1.13422	9608	0	1
2013.09.12	12:00:00	1.13423	1.13855	1.13361	1.13640	7951	0	1
2013.09.12	16:00:00	1.13646	1.13920	1.13634	1.13785	7801	0	6
2013.09.12	20:00:00	1.13785	1.13951	1.13706	1.13835	5435	0	8
2013.09.13	00:00:00	1.13833	1.13989	1.13811	1.13909	7178	0	1
2013.09.13	04:00:00	1.13909	1.14056	1.13873	1.13928	8227	0	2
2013.09.13	08:00:00	1.13927	1.13968	1.13492	1.13507	7858	0	1
2013.09.13	12:00:00	1.13506	1.13610	1.13361	1.13415	8357	0	1
2013.09.13	16:00:00	1.13408	1.13622	1.13378	1.13516	6651	0	4
2013.09.13	20:00:00	1.13517	1.13767	1.13495	1.13582	2897	0	2
2013.09.16	00:00:00	1.13673	1.13954	1.13621	1.13905	7923	0	1
2013.09.16	04:00:00	1.13905	1.13960	1.13740	1.13900	6005	0	3
2013.09.16	08:00:00	1.13897	1.14174	1.13805	1.14126	8925	0	1
2013.09.16	12:00:00	1.14122	1.14327	1.13995	1.14125	8156	0	1
2013.09.16	16:00:00	1.14123	1.14221	1.13955	1.14051	7650	0	2
2013.09.16	20:00:00	1.14050	1.14108	1.13948	1.13995	5622	0	2
2013.09.17	00:00:00	1.13995	1.14020	1.13659	1.13765	7127	0	3
2013.09.17	04:00:00	1.13775	1.13991	1.13692	1.13963	6516	0	3
2013.09.17	08:00:00	1.13960	1.14033	1.13795	1.13957	7924	0	7
2013.09.17	12:00:00	1.13960	1.14030	1.13559	1.13660	7278	0	1
2013.09.17	16:00:00	1.13645	1.13680	1.13470	1.13510	6507	0	2
2013.09.17	20:00:00	1.13515	1.13639	1.13485	1.13623	3637	0	8
2013.09.18	00:00:00	1.13623	1.13719	1.13529	1.13647	5115	0	4
2013.09.18	04:00:00	1.13647	1.13702	1.13599	1.13681	4876	0	10
2013.09.18	08:00:00	1.13681	1.13780	1.13610	1.13725	7069	0	1
2013.09.18	12:00:00	1.13720	1.13848	1.13648	1.13797	6771	0	2
2013.09.18	16:00:00	1.13798	1.13890	1.13637	1.13654	7289	0	1
2013.09.18	20:00:00	1.13653	1.13980	1.13437	1.13773	12956	0	1
2013.09.19	00:00:00	1.13777	1.14007	1.13102	1.13108	9234	0	2
2013.09.19	04:00:00	1.13114	1.13233	1.12952	1.13032	7698	0	2
2013.09.19	08:00:00	1.13031	1.13273	1.12825	1.12873	10335	0	5
2013.09.19	12:00:00	1.12878	1.13270	1.12802	1.12983	9361	0	6
2013.09.19	16:00:00	1.12983	1.13044	1.12701	1.12908	10462	0	1
2013.09.19	20:00:00	1.12908	1.12909	1.12558	1.12620	4886	0	4
2013.09.20	00:00:00	1.12624	1.12802	1.12536	1.12772	5334	0	9
2013.09.20	04:00:00	1.12771	1.12869	1.12629	1.12664	5452	0	9
2013.09.20	08:00:00	1.12664	1.12709	1.12349	1.12410	7946	0	7
2013.09.20	12:00:00	1.12410	1.12581	1.12310	1.12417	9049	0	1
2013.09.20	16:00:00	1.12415	1.12429	1.12121	1.12259	7879	0	4
2013.09.20	20:00:00	1.12259	1.12423	1.12164	1.12184	3623	0	1
2013.09.23	00:00:00	1.12189	1.12664	1.12189	1.12619	5651	0	5
2013.09.23	04:00:00	1.12615	1.12685	1.12521	1.12669	4991	0	3
2013.09.23	08:00:00	1.12669	1.12739	1.12319	1.12319	6640	0	3
2013.09.23	12:00:00	1.12314	1.12739	1.12314	1.12728	7111	0	3
2013.09.23	16:00:00	1.12730	1.12858	1.12662	1.12669	6269	0	3
2013.09.23	20:00:00	1.12666	1.12739	1.12429	1.12547	3261	0	3
2013.09.24	00:00:00	1.12550	1.13064	1.12533	1.13026	6090	0	3
2013.09.24	04:00:00	1.13028	1.13166	1.12822	1.12920	4332	0	3
2013.09.24	08:00:00	1.12921	1.13463	1.12853	1.13212	7117	0	1
2013.09.24	12:00:00	1.13213	1.13527	1.13153	1.13499	7373	0	3
2013.09.24	16:00:00	1.13509	1.13608	1.13356	1.13452	6396	0	3
2013.09.24	20:00:00	1.13452	1.13529	1.13307	1.13380	3182	0	7
2013.09.25	00:00:00	1.13383	1.13899	1.13378	1.13878	6104	0	4
2013.09.25	04:00:00	1.13874	1.13974	1.13822	1.13884	4329	0	9
2013.09.25	08:00:00	1.13879	1.13924	1.13494	1.13639	7765	0	2
2013.09.25	12:00:00	1.13639	1.13896	1.13596	1.13619	7650	0	5
2013.09.25	16:00:00	1.13624	1.13669	1.13437	1.13477	7310	0	2
2013.09.25	20:00:00	1.13478	1.13659	1.13461	1.13554	4058	0	2
2013.09.26	00:00:00	1.13567	1.13652	1.13452	1.13493	5450	0	4
2013.09.26	04:00:00	1.13493	1.13549	1.13332	1.13371	5600	0	5
2013.09.26	08:00:00	1.13371	1.13429	1.13128	1.13205	7747	0	1
2013.09.26	12:00:00	1.13205	1.13279	1.12986	1.13096	6503	0	2
2013.09.26	16:00:00	1.13089	1.13095	1.12940	1.12983	6903	0	1
2013.09.26	20:00:00	1.12984	1.13017	1.12744	1.12954	3710	0	1
2013.09.27	00:00:00	1.12954	1.13078	1.12896	1.12919	5837	0	4
2013.09.27	04:00:00	1.12919	1.12919	1.12674	1.12716	5323	0	6
2013.09.27	08:00:00	1.12716	1.12739	1.12492	1.12509	7874	0	5
2013.09.27	12:00:00	1.12508	1.12803	1.12477	1.12770	8202	0	3
2013.09.27	16:00:00	1.12768	1.12819	1.12585	1.12653	6263	0	4
2013.09.27	20:00:00	1.12653	1.12653	1.12336	1.12341	3234	0	3
2013.09.30	00:00:00	1.12534	1.12669	1.12214	1.12218	7602	0	1
2013.09.30	04:00:00	1.12229	1.12511	1.12216	1.12474	5189	0	6
2013.09.30	08:00:00	1.12474	1.12784	1.12464	1.12727	6583	0	6
2013.09.30	12:00:00	1.12728	1.12819	1.12447	1.12625	7230	0	2
2013.09.30	16:00:00	1.12624	1.12664	1.12137	1.12198	6800	0	3
2013.09.30	20:00:00	1.12194	1.12360	1.12054	1.12298	4781	0	3
2013.10.01	00:00:00	1.12323	1.12521	1.12214	1.12518	6970	0	2
2013.10.01	04:00:00	1.12518	1.13189	1.12300	1.13106	7924	0	2
2013.10.01	08:00:00	1.13112	1.13642	1.12888	1.13620	9312	0	4
2013.10.01	12:00:00	1.13622	1.13774	1.13547	1.13629	8049	0	1
2013.10.01	16:00:00	1.13629	1.13733	1.13422	1.13513	7655	0	2
2013.10.01	20:00:00	1.13510	1.13659	1.13362	1.13548	5167	0	2
2013.10.02	00:00:00	1.13554	1.13939	1.13476	1.13882	7908	0	1
2013.10.02	04:00:00	1.13881	1.14260	1.13814	1.13877	6956	0	1
2013.10.02	08:00:00	1.13877	1.13882	1.13487	1.13529	8312	0	5
2013.10.02	12:00:00	1.13529	1.13613	1.13259	1.13397	8714	0	5
2013.10.02	16:00:00	1.13404	1.13608	1.13228	1.13340	6391	0	3
2013.10.02	20:00:00	1.13340	1.13368	1.12570	1.12864	7014	0	1
2013.10.03	00:00:00	1.12859	1.13099	1.12825	1.13037	6463	0	2
2013.10.03	04:00:00	1.13037	1.13124	1.12900	1.12928	5684	0	8
2013.10.03	08:00:00	1.12928	1.13284	1.12674	1.13214	8638	0	4
2013.10.03	12:00:00	1.13211	1.13355	1.13171	1.13282	6527	0	3
2013.10.03	16:00:00	1.13301	1.13347	1.13139	1.13332	9344	0	5
2013.10.03	20:00:00	1.13329	1.13422	1.13184	1.13233	4752	0	1
2013.10.04	00:00:00	1.13226	1.13609	1.13213	1.13589	6894	0	2
2013.10.04	04:00:00	1.13590	1.13784	1.13580	1.13654	5639	0	1
2013.10.04	08:00:00	1.13658	1.13776	1.13528	1.13759	6199	0	3
2013.10.04	12:00:00	1.13759	1.13769	1.13519	1.13625	6319	0	4
2013.10.04	16:00:00	1.13623	1.13689	1.13216	1.13250	6540	0	1
2013.10.04	20:00:00	1.13239	1.13434	1.13217	1.13384	2765	0	1
2013.10.07	00:00:00	1.13359	1.13664	1.13307	1.13542	7800	0	6
2013.10.07	04:00:00	1.13542	1.13660	1.13458	1.13477	4959	0	6
2013.10.07	08:00:00	1.13481	1.13624	1.13414	1.13419	7064	0	1
2013.10.07	12:00:00	1.13419	1.13708	1.13326	1.13402	5384	0	5
2013.10.07	16:00:00	1.13402	1.13468	1.13249	1.13329	5227	0	4
2013.10.07	20:00:00	1.13327	1.13629	1.13262	1.13492	4093	0	1
2013.10.08	00:00:00	1.13478	1.13909	1.13478	1.13765	6962	0	1
2013.10.08	04:00:00	1.13768	1.13774	1.13521	1.13569	5103	0	2
2013.10.08	08:00:00	1.13569	1.13954	1.13542	1.13817	6830	0	4
2013.10.08	12:00:00	1.13817	1.13909	1.13684	1.13684	6244	0	3
2013.10.08	16:00:00	1.13687	1.13849	1.13598	1.13676	6673	0	4
2013.10.08	20:00:00	1.13667	1.13757	1.13536	1.13695	5320	0	1
2013.10.09	00:00:00	1.13708	1.13809	1.13499	1.13759	7335	0	3
2013.10.09	04:00:00	1.13754	1.13839	1.13692	1.13785	4894	0	4
2013.10.09	08:00:00	1.13785	1.13986	1.13705	1.13749	6589	0	2
2013.10.09	12:00:00	1.13749	1.13874	1.13672	1.13704	5862	0	3
2013.10.09	16:00:00	1.13710	1.13869	1.13650	1.13687	6204	0	5
2013.10.09	20:00:00	1.13687	1.13835	1.13597	1.13781	7096	0	2
2013.10.10	00:00:00	1.13779	1.14074	1.13539	1.13906	7589	0	1
2013.10.10	04:00:00	1.13912	1.14104	1.13877	1.14074	7994	0	1
2013.10.10	08:00:00	1.14069	1.14406	1.14044	1.14244	6610	0	1
2013.10.10	12:00:00	1.14239	1.14329	1.14145	1.14151	6280	0	2
2013.10.10	16:00:00	1.14151	1.14213	1.13994	1.14110	6686	0	6
2013.10.10	20:00:00	1.14107	1.14284	1.13959	1.14146	4519	0	1
2013.10.11	00:00:00	1.14133	1.14319	1.13982	1.14260	6852	0	1
2013.10.11	04:00:00	1.14264	1.14264	1.13947	1.13980	6187	0	3
2013.10.11	08:00:00	1.13979	1.14008	1.13474	1.13589	6991	0	3
2013.10.11	12:00:00	1.13589	1.13725	1.13489	1.13612	6173	0	1
2013.10.11	16:00:00	1.13612	1.13789	1.13580	1.13707	6670	0	3
2013.10.11	20:00:00	1.13709	1.13833	1.13518	1.13624	3389	0	1
2013.10.14	00:00:00	1.13417	1.13631	1.13306	1.13509	5783	0	3
2013.10.14	04:00:00	1.13510	1.13659	1.13291	1.13355	4792	0	1
2013.10.14	08:00:00	1.13360	1.13434	1.12987	1.13217	6485	0	3
2013.10.14	12:00:00	1.13218	1.13374	1.13147	1.13330	4796	0	6
2013.10.14	16:00:00	1.13315	1.13439	1.13238	1.13339	4720	0	4
2013.10.14	20:00:00	1.13339	1.13624	1.13326	1.13557	5507	0	3
2013.10.15	00:00:00	1.13558	1.13771	1.13484	1.13709	7414	0	1
2013.10.15	04:00:00	1.13709	1.13787	1.13447	1.13669	4911	0	3
2013.10.15	08:00:00	1.13669	1.13749	1.13538	1.13694	6501	0	7
2013.10.15	12:00:00	1.13687	1.13824	1.13492	1.13708	6875	0	3
2013.10.15	16:00:00	1.13704	1.13889	1.13694	1.13760	6058	0	7
2013.10.15	20:00:00	1.13759	1.13814	1.13429	1.13519	6201	0	1
2013.10.16	00:00:00	1.13519	1.13626	1.13343	1.13546	6795	0	2
2013.10.16	04:00:00	1.13549	1.13549	1.13376	1.13417	4995	0	2
2013.10.16	08:00:00	1.13413	1.13434	1.13099	1.13274	6461	0	1
2013.10.16	12:00:00	1.13274	1.13400	1.13123	1.13247	6356	0	5
2013.10.16	16:00:00	1.13248	1.13390	1.13103	1.13199	8161	0	4
2013.10.16	20:00:00	1.13197	1.13489	1.13118	1.13437	5096	0	1
2013.10.17	00:00:00	1.13437	1.13447	1.13124	1.13142	7759	0	4
2013.10.17	04:00:00	1.13145	1.13249	1.13108	1.13134	5788	0	1
2013.10.17	08:00:00	1.13137	1.13493	1.13122	1.13244	8847	0	1
2013.10.17	12:00:00	1.13248	1.13419	1.13084	1.13184	8751	0	1
2013.10.17	16:00:00	1.13199	1.13319	1.13071	1.13253	6013	0	2
2013.10.17	20:00:00	1.13246	1.13604	1.13229	1.13516	5249	0	3
2013.10.18	00:00:00	1.13514	1.13771	1.13492	1.13543	6850	0	1
2013.10.18	04:00:00	1.13545	1.13779	1.13494	1.13706	5650	0	3
2013.10.18	08:00:00	1.13709	1.13815	1.13554	1.13689	7169	0	3
2013.10.18	12:00:00	1.13689	1.13954	1.13671	1.13919	6706	0	3
2013.10.18	16:00:00	1.13920	1.13942	1.13686	1.13874	4241	0	6
2013.10.18	20:00:00	1.13871	1.13972	1.13574	1.13759	2870	0	3
2013.10.21	00:00:00	1.13869	1.13879	1.13623	1.13662	5556	0	1
2013.10.21	04:00:00	1.13666	1.13895	1.13647	1.13874	4418	0	7
2013.10.21	08:00:00	1.13879	1.14240	1.13861	1.14120	5877	0	3
2013.10.21	12:00:00	1.14119	1.14431	1.14078	1.14139	5391	0	2
2013.10.21	16:00:00	1.14144	1.14239	1.14048	1.14074	4604	0	5
2013.10.21	20:00:00	1.14074	1.14242	1.14064	1.14229	3807	0	1
2013.10.22	00:00:00	1.14238	1.14238	1.14131	1.14162	3927	0	4
2013.10.22	04:00:00	1.14160	1.14279	1.14154	1.14198	3558	0	2
2013.10.22	08:00:00	1.14199	1.14434	1.14174	1.14272	5095	0	2
2013.10.22	12:00:00	1.14272	1.14364	1.13948	1.14004	7986	0	1
2013.10.22	16:00:00	1.13997	1.14022	1.13858	1.13971	7224	0	1
2013.10.22	20:00:00	1.13971	1.14066	1.13896	1.14012	4964	0	1
2013.10.23	00:00:00	1.14012	1.14854	1.13927	1.14750	6736	0	3
2013.10.23	04:00:00	1.14745	1.14938	1.14588	1.14634	10449	0	1
2013.10.23	08:00:00	1.14643	1.14878	1.14593	1.14798	9080	0	1
2013.10.23	12:00:00	1.14795	1.15021	1.14749	1.14865	8706	0	1
2013.10.23	16:00:00	1.14865	1.14867	1.14668	1.14679	8063	0	8
2013.10.23	20:00:00	1.14679	1.14783	1.14336	1.14417	5333	0	1
2013.10.24	00:00:00	1.14417	1.14616	1.14293	1.14532	8136	0	1
2013.10.24	04:00:00	1.14536	1.14719	1.14346	1.14622	5883	0	4
2013.10.24	08:00:00	1.14623	1.15103	1.14509	1.14908	9048	0	1
2013.10.24	12:00:00	1.14912	1.15175	1.14859	1.15049	9958	0	1
2013.10.24	16:00:00	1.15049	1.15186	1.14943	1.15174	7875	0	3
2013.10.24	20:00:00	1.15174	1.15279	1.15039	1.15244	4843	0	1
2013.10.25	00:00:00	1.15244	1.15501	1.15204	1.15407	7081	0	3
2013.10.25	04:00:00	1.15409	1.15559	1.15368	1.15441	6579	0	2
2013.10.25	08:00:00	1.15437	1.15704	1.15315	1.15532	7394	0	2
2013.10.25	12:00:00	1.15533	1.15736	1.15278	1.15415	7705	0	2
2013.10.25	16:00:00	1.15416	1.15691	1.15347	1.15627	7135	0	4
2013.10.25	20:00:00	1.15628	1.15754	1.15616	1.15629	2653	0	1
2013.10.28	00:00:00	1.15719	1.15803	1.15635	1.15686	4963	0	5
2013.10.28	04:00:00	1.15686	1.15699	1.15570	1.15694	3918	0	2
2013.10.28	08:00:00	1.15694	1.15705	1.15415	1.15483	6033	0	2
2013.10.28	12:00:00	1.15479	1.15615	1.15402	1.15540	7412	0	1
2013.10.28	16:00:00	1.15539	1.15584	1.15218	1.15358	6565	0	2
2013.10.28	20:00:00	1.15360	1.15413	1.14954	1.14987	6102	0	1
2013.10.29	00:00:00	1.14971	1.15188	1.14906	1.15132	8338	0	3
2013.10.29	04:00:00	1.15132	1.15171	1.14897	1.14957	7044	0	1
2013.10.29	08:00:00	1.14958	1.15278	1.14908	1.15062	7571	0	2
2013.10.29	12:00:00	1.15061	1.15091	1.14825	1.14951	8633	0	5
2013.10.29	16:00:00	1.14953	1.15051	1.14862	1.14882	7475	0	2
2013.10.29	20:00:00	1.14880	1.14915	1.14610	1.14811	4883	0	1
2013.10.30	00:00:00	1.14818	1.14881	1.14637	1.14720	6570	0	4
2013.10.30	04:00:00	1.14719	1.15214	1.14685	1.14885	6459	0	1
2013.10.30	08:00:00	1.14899	1.14929	1.14740	1.14810	6560	0	1
2013.10.30	12:00:00	1.14810	1.15129	1.14721	1.15069	6744	0	1
2013.10.30	16:00:00	1.15064	1.15229	1.14909	1.15044	8179	0	1
2013.10.30	20:00:00	1.15040	1.15115	1.14491	1.14804	7813	0	1
2013.10.31	00:00:00	1.14799	1.15144	1.14684	1.15064	8048	0	2
2013.10.31	04:00:00	1.15063	1.15129	1.14927	1.15124	6104	0	1
2013.10.31	08:00:00	1.15124	1.15169	1.14690	1.14789	7884	0	2
2013.10.31	12:00:00	1.14791	1.14813	1.14434	1.14570	10560	0	1
2013.10.31	16:00:00	1.14567	1.14604	1.14360	1.14441	9019	0	1
2013.10.31	20:00:00	1.14443	1.14711	1.14345	1.14509	6278	0	1
2013.11.01	00:00:00	1.14504	1.14685	1.14428	1.14615	6912	0	1
2013.11.01	04:00:00	1.14615	1.14774	1.14541	1.14594	4557	0	1
2013.11.01	08:00:00	1.14589	1.14648	1.14341	1.14540	6339	0	1
2013.11.01	12:00:00	1.14540	1.14786	1.14448	1.14690	7985	0	3
2013.11.01	16:00:00	1.14690	1.14821	1.14613	1.14649	7861	0	1
2013.11.01	20:00:00	1.14649	1.14664	1.14042	1.14124	3174	0	1
2013.11.04	00:00:00	1.14421	1.14738	1.14382	1.14692	5312	0	1
2013.11.04	04:00:00	1.14688	1.14835	1.14622	1.14653	3439	0	2
2013.11.04	08:00:00	1.14646	1.14681	1.14413	1.14469	4708	0	6
2013.11.04	12:00:00	1.14472	1.14666	1.14339	1.14646	4352	0	6
2013.11.04	16:00:00	1.14660	1.14793	1.14614	1.14736	3824	0	7
2013.11.04	20:00:00	1.14731	1.14866	1.14699	1.14744	3579	0	2
2013.11.05	00:00:00	1.14745	1.14914	1.14639	1.14823	5614	0	1
2013.11.05	04:00:00	1.14820	1.14904	1.14464	1.14568	6404	0	5
2013.11.05	08:00:00	1.14567	1.14639	1.14059	1.14199	8062	0	1
2013.11.05	12:00:00	1.14198	1.14459	1.14198	1.14286	9616	0	2
2013.11.05	16:00:00	1.14298	1.14389	1.14184	1.14258	7501	0	1
2013.11.05	20:00:00	1.14257	1.14277	1.13472	1.13554	6523	0	4
2013.11.06	00:00:00	1.13563	1.13729	1.13496	1.13560	5849	0	5
2013.11.06	04:00:00	1.13558	1.13569	1.13309	1.13344	5660	0	1
2013.11.06	08:00:00	1.13349	1.13582	1.13248	1.13444	6233	0	2
2013.11.06	12:00:00	1.13439	1.13504	1.13314	1.13459	5965	0	4
2013.11.06	16:00:00	1.13474	1.13579	1.13345	1.13542	6333	0	2
2013.11.06	20:00:00	1.13540	1.13704	1.13487	1.13637	4349	0	4
2013.11.07	00:00:00	1.13645	1.13787	1.13164	1.13407	8533	0	2
2013.11.07	04:00:00	1.13411	1.13450	1.13167	1.13168	4326	0	9
2013.11.07	08:00:00	1.13168	1.13421	1.13113	1.13294	5975	0	1
2013.11.07	12:00:00	1.13296	1.13468	1.13134	1.13364	10473	0	2
2013.11.07	16:00:00	1.13362	1.13630	1.13247	1.13434	11864	0	6
2013.11.07	20:00:00	1.13436	1.13704	1.13395	1.13548	7941	0	1
2013.11.08	00:00:00	1.13560	1.13719	1.13292	1.13596	8924	0	2
2013.11.08	04:00:00	1.13600	1.13634	1.13413	1.13447	5842	0	3
2013.11.08	08:00:00	1.13452	1.13669	1.13413	1.13581	6628	0	1
2013.11.08	12:00:00	1.13581	1.13612	1.13100	1.13426	10627	0	1
2013.11.08	16:00:00	1.13429	1.13789	1.13364	1.13769	9526	0	1
2013.11.08	20:00:00	1.13771	1.13827	1.13564	1.13564	3461	0	1
2013.11.11	00:00:00	1.13628	1.13659	1.13231	1.13240	7318	0	2
2013.11.11	04:00:00	1.13249	1.13464	1.13180	1.13342	4207	0	4
2013.11.11	08:00:00	1.13345	1.13610	1.13343	1.13351	6004	0	4
2013.11.11	12:00:00	1.13354	1.13677	1.13354	1.13528	5740	0	5
2013.11.11	16:00:00	1.13524	1.13654	1.13372	1.13435	4961	0	1
2013.11.11	20:00:00	1.13436	1.13459	1.13263	1.13341	3681	0	1
2013.11.12	00:00:00	1.13341	1.13649	1.13232	1.13406	7653	0	1
2013.11.12	04:00:00	1.13406	1.13474	1.13273	1.13365	5088	0	4
2013.11.12	08:00:00	1.13359	1.13575	1.13269	1.13379	7539	0	1
2013.11.12	12:00:00	1.13379	1.13510	1.13091	1.13101	7782	0	2
2013.11.12	16:00:00	1.13101	1.13254	1.12996	1.13087	8024	0	2
2013.11.12	20:00:00	1.13087	1.13595	1.12988	1.13092	7217	0	1
2013.11.13	00:00:00	1.13092	1.13329	1.12904	1.12984	6790	0	2
2013.11.13	04:00:00	1.12984	1.13093	1.12959	1.13033	4549	0	7
2013.11.13	08:00:00	1.13040	1.13119	1.12969	1.13102	6452	0	4
2013.11.13	12:00:00	1.13114	1.13134	1.12867	1.12934	8007	0	4
2013.11.13	16:00:00	1.12938	1.12994	1.12787	1.12867	7268	0	2
2013.11.13	20:00:00	1.12867	1.13138	1.12731	1.12935	7170	0	2
2013.11.14	00:00:00	1.12955	1.13054	1.12183	1.12734	8680	0	1
2013.11.14	04:00:00	1.12738	1.12879	1.12674	1.12743	5432	0	1
2013.11.14	08:00:00	1.12744	1.12917	1.12561	1.12666	7403	0	1
2013.11.14	12:00:00	1.12669	1.12784	1.12516	1.12520	7452	0	2
2013.11.14	16:00:00	1.12517	1.12616	1.12446	1.12512	8704	0	1
2013.11.14	20:00:00	1.12504	1.12611	1.12461	1.12537	4255	0	2
2013.11.15	00:00:00	1.12545	1.12801	1.12464	1.12659	6204	0	5
2013.11.15	04:00:00	1.12659	1.12782	1.12556	1.12673	4437	0	7
2013.11.15	08:00:00	1.12673	1.12709	1.12384	1.12429	5914	0	5
2013.11.15	12:00:00	1.12427	1.12548	1.12287	1.12474	7677	0	1
2013.11.15	16:00:00	1.12484	1.12608	1.12364	1.12371	5133	0	4
2013.11.15	20:00:00	1.12371	1.12459	1.12256	1.12262	2510	0	4
2013.11.18	00:00:00	1.12236	1.12469	1.12180	1.12446	5688	0	2
2013.11.18	04:00:00	1.12443	1.12579	1.12373	1.12529	6939	0	2
2013.11.18	08:00:00	1.12527	1.12569	1.11955	1.12185	6534	0	1
2013.11.18	12:00:00	1.12185	1.12362	1.12166	1.12306	6599	0	3
2013.11.18	16:00:00	1.12303	1.12436	1.12148	1.12316	6111	0	2
2013.11.18	20:00:00	1.12316	1.12662	1.12304	1.12619	5582	0	8
2013.11.19	00:00:00	1.12619	1.12763	1.12405	1.12734	6433	0	7
2013.11.19	04:00:00	1.12739	1.12834	1.12619	1.12790	5675	0	3
2013.11.19	08:00:00	1.12789	1.12950	1.12731	1.12937	8581	0	1
2013.11.19	12:00:00	1.12937	1.13057	1.12790	1.12816	6842	0	4
2013.11.19	16:00:00	1.12819	1.12913	1.12738	1.12745	6667	0	3
2013.11.19	20:00:00	1.12745	1.12819	1.12567	1.12738	5029	0	2
2013.11.20	00:00:00	1.12729	1.12849	1.12487	1.12827	6902	0	3
2013.11.20	04:00:00	1.12829	1.12849	1.12624	1.12647	5501	0	3
2013.11.20	08:00:00	1.12654	1.12851	1.12544	1.12770	6648	0	6
2013.11.20	12:00:00	1.12767	1.12974	1.12744	1.12769	8090	0	6
2013.11.20	16:00:00	1.12769	1.13114	1.12769	1.13054	9118	0	1
2013.11.20	20:00:00	1.13057	1.13058	1.12715	1.12751	8939	0	1
2013.11.21	00:00:00	1.12751	1.13017	1.12695	1.12724	7480	0	2
2013.11.21	04:00:00	1.12719	1.12832	1.12661	1.12777	5571	0	5
2013.11.21	08:00:00	1.12777	1.12894	1.12602	1.12795	10070	0	6
2013.11.21	12:00:00	1.12794	1.12874	1.12590	1.12739	10928	0	2
2013.11.21	16:00:00	1.12730	1.12746	1.12482	1.12584	9425	0	1
2013.11.21	20:00:00	1.12589	1.12697	1.12151	1.12188	6079	0	1
2013.11.22	00:00:00	1.12188	1.12264	1.11995	1.12151	6207	0	4
2013.11.22	04:00:00	1.12146	1.12204	1.11704	1.11879	8090	0	1
2013.11.22	08:00:00	1.11883	1.12404	1.11695	1.12279	8803	0	1
2013.11.22	12:00:00	1.12279	1.12664	1.12235	1.12472	8945	0	1
2013.11.22	16:00:00	1.12474	1.12477	1.12085	1.12097	4758	0	1
2013.11.22	20:00:00	1.12097	1.12141	1.11709	1.11796	2562	0	1
2013.11.25	00:00:00	1.12014	1.12104	1.11364	1.11397	5904	0	1
2013.11.25	04:00:00	1.11397	1.11486	1.11246	1.11371	3606	0	1
2013.11.25	08:00:00	1.11375	1.11592	1.11260	1.11580	5584	0	1
2013.11.25	12:00:00	1.11576	1.11643	1.11447	1.11566	5503	0	1
2013.11.25	16:00:00	1.11563	1.11762	1.11531	1.11671	4464	0	1
2013.11.25	20:00:00	1.11674	1.11768	1.11361	1.11576	3517	0	1
2013.11.26	00:00:00	1.11571	1.11752	1.11478	1.11599	5248	0	1
2013.11.26	04:00:00	1.11601	1.11622	1.11256	1.11383	3822	0	1
2013.11.26	08:00:00	1.11383	1.11511	1.11235	1.11393	5871	0	2
2013.11.26	12:00:00	1.11392	1.11539	1.11167	1.11341	6304	0	1
2013.11.26	16:00:00	1.11344	1.11450	1.11252	1.11407	5784	0	2
2013.11.26	20:00:00	1.11401	1.11486	1.11211	1.11262	3766	0	2
2013.11.27	00:00:00	1.11273	1.11448	1.11231	1.11341	5104	0	1
2013.11.27	04:00:00	1.11340	1.11412	1.11258	1.11393	3778	0	1
2013.11.27	08:00:00	1.11389	1.11448	1.11144	1.11322	5541	0	1
2013.11.27	12:00:00	1.11321	1.11578	1.11210	1.11574	8120	0	3
2013.11.27	16:00:00	1.11579	1.11784	1.11538	1.11560	6693	0	3
2013.11.27	20:00:00	1.11560	1.11606	1.11350	1.11504	4151	0	4
2013.11.28	00:00:00	1.11505	1.12004	1.11251	1.11679	7949	0	1
2013.11.28	04:00:00	1.11678	1.11797	1.11626	1.11797	4009	0	1
2013.11.28	08:00:00	1.11806	1.12049	1.11772	1.11956	6501	0	1
2013.11.28	12:00:00	1.11959	1.11990	1.11617	1.11928	5908	0	4
2013.11.28	16:00:00	1.11928	1.12054	1.11879	1.11994	4557	0	2
2013.11.28	20:00:00	1.11990	1.12150	1.11931	1.12092	3039	0	1
2013.11.29	00:00:00	1.12092	1.12101	1.11833	1.12004	7756	0	1
2013.11.29	04:00:00	1.12006	1.12256	1.11976	1.12199	5332	0	5
2013.11.29	08:00:00	1.12199	1.12229	1.11988	1.12019	6758	0	1
2013.11.29	12:00:00	1.12019	1.12058	1.11606	1.11653	6393	0	3
2013.11.29	16:00:00	1.11649	1.12004	1.11634	1.11964	6159	0	3
2013.11.29	20:00:00	1.11974	1.12049	1.11844	1.11979	2190	0	1
2013.12.02	00:00:00	1.11695	1.11890	1.11600	1.11723	6802	0	1
2013.12.02	04:00:00	1.11723	1.11769	1.11441	1.11552	4520	0	1
2013.12.02	08:00:00	1.11564	1.11639	1.11451	1.11527	7360	0	5
2013.12.02	12:00:00	1.11526	1.11625	1.11137	1.11137	6893	0	2
2013.12.02	16:00:00	1.11156	1.11338	1.11048	1.11225	7678	0	2
2013.12.02	20:00:00	1.11224	1.11249	1.11107	1.11155	3907	0	1
2013.12.03	00:00:00	1.11158	1.11361	1.11049	1.11127	5770	0	1
2013.12.03	04:00:00	1.11127	1.11186	1.10944	1.11000	6596	0	1
2013.12.03	08:00:00	1.11000	1.11134	1.10719	1.10869	7764	0	4
2013.12.03	12:00:00	1.10869	1.10937	1.10599	1.10687	7388	0	1
2013.12.03	16:00:00	1.10685	1.10802	1.10514	1.10639	6982	0	3
2013.12.03	20:00:00	1.10630	1.10889	1.10545	1.10827	4426	0	7
2013.12.04	00:00:00	1.10826	1.10929	1.10404	1.10584	8288	0	2
2013.12.04	04:00:00	1.10584	1.10689	1.10401	1.10402	5192	0	2
2013.12.04	08:00:00	1.10402	1.10459	1.10061	1.10144	8106	0	2
2013.12.04	12:00:00	1.10144	1.10277	1.10062	1.10136	8817	0	1
2013.12.04	16:00:00	1.10128	1.10323	1.10056	1.10304	9954	0	2
2013.12.04	20:00:00	1.10304	1.10304	1.10041	1.10115	4815	0	1
2013.12.05	00:00:00	1.10114	1.10215	1.09927	1.10158	5762	0	2
2013.12.05	04:00:00	1.10159	1.10194	1.10048	1.10067	4443	0	2
2013.12.05	08:00:00	1.10067	1.10276	1.09978	1.10037	8078	0	5
2013.12.05	12:00:00	1.10037	1.10453	1.10037	1.10387	8881	0	1
2013.12.05	16:00:00	1.10387	1.10559	1.10274	1.10292	7845	0	1
2013.12.05	20:00:00	1.10293	1.10391	1.10142	1.10263	4926	0	3
2013.12.06	00:00:00	1.10264	1.10323	1.10153	1.10288	4974	0	2
2013.12.06	04:00:00	1.10288	1.10536	1.10265	1.10393	5201	0	2
2013.12.06	08:00:00	1.10393	1.10673	1.10363	1.10600	6319	0	2
2013.12.06	12:00:00	1.10606	1.10697	1.10336	1.10453	10063	0	3
2013.12.06	16:00:00	1.10449	1.10487	1.09646	1.09769	9689	0	1
2013.12.06	20:00:00	1.09769	1.09904	1.09705	1.09859	2970	0	3
2013.12.09	00:00:00	1.09923	1.10073	1.09622	1.09832	7246	0	1
2013.12.09	04:00:00	1.09830	1.09917	1.09595	1.09607	4982	0	8
2013.12.09	08:00:00	1.09608	1.09806	1.09499	1.09724	6235	0	5
2013.12.09	12:00:00	1.09734	1.09959	1.09650	1.09889	6553	0	4
2013.12.09	16:00:00	1.09889	1.10064	1.09675	1.09995	6342	0	1
2013.12.09	20:00:00	1.09994	1.10027	1.09589	1.09589	4420	0	6
2013.12.10	00:00:00	1.09586	1.09868	1.09585	1.09843	6360	0	1
2013.12.10	04:00:00	1.09843	1.09859	1.09718	1.09780	4020	0	1
2013.12.10	08:00:00	1.09780	1.10042	1.09677	1.09994	6669	0	2
2013.12.10	12:00:00	1.09997	1.10004	1.09810	1.09965	7833	0	3
2013.12.10	16:00:00	1.09969	1.10049	1.09913	1.09978	6074	0	3
2013.12.10	20:00:00	1.09978	1.10325	1.09964	1.10113	4584	0	4
2013.12.11	00:00:00	1.10111	1.10239	1.10027	1.10223	5224	0	2
2013.12.11	04:00:00	1.10222	1.10394	1.10170	1.10252	4263	0	4
2013.12.11	08:00:00	1.10253	1.10378	1.10115	1.10342	6301	0	8
2013.12.11	12:00:00	1.10341	1.10481	1.10292	1.10385	6660	0	6
2013.12.11	16:00:00	1.10385	1.10441	1.09989	1.10099	9169	0	4
2013.12.11	20:00:00	1.10099	1.10127	1.09379	1.09413	7770	0	4
2013.12.12	00:00:00	1.09410	1.09664	1.09000	1.09081	7123	0	3
2013.12.12	04:00:00	1.09082	1.09105	1.08893	1.08942	5161	0	4
2013.12.12	08:00:00	1.08946	1.09255	1.08935	1.09062	7745	0	3
2013.12.12	12:00:00	1.09062	1.09062	1.08223	1.08395	10202	0	1
2013.12.12	16:00:00	1.08395	1.08480	1.08177	1.08359	8374	0	2
2013.12.12	20:00:00	1.08364	1.08792	1.08161	1.08692	6014	0	3
2013.12.13	00:00:00	1.08683	1.08779	1.08457	1.08564	5926	0	4
2013.12.13	04:00:00	1.08564	1.08678	1.08509	1.08528	4841	0	7
2013.12.13	08:00:00	1.08527	1.08669	1.08313	1.08571	6337	0	8
2013.12.13	12:00:00	1.08574	1.08809	1.08483	1.08536	8271	0	9
2013.12.13	16:00:00	1.08530	1.08552	1.08292	1.08338	6432	0	4
2013.12.13	20:00:00	1.08341	1.08485	1.08257	1.08321	2896	0	5
2013.12.16	00:00:00	1.08282	1.08393	1.08052	1.08137	4681	0	4
2013.12.16	04:00:00	1.08137	1.08224	1.08049	1.08130	4347	0	3
2013.12.16	08:00:00	1.08130	1.08334	1.07998	1.08269	5795	0	6
2013.12.16	12:00:00	1.08269	1.08339	1.08130	1.08157	6428	0	6
2013.12.16	16:00:00	1.08157	1.08527	1.08153	1.08440	6346	0	2
2013.12.16	20:00:00	1.08440	1.08449	1.08208	1.08289	3570	0	5
2013.12.17	00:00:00	1.08295	1.08324	1.07849	1.07929	6556	0	3
2013.12.17	04:00:00	1.07934	1.08057	1.07843	1.08057	3336	0	5
2013.12.17	08:00:00	1.08057	1.08117	1.07847	1.07880	4909	0	5
2013.12.17	12:00:00	1.07880	1.07920	1.07621	1.07637	7227	0	4
2013.12.17	16:00:00	1.07638	1.08003	1.07617	1.07671	7788	0	8
2013.12.17	20:00:00	1.07671	1.07790	1.07466	1.07771	4460	0	1
2013.12.18	00:00:00	1.07768	1.07901	1.07649	1.07844	5007	0	1
2013.12.18	04:00:00	1.07844	1.08008	1.07794	1.07948	3591	0	4
2013.12.18	08:00:00	1.07949	1.08097	1.07823	1.07939	4683	0	5
2013.12.18	12:00:00	1.07942	1.08053	1.07848	1.07903	6026	0	7
2013.12.18	16:00:00	1.07903	1.08124	1.07776	1.08062	7099	0	7
2013.12.18	20:00:00	1.07958	1.08154	1.07290	1.07841	12942	0	1
2013.12.19	00:00:00	1.07845	1.07984	1.07657	1.07903	5397	0	3
2013.12.19	04:00:00	1.07898	1.08158	1.07814	1.08138	4506	0	1
2013.12.19	08:00:00	1.08138	1.08210	1.07960	1.08197	5945	0	7
2013.12.19	12:00:00	1.08197	1.08467	1.08133	1.08358	8192	0	2
2013.12.19	16:00:00	1.08364	1.08481	1.08219	1.08348	7436	0	2
2013.12.19	20:00:00	1.08351	1.08361	1.08121	1.08154	4246	0	4
2013.12.20	00:00:00	1.08154	1.08399	1.08063	1.08063	6475	0	3
2013.12.20	04:00:00	1.08062	1.08374	1.08028	1.08267	4455	0	2
2013.12.20	08:00:00	1.08265	1.08630	1.08147	1.08489	5561	0	5
2013.12.20	12:00:00	1.08489	1.08983	1.08481	1.08809	7790	0	4
2013.12.20	16:00:00	1.08816	1.08932	1.08525	1.08674	7119	0	5
2013.12.20	20:00:00	1.08674	1.08919	1.08649	1.08706	3004	0	1
2013.12.23	00:00:00	1.08635	1.08924	1.08602	1.08895	4066	0	4
2013.12.23	04:00:00	1.08892	1.08984	1.08838	1.08923	3119	0	1
2013.12.23	08:00:00	1.08926	1.09017	1.08818	1.08965	4106	0	3
2013.12.23	12:00:00	1.08968	1.09089	1.08874	1.08975	5510	0	2
2013.12.23	16:00:00	1.08979	1.08996	1.08762	1.08791	4878	0	5
2013.12.23	20:00:00	1.08795	1.09034	1.08787	1.08922	3862	0	8
2013.12.24	00:00:00	1.08928	1.09024	1.08857	1.08939	3730	0	8
2013.12.24	04:00:00	1.08925	1.09004	1.08836	1.08918	4110	0	12
2013.12.24	08:00:00	1.08918	1.09129	1.08831	1.09038	3275	0	11
2013.12.24	12:00:00	1.09033	1.09143	1.08926	1.09024	3606	0	10
2013.12.24	16:00:00	1.09039	1.09064	1.08889	1.08920	3096	0	16
2013.12.26	08:00:00	1.08792	1.08941	1.08698	1.08798	2939	0	1
2013.12.26	12:00:00	1.08804	1.08949	1.08804	1.08898	3387	0	3
2013.12.26	16:00:00	1.08898	1.08996	1.08787	1.08958	2733	0	9
2013.12.26	20:00:00	1.08957	1.09044	1.08767	1.08862	3864	0	12
2013.12.27	00:00:00	1.08862	1.09053	1.08781	1.08905	4037	0	1
2013.12.27	04:00:00	1.08903	1.09094	1.08812	1.09056	4046	0	4
2013.12.27	08:00:00	1.09054	1.09089	1.08839	1.08905	4452	0	3
2013.12.27	12:00:00	1.08903	1.09131	1.08765	1.08815	6033	0	2
2013.12.27	16:00:00	1.08814	1.08814	1.08544	1.08650	5077	0	5
2013.12.27	20:00:00	1.08650	1.08848	1.08579	1.08742	2509	0	6
2013.12.30	00:00:00	1.08592	1.08874	1.08536	1.08726	4358	0	5
2013.12.30	04:00:00	1.08729	1.08890	1.08568	1.08604	3609	0	7
2013.12.30	08:00:00	1.08604	1.08678	1.08439	1.08662	4618	0	10
2013.12.30	12:00:00	1.08662	1.08784	1.08544	1.08769	5575	0	6
2013.12.30	16:00:00	1.08774	1.08803	1.08520	1.08636	6676	0	10
2013.12.30	20:00:00	1.08639	1.08673	1.08347	1.08470	3426	0	1
2013.12.31	00:00:00	1.08474	1.08600	1.08388	1.08545	3464	0	6
2013.12.31	04:00:00	1.08545	1.08769	1.08498	1.08592	3018	0	12
2013.12.31	08:00:00	1.08590	1.08649	1.08377	1.08484	4604	0	10
2013.12.31	12:00:00	1.08484	1.08762	1.08484	1.08643	4887	0	7
2013.12.31	16:00:00	1.08643	1.08738	1.08308	1.08314	4895	0	12
2014.01.01	20:00:00	1.08372	1.08465	1.08228	1.08307	1245	0	26
2014.01.02	00:00:00	1.08302	1.08484	1.08151	1.08445	9720	0	20
2014.01.02	04:00:00	1.08441	1.08511	1.08337	1.08483	6824	0	20
2014.01.02	08:00:00	1.08477	1.08673	1.08416	1.08577	6861	0	2
2014.01.02	12:00:00	1.08567	1.08774	1.08477	1.08639	10540	0	6
2014.01.02	16:00:00	1.08638	1.08862	1.08525	1.08764	8538	0	1
2014.01.02	20:00:00	1.08764	1.08956	1.08715	1.08750	4556	0	4
2014.01.03	00:00:00	1.08750	1.08820	1.08443	1.08749	5548	0	6
2014.01.03	04:00:00	1.08747	1.09048	1.08604	1.08782	6279	0	1
2014.01.03	08:00:00	1.08782	1.08838	1.08574	1.08696	9279	0	3
2014.01.03	12:00:00	1.08695	1.08719	1.08243	1.08420	9937	0	5
2014.01.03	16:00:00	1.08421	1.08484	1.08182	1.08211	8182	0	9
2014.01.03	20:00:00	1.08212	1.08253	1.08009	1.08059	3371	0	8
2014.01.06	00:00:00	1.08267	1.08599	1.08207	1.08421	7494	0	3
2014.01.06	04:00:00	1.08421	1.08468	1.08293	1.08313	4631	0	1
2014.01.06	08:00:00	1.08313	1.08440	1.08181	1.08239	7352	0	7
2014.01.06	12:00:00	1.08239	1.08255	1.07967	1.08028	7486	0	3
2014.01.06	16:00:00	1.08014	1.08159	1.07962	1.08030	8624	0	6
2014.01.06	20:00:00	1.08034	1.08154	1.07973	1.08129	3681	0	2
2014.01.07	00:00:00	1.08132	1.08271	1.07937	1.08079	6823	0	1
2014.01.07	04:00:00	1.08079	1.08139	1.07814	1.07959	6466	0	3
2014.01.07	08:00:00	1.07959	1.08006	1.07559	1.07569	7075	0	4
2014.01.07	12:00:00	1.07566	1.07742	1.07540	1.07630	8866	0	5
2014.01.07	16:00:00	1.07632	1.07763	1.07574	1.07720	7636	0	2
2014.01.07	20:00:00	1.07717	1.07858	1.07591	1.07600	4389	0	7
2014.01.08	00:00:00	1.07620	1.07842	1.07599	1.07645	6085	0	5
2014.01.08	04:00:00	1.07646	1.07744	1.07587	1.07709	5654	0	4
2014.01.08	08:00:00	1.07709	1.07824	1.07647	1.07783	7167	0	6
2014.01.08	12:00:00	1.07785	1.07785	1.07539	1.07665	8533	0	2
2014.01.08	16:00:00	1.07665	1.07716	1.07510	1.07547	8418	0	7
2014.01.08	20:00:00	1.07550	1.07867	1.07506	1.07561	6831	0	7
2014.01.09	00:00:00	1.07563	1.07847	1.07504	1.07594	7116	0	1
2014.01.09	04:00:00	1.07594	1.07641	1.07429	1.07464	4892	0	4
2014.01.09	08:00:00	1.07461	1.07563	1.07349	1.07526	6723	0	10
2014.01.09	12:00:00	1.07524	1.07712	1.07428	1.07683	8340	0	5
2014.01.09	16:00:00	1.07683	1.07864	1.07597	1.07769	7554	0	9
2014.01.09	20:00:00	1.07769	1.07916	1.07691	1.07893	4897	0	3
2014.01.10	00:00:00	1.07893	1.07962	1.07776	1.07903	6246	0	1
2014.01.10	04:00:00	1.07903	1.08035	1.07870	1.07950	3908	0	3
2014.01.10	08:00:00	1.07950	1.08068	1.07891	1.08064	5526	0	5
2014.01.10	12:00:00	1.08065	1.08397	1.08035	1.08371	11407	0	3
2014.01.10	16:00:00	1.08371	1.08477	1.08149	1.08341	8350	0	5
2014.01.10	20:00:00	1.08341	1.08444	1.08277	1.08279	3728	0	7
2014.01.13	00:00:00	1.08434	1.08573	1.08377	1.08478	7340	0	2
2014.01.13	04:00:00	1.08450	1.08476	1.08329	1.08360	5700	0	2
2014.01.13	08:00:00	1.08360	1.08614	1.08223	1.08459	9259	0	1
2014.01.13	12:00:00	1.08454	1.08514	1.08180	1.08427	9805	0	2
2014.01.13	16:00:00	1.08426	1.08461	1.08169	1.08251	6995	0	7
2014.01.13	20:00:00	1.08247	1.08284	1.07945	1.08065	5313	0	5
2014.01.14	00:00:00	1.08062	1.08099	1.07788	1.07922	5935	0	2
2014.01.14	04:00:00	1.07919	1.07959	1.07727	1.07863	5066	0	2
2014.01.14	08:00:00	1.07863	1.07905	1.06869	1.07200	9943	0	1
2014.01.14	12:00:00	1.07204	1.07223	1.06718	1.06827	9340	0	5
2014.01.14	16:00:00	1.06824	1.07033	1.06741	1.06868	8070	0	6
2014.01.14	20:00:00	1.06873	1.07059	1.06812	1.07049	4711	0	2
2014.01.15	00:00:00	1.07041	1.07139	1.06875	1.06987	7305	0	2
2014.01.15	04:00:00	1.06991	1.07020	1.06809	1.06871	4977	0	7
2014.01.15	08:00:00	1.06871	1.06888	1.06405	1.06443	8559	0	4
2014.01.15	12:00:00	1.06443	1.06822	1.06440	1.06811	8808	0	8
2014.01.15	16:00:00	1.06812	1.06941	1.06731	1.06871	7873	0	3
2014.01.15	20:00:00	1.06871	1.06929	1.06766	1.06872	4148	0	1
2014.01.16	00:00:00	1.06867	1.06989	1.05782	1.05869	9271	0	1
2014.01.16	04:00:00	1.05864	1.05909	1.05744	1.05794	5157	0	7
2014.01.16	08:00:00	1.05785	1.05923	1.05668	1.05688	9440	0	2
2014.01.16	12:00:00	1.05689	1.05967	1.05675	1.05881	8458	0	4
2014.01.16	16:00:00	1.05880	1.05911	1.05416	1.05497	7838	0	1
2014.01.16	20:00:00	1.05497	1.06079	1.05494	1.05573	5008	0	4
2014.01.17	00:00:00	1.05575	1.06214	1.05563	1.06164	6865	0	1
2014.01.17	04:00:00	1.06164	1.06217	1.06034	1.06048	4302	0	5
2014.01.17	08:00:00	1.06053	1.06462	1.05977	1.06384	7665	0	4
2014.01.17	12:00:00	1.06379	1.06396	1.06154	1.06209	6751	0	6
2014.01.17	16:00:00	1.06206	1.06375	1.06058	1.06233	7379	0	6
2014.01.17	20:00:00	1.06234	1.06350	1.06143	1.06194	2942	0	6
2014.01.20	00:00:00	1.06312	1.06716	1.06141	1.06534	6288	0	1
2014.01.20	04:00:00	1.06534	1.06653	1.06375	1.06591	4454	0	7
2014.01.20	08:00:00	1.06594	1.07042	1.06564	1.06810	5921	0	3
2014.01.20	12:00:00	1.06810	1.06878	1.06451	1.06482	4571	0	1
2014.01.20	16:00:00	1.06484	1.06658	1.06457	1.06499	3465	0	8
2014.01.20	20:00:00	1.06499	1.06598	1.05724	1.05759	5544	0	1
2014.01.21	00:00:00	1.05759	1.06024	1.05683	1.05900	7724	0	3
2014.01.21	04:00:00	1.05900	1.05945	1.05828	1.05839	4093	0	3
2014.01.21	08:00:00	1.05841	1.05917	1.05631	1.05700	7942	0	2
2014.01.21	12:00:00	1.05697	1.05872	1.05650	1.05793	7056	0	6
2014.01.21	16:00:00	1.05786	1.05970	1.05649	1.05964	6484	0	3
2014.01.21	20:00:00	1.05960	1.05982	1.05799	1.05863	3409	0	5
2014.01.22	00:00:00	1.05884	1.06641	1.05709	1.06495	7504	0	2
2014.01.22	04:00:00	1.06478	1.06620	1.06448	1.06460	5060	0	3
2014.01.22	08:00:00	1.06457	1.06718	1.06410	1.06508	7923	0	7
2014.01.22	12:00:00	1.06506	1.06571	1.06332	1.06479	6742	0	6
2014.01.22	16:00:00	1.06489	1.06652	1.06390	1.06467	7622	0	9
2014.01.22	20:00:00	1.06468	1.06563	1.06414	1.06471	4023	0	9
2014.01.23	00:00:00	1.06467	1.06703	1.06207	1.06236	7423	0	2
2014.01.23	04:00:00	1.06238	1.06319	1.06104	1.06115	5826	0	7
2014.01.23	08:00:00	1.06116	1.06213	1.05738	1.05738	9695	0	6
2014.01.23	12:00:00	1.05738	1.05773	1.05481	1.05510	10296	0	1
2014.01.23	16:00:00	1.05520	1.05705	1.05294	1.05678	9875	0	2
2014.01.23	20:00:00	1.05681	1.05737	1.05429	1.05525	5615	0	3
2014.01.24	00:00:00	1.05515	1.05871	1.05484	1.05810	6249	0	2
2014.01.24	04:00:00	1.05806	1.05841	1.05235	1.05285	7998	0	2
2014.01.24	08:00:00	1.05282	1.05326	1.04913	1.05308	10615	0	5
2014.01.24	12:00:00	1.05305	1.05696	1.05211	1.05689	11277	0	2
2014.01.24	16:00:00	1.05688	1.05715	1.05527	1.05584	8399	0	7
2014.01.24	20:00:00	1.05579	1.05684	1.05356	1.05634	3849	0	2
2014.01.27	00:00:00	1.05519	1.05890	1.05485	1.05829	7051	0	1
2014.01.27	04:00:00	1.05827	1.06085	1.05759	1.05831	4911	0	3
2014.01.27	08:00:00	1.05830	1.06109	1.05709	1.06040	8135	0	2
2014.01.27	12:00:00	1.06040	1.06144	1.05861	1.05944	8074	0	8
2014.01.27	16:00:00	1.05949	1.06251	1.05878	1.06236	9017	0	6
2014.01.27	20:00:00	1.06234	1.06282	1.06058	1.06125	5031	0	4
2014.01.28	00:00:00	1.06125	1.06532	1.06109	1.06303	6425	0	2
2014.01.28	04:00:00	1.06303	1.06354	1.06074	1.06108	5583	0	6
2014.01.28	08:00:00	1.06104	1.06319	1.06017	1.06244	9107	0	7
2014.01.28	12:00:00	1.06241	1.06459	1.06196	1.06231	8650	0	7
2014.01.28	16:00:00	1.06230	1.06314	1.06105	1.06135	6393	0	5
2014.01.28	20:00:00	1.06136	1.06376	1.05931	1.06260	4966	0	7
2014.01.29	00:00:00	1.06254	1.06356	1.06144	1.06264	6149	0	2
2014.01.29	04:00:00	1.06268	1.06437	1.06249	1.06325	4244	0	5
2014.01.29	08:00:00	1.06325	1.06355	1.05782	1.05869	8261	0	8
2014.01.29	12:00:00	1.05868	1.05912	1.05671	1.05832	10524	0	5
2014.01.29	16:00:00	1.05832	1.06007	1.05772	1.05801	7293	0	3
2014.01.29	20:00:00	1.05801	1.06717	1.05597	1.06312	8531	0	1
2014.01.30	00:00:00	1.06310	1.06642	1.06288	1.06608	7487	0	1
2014.01.30	04:00:00	1.06608	1.06864	1.06595	1.06824	5081	0	2
2014.01.30	08:00:00	1.06828	1.07384	1.06784	1.07236	9320	0	1
2014.01.30	12:00:00	1.07238	1.07647	1.07182	1.07584	9863	0	3
2014.01.30	16:00:00	1.07584	1.07897	1.07527	1.07785	8320	0	1
2014.01.30	20:00:00	1.07785	1.07930	1.07487	1.07580	5382	0	10
2014.01.31	00:00:00	1.07583	1.08096	1.07444	1.07845	6384	0	1
2014.01.31	04:00:00	1.07851	1.07862	1.07626	1.07740	5611	0	9
2014.01.31	08:00:00	1.07743	1.07766	1.07299	1.07342	7290	0	3
2014.01.31	12:00:00	1.07342	1.07924	1.07267	1.07843	10774	0	3
2014.01.31	16:00:00	1.07834	1.08231	1.07693	1.08105	8626	0	6
2014.01.31	20:00:00	1.08107	1.08295	1.08107	1.08183	3262	0	5
2014.02.03	00:00:00	1.08184	1.08239	1.07792	1.07792	6753	0	1
2014.02.03	04:00:00	1.07783	1.07965	1.07729	1.07927	4471	0	6
2014.02.03	08:00:00	1.07929	1.08539	1.07896	1.08492	7847	0	6
2014.02.03	12:00:00	1.08493	1.08724	1.08357	1.08663	7832	0	5
2014.02.03	16:00:00	1.08654	1.08760	1.08081	1.08214	10753	0	2
2014.02.03	20:00:00	1.08214	1.08321	1.08089	1.08280	5213	0	7
2014.02.04	00:00:00	1.08283	1.08540	1.08210	1.08240	7205	0	2
2014.02.04	04:00:00	1.08243	1.09463	1.08192	1.09214	10016	0	2
2014.02.04	08:00:00	1.09214	1.09405	1.08791	1.08812	10292	0	2
2014.02.04	12:00:00	1.08812	1.09130	1.08794	1.08913	8424	0	1
2014.02.04	16:00:00	1.08924	1.09044	1.08625	1.08679	8927	0	2
2014.02.04	20:00:00	1.08679	1.08883	1.08118	1.08362	5974	0	8
2014.02.05	00:00:00	1.08362	1.08575	1.08254	1.08254	7417	0	2
2014.02.05	04:00:00	1.08255	1.08389	1.08189	1.08343	6872	0	4
2014.02.05	08:00:00	1.08343	1.08720	1.08290	1.08644	10638	0	3
2014.02.05	12:00:00	1.08658	1.08664	1.08400	1.08623	11043	0	4
2014.02.05	16:00:00	1.08625	1.08686	1.08418	1.08482	9494	0	4
2014.02.05	20:00:00	1.08482	1.08589	1.08399	1.08501	4459	0	1
2014.02.06	00:00:00	1.08506	1.09041	1.08327	1.08802	9744	0	1
2014.02.06	04:00:00	1.08801	1.08849	1.08669	1.08799	4628	0	8
2014.02.06	08:00:00	1.08795	1.09010	1.08670	1.08865	9041	0	4
2014.02.06	12:00:00	1.08863	1.09037	1.08731	1.08794	11313	0	5
2014.02.06	16:00:00	1.08798	1.08836	1.08289	1.08437	9742	0	3
2014.02.06	20:00:00	1.08437	1.08708	1.08432	1.08583	4290	0	6
2014.02.07	00:00:00	1.08607	1.08856	1.08478	1.08624	8115	0	2
2014.02.07	04:00:00	1.08632	1.08701	1.08463	1.08618	4662	0	7
2014.02.07	08:00:00	1.08622	1.08646	1.08430	1.08537	7320	0	6
2014.02.07	12:00:00	1.08535	1.08565	1.08154	1.08196	13992	0	1
2014.02.07	16:00:00	1.08195	1.08248	1.08002	1.08167	8403	0	2
2014.02.07	20:00:00	1.08173	1.08192	1.07908	1.07939	3222	0	4
2014.02.10	00:00:00	1.08108	1.08171	1.07937	1.08018	5528	0	10
2014.02.10	04:00:00	1.07991	1.08068	1.07904	1.07974	4231	0	4
2014.02.10	08:00:00	1.07974	1.08109	1.07814	1.07959	6151	0	8
2014.02.10	12:00:00	1.07959	1.08135	1.07924	1.08122	5210	0	10
2014.02.10	16:00:00	1.08122	1.08209	1.08014	1.08204	4364	0	11
2014.02.10	20:00:00	1.08200	1.08268	1.08130	1.08144	3224	0	11
2014.02.11	00:00:00	1.08152	1.08545	1.08122	1.08500	6438	0	4
2014.02.11	04:00:00	1.08491	1.08548	1.08374	1.08429	4026	0	1
2014.02.11	08:00:00	1.08419	1.08656	1.08369	1.08509	7136	0	4
2014.02.11	12:00:00	1.08509	1.08557	1.08314	1.08451	7540	0	9
2014.02.11	16:00:00	1.08450	1.08598	1.08378	1.08460	7435	0	6
2014.02.11	20:00:00	1.08461	1.08664	1.08450	1.08574	4208	0	4
2014.02.12	00:00:00	1.08574	1.08722	1.08345	1.08527	6880	0	1
2014.02.12	04:00:00	1.08520	1.08588	1.08451	1.08498	4794	0	10
2014.02.12	08:00:00	1.08499	1.08509	1.08215	1.08319	6481	0	7
2014.02.12	12:00:00	1.08325	1.08546	1.08286	1.08542	6757	0	8
2014.02.12	16:00:00	1.08547	1.08598	1.08443	1.08560	5842	0	3
2014.02.12	20:00:00	1.08560	1.08596	1.08240	1.08278	4159	0	1
2014.02.13	00:00:00	1.08281	1.08465	1.07495	1.07619	7802	0	1
2014.02.13	04:00:00	1.07618	1.07700	1.07510	1.07553	5138	0	9
2014.02.13	08:00:00	1.07553	1.07643	1.07396	1.07398	6920	0	8
2014.02.13	12:00:00	1.07399	1.07624	1.07354	1.07576	7027	0	7
2014.02.13	16:00:00	1.07577	1.07699	1.07468	1.07581	6337	0	8
2014.02.13	20:00:00	1.07589	1.07722	1.07484	1.07575	4787	0	10
2014.02.14	00:00:00	1.07576	1.07943	1.07575	1.07924	6955	0	1
2014.02.14	04:00:00	1.07930	1.07948	1.07702	1.07722	4946	0	1
2014.02.14	08:00:00	1.07722	1.07949	1.07560	1.07754	7222	0	9
2014.02.14	12:00:00	1.07756	1.07935	1.07738	1.07896	6672	0	3
2014.02.14	16:00:00	1.07894	1.07943	1.07790	1.07922	5285	0	8
2014.02.14	20:00:00	1.07923	1.07979	1.07841	1.07850	2165	0	11
2014.02.17	00:00:00	1.08154	1.08205	1.07974	1.08084	6666	0	2
2014.02.17	04:00:00	1.08083	1.08187	1.08017	1.08139	5217	0	10
2014.02.17	08:00:00	1.08139	1.08175	1.07916	1.07995	5150	0	9
2014.02.17	12:00:00	1.07992	1.08081	1.07964	1.08000	3752	0	4
2014.02.17	16:00:00	1.07998	1.08052	1.07897	1.07977	3356	0	1
2014.02.17	20:00:00	1.07976	1.08110	1.07832	1.07986	3561	0	3
2014.02.18	00:00:00	1.07988	1.08633	1.07874	1.08538	8603	0	7
2014.02.18	04:00:00	1.08541	1.08705	1.08253	1.08375	7240	0	7
2014.02.18	08:00:00	1.08383	1.08514	1.08279	1.08342	7756	0	4
2014.02.18	12:00:00	1.08341	1.08777	1.08341	1.08749	6878	0	5
2014.02.18	16:00:00	1.08749	1.08845	1.08684	1.08766	5394	0	6
2014.02.18	20:00:00	1.08766	1.08787	1.08559	1.08647	3723	0	1
2014.02.19	00:00:00	1.08650	1.08719	1.08462	1.08587	7704	0	8
2014.02.19	04:00:00	1.08588	1.08730	1.08422	1.08497	6243	0	12
2014.02.19	08:00:00	1.08491	1.08525	1.08340	1.08388	6649	0	8
2014.02.19	12:00:00	1.08388	1.08535	1.08339	1.08379	6972	0	7
2014.02.19	16:00:00	1.08379	1.08707	1.08365	1.08653	5851	0	3
2014.02.19	20:00:00	1.08647	1.08899	1.08631	1.08775	5656	0	1
2014.02.20	00:00:00	1.08779	1.08858	1.08409	1.08443	8434	0	5
2014.02.20	04:00:00	1.08443	1.08448	1.08272	1.08351	6363	0	10
2014.02.20	08:00:00	1.08356	1.08415	1.08199	1.08343	7689	0	5
2014.02.20	12:00:00	1.08343	1.08434	1.08130	1.08138	7653	0	2
2014.02.20	16:00:00	1.08148	1.08465	1.08136	1.08462	6311	0	3
2014.02.20	20:00:00	1.08464	1.08585	1.08343	1.08519	5259	0	2
2014.02.21	00:00:00	1.08520	1.08544	1.08193	1.08234	5775	0	9
2014.02.21	04:00:00	1.08232	1.08364	1.08191	1.08309	4948	0	11
2014.02.21	08:00:00	1.08312	1.08539	1.08292	1.08402	5322	0	8
2014.02.21	12:00:00	1.08402	1.08489	1.08155	1.08219	6994	0	6
2014.02.21	16:00:00	1.08200	1.08369	1.08153	1.08258	6023	0	4
2014.02.21	20:00:00	1.08258	1.08484	1.08236	1.08323	2999	0	7
2014.02.24	00:00:00	1.08360	1.08502	1.08171	1.08178	7457	0	7
2014.02.24	04:00:00	1.08183	1.08341	1.08158	1.08246	4738	0	6
2014.02.24	08:00:00	1.08241	1.08429	1.08206	1.08371	6189	0	9
2014.02.24	12:00:00	1.08364	1.08430	1.08314	1.08336	6360	0	10
2014.02.24	16:00:00	1.08336	1.08573	1.08332	1.08407	8041	0	2
2014.02.24	20:00:00	1.08417	1.08525	1.08404	1.08480	4283	0	11
2014.02.25	00:00:00	1.08480	1.08509	1.08231	1.08323	6930	0	4
2014.02.25	04:00:00	1.08326	1.08380	1.08223	1.08240	4800	0	9
2014.02.25	08:00:00	1.08242	1.08385	1.08178	1.08345	5872	0	5
2014.02.25	12:00:00	1.08354	1.08443	1.08245	1.08280	6523	0	8
2014.02.25	16:00:00	1.08312	1.08382	1.08199	1.08231	6228	0	3
2014.02.25	20:00:00	1.08227	1.08329	1.08049	1.08259	4253	0	3
2014.02.26	00:00:00	1.08259	1.08286	1.07889	1.07979	7187	0	8
2014.02.26	04:00:00	1.07984	1.08205	1.07964	1.08165	4781	0	12
2014.02.26	08:00:00	1.08166	1.08220	1.07943	1.07998	5448	0	6
2014.02.26	12:00:00	1.07997	1.08056	1.07862	1.08038	8002	0	10
2014.02.26	16:00:00	1.08024	1.08118	1.07906	1.07933	6993	0	8
2014.02.26	20:00:00	1.07918	1.07995	1.07717	1.07822	5519	0	8
2014.02.27	00:00:00	1.07864	1.07921	1.07316	1.07415	7899	0	3
2014.02.27	04:00:00	1.07415	1.07424	1.07313	1.07314	4699	0	7
2014.02.27	08:00:00	1.07313	1.07347	1.06749	1.06986	10257	0	4
2014.02.27	12:00:00	1.06987	1.06996	1.06699	1.06852	8594	0	9
2014.02.27	16:00:00	1.06851	1.06983	1.06795	1.06975	7296	0	10
2014.02.27	20:00:00	1.06974	1.07163	1.06943	1.07134	4334	0	8
2014.02.28	00:00:00	1.07136	1.07176	1.06659	1.06674	7042	0	3
2014.02.28	04:00:00	1.06674	1.06794	1.06566	1.06664	6370	0	9
2014.02.28	08:00:00	1.06671	1.06671	1.06372	1.06573	7984	0	1
2014.02.28	12:00:00	1.06574	1.06586	1.06281	1.06293	7744	0	2
2014.02.28	16:00:00	1.06298	1.06552	1.06279	1.06446	6211	0	9
2014.02.28	20:00:00	1.06450	1.06549	1.06298	1.06364	4279	0	12
2014.03.03	00:00:00	1.06541	1.06706	1.06409	1.06649	7301	0	1
2014.03.03	04:00:00	1.06656	1.06788	1.06603	1.06677	4278	0	7
2014.03.03	08:00:00	1.06677	1.06780	1.06530	1.06581	6344	0	10
2014.03.03	12:00:00	1.06581	1.06687	1.06480	1.06509	6570	0	7
2014.03.03	16:00:00	1.06519	1.06770	1.06515	1.06711	7164	0	3
2014.03.03	20:00:00	1.06707	1.06823	1.06662	1.06738	3451	0	10
2014.03.04	00:00:00	1.06740	1.06992	1.06676	1.06931	5894	0	8
2014.03.04	04:00:00	1.06931	1.07200	1.06584	1.06668	6395	0	4
2014.03.04	08:00:00	1.06658	1.06925	1.06644	1.06670	6830	0	11
2014.03.04	12:00:00	1.06677	1.06709	1.06589	1.06677	6361	0	5
2014.03.04	16:00:00	1.06676	1.06747	1.06617	1.06699	5553	0	9
2014.03.04	20:00:00	1.06703	1.06811	1.06561	1.06775	3972	0	4
2014.03.05	00:00:00	1.06776	1.07153	1.06634	1.06752	7875	0	5
2014.03.05	04:00:00	1.06755	1.06772	1.06662	1.06747	4561	0	11
2014.03.05	08:00:00	1.06747	1.06816	1.06556	1.06718	7516	0	6
2014.03.05	12:00:00	1.06716	1.06726	1.06574	1.06630	7108	0	8
2014.03.05	16:00:00	1.06630	1.06709	1.06553	1.06648	6563	0	10
2014.03.05	20:00:00	1.06648	1.06812	1.06625	1.06749	4033	0	12
2014.03.06	00:00:00	1.06746	1.07316	1.06663	1.07147	7093	0	7
2014.03.06	04:00:00	1.07145	1.07165	1.06743	1.06872	6304	0	4
2014.03.06	08:00:00	1.06869	1.06999	1.06806	1.06894	7909	0	1
2014.03.06	12:00:00	1.06889	1.07055	1.06787	1.07039	8842	0	10
2014.03.06	16:00:00	1.07039	1.07285	1.06975	1.07145	8454	0	5
2014.03.06	20:00:00	1.07144	1.07245	1.07095	1.07153	4224	0	6
2014.03.07	00:00:00	1.07142	1.07460	1.07037	1.07190	8009	0	3
2014.03.07	04:00:00	1.07189	1.07237	1.07051	1.07147	4300	0	11
2014.03.07	08:00:00	1.07147	1.07318	1.07064	1.07218	5906	0	8
2014.03.07	12:00:00	1.07221	1.07543	1.07082	1.07496	12418	0	4
2014.03.07	16:00:00	1.07493	1.07589	1.07121	1.07139	10003	0	3
2014.03.07	20:00:00	1.07139	1.07199	1.06919	1.06949	3510	0	6
2014.03.10	00:00:00	1.06894	1.07029	1.06781	1.06868	10253	0	5
2014.03.10	04:00:00	1.06866	1.06884	1.06669	1.06675	7169	0	4
2014.03.10	08:00:00	1.06674	1.06911	1.06642	1.06772	12919	0	5
2014.03.10	12:00:00	1.06772	1.06867	1.06655	1.06739	10486	0	6
2014.03.10	16:00:00	1.06740	1.06754	1.06444	1.06485	7676	0	3
2014.03.10	20:00:00	1.06485	1.06564	1.06385	1.06527	3938	0	7
2014.03.11	00:00:00	1.06529	1.06621	1.06371	1.06464	9504	0	5
2014.03.11	04:00:00	1.06466	1.06501	1.06285	1.06297	7355	0	9
2014.03.11	08:00:00	1.06297	1.06554	1.06271	1.06429	9411	0	5
2014.03.11	12:00:00	1.06429	1.06499	1.06334	1.06370	8782	0	7
2014.03.11	16:00:00	1.06369	1.06440	1.05964	1.05976	13243	0	4
2014.03.11	20:00:00	1.05976	1.06051	1.05835	1.06024	5948	0	2
2014.03.12	00:00:00	1.06024	1.06110	1.05775	1.05894	11975	0	2
2014.03.12	04:00:00	1.05894	1.05909	1.05549	1.05724	9768	0	0
2014.03.12	08:00:00	1.05724	1.05809	1.05515	1.05652	14123	0	2
2014.03.12	12:00:00	1.05668	1.05922	1.05637	1.05838	13289	0	1
2014.03.12	16:00:00	1.05838	1.06110	1.05686	1.06092	11068	0	3
2014.03.12	20:00:00	1.06089	1.06459	1.05372	1.05547	9394	0	0
2014.03.13	00:00:00	1.05547	1.06146	1.05511	1.05914	14730	0	0
2014.03.13	04:00:00	1.05912	1.05991	1.05601	1.05749	10575	0	0
2014.03.13	08:00:00	1.05749	1.05946	1.05640	1.05783	12258	0	0
2014.03.13	12:00:00	1.05782	1.05860	1.05584	1.05794	15297	0	0
2014.03.13	16:00:00	1.05795	1.05869	1.05558	1.05812	19746	0	0
2014.03.13	20:00:00	1.05812	1.05841	1.05602	1.05808	9133	0	5
2014.03.14	00:00:00	1.05812	1.05834	1.05567	1.05607	10418	0	6
2014.03.14	04:00:00	1.05614	1.05704	1.05451	1.05489	8715	0	0
2014.03.14	08:00:00	1.05494	1.05799	1.05457	1.05766	11933	0	6
2014.03.14	12:00:00	1.05765	1.05830	1.05608	1.05709	16384	0	0
2014.03.14	16:00:00	1.05708	1.05826	1.05638	1.05750	11813	0	5
2014.03.14	20:00:00	1.05753	1.05846	1.05698	1.05731	2131	0	15
2014.03.17	00:00:00	1.05720	1.05784	1.05596	1.05761	7983	0	0
2014.03.17	04:00:00	1.05738	1.06044	1.05737	1.05901	8832	0	8
2014.03.17	08:00:00	1.05907	1.06152	1.05782	1.05787	11844	0	6
2014.03.17	12:00:00	1.05787	1.06100	1.05772	1.06024	11912	0	6
2014.03.17	16:00:00	1.06024	1.06106	1.05964	1.06019	8022	0	7
2014.03.17	20:00:00	1.06022	1.06131	1.06000	1.06066	4199	0	0
2014.03.18	00:00:00	1.06066	1.06168	1.05916	1.06079	10086	0	2
2014.03.18	04:00:00	1.06077	1.06129	1.05987	1.06050	6977	0	0
2014.03.18	08:00:00	1.06049	1.06188	1.05913	1.05942	9803	0	7
2014.03.18	12:00:00	1.05942	1.05965	1.05697	1.05829	19662	0	0
2014.03.18	16:00:00	1.05828	1.05834	1.05684	1.05724	11982	0	8
2014.03.18	20:00:00	1.05725	1.05972	1.05704	1.05928	7023	0	2
2014.03.19	00:00:00	1.05931	1.06009	1.05808	1.05841	8461	0	10
2014.03.19	04:00:00	1.05838	1.05988	1.05801	1.05970	7995	0	6
2014.03.19	08:00:00	1.05970	1.06006	1.05724	1.05734	10714	0	8
2014.03.19	12:00:00	1.05739	1.05805	1.05564	1.05578	11118	0	3
2014.03.19	16:00:00	1.05579	1.05959	1.05439	1.05794	17551	0	0
2014.03.19	20:00:00	1.05789	1.05932	1.05413	1.05841	13454	0	1
2014.03.20	00:00:00	1.05843	1.05865	1.05584	1.05663	10817	0	6
2014.03.20	04:00:00	1.05662	1.05841	1.05651	1.05818	7662	0	4
2014.03.20	08:00:00	1.05818	1.05818	1.05597	1.05694	13386	0	3
2014.03.20	12:00:00	1.05691	1.05974	1.05674	1.05925	15515	0	8
2014.03.20	16:00:00	1.05924	1.05976	1.05816	1.05897	10427	0	3
2014.03.20	20:00:00	1.05897	1.06007	1.05858	1.05893	4643	0	5
2014.03.21	00:00:00	1.05893	1.06191	1.05869	1.06150	6743	0	5
2014.03.21	04:00:00	1.06152	1.06227	1.06072	1.06084	6421	0	6
2014.03.21	08:00:00	1.06084	1.06176	1.05995	1.06089	10026	0	5
2014.03.21	12:00:00	1.06086	1.06303	1.06086	1.06292	12350	0	7
2014.03.21	16:00:00	1.06292	1.06434	1.06249	1.06434	8111	0	8
2014.03.21	20:00:00	1.06436	1.06478	1.06309	1.06316	2606	0	4
2014.03.24	00:00:00	1.06538	1.06604	1.06044	1.06326	10629	0	0
2014.03.24	04:00:00	1.06324	1.06547	1.06283	1.06533	6868	0	0
2014.03.24	08:00:00	1.06538	1.06794	1.06519	1.06736	10577	0	5
2014.03.24	12:00:00	1.06735	1.06842	1.06696	1.06823	11576	0	2
2014.03.24	16:00:00	1.06819	1.06889	1.06717	1.06853	11491	0	2
2014.03.24	20:00:00	1.06856	1.06885	1.06729	1.06820	5726	0	1
2014.03.25	00:00:00	1.06820	1.06982	1.06781	1.06877	6495	0	11
2014.03.25	04:00:00	1.06878	1.06903	1.06679	1.06736	6386	0	9
2014.03.25	08:00:00	1.06736	1.06970	1.06697	1.06942	10471	0	4
2014.03.25	12:00:00	1.06943	1.07158	1.06879	1.06899	10983	0	2
2014.03.25	16:00:00	1.06904	1.06924	1.06766	1.06869	11268	0	6
2014.03.25	20:00:00	1.06870	1.06908	1.06771	1.06862	4486	0	5
2014.03.26	00:00:00	1.06862	1.06910	1.06578	1.06658	6225	0	2
2014.03.26	04:00:00	1.06658	1.07064	1.06609	1.06888	11119	0	1
2014.03.26	08:00:00	1.06888	1.07217	1.06869	1.07179	12435	0	4
2014.03.26	12:00:00	1.07179	1.07295	1.07172	1.07200	12564	0	5
2014.03.26	16:00:00	1.07202	1.07288	1.07111	1.07278	10414	0	6
2014.03.26	20:00:00	1.07281	1.07389	1.07156	1.07219	8918	0	4
2014.03.27	00:00:00	1.07224	1.07290	1.07038	1.07065	8707	0	4
2014.03.27	04:00:00	1.07065	1.07123	1.06649	1.06651	7585	0	4
2014.03.27	08:00:00	1.06651	1.06690	1.06418	1.06544	11686	0	3
2014.03.27	12:00:00	1.06543	1.06758	1.06487	1.06725	13315	0	10
2014.03.27	16:00:00	1.06725	1.06790	1.06646	1.06714	10722	0	11
2014.03.27	20:00:00	1.06711	1.06829	1.06644	1.06794	5439	0	8
2014.03.28	00:00:00	1.06797	1.06984	1.06782	1.06859	10324	0	1
2014.03.28	04:00:00	1.06860	1.06913	1.06630	1.06644	7781	0	7
2014.03.28	08:00:00	1.06646	1.06699	1.06554	1.06589	8308	0	3
2014.03.28	12:00:00	1.06584	1.06684	1.06449	1.06648	11285	0	7
2014.03.28	16:00:00	1.06648	1.06834	1.06648	1.06831	7876	0	9
2014.03.28	20:00:00	1.06829	1.06920	1.06670	1.06749	2430	0	1
2014.03.31	00:00:00	1.06814	1.06839	1.06549	1.06653	8039	0	0
2014.03.31	04:00:00	1.06653	1.06764	1.06534	1.06554	6354	0	6
2014.03.31	08:00:00	1.06554	1.06684	1.06505	1.06579	8566	0	3
2014.03.31	12:00:00	1.06581	1.06955	1.06565	1.06829	9834	0	3
2014.03.31	16:00:00	1.06828	1.06954	1.06759	1.06904	11789	0	6
2014.03.31	20:00:00	1.06904	1.06925	1.06739	1.06839	7018	0	4
2014.04.01	00:00:00	1.06834	1.07053	1.06756	1.06959	8747	0	1
2014.04.01	04:00:00	1.06949	1.07132	1.06691	1.06838	9016	0	3
2014.04.01	08:00:00	1.06838	1.06869	1.06524	1.06566	9129	0	4
2014.04.01	12:00:00	1.06566	1.06621	1.06441	1.06593	9255	0	5
2014.04.01	16:00:00	1.06596	1.06862	1.06534	1.06810	9669	0	4
2014.04.01	20:00:00	1.06809	1.07152	1.06787	1.07111	3915	0	3
2014.04.02	00:00:00	1.07118	1.07480	1.07089	1.07358	11961	0	1
2014.04.02	04:00:00	1.07358	1.07509	1.07299	1.07486	6676	0	8
2014.04.02	08:00:00	1.07483	1.07970	1.07300	1.07882	10296	0	4
2014.04.02	12:00:00	1.07884	1.08027	1.07824	1.07917	9351	0	5
2014.04.02	16:00:00	1.07909	1.08079	1.07906	1.07963	9022	0	5
2014.04.02	20:00:00	1.07963	1.08024	1.07799	1.07876	5134	0	5
2014.04.03	00:00:00	1.07876	1.07904	1.07612	1.07834	11249	0	3
2014.04.03	04:00:00	1.07834	1.07986	1.07750	1.07929	8749	0	8
2014.04.03	08:00:00	1.07927	1.08294	1.07888	1.08121	9523	0	6
2014.04.03	12:00:00	1.08121	1.08340	1.08117	1.08192	12896	0	1
2014.04.03	16:00:00	1.08225	1.08261	1.07930	1.07982	8420	0	9
2014.04.03	20:00:00	1.07990	1.08092	1.07967	1.08039	4154	0	7
2014.04.04	00:00:00	1.08041	1.08084	1.07908	1.07973	5513	0	7
2014.04.04	04:00:00	1.07975	1.08044	1.07898	1.07994	5933	0	1
2014.04.04	08:00:00	1.07994	1.08306	1.07989	1.08237	6737	0	6
2014.04.04	12:00:00	1.08237	1.08329	1.07990	1.08074	17265	0	2
2014.04.04	16:00:00	1.08075	1.08274	1.08075	1.08112	13658	0	8
2014.04.04	20:00:00	1.08112	1.08144	1.07951	1.08031	3774	0	8
2014.04.07	00:00:00	1.08105	1.08140	1.07783	1.07883	7385	0	1
2014.04.07	04:00:00	1.07883	1.07942	1.07809	1.07874	5791	0	6
2014.04.07	08:00:00	1.07869	1.08026	1.07839	1.07964	7286	0	5
2014.04.07	12:00:00	1.07959	1.08009	1.07672	1.07696	9167	0	8
2014.04.07	16:00:00	1.07694	1.07774	1.07642	1.07699	5933	0	7
2014.04.07	20:00:00	1.07699	1.07785	1.07618	1.07654	3381	0	3
2014.04.08	00:00:00	1.07644	1.07768	1.07460	1.07484	6378	0	4
2014.04.08	04:00:00	1.07486	1.07631	1.07449	1.07521	5847	0	4
2014.04.08	08:00:00	1.07521	1.07694	1.07521	1.07645	9214	0	7
2014.04.08	12:00:00	1.07640	1.07761	1.07517	1.07725	9743	0	2
2014.04.08	16:00:00	1.07725	1.07938	1.07669	1.07864	13350	0	1
2014.04.08	20:00:00	1.07864	1.07980	1.07792	1.07913	7128	0	2
2014.04.09	00:00:00	1.07916	1.07927	1.07641	1.07736	9166	0	1
2014.04.09	04:00:00	1.07738	1.07810	1.07645	1.07647	5486	0	1
2014.04.09	08:00:00	1.07650	1.07969	1.07640	1.07966	11705	0	1
2014.04.09	12:00:00	1.07964	1.08009	1.07841	1.07930	9982	0	4
2014.04.09	16:00:00	1.07929	1.08189	1.07908	1.08108	6956	0	2
2014.04.09	20:00:00	1.08107	1.08131	1.07599	1.07655	6732	0	2
2014.04.10	00:00:00	1.07664	1.08076	1.07349	1.08032	7525	0	1
2014.04.10	04:00:00	1.08028	1.08066	1.07854	1.07984	6009	0	2
2014.04.10	08:00:00	1.07982	1.08386	1.07945	1.08287	9510	0	5
2014.04.10	12:00:00	1.08287	1.08368	1.08101	1.08160	8441	0	9
2014.04.10	16:00:00	1.08159	1.08427	1.08110	1.08306	7858	0	9
2014.04.10	20:00:00	1.08305	1.08565	1.08294	1.08511	4491	0	5
2014.04.11	00:00:00	1.08515	1.08628	1.08338	1.08608	7997	0	3
2014.04.11	04:00:00	1.08609	1.08620	1.08264	1.08286	4767	0	10
2014.04.11	08:00:00	1.08282	1.08324	1.08134	1.08294	7363	0	4
2014.04.11	12:00:00	1.08293	1.08425	1.08203	1.08258	9559	0	1
2014.04.11	16:00:00	1.08258	1.08372	1.08175	1.08224	6324	0	12
2014.04.11	20:00:00	1.08224	1.08250	1.08014	1.08050	3195	0	1
2014.04.14	00:00:00	1.08101	1.08322	1.07974	1.08311	5290	0	4
2014.04.14	04:00:00	1.08310	1.08372	1.08146	1.08344	3870	0	3
2014.04.14	08:00:00	1.08340	1.08743	1.08321	1.08627	7108	0	4
2014.04.14	12:00:00	1.08627	1.08704	1.08522	1.08647	6774	0	1
2014.04.14	16:00:00	1.08630	1.08659	1.08478	1.08504	5909	0	10
2014.04.14	20:00:00	1.08504	1.08556	1.08341	1.08447	4192	0	1
2014.04.15	00:00:00	1.08447	1.08489	1.08249	1.08381	5373	0	1
2014.04.15	04:00:00	1.08380	1.08584	1.08339	1.08482	3757	0	7
2014.04.15	08:00:00	1.08482	1.08684	1.08463	1.08547	6301	0	3
2014.04.15	12:00:00	1.08550	1.08623	1.08203	1.08240	7212	0	1
2014.04.15	16:00:00	1.08238	1.08313	1.08143	1.08196	9582	0	7
2014.04.15	20:00:00	1.08198	1.08306	1.08133	1.08179	4807	0	3
2014.04.16	00:00:00	1.08179	1.08945	1.08179	1.08884	9766	0	1
2014.04.16	04:00:00	1.08877	1.09109	1.08832	1.09106	7187	0	2
2014.04.16	08:00:00	1.09106	1.09106	1.08619	1.08689	8261	0	1
2014.04.16	12:00:00	1.08686	1.08999	1.08656	1.08999	6365	0	6
2014.04.16	16:00:00	1.08997	1.08997	1.08757	1.08774	9237	0	2
2014.04.16	20:00:00	1.08774	1.08816	1.08536	1.08578	3886	0	7
2014.04.17	00:00:00	1.08581	1.08649	1.08454	1.08515	5351	0	2
2014.04.17	04:00:00	1.08512	1.08714	1.08478	1.08480	5201	0	4
2014.04.17	08:00:00	1.08480	1.08592	1.08396	1.08535	5267	0	2
2014.04.17	12:00:00	1.08535	1.08803	1.08414	1.08700	6206	0	9
2014.04.17	16:00:00	1.08691	1.08858	1.08674	1.08850	6337	0	8
2014.04.17	20:00:00	1.08850	1.08940	1.08750	1.08785	2975	0	9
2014.04.18	00:00:00	1.08785	1.08840	1.08661	1.08743	4719	0	1
2014.04.18	04:00:00	1.08744	1.08834	1.08702	1.08814	4214	0	11
2014.04.18	08:00:00	1.08814	1.08826	1.08625	1.08676	2550	0	1
2014.04.18	12:00:00	1.08661	1.08805	1.08573	1.08716	2022	0	7
2014.04.18	16:00:00	1.08716	1.08893	1.08624	1.08800	1770	0	21
2014.04.18	20:00:00	1.08800	1.08832	1.08626	1.08637	1330	0	37
2014.04.21	00:00:00	1.08835	1.08911	1.08494	1.08867	4623	0	8
2014.04.21	04:00:00	1.08864	1.08889	1.08734	1.08754	2607	0	8
2014.04.21	08:00:00	1.08754	1.08833	1.08652	1.08816	2192	0	9
2014.04.21	12:00:00	1.08815	1.08878	1.08758	1.08804	3023	0	12
2014.04.21	16:00:00	1.08804	1.09092	1.08802	1.09090	3282	0	3
2014.04.21	20:00:00	1.09082	1.09099	1.08668	1.08770	3143	0	8
2014.04.22	00:00:00	1.08773	1.08990	1.08718	1.08968	5119	0	5
2014.04.22	04:00:00	1.08972	1.09027	1.08907	1.08911	4176	0	10
2014.04.22	08:00:00	1.08910	1.09110	1.08909	1.08987	6269	0	6
2014.04.22	12:00:00	1.08981	1.08993	1.08687	1.08804	5646	0	6
2014.04.22	16:00:00	1.08799	1.08939	1.08746	1.08894	6138	0	10
2014.04.22	20:00:00	1.08894	1.08915	1.08687	1.08773	3418	0	1
2014.04.23	00:00:00	1.08766	1.08858	1.08120	1.08125	6634	0	2
2014.04.23	04:00:00	1.08126	1.08263	1.07909	1.07992	8098	0	2
2014.04.23	08:00:00	1.07997	1.08086	1.07859	1.08038	6601	0	5
2014.04.23	12:00:00	1.08043	1.08256	1.07984	1.08171	5864	0	3
2014.04.23	16:00:00	1.08175	1.08226	1.08053	1.08123	5236	0	3
2014.04.23	20:00:00	1.08122	1.08267	1.07677	1.07710	4632	0	1
2014.04.24	00:00:00	1.07720	1.07899	1.07626	1.07633	4786	0	3
2014.04.24	04:00:00	1.07638	1.07856	1.07613	1.07788	4333	0	5
2014.04.24	08:00:00	1.07801	1.08095	1.07777	1.08078	6539	0	1
2014.04.24	12:00:00	1.08078	1.08284	1.08030	1.08120	8035	0	4
2014.04.24	16:00:00	1.08120	1.08230	1.08060	1.08066	5474	0	7
2014.04.24	20:00:00	1.08066	1.08159	1.08003	1.08114	2604	0	12
2014.04.25	00:00:00	1.08113	1.08248	1.08096	1.08188	4218	0	9
2014.04.25	04:00:00	1.08191	1.08286	1.08145	1.08248	4245	0	10
2014.04.25	08:00:00	1.08248	1.08314	1.08012	1.08116	5208	0	9
2014.04.25	12:00:00	1.08118	1.08224	1.08043	1.08124	5645	0	7
2014.04.25	16:00:00	1.08124	1.08243	1.07964	1.07964	5377	0	9
2014.04.25	20:00:00	1.07965	1.08150	1.07943	1.08019	2116	0	5
2014.04.28	00:00:00	1.08091	1.08264	1.08008	1.08249	3692	0	7
2014.04.28	04:00:00	1.08244	1.08335	1.08124	1.08308	4140	0	2
2014.04.28	08:00:00	1.08309	1.08563	1.08305	1.08520	7806	0	5
2014.04.28	12:00:00	1.08520	1.08722	1.08501	1.08525	6856	0	10
2014.04.28	16:00:00	1.08525	1.08565	1.08371	1.08387	7669	0	9
2014.04.28	20:00:00	1.08387	1.08477	1.08339	1.08439	3733	0	10
2014.04.29	00:00:00	1.08439	1.08475	1.08279	1.08329	5689	0	6
2014.04.29	04:00:00	1.08329	1.08463	1.08296	1.08343	4445	0	7
2014.04.29	08:00:00	1.08343	1.08616	1.08330	1.08569	6043	0	10
2014.04.29	12:00:00	1.08569	1.08579	1.08442	1.08494	7705	0	12
2014.04.29	16:00:00	1.08485	1.08604	1.08313	1.08345	7402	0	11
2014.04.29	20:00:00	1.08345	1.08457	1.08317	1.08377	3646	0	9
2014.04.30	00:00:00	1.08371	1.08424	1.08230	1.08401	5276	0	7
2014.04.30	04:00:00	1.08403	1.08459	1.08354	1.08453	4486	0	8
2014.04.30	08:00:00	1.08450	1.08556	1.08344	1.08353	6443	0	12
2014.04.30	12:00:00	1.08353	1.08384	1.08007	1.08029	8926	0	6
2014.04.30	16:00:00	1.08029	1.08062	1.07715	1.07748	7910	0	6
2014.04.30	20:00:00	1.07747	1.07829	1.07679	1.07749	6463	0	4
2014.05.01	00:00:00	1.07749	1.07919	1.07719	1.07779	3161	0	10
2014.05.01	04:00:00	1.07846	1.07846	1.07757	1.07835	911	0	12
2014.05.01	08:00:00	1.07835	1.07891	1.07626	1.07666	5632	0	6
2014.05.01	12:00:00	1.07663	1.07676	1.07509	1.07594	7154	0	13
2014.05.01	16:00:00	1.07594	1.07623	1.07400	1.07482	6865	0	13
2014.05.01	20:00:00	1.07482	1.07512	1.07304	1.07338	5034	0	15
2014.05.02	00:00:00	1.07343	1.07638	1.07343	1.07580	6578	0	18
2014.05.02	04:00:00	1.07580	1.07615	1.07398	1.07413	5812	0	13
2014.05.02	08:00:00	1.07414	1.07539	1.07050	1.07101	7138	0	9
2014.05.02	12:00:00	1.07099	1.07210	1.06858	1.07094	14461	0	1
2014.05.02	16:00:00	1.07094	1.07166	1.06820	1.06867	8515	0	8
2014.05.02	20:00:00	1.06868	1.07109	1.06862	1.06969	3130	0	12
2014.05.05	00:00:00	1.07094	1.07177	1.06815	1.06938	4620	0	4
2014.05.05	04:00:00	1.06936	1.07175	1.06845	1.07156	4278	0	6
2014.05.05	08:00:00	1.07156	1.07265	1.06952	1.06982	3941	0	9
2014.05.05	12:00:00	1.06985	1.06987	1.06786	1.06860	4293	0	9
2014.05.05	16:00:00	1.06860	1.06932	1.06751	1.06802	4148	0	12
2014.05.05	20:00:00	1.06804	1.06880	1.06795	1.06849	3470	0	6
2014.05.06	00:00:00	1.06849	1.06899	1.06734	1.06754	3617	0	4
2014.05.06	04:00:00	1.06754	1.06964	1.06620	1.06707	6576	0	6
2014.05.06	08:00:00	1.06707	1.06719	1.06490	1.06649	6458	0	7
2014.05.06	12:00:00	1.06649	1.06821	1.06478	1.06670	8300	0	2
2014.05.06	16:00:00	1.06671	1.06851	1.06665	1.06824	9087	0	9
2014.05.06	20:00:00	1.06820	1.07372	1.06799	1.07263	7163	0	1
2014.05.07	00:00:00	1.07266	1.07517	1.07071	1.07395	11453	0	2
2014.05.07	04:00:00	1.07397	1.07586	1.07338	1.07559	7836	0	1
2014.05.07	08:00:00	1.07560	1.07698	1.07385	1.07668	7961	0	6
2014.05.07	12:00:00	1.07666	1.07844	1.07466	1.07494	9826	0	5
2014.05.07	16:00:00	1.07494	1.07734	1.07486	1.07614	11002	0	3
2014.05.07	20:00:00	1.07616	1.07815	1.07559	1.07736	5429	0	1
2014.05.08	00:00:00	1.07739	1.08208	1.07725	1.08080	11620	0	4
2014.05.08	04:00:00	1.08080	1.08316	1.08015	1.08209	9922	0	1
2014.05.08	08:00:00	1.08214	1.08479	1.08145	1.08342	10057	0	6
2014.05.08	12:00:00	1.08342	1.08623	1.08318	1.08612	10338	0	5
2014.05.08	16:00:00	1.08614	1.08706	1.08319	1.08502	7503	0	8
2014.05.08	20:00:00	1.08502	1.08559	1.08299	1.08367	5580	0	3
2014.05.09	00:00:00	1.08375	1.08593	1.08299	1.08491	5850	0	1
2014.05.09	04:00:00	1.08490	1.08490	1.08223	1.08230	4816	0	7
2014.05.09	08:00:00	1.08230	1.08539	1.08169	1.08539	5100	0	4
2014.05.09	12:00:00	1.08532	1.08609	1.08392	1.08534	7262	0	8
2014.05.09	16:00:00	1.08534	1.08674	1.08431	1.08639	6660	0	2
2014.05.09	20:00:00	1.08638	1.08714	1.08545	1.08639	2933	0	13
2014.05.12	00:00:00	1.08531	1.08560	1.08423	1.08519	4922	0	8
2014.05.12	04:00:00	1.08523	1.08585	1.08453	1.08539	4142	0	7
2014.05.12	08:00:00	1.08535	1.08733	1.08450	1.08635	5712	0	6
2014.05.12	12:00:00	1.08633	1.08744	1.08554	1.08578	5720	0	11
2014.05.12	16:00:00	1.08579	1.08719	1.08555	1.08604	4953	0	12
2014.05.12	20:00:00	1.08604	1.08648	1.08543	1.08598	2987	0	1
2014.05.13	00:00:00	1.08605	1.08612	1.08423	1.08444	3350	0	2
2014.05.13	04:00:00	1.08444	1.08473	1.08244	1.08244	4922	0	4
2014.05.13	08:00:00	1.08244	1.08282	1.08159	1.08202	5470	0	9
2014.05.13	12:00:00	1.08200	1.08380	1.08158	1.08256	9236	0	8
2014.05.13	16:00:00	1.08258	1.08389	1.08201	1.08308	6242	0	11
2014.05.13	20:00:00	1.08308	1.08596	1.08280	1.08288	3571	0	8
2014.05.14	00:00:00	1.08281	1.08601	1.08264	1.08523	5292	0	3
2014.05.14	04:00:00	1.08522	1.08619	1.08464	1.08596	5986	0	1
2014.05.14	08:00:00	1.08596	1.08776	1.08469	1.08475	7306	0	10
2014.05.14	12:00:00	1.08473	1.08493	1.08317	1.08414	6596	0	9
2014.05.14	16:00:00	1.08414	1.08441	1.08149	1.08190	4120	0	7
2014.05.14	20:00:00	1.08190	1.08237	1.08125	1.08200	2456	0	4
2014.05.15	00:00:00	1.08205	1.08274	1.08054	1.08079	4005	0	8
2014.05.15	04:00:00	1.08079	1.08158	1.07945	1.08035	4498	0	9
2014.05.15	08:00:00	1.08041	1.08204	1.07944	1.08144	4627	0	9
2014.05.15	12:00:00	1.08146	1.08274	1.08012	1.08154	5197	0	4
2014.05.15	16:00:00	1.08159	1.08307	1.08011	1.08185	9173	0	3
2014.05.15	20:00:00	1.08184	1.08304	1.08161	1.08190	3651	0	16
2014.05.16	00:00:00	1.08194	1.08286	1.08101	1.08220	4907	0	1
2014.05.16	04:00:00	1.08218	1.08256	1.08123	1.08194	4685	0	12
2014.05.16	08:00:00	1.08194	1.08369	1.08157	1.08353	6759	0	6
2014.05.16	12:00:00	1.08355	1.08514	1.08344	1.08461	7978	0	13
2014.05.16	16:00:00	1.08461	1.08514	1.08391	1.08474	5882	0	15
2014.05.16	20:00:00	1.08471	1.08506	1.08360	1.08430	3426	0	24
2014.05.19	00:00:00	1.08453	1.08484	1.08202	1.08243	4763	0	20
2014.05.19	04:00:00	1.08242	1.08393	1.08163	1.08218	5720	0	20
2014.05.19	08:00:00	1.08227	1.08331	1.08089	1.08169	5784	0	22
2014.05.19	12:00:00	1.08180	1.08352	1.08162	1.08315	5453	0	17
2014.05.19	16:00:00	1.08320	1.08320	1.08119	1.08162	5161	0	15
2014.05.19	20:00:00	1.08158	1.08178	1.08068	1.08079	4164	0	22
2014.05.20	00:00:00	1.08080	1.08176	1.07950	1.07970	6603	0	25
2014.05.20	04:00:00	1.07967	1.08022	1.07788	1.07853	6602	0	22
2014.05.20	08:00:00	1.07854	1.08060	1.07759	1.07903	9481	0	21
2014.05.20	12:00:00	1.07909	1.07992	1.07807	1.07826	6146	0	16
2014.05.20	16:00:00	1.07827	1.08056	1.07810	1.07944	6581	0	21
2014.05.20	20:00:00	1.07942	1.07976	1.07760	1.07771	4287	0	17
2014.05.21	00:00:00	1.07771	1.07861	1.07696	1.07853	6421	0	19
2014.05.21	04:00:00	1.07853	1.07912	1.07793	1.07855	5033	0	10
2014.05.21	08:00:00	1.07857	1.07898	1.07458	1.07647	7742	0	7
2014.05.21	12:00:00	1.07646	1.07813	1.07628	1.07777	6990	0	2
2014.05.21	16:00:00	1.07775	1.07901	1.07652	1.07834	6358	0	15
2014.05.21	20:00:00	1.07840	1.07869	1.07740	1.07814	6151	0	15
2014.05.22	00:00:00	1.07811	1.07998	1.07699	1.07859	5730	0	22
2014.05.22	04:00:00	1.07859	1.08074	1.07852	1.07920	6104	0	19
2014.05.22	08:00:00	1.07927	1.07987	1.07869	1.07945	6419	0	5
2014.05.22	12:00:00	1.07945	1.08024	1.07730	1.07794	6517	0	1
2014.05.22	16:00:00	1.07789	1.07846	1.07636	1.07728	5209	0	1
2014.05.22	20:00:00	1.07728	1.07760	1.07627	1.07662	3833	0	1
2014.05.23	00:00:00	1.07674	1.07919	1.07645	1.07848	10409	0	2
2014.05.23	04:00:00	1.07848	1.07933	1.07791	1.07916	9199	0	1
2014.05.23	08:00:00	1.07919	1.08007	1.07877	1.07972	3837	0	3
2014.05.23	12:00:00	1.07970	1.08104	1.07896	1.08049	5232	0	2
2014.05.23	16:00:00	1.08044	1.08087	1.07941	1.08012	6049	0	18
2014.05.23	20:00:00	1.08014	1.08121	1.07819	1.07868	3124	0	19
2014.05.26	00:00:00	1.08065	1.08270	1.07961	1.08259	6565	0	20
2014.05.26	04:00:00	1.08256	1.08271	1.08148	1.08199	5382	0	5
2014.05.26	08:00:00	1.08200	1.08239	1.08111	1.08138	6135	0	14
2014.05.26	12:00:00	1.08129	1.08147	1.07999	1.08033	4874	0	16
2014.05.26	16:00:00	1.08037	1.08104	1.07971	1.08015	8082	0	18
2014.05.26	20:00:00	1.08004	1.08113	1.07951	1.08023	4272	0	27
2014.05.27	00:00:00	1.08022	1.08146	1.07937	1.07965	6867	0	19
2014.05.27	04:00:00	1.07966	1.08238	1.07952	1.08234	6523	0	10
2014.05.27	08:00:00	1.08230	1.08336	1.08094	1.08271	8239	0	7
2014.05.27	12:00:00	1.08269	1.08387	1.08219	1.08311	6723	0	15
2014.05.27	16:00:00	1.08315	1.08368	1.08195	1.08210	6606	0	12
2014.05.27	20:00:00	1.08223	1.08386	1.08061	1.08092	5985	0	21
2014.05.28	00:00:00	1.08094	1.08344	1.08050	1.08339	6242	0	13
2014.05.28	04:00:00	1.08340	1.08519	1.08311	1.08443	5793	0	12
2014.05.28	08:00:00	1.08442	1.08812	1.08432	1.08770	10393	0	13
2014.05.28	12:00:00	1.08772	1.08852	1.08665	1.08714	8354	0	13
2014.05.28	16:00:00	1.08714	1.08799	1.08570	1.08700	7202	0	16
2014.05.28	20:00:00	1.08701	1.08719	1.08565	1.08637	6025	0	22
2014.05.29	00:00:00	1.08636	1.09178	1.08604	1.09141	7091	0	11
2014.05.29	04:00:00	1.09137	1.09397	1.09100	1.09355	7510	0	12
2014.05.29	08:00:00	1.09357	1.09538	1.09264	1.09336	9863	0	14
2014.05.29	12:00:00	1.09346	1.09668	1.09308	1.09614	8580	0	13
2014.05.29	16:00:00	1.09614	1.09807	1.09579	1.09745	7827	0	8
2014.05.29	20:00:00	1.09739	1.09774	1.09547	1.09555	5115	0	22
2014.05.30	00:00:00	1.09556	1.09731	1.09474	1.09583	7463	0	17
2014.05.30	04:00:00	1.09584	1.09643	1.09457	1.09486	6434	0	12
2014.05.30	08:00:00	1.09485	1.09762	1.09469	1.09663	8499	0	12
2014.05.30	12:00:00	1.09664	1.09726	1.09535	1.09576	8187	0	15
2014.05.30	16:00:00	1.09578	1.09617	1.09479	1.09545	6819	0	12
2014.05.30	20:00:00	1.09545	1.09632	1.09450	1.09453	3782	0	23
2014.06.02	00:00:00	1.09577	1.09670	1.09342	1.09343	6055	0	20
2014.06.02	04:00:00	1.09346	1.09405	1.09256	1.09279	5871	0	6
2014.06.02	08:00:00	1.09279	1.09371	1.09178	1.09354	5608	0	8
2014.06.02	12:00:00	1.09354	1.09359	1.09154	1.09173	5459	0	8
2014.06.02	16:00:00	1.09170	1.09442	1.09143	1.09397	6033	0	7
2014.06.02	20:00:00	1.09398	1.09484	1.09319	1.09339	3637	0	6
2014.06.03	00:00:00	1.09346	1.09484	1.09256	1.09304	6279	0	3
2014.06.03	04:00:00	1.09303	1.09532	1.09255	1.09386	6681	0	2
2014.06.03	08:00:00	1.09392	1.09644	1.09349	1.09589	7119	0	6
2014.06.03	12:00:00	1.09584	1.09619	1.09380	1.09418	5630	0	8
2014.06.03	16:00:00	1.09419	1.09864	1.09334	1.09833	5936	0	6
2014.06.03	20:00:00	1.09833	1.09937	1.09818	1.09859	3820	0	1
2014.06.04	00:00:00	1.09864	1.10265	1.09704	1.10247	6449	0	1
2014.06.04	04:00:00	1.10247	1.10247	1.10003	1.10194	7171	0	8
2014.06.04	08:00:00	1.10199	1.10345	1.10073	1.10259	6362	0	8
2014.06.04	12:00:00	1.10262	1.10304	1.10106	1.10108	5736	0	5
2014.06.04	16:00:00	1.10106	1.10216	1.10021	1.10200	5704	0	3
2014.06.04	20:00:00	1.10204	1.10276	1.10114	1.10167	4515	0	6
2014.06.05	00:00:00	1.10172	1.10189	1.09876	1.09970	5645	0	2
2014.06.05	04:00:00	1.09970	1.10064	1.09898	1.10013	4850	0	8
2014.06.05	08:00:00	1.10014	1.10059	1.09860	1.10049	4990	0	8
2014.06.05	12:00:00	1.10054	1.10174	1.09920	1.10084	8613	0	6
2014.06.05	16:00:00	1.10080	1.10261	1.09729	1.09787	8173	0	2
2014.06.05	20:00:00	1.09784	1.09904	1.09776	1.09883	4764	0	6
2014.06.06	00:00:00	1.09889	1.09969	1.09794	1.09816	6714	0	12
2014.06.06	04:00:00	1.09814	1.09976	1.09751	1.09879	5140	0	8
2014.06.06	08:00:00	1.09879	1.09944	1.09560	1.09664	6249	0	6
2014.06.06	12:00:00	1.09663	1.09734	1.09379	1.09657	9267	0	6
2014.06.06	16:00:00	1.09657	1.09844	1.09602	1.09824	5165	0	2
2014.06.06	20:00:00	1.09824	1.09889	1.09692	1.09743	2471	0	10
2014.06.09	00:00:00	1.09833	1.09864	1.09724	1.09759	3289	0	7
2014.06.09	04:00:00	1.09754	1.09899	1.09749	1.09755	3263	0	11
2014.06.09	08:00:00	1.09755	1.09969	1.09690	1.09953	5144	0	7
2014.06.09	12:00:00	1.09954	1.10029	1.09824	1.10020	5408	0	8
2014.06.09	16:00:00	1.10024	1.10179	1.09968	1.10173	4928	0	7
2014.06.09	20:00:00	1.10174	1.10224	1.10049	1.10069	2863	0	8
2014.06.10	00:00:00	1.10070	1.10092	1.09891	1.10058	4516	0	8
2014.06.10	04:00:00	1.10058	1.10113	1.09968	1.09999	5363	0	11
2014.06.10	08:00:00	1.09999	1.10060	1.09903	1.09986	6088	0	8
2014.06.10	12:00:00	1.09986	1.10124	1.09976	1.10061	5422	0	7
2014.06.10	16:00:00	1.10059	1.10064	1.09925	1.09994	6313	0	7
2014.06.10	20:00:00	1.09999	1.10009	1.09853	1.09886	4238	0	1
2014.06.11	00:00:00	1.09884	1.09923	1.09604	1.09719	5125	0	3
2014.06.11	04:00:00	1.09720	1.09837	1.09694	1.09705	5291	0	4
2014.06.11	08:00:00	1.09705	1.09824	1.09593	1.09649	6731	0	4
2014.06.11	12:00:00	1.09654	1.09856	1.09641	1.09790	6470	0	4
2014.06.11	16:00:00	1.09790	1.09944	1.09594	1.09599	6322	0	4
2014.06.11	20:00:00	1.09599	1.09999	1.08898	1.08944	7516	0	1
2014.06.12	00:00:00	1.08949	1.09009	1.08214	1.08471	7961	0	3
2014.06.12	04:00:00	1.08472	1.08548	1.08253	1.08409	6507	0	6
2014.06.12	08:00:00	1.08409	1.08452	1.08324	1.08342	7646	0	8
2014.06.12	12:00:00	1.08342	1.08487	1.08275	1.08473	8026	0	9
2014.06.12	16:00:00	1.08469	1.08630	1.08451	1.08554	8048	0	7
2014.06.12	20:00:00	1.08546	1.08552	1.08345	1.08454	5602	0	21
2014.06.13	00:00:00	1.08451	1.08732	1.08447	1.08656	5313	0	19
2014.06.13	04:00:00	1.08657	1.08710	1.08591	1.08647	5191	0	10
2014.06.13	08:00:00	1.08640	1.08640	1.08437	1.08476	7378	0	6
2014.06.13	12:00:00	1.08473	1.08529	1.08377	1.08481	7606	0	10
2014.06.13	16:00:00	1.08480	1.08586	1.08445	1.08474	5781	0	15
2014.06.13	20:00:00	1.08475	1.08479	1.08363	1.08412	2477	0	12
2014.06.16	00:00:00	1.08377	1.08459	1.08149	1.08268	4747	0	3
2014.06.16	04:00:00	1.08269	1.08335	1.08191	1.08214	4559	0	9
2014.06.16	08:00:00	1.08214	1.08309	1.08163	1.08204	6101	0	12
2014.06.16	12:00:00	1.08204	1.08242	1.08101	1.08191	5206	0	5
2014.06.16	16:00:00	1.08194	1.08355	1.08178	1.08334	5194	0	7
2014.06.16	20:00:00	1.08337	1.08378	1.08253	1.08312	3935	0	6
2014.06.17	00:00:00	1.08306	1.08347	1.08052	1.08122	4196	0	7
2014.06.17	04:00:00	1.08118	1.08124	1.07905	1.07934	4490	0	4
2014.06.17	08:00:00	1.07933	1.08000	1.07808	1.07926	6205	0	1
2014.06.17	12:00:00	1.07929	1.08034	1.07889	1.07913	6442	0	7
2014.06.17	16:00:00	1.07914	1.07964	1.07826	1.07904	5076	0	11
2014.06.17	20:00:00	1.07904	1.07952	1.07759	1.07845	3464	0	11
2014.06.18	00:00:00	1.07844	1.07884	1.07718	1.07779	4463	0	6
2014.06.18	04:00:00	1.07784	1.07832	1.07727	1.07776	3980	0	8
2014.06.18	08:00:00	1.07777	1.07797	1.07689	1.07733	6093	0	6
2014.06.18	12:00:00	1.07733	1.07758	1.07695	1.07705	4221	0	12
2014.06.18	16:00:00	1.07706	1.07729	1.07513	1.07530	4645	0	8
2014.06.18	20:00:00	1.07519	1.07734	1.07469	1.07650	8877	0	1
2014.06.19	00:00:00	1.07654	1.07934	1.07591	1.07876	5902	0	4
2014.06.19	04:00:00	1.07873	1.07953	1.07805	1.07925	3929	0	3
2014.06.19	08:00:00	1.07926	1.08113	1.07887	1.07931	7506	0	6
2014.06.19	12:00:00	1.07930	1.07957	1.07838	1.07934	5596	0	10
2014.06.19	16:00:00	1.07934	1.07958	1.07820	1.07887	6078	0	9
2014.06.19	20:00:00	1.07890	1.07926	1.07777	1.07821	5993	0	3
2014.06.20	00:00:00	1.07821	1.07982	1.07799	1.07935	4291	0	8
2014.06.20	04:00:00	1.07939	1.07954	1.07849	1.07869	4546	0	6
2014.06.20	08:00:00	1.07867	1.07995	1.07854	1.07962	4269	0	9
2014.06.20	12:00:00	1.07961	1.08122	1.07951	1.08059	5653	0	10
2014.06.20	16:00:00	1.08059	1.08079	1.07895	1.07905	4581	0	11
2014.06.20	20:00:00	1.07905	1.07945	1.07770	1.07924	2437	0	8
2014.06.23	00:00:00	1.07724	1.08121	1.07714	1.08071	4719	0	9
2014.06.23	04:00:00	1.08071	1.08156	1.07958	1.07984	4899	0	8
2014.06.23	08:00:00	1.07984	1.08068	1.07912	1.08048	5184	0	6
2014.06.23	12:00:00	1.08048	1.08139	1.08038	1.08074	4530	0	5
2014.06.23	16:00:00	1.08069	1.08134	1.08044	1.08097	4020	0	10
2014.06.23	20:00:00	1.08093	1.08174	1.08032	1.08055	2889	0	13
2014.06.24	00:00:00	1.08033	1.08239	1.08031	1.08150	4649	0	4
2014.06.24	04:00:00	1.08154	1.08194	1.08024	1.08034	5096	0	3
2014.06.24	08:00:00	1.08035	1.08057	1.07865	1.07950	6096	0	6
2014.06.24	12:00:00	1.07953	1.07991	1.07874	1.07919	4793	0	7
2014.06.24	16:00:00	1.07924	1.08021	1.07912	1.07939	5200	0	8
2014.06.24	20:00:00	1.07935	1.08050	1.07880	1.08019	4839	0	4
2014.06.25	00:00:00	1.08019	1.08056	1.07930	1.07949	5277	0	6
2014.06.25	04:00:00	1.07945	1.07951	1.07780	1.07861	4618	0	5
2014.06.25	08:00:00	1.07861	1.07958	1.07723	1.07732	5544	0	9
2014.06.25	12:00:00	1.07728	1.07728	1.07561	1.07594	6756	0	6
2014.06.25	16:00:00	1.07604	1.07615	1.07459	1.07535	5040	0	3
2014.06.25	20:00:00	1.07535	1.07687	1.07529	1.07666	3425	0	8
2014.06.26	00:00:00	1.07677	1.07707	1.07229	1.07262	5740	0	7
2014.06.26	04:00:00	1.07262	1.07349	1.07206	1.07346	4377	0	6
2014.06.26	08:00:00	1.07354	1.07374	1.07198	1.07374	5988	0	11
2014.06.26	12:00:00	1.07371	1.07429	1.07294	1.07330	5683	0	7
2014.06.26	16:00:00	1.07334	1.07359	1.07209	1.07244	5318	0	6
2014.06.26	20:00:00	1.07244	1.07278	1.07110	1.07214	3501	0	6
2014.06.27	00:00:00	1.07214	1.07426	1.07076	1.07386	5581	0	4
2014.06.27	04:00:00	1.07386	1.07475	1.07360	1.07470	5161	0	10
2014.06.27	08:00:00	1.07476	1.07574	1.07446	1.07504	5375	0	7
2014.06.27	12:00:00	1.07504	1.07540	1.07404	1.07417	3924	0	9
2014.06.27	16:00:00	1.07417	1.07425	1.07344	1.07371	3991	0	12
2014.06.27	20:00:00	1.07373	1.07415	1.07288	1.07359	2398	0	14
2014.06.30	00:00:00	1.07344	1.07555	1.07261	1.07520	4994	0	3
2014.06.30	04:00:00	1.07524	1.07669	1.07516	1.07599	4726	0	7
2014.06.30	08:00:00	1.07599	1.07749	1.07502	1.07538	6303	0	7
2014.06.30	12:00:00	1.07539	1.07547	1.07417	1.07505	4160	0	12
2014.06.30	16:00:00	1.07498	1.07804	1.07464	1.07692	6461	0	29
2014.06.30	20:00:00	1.07676	1.07714	1.07580	1.07604	3870	0	32
2014.07.01	00:00:00	1.07606	1.07655	1.07418	1.07527	6163	0	33
2014.07.01	04:00:00	1.07527	1.07837	1.07393	1.07815	7397	0	30
2014.07.01	08:00:00	1.07820	1.08022	1.07742	1.07902	6314	0	29
2014.07.01	12:00:00	1.07901	1.08021	1.07824	1.07933	5382	0	28
2014.07.01	16:00:00	1.07932	1.08199	1.07849	1.08173	7394	0	29
2014.07.01	20:00:00	1.08172	1.08227	1.08094	1.08212	4247	0	30
2014.07.02	00:00:00	1.08212	1.08340	1.07987	1.08036	6871	0	33
2014.07.02	04:00:00	1.08034	1.08071	1.07930	1.07992	5915	0	29
2014.07.02	08:00:00	1.07993	1.08033	1.07792	1.07823	6019	0	27
2014.07.02	12:00:00	1.07807	1.07871	1.07654	1.07734	6223	0	27
2014.07.02	16:00:00	1.07730	1.07760	1.07612	1.07639	5798	0	29
2014.07.02	20:00:00	1.07653	1.07667	1.07545	1.07588	3863	0	32
2014.07.03	00:00:00	1.07592	1.07637	1.06939	1.06990	7123	0	33
2014.07.03	04:00:00	1.06990	1.07034	1.06875	1.06946	5376	0	28
2014.07.03	08:00:00	1.06945	1.07041	1.06862	1.06947	6870	0	28
2014.07.03	12:00:00	1.06946	1.07071	1.06514	1.06929	8714	0	3
2014.07.03	16:00:00	1.06928	1.06984	1.06734	1.06807	6783	0	3
2014.07.03	20:00:00	1.06806	1.06858	1.06725	1.06810	3696	0	3
2014.07.04	00:00:00	1.06811	1.06949	1.06777	1.06903	5158	0	3
2014.07.04	04:00:00	1.06903	1.07116	1.06856	1.07094	5369	0	3
2014.07.04	08:00:00	1.07100	1.07131	1.07005	1.07074	5613	0	3
2014.07.04	12:00:00	1.07086	1.07086	1.06924	1.06965	2910	0	3
2014.07.04	16:00:00	1.06964	1.07125	1.06875	1.07112	4856	0	3
2014.07.04	20:00:00	1.07105	1.07158	1.07034	1.07057	4390	0	10
2014.07.07	00:00:00	1.07009	1.07275	1.06991	1.07258	5447	0	3
2014.07.07	04:00:00	1.07257	1.07341	1.07211	1.07247	4629	0	3
2014.07.07	08:00:00	1.07248	1.07276	1.07078	1.07119	5026	0	3
2014.07.07	12:00:00	1.07135	1.07136	1.06956	1.07022	4762	0	3
2014.07.07	16:00:00	1.07023	1.07030	1.06857	1.06940	4659	0	3
2014.07.07	20:00:00	1.06939	1.07055	1.06888	1.07052	4576	0	3
2014.07.08	00:00:00	1.07053	1.07175	1.07029	1.07116	5848	0	3
2014.07.08	04:00:00	1.07115	1.07124	1.07020	1.07049	4853	0	3
2014.07.08	08:00:00	1.07065	1.07101	1.06729	1.06916	6537	0	3
2014.07.08	12:00:00	1.06917	1.07095	1.06880	1.06967	5654	0	3
2014.07.08	16:00:00	1.06966	1.07051	1.06882	1.06941	5617	0	3
2014.07.08	20:00:00	1.06942	1.07010	1.06879	1.06950	3838	0	3
2014.07.09	00:00:00	1.06951	1.07076	1.06920	1.06976	5767	0	3
2014.07.09	04:00:00	1.06977	1.06995	1.06747	1.06760	4948	0	3
2014.07.09	08:00:00	1.06756	1.06806	1.06588	1.06787	6263	0	3
2014.07.09	12:00:00	1.06786	1.06828	1.06687	1.06720	4854	0	3
2014.07.09	16:00:00	1.06735	1.06800	1.06630	1.06763	5213	0	3
2014.07.09	20:00:00	1.06756	1.06790	1.06628	1.06650	6155	0	3
2014.07.10	00:00:00	1.06649	1.06944	1.06605	1.06605	7020	0	3
2014.07.10	04:00:00	1.06607	1.06639	1.06440	1.06448	5807	0	3
2014.07.10	08:00:00	1.06464	1.06466	1.06210	1.06417	7395	0	3
2014.07.10	12:00:00	1.06418	1.06483	1.06353	1.06442	5476	0	3
2014.07.10	16:00:00	1.06441	1.06519	1.06385	1.06448	5234	0	3
2014.07.10	20:00:00	1.06449	1.06523	1.06409	1.06494	4596	0	3
2014.07.11	00:00:00	1.06493	1.06561	1.06432	1.06491	5633	0	3
2014.07.11	04:00:00	1.06490	1.06591	1.06464	1.06543	4619	0	3
2014.07.11	08:00:00	1.06559	1.06570	1.06419	1.06524	5525	0	3
2014.07.11	12:00:00	1.06539	1.06692	1.06480	1.06666	9817	0	3
2014.07.11	16:00:00	1.06666	1.06719	1.06468	1.06519	12798	0	4
2014.07.11	20:00:00	1.06519	1.06556	1.06445	1.06460	3586	0	4
2014.07.14	00:00:00	1.06478	1.06572	1.06429	1.06555	8147	0	4
2014.07.14	04:00:00	1.06555	1.06671	1.06519	1.06671	7807	0	4
2014.07.14	08:00:00	1.06671	1.06683	1.06517	1.06605	9089	0	4
2014.07.14	12:00:00	1.06606	1.06709	1.06551	1.06674	9001	0	4
2014.07.14	16:00:00	1.06671	1.06738	1.06639	1.06720	5799	0	4
2014.07.14	20:00:00	1.06720	1.06725	1.06621	1.06673	3900	0	4
2014.07.15	00:00:00	1.06675	1.06678	1.06496	1.06599	9567	0	4
2014.07.15	04:00:00	1.06598	1.06727	1.06594	1.06628	8529	0	4
2014.07.15	08:00:00	1.06627	1.06663	1.06418	1.06445	13551	0	4
2014.07.15	12:00:00	1.06445	1.06568	1.06424	1.06563	9924	0	4
2014.07.15	16:00:00	1.06566	1.06913	1.06500	1.06862	10723	0	2
2014.07.15	20:00:00	1.06862	1.06930	1.06812	1.06898	5118	0	7
2014.07.16	00:00:00	1.06895	1.07411	1.06822	1.07253	8657	0	1
2014.07.16	04:00:00	1.07251	1.07358	1.07251	1.07338	8992	0	1
2014.07.16	08:00:00	1.07339	1.07530	1.07283	1.07360	8073	0	2
2014.07.16	12:00:00	1.07358	1.07448	1.07308	1.07360	7614	0	11
2014.07.16	16:00:00	1.07357	1.07512	1.07335	1.07484	7873	0	10
2014.07.16	20:00:00	1.07483	1.07570	1.07423	1.07432	4988	0	7
2014.07.17	00:00:00	1.07436	1.07691	1.07415	1.07637	6526	0	10
2014.07.17	04:00:00	1.07637	1.07795	1.07594	1.07727	8782	0	7
2014.07.17	08:00:00	1.07727	1.07887	1.07698	1.07870	8220	0	7
2014.07.17	12:00:00	1.07869	1.07956	1.07804	1.07877	8326	0	6
2014.07.17	16:00:00	1.07892	1.07989	1.07772	1.07845	10121	0	11
2014.07.17	20:00:00	1.07846	1.07910	1.07729	1.07856	6872	0	13
2014.07.18	00:00:00	1.07869	1.08004	1.07772	1.07936	7402	0	7
2014.07.18	04:00:00	1.07934	1.07983	1.07810	1.07865	7593	0	8
2014.07.18	08:00:00	1.07865	1.08133	1.07862	1.08074	7644	0	10
2014.07.18	12:00:00	1.08067	1.08243	1.08067	1.08122	8462	0	6
2014.07.18	16:00:00	1.08126	1.08199	1.08072	1.08121	7383	0	9
2014.07.18	20:00:00	1.08120	1.08180	1.07963	1.08002	4495	0	18
2014.07.21	00:00:00	1.08020	1.08093	1.07862	1.07868	5432	0	16
2014.07.21	04:00:00	1.07866	1.07899	1.07722	1.07780	6394	0	10
2014.07.21	08:00:00	1.07775	1.07896	1.07739	1.07831	6976	0	11
2014.07.21	12:00:00	1.07831	1.07991	1.07803	1.07844	5741	0	18
2014.07.21	16:00:00	1.07844	1.07917	1.07787	1.07867	6254	0	16
2014.07.21	20:00:00	1.07869	1.07950	1.07793	1.07851	5277	0	17
2014.07.22	00:00:00	1.07854	1.07979	1.07805	1.07939	6575	0	17
2014.07.22	04:00:00	1.07938	1.08237	1.07933	1.08172	8369	0	9
2014.07.22	08:00:00	1.08166	1.08331	1.08110	1.08310	9714	0	1
2014.07.22	12:00:00	1.08315	1.08513	1.08234	1.08493	15407	0	9
2014.07.22	16:00:00	1.08493	1.08531	1.08343	1.08395	11319	0	10
2014.07.22	20:00:00	1.08394	1.08447	1.08324	1.08344	6440	0	14
2014.07.23	00:00:00	1.08343	1.08740	1.08226	1.08712	10817	0	5
2014.07.23	04:00:00	1.08713	1.08765	1.08609	1.08680	10074	0	6
2014.07.23	08:00:00	1.08681	1.08848	1.08615	1.08812	11818	0	8
2014.07.23	12:00:00	1.08813	1.08856	1.08718	1.08784	10447	0	6
2014.07.23	16:00:00	1.08784	1.08850	1.08718	1.08778	9647	0	8
2014.07.23	20:00:00	1.08779	1.09672	1.08529	1.09517	13509	0	5
2014.07.24	00:00:00	1.09517	1.09843	1.09506	1.09826	12132	0	5
2014.07.24	04:00:00	1.09828	1.10153	1.09767	1.10130	11686	0	7
2014.07.24	08:00:00	1.10129	1.10133	1.09899	1.09899	14614	0	6
2014.07.24	12:00:00	1.09898	1.10008	1.09711	1.09728	12180	0	6
2014.07.24	16:00:00	1.09724	1.09779	1.09629	1.09668	10166	0	8
2014.07.24	20:00:00	1.09668	1.09958	1.09668	1.09896	8227	0	10
2014.07.25	00:00:00	1.09893	1.09899	1.09706	1.09780	8283	0	8
2014.07.25	04:00:00	1.09780	1.09811	1.09675	1.09751	8973	0	6
2014.07.25	08:00:00	1.09751	1.10117	1.09715	1.10069	11980	0	7
2014.07.25	12:00:00	1.10068	1.10137	1.09998	1.10077	11039	0	9
2014.07.25	16:00:00	1.10075	1.10094	1.09881	1.09931	11187	0	10
2014.07.25	20:00:00	1.09931	1.09931	1.09566	1.09566	8669	0	7
2014.07.28	00:00:00	1.09839	1.09991	1.09802	1.09914	8029	0	6
2014.07.28	04:00:00	1.09920	1.10011	1.09904	1.09955	9010	0	6
2014.07.28	08:00:00	1.09954	1.10051	1.09930	1.09974	9803	0	7
2014.07.28	12:00:00	1.09975	1.10106	1.09850	1.10029	10228	0	6
2014.07.28	16:00:00	1.10032	1.10079	1.09906	1.10052	9853	0	10
2014.07.28	20:00:00	1.10052	1.10087	1.09961	1.09992	5919	0	10
2014.07.29	00:00:00	1.09995	1.10107	1.09901	1.09904	9316	0	6
2014.07.29	04:00:00	1.09903	1.10400	1.09846	1.10320	12364	0	6
2014.07.29	08:00:00	1.10320	1.10474	1.10298	1.10412	11037	0	6
2014.07.29	12:00:00	1.10414	1.10445	1.10147	1.10163	11805	0	9
2014.07.29	16:00:00	1.10161	1.10380	1.10147	1.10370	12538	0	10
2014.07.29	20:00:00	1.10369	1.10438	1.10248	1.10277	9772	0	10
2014.07.30	00:00:00	1.10277	1.10308	1.10198	1.10205	10379	0	6
2014.07.30	04:00:00	1.10204	1.10267	1.10193	1.10239	7658	0	10
2014.07.30	08:00:00	1.10238	1.10238	1.10073	1.10082	10809	0	1
2014.07.30	12:00:00	1.10083	1.10151	1.09891	1.10063	11727	0	6
2014.07.30	16:00:00	1.10064	1.10093	1.09769	1.09793	9622	0	10
2014.07.30	20:00:00	1.09836	1.09937	1.09724	1.09887	8661	0	12
2014.07.31	00:00:00	1.09889	1.09896	1.09634	1.09737	7586	0	10
2014.07.31	04:00:00	1.09731	1.09787	1.09495	1.09541	7201	0	7
2014.07.31	08:00:00	1.09543	1.09615	1.09389	1.09438	9832	0	9
2014.07.31	12:00:00	1.09435	1.09584	1.09365	1.09579	8655	0	14
2014.07.31	16:00:00	1.09574	1.09647	1.09464	1.09524	9460	0	5
2014.07.31	20:00:00	1.09516	1.09537	1.09293	1.09332	6538	0	14
2014.08.01	00:00:00	1.09332	1.09467	1.09257	1.09277	8503	0	6
2014.08.01	04:00:00	1.09277	1.09414	1.09233	1.09383	7119	0	12
2014.08.01	08:00:00	1.09387	1.09532	1.09310	1.09505	8598	0	10
2014.08.01	12:00:00	1.09506	1.09641	1.09273	1.09366	11277	0	9
2014.08.01	16:00:00	1.09366	1.09438	1.09282	1.09422	9813	0	10
2014.08.01	20:00:00	1.09422	1.09516	1.09160	1.09425	4794	0	13
2014.08.04	00:00:00	1.09377	1.09634	1.09288	1.09546	4745	0	18
2014.08.04	04:00:00	1.09548	1.09619	1.09425	1.09425	3225	0	18
2014.08.04	08:00:00	1.09422	1.09588	1.09393	1.09556	5781	0	18
2014.08.04	12:00:00	1.09558	1.09576	1.09416	1.09516	5136	0	18
2014.08.04	16:00:00	1.09517	1.09519	1.09373	1.09447	4390	0	18
2014.08.04	20:00:00	1.09447	1.09501	1.09441	1.09451	2685	0	18
2014.08.05	00:00:00	1.09451	1.09553	1.09416	1.09435	5495	0	18
2014.08.05	04:00:00	1.09439	1.09585	1.09375	1.09526	6238	0	18
2014.08.05	08:00:00	1.09524	1.09545	1.09441	1.09486	5987	0	18
2014.08.05	12:00:00	1.09491	1.09670	1.09379	1.09613	6876	0	18
2014.08.05	16:00:00	1.09610	1.09995	1.09589	1.09858	12415	0	18
2014.08.05	20:00:00	1.09856	1.09977	1.09797	1.09907	5276	0	18
2014.08.06	00:00:00	1.09907	1.10353	1.09767	1.10303	9841	0	18
2014.08.06	04:00:00	1.10303	1.10379	1.10210	1.10333	4966	0	18
2014.08.06	08:00:00	1.10336	1.10406	1.10250	1.10257	6782	0	18
2014.08.06	12:00:00	1.10259	1.10322	1.10126	1.10262	8341	0	18
2014.08.06	16:00:00	1.10263	1.10525	1.10232	1.10308	10658	0	18
2014.08.06	20:00:00	1.10311	1.10391	1.10261	1.10309	5341	0	18
2014.08.07	00:00:00	1.10312	1.10477	1.09762	1.09780	9069	0	18
2014.08.07	04:00:00	1.09780	1.09836	1.09454	1.09492	8983	0	18
2014.08.07	08:00:00	1.09492	1.09626	1.09444	1.09483	6769	0	18
2014.08.07	12:00:00	1.09484	1.09538	1.09362	1.09442	8514	0	18
2014.08.07	16:00:00	1.09442	1.09442	1.09256	1.09331	6218	0	18
2014.08.07	20:00:00	1.09331	1.09471	1.09314	1.09454	5367	0	18
2014.08.08	00:00:00	1.09454	1.09645	1.09393	1.09511	7036	0	18
2014.08.08	04:00:00	1.09509	1.09660	1.09416	1.09524	8815	0	18
2014.08.08	08:00:00	1.09519	1.09550	1.09320	1.09408	7960	0	18
2014.08.08	12:00:00	1.09411	1.09558	1.09345	1.09508	7604	0	18
2014.08.08	16:00:00	1.09508	1.09556	1.09329	1.09542	6114	0	18
2014.08.08	20:00:00	1.09539	1.09665	1.09532	1.09656	2945	0	18
2014.08.11	00:00:00	1.09599	1.09658	1.09543	1.09568	4068	0	18
2014.08.11	04:00:00	1.09573	1.09646	1.09516	1.09537	3020	0	18
2014.08.11	08:00:00	1.09537	1.09542	1.09433	1.09435	5176	0	18
2014.08.11	12:00:00	1.09435	1.09534	1.09406	1.09470	3882	0	18
2014.08.11	16:00:00	1.09468	1.09493	1.09415	1.09481	3394	0	18
2014.08.11	20:00:00	1.09480	1.09554	1.09428	1.09525	3876	0	18
2014.08.12	00:00:00	1.09525	1.09789	1.09443	1.09779	5993	0	18
2014.08.12	04:00:00	1.09777	1.10087	1.09709	1.10002	6676	0	18
2014.08.12	08:00:00	1.10005	1.10047	1.09861	1.09912	5707	0	18
2014.08.12	12:00:00	1.09914	1.09942	1.09802	1.09818	4985	0	18
2014.08.12	16:00:00	1.09821	1.09925	1.09794	1.09894	5542	0	18
2014.08.12	20:00:00	1.09894	1.09940	1.09851	1.09866	3391	0	18
2014.08.13	00:00:00	1.09869	1.10231	1.09836	1.10186	4979	0	18
2014.08.13	04:00:00	1.10190	1.10192	1.10059	1.10173	5798	0	18
2014.08.13	08:00:00	1.10175	1.10214	1.10042	1.10181	7462	0	18
2014.08.13	12:00:00	1.10181	1.10253	1.09880	1.09983	8729	0	18
2014.08.13	16:00:00	1.09981	1.10040	1.09888	1.09970	6386	0	18
2014.08.13	20:00:00	1.09972	1.10041	1.09937	1.09961	3941	0	18
2014.08.14	00:00:00	1.09961	1.10016	1.09642	1.09822	6472	0	18
2014.08.14	04:00:00	1.09822	1.09846	1.09728	1.09764	3665	0	18
2014.08.14	08:00:00	1.09762	1.09793	1.09505	1.09586	8466	0	18
2014.08.14	12:00:00	1.09586	1.09640	1.09439	1.09588	7018	0	18
2014.08.14	16:00:00	1.09588	1.09783	1.09575	1.09713	5013	0	18
2014.08.14	20:00:00	1.09713	1.09785	1.09685	1.09716	2617	0	18
2014.08.15	00:00:00	1.09724	1.09984	1.09699	1.09929	3606	0	18
2014.08.15	04:00:00	1.09929	1.09955	1.09837	1.09913	3711	0	18
2014.08.15	08:00:00	1.09913	1.09940	1.09750	1.09817	5138	0	18
2014.08.15	12:00:00	1.09817	1.09818	1.09586	1.09636	6672	0	18
2014.08.15	16:00:00	1.09637	1.09757	1.09565	1.09739	8135	0	18
2014.08.15	20:00:00	1.09744	1.09864	1.09669	1.09823	3124	0	18
2014.08.18	00:00:00	1.09748	1.09887	1.09661	1.09750	3502	0	18
2014.08.18	04:00:00	1.09750	1.09791	1.09622	1.09773	3505	0	18
2014.08.18	08:00:00	1.09776	1.09886	1.09774	1.09841	4387	0	18
2014.08.18	12:00:00	1.09834	1.09968	1.09742	1.09949	4823	0	18
2014.08.18	16:00:00	1.09953	1.10120	1.09936	1.10012	5583	0	18
2014.08.18	20:00:00	1.10012	1.10047	1.09915	1.09948	2520	0	18
2014.08.19	00:00:00	1.09948	1.10658	1.09894	1.10599	8084	0	18
2014.08.19	04:00:00	1.10599	1.10773	1.10499	1.10554	6483	0	18
2014.08.19	08:00:00	1.10556	1.10590	1.10415	1.10418	7247	0	18
2014.08.19	12:00:00	1.10418	1.10500	1.10323	1.10422	8051	0	18
2014.08.19	16:00:00	1.10427	1.10656	1.10153	1.10387	8110	0	18
2014.08.19	20:00:00	1.10388	1.10537	1.10368	1.10369	4440	0	18
2014.08.20	00:00:00	1.10369	1.10539	1.10199	1.10534	8903	0	18
2014.08.20	04:00:00	1.10538	1.10903	1.10521	1.10721	10293	0	18
2014.08.20	08:00:00	1.10721	1.10731	1.10518	1.10671	10447	0	18
2014.08.20	12:00:00	1.10671	1.10796	1.10596	1.10756	8072	0	18
2014.08.20	16:00:00	1.10753	1.10819	1.10677	1.10693	6806	0	18
2014.08.20	20:00:00	1.10686	1.10985	1.10633	1.10951	10761	0	18
2014.08.21	00:00:00	1.10945	1.11013	1.10539	1.10728	8197	0	18
2014.08.21	04:00:00	1.10727	1.10754	1.10564	1.10602	6843	0	18
2014.08.21	08:00:00	1.10600	1.10762	1.10531	1.10733	8969	0	18
2014.08.21	12:00:00	1.10730	1.10837	1.10692	1.10791	7813	0	18
2014.08.21	16:00:00	1.10785	1.10854	1.10620	1.10626	8883	0	18
2014.08.21	20:00:00	1.10628	1.10701	1.10614	1.10674	3347	0	18
2014.08.22	00:00:00	1.10667	1.10901	1.10636	1.10849	4338	0	18
2014.08.22	04:00:00	1.10847	1.10923	1.10691	1.10709	5953	0	18
2014.08.22	08:00:00	1.10709	1.10816	1.10648	1.10750	6753	0	18
2014.08.22	12:00:00	1.10750	1.10762	1.10576	1.10624	7450	0	15
2014.08.22	16:00:00	1.10624	1.10925	1.10551	1.10853	15451	0	18
2014.08.22	20:00:00	1.10851	1.10916	1.10756	1.10817	4691	0	18
2014.08.25	00:00:00	1.11263	1.11505	1.11184	1.11500	11250	0	18
2014.08.25	04:00:00	1.11503	1.11630	1.11435	1.11600	6618	0	18
2014.08.25	08:00:00	1.11600	1.11622	1.11294	1.11300	5920	0	18
2014.08.25	12:00:00	1.11303	1.11397	1.11273	1.11304	5361	0	18
2014.08.25	16:00:00	1.11304	1.11388	1.11277	1.11366	5543	0	18
2014.08.25	20:00:00	1.11372	1.11471	1.11322	1.11449	3281	0	18
2014.08.26	00:00:00	1.11449	1.11689	1.11431	1.11471	9139	0	18
2014.08.26	04:00:00	1.11471	1.11523	1.11314	1.11399	6021	0	18
2014.08.26	08:00:00	1.11402	1.11674	1.11355	1.11658	8340	0	18
2014.08.26	12:00:00	1.11659	1.11852	1.11629	1.11777	11001	0	18
2014.08.26	16:00:00	1.11772	1.11859	1.11727	1.11765	8373	0	18
2014.08.26	20:00:00	1.11762	1.11795	1.11578	1.11695	4486	0	18
2014.08.27	00:00:00	1.11695	1.11776	1.11444	1.11452	8408	0	18
2014.08.27	04:00:00	1.11455	1.11528	1.11308	1.11400	7798	0	18
2014.08.27	08:00:00	1.11400	1.11559	1.11295	1.11486	10099	0	18
2014.08.27	12:00:00	1.11486	1.11621	1.11462	1.11565	11779	0	18
2014.08.27	16:00:00	1.11565	1.11602	1.11482	1.11495	8692	0	18
2014.08.27	20:00:00	1.11495	1.11540	1.11398	1.11437	5512	0	18
2014.08.28	00:00:00	1.11437	1.11684	1.11314	1.11495	8640	0	18
2014.08.28	04:00:00	1.11493	1.11604	1.11403	1.11511	8315	0	18
2014.08.28	08:00:00	1.11508	1.11619	1.11451	1.11564	13928	0	18
2014.08.28	12:00:00	1.11563	1.11769	1.11474	1.11679	13734	0	3
2014.08.28	16:00:00	1.11678	1.11713	1.11626	1.11669	4891	0	3
2014.08.28	20:00:00	1.11660	1.11662	1.11548	1.11631	4146	0	3
2014.08.29	00:00:00	1.11622	1.11861	1.11589	1.11860	5295	0	3
2014.08.29	04:00:00	1.11859	1.11906	1.11676	1.11695	3787	0	3
2014.08.29	08:00:00	1.11692	1.11726	1.11428	1.11500	5373	0	3
2014.08.29	12:00:00	1.11499	1.11620	1.11428	1.11479	6258	0	3
2014.08.29	16:00:00	1.11480	1.11764	1.11441	1.11648	10091	0	16
2014.08.29	20:00:00	1.11649	1.11735	1.11511	1.11577	3592	0	18
2014.09.01	00:00:00	1.11646	1.11744	1.11480	1.11560	6905	0	18
2014.09.01	04:00:00	1.11558	1.11599	1.11475	1.11497	5531	0	18
2014.09.01	08:00:00	1.11500	1.11545	1.11389	1.11443	8104	0	18
2014.09.01	12:00:00	1.11443	1.11476	1.11353	1.11386	6804	0	18
2014.09.01	16:00:00	1.11387	1.11502	1.11361	1.11397	4890	0	18
2014.09.01	20:00:00	1.11397	1.11434	1.11341	1.11366	4830	0	18
2014.09.02	00:00:00	1.11359	1.11519	1.11201	1.11441	7937	0	18
2014.09.02	04:00:00	1.11443	1.11498	1.11235	1.11290	11344	0	18
2014.09.02	08:00:00	1.11291	1.11552	1.11271	1.11552	14250	0	18
2014.09.02	12:00:00	1.11552	1.11565	1.11331	1.11387	11333	0	18
2014.09.02	16:00:00	1.11387	1.11804	1.11325	1.11588	12258	0	18
2014.09.02	20:00:00	1.11588	1.11642	1.11448	1.11483	5666	0	18
2014.09.03	00:00:00	1.11481	1.11903	1.11455	1.11681	10528	0	18
2014.09.03	04:00:00	1.11681	1.11865	1.11651	1.11753	9138	0	18
2014.09.03	08:00:00	1.11756	1.12084	1.11709	1.12074	18230	0	1
2014.09.03	12:00:00	1.12073	1.12239	1.12042	1.12172	11963	0	1
2014.09.03	16:00:00	1.12170	1.12360	1.12140	1.12312	9060	0	1
2014.09.03	20:00:00	1.12313	1.12319	1.12163	1.12214	4526	0	1
2014.09.04	00:00:00	1.12214	1.12468	1.12195	1.12402	7414	0	1
2014.09.04	04:00:00	1.12401	1.12458	1.12207	1.12207	6860	0	1
2014.09.04	08:00:00	1.12207	1.12276	1.12162	1.12245	9888	0	1
2014.09.04	12:00:00	1.12248	1.12558	1.12217	1.12501	23939	0	1
2014.09.04	16:00:00	1.12495	1.12715	1.12470	1.12573	15055	0	1
2014.09.04	20:00:00	1.12572	1.12682	1.12491	1.12510	6838	0	1
2014.09.05	00:00:00	1.12515	1.12885	1.12506	1.12776	9142	0	1
2014.09.05	04:00:00	1.12778	1.12806	1.12682	1.12700	7062	0	1
2014.09.05	08:00:00	1.12700	1.12953	1.12631	1.12901	13959	0	1
2014.09.05	12:00:00	1.12903	1.12938	1.12577	1.12628	20486	0	1
2014.09.05	16:00:00	1.12625	1.12680	1.12513	1.12600	11401	0	1
2014.09.05	20:00:00	1.12599	1.12620	1.12511	1.12518	3395	0	1
2014.09.08	00:00:00	1.12732	1.12751	1.12520	1.12529	6396	0	1
2014.09.08	04:00:00	1.12532	1.12647	1.12498	1.12620	5869	0	1
2014.09.08	08:00:00	1.12620	1.12666	1.12423	1.12479	16095	0	1
2014.09.08	12:00:00	1.12479	1.12485	1.12263	1.12287	12533	0	1
2014.09.08	16:00:00	1.12287	1.12397	1.12159	1.12193	18175	0	1
2014.09.08	20:00:00	1.12193	1.12218	1.12039	1.12074	7103	0	1
2014.09.09	00:00:00	1.12074	1.12236	1.12051	1.12158	7816	0	1
2014.09.09	04:00:00	1.12161	1.12217	1.12027	1.12100	10456	0	1
2014.09.09	08:00:00	1.12102	1.12264	1.12062	1.12234	14112	0	1
2014.09.09	12:00:00	1.12234	1.12242	1.11755	1.11772	22039	0	1
2014.09.09	16:00:00	1.11772	1.11812	1.11565	1.11747	18458	0	1
2014.09.09	20:00:00	1.11744	1.11808	1.11545	1.11607	8707	0	1
2014.09.10	00:00:00	1.11607	1.11634	1.11439	1.11516	8663	0	1
2014.09.10	04:00:00	1.11516	1.11518	1.11081	1.11166	12635	0	1
2014.09.10	08:00:00	1.11166	1.11257	1.10897	1.11092	19153	0	1
2014.09.10	12:00:00	1.11094	1.11284	1.10979	1.11091	14419	0	1
2014.09.10	16:00:00	1.11093	1.11176	1.10978	1.11131	10590	0	9
2014.09.10	20:00:00	1.11131	1.11709	1.10980	1.11660	8954	0	12
2014.09.11	00:00:00	1.11659	1.12263	1.11417	1.12086	9337	0	11
2014.09.11	04:00:00	1.12084	1.12223	1.11982	1.12167	8733	0	7
2014.09.11	08:00:00	1.12166	1.12170	1.11592	1.11725	11395	0	7
2014.09.11	12:00:00	1.11725	1.11737	1.11112	1.11125	10989	0	9
2014.09.11	16:00:00	1.11328	1.11382	1.11310	1.11352	1350	0	1
2014.09.11	20:00:00	1.11353	1.11377	1.11104	1.11251	7873	0	1
2014.09.12	00:00:00	1.11246	1.11288	1.11040	1.11066	9040	0	1
2014.09.12	04:00:00	1.11067	1.11138	1.10727	1.10753	9968	0	1
2014.09.12	08:00:00	1.10757	1.10863	1.10625	1.10721	14593	0	1
2014.09.12	12:00:00	1.10721	1.10948	1.10708	1.10900	17586	0	1
2014.09.12	16:00:00	1.10901	1.11001	1.10774	1.10958	14937	0	1
2014.09.12	20:00:00	1.10962	1.11039	1.10883	1.10883	5215	0	1
2014.09.15	00:00:00	1.10589	1.10758	1.10558	1.10680	6413	0	1
2014.09.15	04:00:00	1.10681	1.10788	1.10504	1.10528	7245	0	1
2014.09.15	08:00:00	1.10526	1.10720	1.10360	1.10701	12420	0	1
2014.09.15	12:00:00	1.10701	1.10736	1.10435	1.10594	13850	0	1
2014.09.15	16:00:00	1.10594	1.10641	1.10481	1.10496	8751	0	1
2014.09.15	20:00:00	1.10495	1.10519	1.10380	1.10462	5030	0	1
2014.09.16	00:00:00	1.10459	1.10514	1.10309	1.10442	7946	0	1
2014.09.16	04:00:00	1.10442	1.10499	1.10214	1.10285	8746	0	1
2014.09.16	08:00:00	1.10285	1.10591	1.10230	1.10482	13429	0	1
2014.09.16	12:00:00	1.10488	1.10747	1.10436	1.10743	15438	0	1
2014.09.16	16:00:00	1.10743	1.10954	1.10629	1.10937	18766	0	1
2014.09.16	20:00:00	1.10939	1.10950	1.10790	1.10890	5238	0	1
2014.09.17	00:00:00	1.10890	1.11017	1.10785	1.10886	7086	0	1
2014.09.17	04:00:00	1.10887	1.10991	1.10791	1.10818	6332	0	1
2014.09.17	08:00:00	1.10821	1.10908	1.10718	1.10886	14197	0	1
2014.09.17	12:00:00	1.10885	1.10955	1.10713	1.10847	14267	0	1
2014.09.17	16:00:00	1.10850	1.10935	1.10606	1.10606	12980	0	1
2014.09.17	20:00:00	1.10603	1.10986	1.10539	1.10621	21837	0	1
2014.09.18	00:00:00	1.10631	1.10801	1.10498	1.10526	9941	0	1
2014.09.18	04:00:00	1.10522	1.10585	1.10456	1.10503	7051	0	1
2014.09.18	08:00:00	1.10507	1.10533	1.10268	1.10348	17169	0	1
2014.09.18	12:00:00	1.10348	1.10436	1.10222	1.10320	17388	0	1
2014.09.18	16:00:00	1.10320	1.10377	1.10262	1.10366	13913	0	1
2014.09.18	20:00:00	1.10366	1.10373	1.09998	1.10059	6247	0	1
2014.09.19	00:00:00	1.10059	1.10294	1.10029	1.10165	9610	0	1
2014.09.19	04:00:00	1.10164	1.10238	1.10058	1.10075	11321	0	1
2014.09.19	08:00:00	1.10073	1.10175	1.09910	1.09995	17493	0	1
2014.09.19	12:00:00	1.09995	1.10247	1.09988	1.10121	18438	0	1
2014.09.19	16:00:00	1.10121	1.10149	1.09844	1.09866	13197	0	1
2014.09.19	20:00:00	1.09876	1.09933	1.09752	1.09752	3559	0	1
2014.09.22	00:00:00	1.09585	1.09804	1.09550	1.09562	36528	0	1
2014.09.22	04:00:00	1.09570	1.09617	1.09408	1.09417	29706	0	1
2014.09.22	08:00:00	1.09416	1.09615	1.09229	1.09229	25951	0	1
2014.09.22	12:00:00	1.09227	1.09371	1.09224	1.09290	9256	0	1
2014.09.22	16:00:00	1.09295	1.09373	1.09193	1.09222	12439	0	1
2014.09.22	20:00:00	1.09221	1.09401	1.09182	1.09346	5417	0	1
2014.09.23	00:00:00	1.09341	1.09526	1.09311	1.09511	6289	0	1
2014.09.23	04:00:00	1.09515	1.09690	1.09467	1.09671	7842	0	1
2014.09.23	08:00:00	1.09669	1.09701	1.09315	1.09645	11404	0	1
2014.09.23	12:00:00	1.09645	1.09861	1.09583	1.09793	11725	0	1
2014.09.23	16:00:00	1.09793	1.09847	1.09592	1.09619	12415	0	1
2014.09.23	20:00:00	1.09619	1.09902	1.09553	1.09652	5303	0	1
2014.09.24	00:00:00	1.09652	1.09743	1.09459	1.09714	7941	0	1
2014.09.24	04:00:00	1.09716	1.09843	1.09640	1.09823	6713	0	1
2014.09.24	08:00:00	1.09824	1.10024	1.09784	1.09913	11765	0	1
2014.09.24	12:00:00	1.09914	1.10084	1.09906	1.10020	13712	0	1
2014.09.24	16:00:00	1.10020	1.10100	1.09846	1.09985	11619	0	1
2014.09.24	20:00:00	1.09981	1.10024	1.09866	1.09941	5641	0	1
2014.09.25	00:00:00	1.09941	1.09989	1.09797	1.09813	10289	0	1
2014.09.25	04:00:00	1.09813	1.10513	1.09809	1.10494	17299	0	1
2014.09.25	08:00:00	1.10497	1.10837	1.10406	1.10738	20698	0	1
2014.09.25	12:00:00	1.10744	1.10951	1.10632	1.10831	17367	0	1
2014.09.25	16:00:00	1.10832	1.11054	1.10816	1.10915	17365	0	1
2014.09.25	20:00:00	1.10915	1.10964	1.10753	1.10807	8424	0	1
2014.09.26	00:00:00	1.10807	1.10875	1.10665	1.10756	10020	0	1
2014.09.26	04:00:00	1.10757	1.10956	1.10648	1.10915	14141	0	1
2014.09.26	08:00:00	1.10915	1.11058	1.10827	1.11006	13989	0	1
2014.09.26	12:00:00	1.11005	1.11451	1.10958	1.11416	16974	0	1
2014.09.26	16:00:00	1.11415	1.11417	1.11210	1.11335	11541	0	1
2014.09.26	20:00:00	1.11337	1.11485	1.11318	1.11361	3945	0	1
2014.09.29	00:00:00	1.11317	1.11649	1.11022	1.11611	11941	0	1
2014.09.29	04:00:00	1.11606	1.12816	1.11606	1.12146	20233	0	1
2014.09.29	08:00:00	1.12150	1.12526	1.12053	1.12436	17922	0	1
2014.09.29	12:00:00	1.12436	1.12486	1.12135	1.12178	15045	0	1
2014.09.29	16:00:00	1.12175	1.12356	1.12139	1.12347	14135	0	1
2014.09.29	20:00:00	1.12346	1.12352	1.12106	1.12218	5574	0	1
2014.09.30	00:00:00	1.12218	1.12386	1.12116	1.12298	10236	0	1
2014.09.30	04:00:00	1.12297	1.12359	1.12006	1.12134	16165	0	1
2014.09.30	08:00:00	1.12132	1.12606	1.11935	1.12455	19047	0	1
2014.09.30	12:00:00	1.12456	1.12605	1.12045	1.12062	17411	0	1
2014.09.30	16:00:00	1.12059	1.12290	1.12021	1.12197	16481	0	1
2014.09.30	20:00:00	1.12196	1.12223	1.11894	1.11943	6830	0	1
2014.10.01	00:00:00	1.11941	1.12034	1.11602	1.11717	13171	0	1
2014.10.01	04:00:00	1.11713	1.11734	1.11450	1.11694	15926	0	1
2014.10.01	08:00:00	1.11693	1.11889	1.11435	1.11704	18725	0	1
2014.10.01	12:00:00	1.11704	1.11730	1.11341	1.11420	16678	0	1
2014.10.01	16:00:00	1.11420	1.12029	1.11270	1.11826	18836	0	1
2014.10.01	20:00:00	1.11827	1.12291	1.11779	1.12221	9562	0	1
2014.10.02	00:00:00	1.12221	1.12455	1.12189	1.12369	13603	0	1
2014.10.02	04:00:00	1.12365	1.12371	1.11179	1.11767	20030	0	1
2014.10.02	08:00:00	1.11767	1.11857	1.11426	1.11499	20694	0	1
2014.10.02	12:00:00	1.11499	1.11606	1.11332	1.11561	18990	0	1
2014.10.02	16:00:00	1.11561	1.11908	1.11254	1.11608	16571	0	1
2014.10.02	20:00:00	1.11595	1.11629	1.11202	1.11387	6302	0	1
2014.10.03	00:00:00	1.11379	1.11792	1.11324	1.11722	8940	0	1
2014.10.03	04:00:00	1.11712	1.11809	1.11652	1.11711	10130	0	1
2014.10.03	08:00:00	1.11709	1.11797	1.11511	1.11537	13026	0	1
2014.10.03	12:00:00	1.11540	1.11840	1.11248	1.11607	21639	0	1
2014.10.03	16:00:00	1.11616	1.11915	1.11472	1.11712	16856	0	1
2014.10.03	20:00:00	1.11712	1.11764	1.11567	1.11646	4660	0	1
2014.10.06	00:00:00	1.11728	1.12184	1.11719	1.12042	10248	0	1
2014.10.06	04:00:00	1.12042	1.12066	1.11835	1.11855	7684	0	1
2014.10.06	08:00:00	1.11857	1.12281	1.11777	1.12097	15621	0	1
2014.10.06	12:00:00	1.12097	1.12274	1.11921	1.12211	12462	0	1
2014.10.06	16:00:00	1.12211	1.12225	1.11879	1.11952	13460	0	1
2014.10.06	20:00:00	1.11944	1.11954	1.11586	1.11798	9459	0	1
2014.10.07	00:00:00	1.11808	1.12127	1.11732	1.12013	11425	0	1
2014.10.07	04:00:00	1.12017	1.12269	1.11988	1.12052	17280	0	1
2014.10.07	08:00:00	1.12056	1.12249	1.11891	1.12192	21495	0	1
2014.10.07	12:00:00	1.12193	1.12402	1.12160	1.12284	22671	0	1
2014.10.07	16:00:00	1.12287	1.12563	1.12232	1.12518	16940	0	1
2014.10.07	20:00:00	1.12520	1.12608	1.12380	1.12554	8064	0	1
2014.10.08	00:00:00	1.12561	1.12795	1.12465	1.12651	13446	0	1
2014.10.08	04:00:00	1.12651	1.12695	1.12415	1.12415	12705	0	1
2014.10.08	08:00:00	1.12415	1.12576	1.12410	1.12526	18748	0	1
2014.10.08	12:00:00	1.12523	1.12586	1.12334	1.12404	16391	0	1
2014.10.08	16:00:00	1.12406	1.12428	1.11997	1.11997	14864	0	1
2014.10.08	20:00:00	1.11992	1.12125	1.11691	1.11809	17054	0	1
2014.10.09	00:00:00	1.11826	1.11940	1.11317	1.11621	14651	0	1
2014.10.09	04:00:00	1.11623	1.11880	1.11556	1.11740	15346	0	1
2014.10.09	08:00:00	1.11740	1.11856	1.11530	1.11680	19978	0	1
2014.10.09	12:00:00	1.11676	1.11776	1.11477	1.11593	19498	0	1
2014.10.09	16:00:00	1.11581	1.11777	1.11445	1.11617	20366	0	1
2014.10.09	20:00:00	1.11617	1.11781	1.11537	1.11540	6629	0	1
2014.10.10	00:00:00	1.11537	1.11599	1.11317	1.11385	12965	0	1
2014.10.10	04:00:00	1.11385	1.11627	1.11351	1.11587	9870	0	1
2014.10.10	08:00:00	1.11587	1.11666	1.11366	1.11492	19604	0	1
2014.10.10	12:00:00	1.11489	1.11519	1.11230	1.11349	18891	0	1
2014.10.10	16:00:00	1.11348	1.11445	1.11233	1.11370	14369	0	1
2014.10.10	20:00:00	1.11369	1.11417	1.11084	1.11120	5484	0	1
2014.10.13	00:00:00	1.11123	1.11161	1.10645	1.10943	13551	0	1
2014.10.13	04:00:00	1.10939	1.11054	1.10804	1.10990	12342	0	1
2014.10.13	08:00:00	1.10990	1.11149	1.10915	1.11138	15614	0	1
2014.10.13	12:00:00	1.11138	1.11263	1.11071	1.11221	14839	0	1
2014.10.13	16:00:00	1.11225	1.11361	1.11159	1.11168	12749	0	1
2014.10.13	20:00:00	1.11167	1.11198	1.11004	1.11030	7596	0	1
2014.10.14	00:00:00	1.11030	1.11309	1.10970	1.11075	8756	0	1
2014.10.14	04:00:00	1.11075	1.11431	1.11069	1.11325	9134	0	1
2014.10.14	08:00:00	1.11325	1.11366	1.11075	1.11207	15794	0	1
2014.10.14	12:00:00	1.11209	1.11250	1.11040	1.11076	10226	0	1
2014.10.14	16:00:00	1.11076	1.11160	1.10966	1.11140	8614	0	1
2014.10.14	20:00:00	1.11134	1.11228	1.11044	1.11221	7073	0	1
2014.10.15	00:00:00	1.11221	1.11315	1.11068	1.11234	9442	0	1
2014.10.15	04:00:00	1.11234	1.11460	1.11111	1.11460	7705	0	1
2014.10.15	08:00:00	1.11460	1.11494	1.11265	1.11333	13111	0	1
2014.10.15	12:00:00	1.11337	1.11417	1.10545	1.10956	20433	0	1
2014.10.15	16:00:00	1.10956	1.11131	1.09831	1.10022	22488	0	1
2014.10.15	20:00:00	1.10020	1.10597	1.09820	1.10463	10822	0	1
2014.10.16	00:00:00	1.10463	1.10500	1.10160	1.10248	11518	0	1
2014.10.16	04:00:00	1.10250	1.10255	1.09929	1.10039	7847	0	1
2014.10.16	08:00:00	1.10039	1.10299	1.09954	1.10205	21792	0	1
2014.10.16	12:00:00	1.10200	1.10271	1.09930	1.10183	19649	0	1
2014.10.16	16:00:00	1.10190	1.10371	1.10035	1.10236	22679	0	1
2014.10.16	20:00:00	1.10236	1.10357	1.10020	1.10206	10052	0	1
2014.10.17	00:00:00	1.10221	1.10883	1.10081	1.10470	11301	0	1
2014.10.17	04:00:00	1.10469	1.10535	1.10079	1.10126	9956	0	1
2014.10.17	08:00:00	1.10126	1.10492	1.10033	1.10418	12486	0	1
2014.10.17	12:00:00	1.10413	1.10626	1.10381	1.10488	11171	0	1
2014.10.17	16:00:00	1.10488	1.10569	1.10187	1.10565	12516	0	1
2014.10.17	20:00:00	1.10560	1.10623	1.10288	1.10389	3879	0	16
2014.10.20	00:00:00	1.10487	1.10574	1.10346	1.10417	10349	0	16
2014.10.20	04:00:00	1.10418	1.10458	1.10261	1.10292	8702	0	16
2014.10.20	08:00:00	1.10293	1.10372	1.10152	1.10279	10013	0	16
2014.10.20	12:00:00	1.10281	1.10389	1.10186	1.10295	9359	0	17
2014.10.20	16:00:00	1.10294	1.10361	1.10186	1.10248	8895	0	16
2014.10.20	20:00:00	1.10251	1.10349	1.10174	1.10196	7076	0	16
2014.10.21	00:00:00	1.10196	1.10307	1.10091	1.10141	11098	0	16
2014.10.21	04:00:00	1.10160	1.10501	1.09837	1.10122	16941	0	16
2014.10.21	08:00:00	1.10122	1.10274	1.10040	1.10263	14468	0	16
2014.10.21	12:00:00	1.10264	1.10318	1.10154	1.10215	13560	0	16
2014.10.21	16:00:00	1.10216	1.10417	1.10214	1.10348	11404	0	16
2014.10.21	20:00:00	1.10345	1.10430	1.10149	1.10280	7839	0	16
2014.10.22	00:00:00	1.10280	1.10291	1.09729	1.10105	10178	0	16
2014.10.22	04:00:00	1.10104	1.10224	1.10095	1.10186	9288	0	16
2014.10.22	08:00:00	1.10188	1.10248	1.10052	1.10198	10600	0	16
2014.10.22	12:00:00	1.10199	1.10589	1.10159	1.10573	10812	0	16
2014.10.22	16:00:00	1.10569	1.10773	1.10495	1.10557	10652	0	16
2014.10.22	20:00:00	1.10568	1.11360	1.10537	1.11300	9091	0	16
2014.10.23	00:00:00	1.11300	1.11786	1.11282	1.11647	12526	0	16
2014.10.23	04:00:00	1.11647	1.11716	1.11416	1.11565	8514	0	16
2014.10.23	08:00:00	1.11566	1.11934	1.11559	1.11871	14160	0	16
2014.10.23	12:00:00	1.11871	1.11982	1.11780	1.11852	11196	0	16
2014.10.23	16:00:00	1.11855	1.12042	1.11756	1.11954	11403	0	16
2014.10.23	20:00:00	1.11954	1.12242	1.11786	1.12064	7414	0	16
2014.10.24	00:00:00	1.12066	1.12132	1.11594	1.11694	11066	0	16
2014.10.24	04:00:00	1.11694	1.11869	1.11662	1.11805	8618	0	16
2014.10.24	08:00:00	1.11802	1.11990	1.11765	1.11919	10100	0	16
2014.10.24	12:00:00	1.11919	1.12105	1.11828	1.11981	10986	0	16
2014.10.24	16:00:00	1.11982	1.12187	1.11895	1.12116	15349	0	12
2014.10.24	20:00:00	1.12111	1.12124	1.11776	1.11962	7069	0	11
2014.10.27	00:00:00	1.12029	1.12264	1.11874	1.11938	14853	0	11
2014.10.27	04:00:00	1.11939	1.12019	1.11823	1.11858	8457	0	16
2014.10.27	08:00:00	1.11858	1.11910	1.11659	1.11795	8859	0	16
2014.10.27	12:00:00	1.11796	1.11819	1.11550	1.11692	9890	0	16
2014.10.27	16:00:00	1.11694	1.11700	1.11485	1.11507	6613	0	16
2014.10.27	20:00:00	1.11503	1.11577	1.11338	1.11531	2731	0	16
2014.10.28	00:00:00	1.11531	1.11697	1.11498	1.11658	6850	0	16
2014.10.28	04:00:00	1.11658	1.11682	1.11534	1.11581	6666	0	1
2014.10.28	08:00:00	1.11581	1.11896	1.11578	1.11863	9451	0	1
2014.10.28	12:00:00	1.11864	1.11991	1.11533	1.11605	14007	0	1
2014.10.28	16:00:00	1.11605	1.11716	1.11541	1.11661	6779	0	20
2014.10.28	20:00:00	1.11665	1.11834	1.11655	1.11818	4230	0	20
2014.10.29	00:00:00	1.11818	1.11909	1.11685	1.11840	7851	0	20
2014.10.29	04:00:00	1.11841	1.11902	1.11639	1.11695	5915	0	20
2014.10.29	08:00:00	1.11695	1.11840	1.11670	1.11804	8643	0	20
2014.10.29	12:00:00	1.11804	1.12006	1.11648	1.11713	11621	0	20
2014.10.29	16:00:00	1.11717	1.12307	1.11671	1.12094	17811	0	20
2014.10.29	20:00:00	1.12089	1.12965	1.12075	1.12470	12835	0	20
2014.10.30	00:00:00	1.12470	1.12723	1.12345	1.12471	13209	0	20
2014.10.30	04:00:00	1.12470	1.12621	1.12346	1.12421	9859	0	20
2014.10.30	08:00:00	1.12426	1.12688	1.12416	1.12622	16142	0	20
2014.10.30	12:00:00	1.12622	1.12789	1.12463	1.12576	18344	0	15
2014.10.30	16:00:00	1.12576	1.12644	1.12430	1.12519	12415	0	20
2014.10.30	20:00:00	1.12519	1.12721	1.12494	1.12643	5953	0	20
2014.10.31	00:00:00	1.12641	1.12734	1.12552	1.12658	8743	0	20
2014.10.31	04:00:00	1.12659	1.12684	1.12089	1.12173	15539	0	20
2014.10.31	08:00:00	1.12172	1.12384	1.11964	1.12281	17206	0	20
2014.10.31	12:00:00	1.12282	1.12817	1.12096	1.12713	23782	0	20
2014.10.31	16:00:00	1.12711	1.13026	1.12664	1.12957	11960	0	20
2014.10.31	20:00:00	1.12956	1.12961	1.12832	1.12840	2153	0	20
2014.11.03	00:00:00	1.12617	1.12659	1.12282	1.12368	15271	0	20
2014.11.03	04:00:00	1.12364	1.12411	1.12209	1.12301	6781	0	20
2014.11.03	08:00:00	1.12301	1.12527	1.12296	1.12442	11054	0	20
2014.11.03	12:00:00	1.12442	1.12672	1.12363	1.12581	13507	0	20
2014.11.03	16:00:00	1.12587	1.12836	1.12461	1.12519	13875	0	20
2014.11.03	20:00:00	1.12519	1.12611	1.12140	1.12211	8726	0	20
2014.11.04	00:00:00	1.12213	1.12482	1.12085	1.12280	12668	0	20
2014.11.04	04:00:00	1.12286	1.12743	1.12199	1.12656	11906	0	20
2014.11.04	08:00:00	1.12649	1.12739	1.12449	1.12511	12136	0	20
2014.11.04	12:00:00	1.12511	1.12574	1.12279	1.12432	11987	0	20
2014.11.04	16:00:00	1.12432	1.12467	1.12053	1.12265	14793	0	20
2014.11.04	20:00:00	1.12271	1.12492	1.11607	1.11664	8743	0	20
2014.11.05	00:00:00	1.11659	1.11874	1.11627	1.11814	10681	0	20
2014.11.05	04:00:00	1.11814	1.11814	1.11549	1.11577	10373	0	16
2014.11.05	08:00:00	1.11577	1.11807	1.11432	1.11466	17486	0	16
2014.11.05	12:00:00	1.11464	1.11536	1.11133	1.11286	18601	0	16
2014.11.05	16:00:00	1.11295	1.11500	1.11016	1.11037	17626	0	16
2014.11.05	20:00:00	1.11037	1.11269	1.10913	1.11214	8877	0	16
2014.11.06	00:00:00	1.11217	1.11599	1.11103	1.11430	15810	0	16
2014.11.06	04:00:00	1.11430	1.11546	1.11185	1.11260	16181	0	16
2014.11.06	08:00:00	1.11260	1.11313	1.11098	1.11289	12994	0	2
2014.11.06	12:00:00	1.11289	1.11390	1.11148	1.11322	15112	0	16
2014.11.06	16:00:00	1.11318	1.11490	1.11157	1.11436	14073	0	16
2014.11.06	20:00:00	1.11436	1.11444	1.11209	1.11210	6785	0	16
2014.11.07	00:00:00	1.11209	1.11481	1.11185	1.11447	12275	0	16
2014.11.07	04:00:00	1.11446	1.11611	1.11424	1.11477	10160	0	16
2014.11.07	08:00:00	1.11481	1.11742	1.11428	1.11696	12993	0	16
2014.11.07	12:00:00	1.11696	1.11748	1.11364	1.11557	21296	0	16
2014.11.07	16:00:00	1.11559	1.11569	1.11343	1.11455	18976	0	16
2014.11.07	20:00:00	1.11458	1.11537	1.11276	1.11380	5434	0	16
2014.11.10	00:00:00	1.11267	1.11501	1.11222	1.11305	10532	0	16
2014.11.10	04:00:00	1.11310	1.11356	1.11223	1.11276	7418	0	16
2014.11.10	08:00:00	1.11273	1.11314	1.10912	1.11095	9898	0	16
2014.11.10	12:00:00	1.11096	1.11286	1.11061	1.11151	8469	0	16
2014.11.10	16:00:00	1.11148	1.11239	1.11022	1.11189	10492	0	16
2014.11.10	20:00:00	1.11189	1.11269	1.11093	1.11214	4949	0	16
2014.11.11	00:00:00	1.11217	1.11419	1.11156	1.11415	8982	0	16
2014.11.11	04:00:00	1.11425	1.11502	1.11324	1.11384	11136	0	16
2014.11.11	08:00:00	1.11384	1.11452	1.11106	1.11190	12255	0	16
2014.11.11	12:00:00	1.11195	1.11314	1.11098	1.11113	10281	0	7
2014.11.11	16:00:00	1.11114	1.11245	1.11100	1.11212	13654	0	16
2014.11.11	20:00:00	1.11215	1.11602	1.11087	1.11268	10670	0	16
2014.11.12	00:00:00	1.11268	1.11385	1.11016	1.11116	13337	0	16
2014.11.12	04:00:00	1.11111	1.11117	1.10688	1.10786	11497	0	16
2014.11.12	08:00:00	1.10785	1.10927	1.10613	1.10815	14704	0	16
2014.11.12	12:00:00	1.10815	1.10909	1.10546	1.10716	13346	0	16
2014.11.12	16:00:00	1.10716	1.10807	1.10544	1.10677	13617	0	16
2014.11.12	20:00:00	1.10674	1.10782	1.10543	1.10743	9472	0	16
2014.11.13	00:00:00	1.10741	1.10844	1.10474	1.10617	10554	0	16
2014.11.13	04:00:00	1.10611	1.10680	1.10434	1.10559	9453	0	16
2014.11.13	08:00:00	1.10558	1.10601	1.10459	1.10512	10138	0	9
2014.11.13	12:00:00	1.10509	1.10681	1.10468	1.10606	10447	0	1
2014.11.13	16:00:00	1.10606	1.10642	1.10448	1.10511	13444	0	1
2014.11.13	20:00:00	1.10509	1.10794	1.10459	1.10690	7829	0	2
2014.11.14	00:00:00	1.10693	1.10754	1.10562	1.10668	8925	0	20
2014.11.14	04:00:00	1.10668	1.10827	1.10596	1.10647	7442	0	20
2014.11.14	08:00:00	1.10647	1.10699	1.10525	1.10538	9120	0	20
2014.11.14	12:00:00	1.10537	1.10556	1.10333	1.10528	10245	0	1
2014.11.14	16:00:00	1.10525	1.10664	1.10398	1.10602	13784	0	1
2014.11.14	20:00:00	1.10603	1.10740	1.10519	1.10579	7726	0	5
2014.11.17	00:00:00	1.10325	1.10418	1.10181	1.10252	17359	0	3
2014.11.17	04:00:00	1.10254	1.10411	1.10212	1.10408	12329	0	3
2014.11.17	08:00:00	1.10409	1.10419	1.10232	1.10265	11978	0	3
2014.11.17	12:00:00	1.10266	1.10314	1.10023	1.10068	12282	0	1
2014.11.17	16:00:00	1.10068	1.10073	1.09803	1.10013	9339	0	1
2014.11.17	20:00:00	1.10015	1.10081	1.09817	1.09878	5405	0	7
2014.11.18	00:00:00	1.09878	1.10020	1.09785	1.09841	12502	0	3
2014.11.18	04:00:00	1.09843	1.09905	1.09801	1.09813	9968	0	3
2014.11.18	08:00:00	1.09813	1.09902	1.09355	1.09438	15168	0	1
2014.11.18	12:00:00	1.09436	1.09989	1.09372	1.09840	13023	0	3
2014.11.18	16:00:00	1.09839	1.10027	1.09830	1.09899	10475	0	3
2014.11.18	20:00:00	1.09899	1.10112	1.09892	1.10034	6635	0	7
2014.11.19	00:00:00	1.10037	1.10224	1.10011	1.10069	10356	0	20
2014.11.19	04:00:00	1.10069	1.10169	1.09984	1.10071	9638	0	20
2014.11.19	08:00:00	1.10068	1.10179	1.09837	1.09845	12248	0	2
2014.11.19	12:00:00	1.09841	1.09923	1.09763	1.09837	10080	0	3
2014.11.19	16:00:00	1.09835	1.09853	1.09516	1.09516	9963	0	3
2014.11.19	20:00:00	1.09542	1.09817	1.09420	1.09636	12455	0	3
2014.11.20	00:00:00	1.09640	1.09886	1.09592	1.09711	10591	0	3
2014.11.20	04:00:00	1.09711	1.09719	1.09537	1.09574	10704	0	3
2014.11.20	08:00:00	1.09575	1.09737	1.09363	1.09691	13679	0	3
2014.11.20	12:00:00	1.09690	1.09725	1.09459	1.09579	12107	0	3
2014.11.20	16:00:00	1.09595	1.09688	1.09550	1.09648	10847	0	3
2014.11.20	20:00:00	1.09648	1.09688	1.09416	1.09582	6777	0	4
2014.11.21	00:00:00	1.09581	1.09750	1.09469	1.09522	8204	0	20
2014.11.21	04:00:00	1.09528	1.09603	1.09433	1.09505	6945	0	20
2014.11.21	08:00:00	1.09505	1.10005	1.09464	1.09973	14004	0	20
2014.11.21	12:00:00	1.09972	1.10163	1.09704	1.09971	11541	0	20
2014.11.21	16:00:00	1.09975	1.10116	1.09926	1.09931	9762	0	5
2014.11.21	20:00:00	1.09934	1.10015	1.09793	1.09960	4487	0	7
2014.11.24	00:00:00	1.09870	1.10114	1.09870	1.09926	10034	7272000000	15
2014.11.24	04:00:00	1.09925	1.10051	1.09887	1.09916	8726	6978000000	21
2014.11.24	08:00:00	1.09916	1.09981	1.09733	1.09785	10558	5215000000	6
2014.11.24	12:00:00	1.09782	1.09799	1.09582	1.09676	9107	0	5
2014.11.24	16:00:00	1.09682	1.09717	1.09544	1.09602	9940	0	3
2014.11.24	20:00:00	1.09601	1.09644	1.09504	1.09545	7774	0	7
2014.11.25	00:00:00	1.09565	1.09619	1.09384	1.09516	8470	74500000	20
2014.11.25	04:00:00	1.09515	1.09857	1.09505	1.09825	8411	33000000	20
2014.11.25	08:00:00	1.09824	1.09866	1.09410	1.09525	11493	55500000	6
2014.11.25	12:00:00	1.09525	1.09654	1.09438	1.09487	9822	29000000	5
2014.11.25	16:00:00	1.09494	1.09574	1.09116	1.09236	12559	2000000	20
2014.11.25	20:00:00	1.09236	1.09280	1.09099	1.09174	5252	14500000	20
2014.11.26	00:00:00	1.09179	1.09337	1.09155	1.09242	6104	47500000	20
2014.11.26	04:00:00	1.09242	1.09262	1.09103	1.09186	5472	49000000	20
2014.11.26	08:00:00	1.09190	1.09213	1.08548	1.08680	12160	11000000	20
2014.11.26	12:00:00	1.08687	1.08783	1.08270	1.08363	11137	0	20
2014.11.26	16:00:00	1.08363	1.08393	1.08196	1.08350	10279	0	20
2014.11.26	20:00:00	1.08344	1.08652	1.08258	1.08515	7378	0	9
2014.11.27	00:00:00	1.08525	1.08735	1.08274	1.08666	7081	0	20
2014.11.27	04:00:00	1.08669	1.08737	1.08423	1.08497	7430	0	20
2014.11.27	08:00:00	1.08497	1.08841	1.08474	1.08693	9868	0	3
2014.11.27	12:00:00	1.08693	1.08731	1.08487	1.08549	8508	0	5
2014.11.27	16:00:00	1.08552	1.08699	1.08527	1.08564	8974	0	4
2014.11.27	20:00:00	1.08559	1.08688	1.08479	1.08548	5167	0	13
2014.11.28	00:00:00	1.08555	1.08678	1.08347	1.08432	9336	0	20
2014.11.28	04:00:00	1.08432	1.08502	1.08326	1.08414	7024	0	20
2014.11.28	08:00:00	1.08411	1.08497	1.08293	1.08481	7788	0	20
2014.11.28	12:00:00	1.08485	1.08546	1.08302	1.08396	7435	0	20
2014.11.28	16:00:00	1.08395	1.08761	1.08207	1.08420	8626	0	20
2014.11.28	20:00:00	1.08420	1.08581	1.08224	1.08442	3841	0	20
2014.12.01	00:00:00	1.08259	1.08576	1.08160	1.08259	9983	0	20
2014.12.01	04:00:00	1.08260	1.08299	1.07964	1.07985	6094	0	20
2014.12.01	08:00:00	1.07985	1.08111	1.07871	1.07954	11326	0	20
2014.12.01	12:00:00	1.07951	1.08092	1.07844	1.07986	8241	0	20
2014.12.01	16:00:00	1.07989	1.07992	1.07629	1.07821	10251	0	20
2014.12.01	20:00:00	1.07819	1.08032	1.07796	1.07910	3879	0	20
2014.12.02	00:00:00	1.07893	1.08075	1.07751	1.07830	6285	0	20
2014.12.02	04:00:00	1.07829	1.08128	1.07715	1.08031	6805	0	20
2014.12.02	08:00:00	1.08035	1.08305	1.08024	1.08101	8857	0	20
2014.12.02	12:00:00	1.08101	1.08117	1.07806	1.08011	9273	0	12
2014.12.02	16:00:00	1.08008	1.08452	1.07875	1.08326	11581	0	3
2014.12.02	20:00:00	1.08319	1.08387	1.08144	1.08144	7492	0	9
2014.12.03	00:00:00	1.08183	1.08469	1.07805	1.07964	11172	0	3
2014.12.03	04:00:00	1.07964	1.08110	1.07835	1.07873	10157	0	3
2014.12.03	08:00:00	1.07875	1.08257	1.07773	1.08239	10596	0	3
2014.12.03	12:00:00	1.08238	1.08446	1.08155	1.08195	10912	0	3
2014.12.03	16:00:00	1.08189	1.08481	1.08152	1.08428	11985	0	3
2014.12.03	20:00:00	1.08424	1.08589	1.08210	1.08213	7893	0	15
2014.12.04	00:00:00	1.08243	1.08560	1.08174	1.08429	10458	0	3
2014.12.04	04:00:00	1.08428	1.08441	1.08085	1.08092	9542	0	4
2014.12.04	08:00:00	1.08090	1.08239	1.07954	1.08036	10877	0	3
2014.12.04	12:00:00	1.08039	1.08196	1.07997	1.08076	11154	0	3
2014.12.04	16:00:00	1.08077	1.08087	1.07565	1.07778	15220	0	3
2014.12.04	20:00:00	1.07778	1.07817	1.07622	1.07652	7149	0	10
2014.12.05	00:00:00	1.07656	1.07873	1.07616	1.07791	9987	0	3
2014.12.05	04:00:00	1.07790	1.07881	1.07712	1.07840	8546	0	3
2014.12.05	08:00:00	1.07841	1.07988	1.07757	1.07819	8450	0	4
2014.12.05	12:00:00	1.07819	1.08024	1.07666	1.07729	11915	0	6
2014.12.05	16:00:00	1.07735	1.07969	1.07615	1.07939	13272	0	6
2014.12.05	20:00:00	1.07936	1.08053	1.07775	1.07791	5219	0	5
2014.12.08	00:00:00	1.07738	1.08377	1.07738	1.08360	11017	6970500000	1
2014.12.08	04:00:00	1.08360	1.08621	1.08109	1.08226	11387	7549500000	1
2014.12.08	08:00:00	1.08224	1.08601	1.08113	1.08570	11626	8471500000	1
2014.12.08	12:00:00	1.08570	1.08681	1.08354	1.08423	10315	6109000000	1
2014.12.08	16:00:00	1.08420	1.08533	1.08208	1.08243	10900	7223000000	2
2014.12.08	20:00:00	1.08234	1.08397	1.08131	1.08293	9682	6654899000	1
2014.12.09	00:00:00	1.08203	1.08471	1.08126	1.08179	11582	8568500000	2
2014.12.09	04:00:00	1.08176	1.08216	1.07864	1.07878	11794	8933500000	1
2014.12.09	08:00:00	1.07878	1.08011	1.07640	1.07982	14093	11990500000	3
2014.12.09	12:00:00	1.07982	1.08100	1.07958	1.07978	12753	11737000000	1
2014.12.09	16:00:00	1.07978	1.08074	1.07694	1.07841	15995	13163000000	1
2014.12.09	20:00:00	1.07837	1.08214	1.07683	1.07911	10763	7211400000	3
2014.12.10	00:00:00	1.07960	1.08122	1.07806	1.07887	11071	7863470000	1
2014.12.10	04:00:00	1.07886	1.08088	1.07696	1.07994	10840	8099500000	1
2014.12.10	08:00:00	1.07994	1.08114	1.07879	1.07961	10968	9296500000	2
2014.12.10	12:00:00	1.07956	1.08090	1.07907	1.07961	10505	6357500000	8
2014.12.10	16:00:00	1.07958	1.07960	1.07526	1.07652	13568	9259500000	1
2014.12.10	20:00:00	1.07655	1.07955	1.06214	1.06382	13011	9232000000	2
2014.12.11	00:00:00	1.06271	1.06960	1.06225	1.06593	13579	10783500000	1
2014.12.11	04:00:00	1.06593	1.06815	1.06547	1.06698	9343	8527000000	2
2014.12.11	08:00:00	1.06699	1.06710	1.05862	1.06012	12396	9488500000	1
2014.12.11	12:00:00	1.06008	1.06130	1.05364	1.05838	12650	9532500000	2
2014.12.11	16:00:00	1.05838	1.06025	1.05779	1.05916	11839	8891000000	2
2014.12.11	20:00:00	1.05900	1.05944	1.05684	1.05730	8046	6113000000	3
2014.12.12	00:00:00	1.05605	1.06127	1.05605	1.05865	10018	7856500000	2
2014.12.12	04:00:00	1.05866	1.06162	1.05865	1.06088	9572	7758000000	1
2014.12.12	08:00:00	1.06093	1.06147	1.05798	1.05848	10625	8447500000	2
2014.12.12	12:00:00	1.05841	1.06136	1.05799	1.05920	10740	7925500000	6
2014.12.12	16:00:00	1.05920	1.06248	1.05813	1.06129	12216	8407000000	1
2014.12.12	20:00:00	1.06129	1.06231	1.05841	1.05841	7506	2000000	29
2014.12.15	00:00:00	1.05646	1.06097	1.05643	1.05859	13238	8888500000	3
2014.12.15	04:00:00	1.05859	1.06357	1.05848	1.06344	10176	7631000000	4
2014.12.15	08:00:00	1.06344	1.06490	1.06161	1.06376	10733	7930000000	2
2014.12.15	12:00:00	1.06375	1.06455	1.06055	1.06104	9635	5551000000	7
2014.12.15	16:00:00	1.06102	1.06248	1.05978	1.06226	13524	9496500000	3
2014.12.15	20:00:00	1.06219	1.06287	1.05839	1.05839	8979	5973000000	2
2014.12.16	00:00:00	1.05751	1.06311	1.05751	1.06231	11599	8585000000	2
2014.12.16	04:00:00	1.06236	1.06291	1.06162	1.06213	11199	8692500000	4
2014.12.16	08:00:00	1.06214	1.06456	1.06092	1.06097	13578	13111500000	1
2014.12.16	12:00:00	1.06091	1.06108	1.05239	1.05449	15705	15961500000	3
2014.12.16	16:00:00	1.05443	1.05742	1.05189	1.05479	13728	12691500000	2
2014.12.16	20:00:00	1.05487	1.05551	1.05219	1.05317	9801	6315500000	1
2014.12.17	00:00:00	1.05221	1.05782	1.05205	1.05755	10230	7357000000	1
2014.12.17	04:00:00	1.05753	1.05768	1.05315	1.05337	9945	8338000000	1
2014.12.17	08:00:00	1.05337	1.05996	1.05322	1.05862	11797	9513500000	7
2014.12.17	12:00:00	1.05860	1.05860	1.05600	1.05675	11214	10642500000	10
2014.12.17	16:00:00	1.05675	1.05854	1.05537	1.05579	13065	10976500000	3
2014.12.17	20:00:00	1.05570	1.05872	1.04769	1.05315	15735	11565500000	1
2014.12.18	00:00:00	1.05274	1.05764	1.05261	1.05736	9560	6627500000	4
2014.12.18	04:00:00	1.05739	1.05761	1.05379	1.05398	8939	7817500000	1
2014.12.18	08:00:00	1.05395	1.05823	1.05327	1.05741	14413	13882000000	2
2014.12.18	12:00:00	1.05741	1.05797	1.05559	1.05773	12060	12023500000	3
2014.12.18	16:00:00	1.05775	1.05807	1.05213	1.05349	12328	10104350000	1
2014.12.18	20:00:00	1.05346	1.05398	1.05063	1.05063	9178	6074500000	11
2014.12.19	00:00:00	1.04898	1.05235	1.04898	1.05131	11836	8371500000	1
2014.12.19	04:00:00	1.05131	1.05203	1.04937	1.05094	10331	7594000000	1
2014.12.19	08:00:00	1.05090	1.05167	1.04889	1.04993	10392	10034500000	2
2014.12.19	12:00:00	1.04993	1.05194	1.04988	1.05052	10694	11385500000	4
2014.12.19	16:00:00	1.05052	1.05073	1.04889	1.04936	11160	9294000000	2
2014.12.19	20:00:00	1.04936	1.05152	1.04549	1.04549	6378	3986000000	0
2014.12.22	00:00:00	1.05065	1.05499	1.05010	1.05338	21708	14288850000	18
2014.12.22	04:00:00	1.05338	1.05436	1.05206	1.05426	19157	9656200000	21
2014.12.22	08:00:00	1.05423	1.05573	1.04838	1.04913	24305	12524750000	25
2014.12.22	12:00:00	1.04909	1.05070	1.04878	1.04947	20578	9586150000	27
2014.12.22	16:00:00	1.04947	1.05228	1.04934	1.05200	20499	6828650000	18
2014.12.22	20:00:00	1.05199	1.05232	1.05087	1.05137	17949	10589900000	22
2014.12.23	00:00:00	1.05144	1.05210	1.04983	1.05072	19016	9312250000	22
2014.12.23	04:00:00	1.05072	1.05073	1.04838	1.04864	16732	9825400000	22
2014.12.23	08:00:00	1.04864	1.04954	1.04747	1.04854	21123	13100950000	25
2014.12.23	12:00:00	1.04854	1.05035	1.04797	1.04942	21151	8268000000	22
2014.12.23	16:00:00	1.04942	1.05147	1.04827	1.05123	22080	9449400000	23
2014.12.23	20:00:00	1.05123	1.05153	1.04979	1.05067	15365	11121700000	26
2014.12.24	00:00:00	1.05067	1.05212	1.04907	1.05087	22772	13533650000	14
2014.12.24	04:00:00	1.05088	1.05124	1.04937	1.05070	15531	13205700000	27
2014.12.24	08:00:00	1.05070	1.05070	1.04865	1.04893	18068	9724400000	34
2014.12.24	12:00:00	1.04895	1.05085	1.04859	1.04919	16964	10161450000	36
2014.12.24	16:00:00	1.04919	1.05120	1.04911	1.04918	15238	14873200000	30
2014.12.26	08:00:00	1.04905	1.04937	1.04832	1.04832	9354	11953500000	43
2014.12.26	12:00:00	1.04832	1.04915	1.04719	1.04742	14214	13166450000	39
2014.12.26	16:00:00	1.04742	1.04796	1.04492	1.04547	16491	4945900000	19
2014.12.26	20:00:00	1.04547	1.04669	1.04506	1.04506	22186	10986000000	28
2014.12.29	00:00:00	1.04700	1.04762	1.04617	1.04735	21055	11913850000	3
2014.12.29	04:00:00	1.04736	1.04791	1.04568	1.04570	15266	7213250000	27
2014.12.29	08:00:00	1.04572	1.04680	1.04558	1.04601	22487	15138950000	21
2014.12.29	12:00:00	1.04601	1.04720	1.04499	1.04508	21955	7912750000	21
2014.12.29	16:00:00	1.04508	1.04620	1.04440	1.04555	19299	11677300000	26
2014.12.29	20:00:00	1.04549	1.04588	1.04313	1.04323	17343	9927050000	28
2014.12.30	00:00:00	1.04328	1.04556	1.04303	1.04416	16229	11952700000	25
2014.12.30	04:00:00	1.04416	1.04529	1.04367	1.04494	15080	12302450000	20
2014.12.30	08:00:00	1.04494	1.04524	1.04207	1.04402	24670	15269550000	23
2014.12.30	12:00:00	1.04402	1.04462	1.04256	1.04429	22018	14411100000	24
2014.12.30	16:00:00	1.04429	1.04559	1.04371	1.04371	22962	13223650000	27
2014.12.30	20:00:00	1.04371	1.04535	1.04364	1.04410	14478	7165450000	10
2014.12.31	00:00:00	1.04410	1.04669	1.04410	1.04665	16911	10558400000	20
2014.12.31	04:00:00	1.04664	1.04673	1.04490	1.04539	17344	12487150000	19
2014.12.31	08:00:00	1.04542	1.04547	1.04400	1.04470	17239	11082150000	32
2014.12.31	12:00:00	1.04470	1.04736	1.04467	1.04623	19944	8052050000	26
2014.12.31	16:00:00	1.04623	1.04878	1.04503	1.04708	22446	10192800000	10
2014.12.31	20:00:00	1.04702	1.04702	1.04702	1.04702	3	3000000	47
2015.01.02	08:00:00	1.04914	1.05085	1.04807	1.05056	11797	0	52
2015.01.02	12:00:00	1.05057	1.05234	1.04901	1.05142	13966	0	52
2015.01.02	16:00:00	1.05138	1.05326	1.05044	1.05320	14896	0	52
2015.01.02	20:00:00	1.05318	1.05322	1.04841	1.04889	7051	0	52
2015.01.05	00:00:00	1.04851	1.05513	1.04825	1.05385	15028	0	97
2015.01.05	04:00:00	1.05386	1.05676	1.05323	1.05375	10309	0	52
2015.01.05	08:00:00	1.05376	1.05566	1.05313	1.05373	16001	0	52
2015.01.05	12:00:00	1.05372	1.05394	1.05069	1.05106	16682	0	52
2015.01.05	16:00:00	1.05107	1.05149	1.04976	1.05090	15296	0	52
2015.01.05	20:00:00	1.05090	1.05213	1.04959	1.05085	6660	0	52
2015.01.06	00:00:00	1.05085	1.05393	1.05032	1.05256	9983	0	97
2015.01.06	04:00:00	1.05254	1.05293	1.05126	1.05205	11694	0	52
2015.01.06	08:00:00	1.05205	1.05287	1.04968	1.05049	17741	0	52
2015.01.06	12:00:00	1.05049	1.05154	1.04806	1.04853	16387	0	52
2015.01.06	16:00:00	1.04854	1.04889	1.03889	1.04008	22847	0	52
2015.01.06	20:00:00	1.04009	1.04242	1.03969	1.04039	12443	0	52
2015.01.07	00:00:00	1.04034	1.04307	1.03927	1.04002	11689	0	97
2015.01.07	04:00:00	1.04003	1.04141	1.04000	1.04058	9123	0	52
2015.01.07	08:00:00	1.04056	1.04151	1.03919	1.04010	16832	0	52
2015.01.07	12:00:00	1.04005	1.04244	1.03978	1.04167	18006	0	52
2015.01.07	16:00:00	1.04166	1.04193	1.03751	1.03800	16261	0	52
2015.01.07	20:00:00	1.03802	1.03818	1.03513	1.03711	13693	0	52
2015.01.08	00:00:00	1.03713	1.04229	1.03665	1.04148	10666	0	97
2015.01.08	04:00:00	1.04147	1.04152	1.03958	1.03992	8817	0	52
2015.01.08	08:00:00	1.03991	1.04006	1.03793	1.03834	16228	0	52
2015.01.08	12:00:00	1.03831	1.04144	1.03760	1.03980	15759	0	52
2015.01.08	16:00:00	1.03981	1.03999	1.03727	1.03855	15817	0	52
2015.01.08	20:00:00	1.03855	1.03913	1.03708	1.03709	8669	0	52
2015.01.09	00:00:00	1.03711	1.03937	1.03703	1.03887	10812	0	97
2015.01.09	04:00:00	1.03888	1.03920	1.03760	1.03900	9145	0	52
2015.01.09	08:00:00	1.03901	1.03994	1.03755	1.03903	14626	0	52
2015.01.09	12:00:00	1.03902	1.04376	1.03801	1.04365	17018	0	52
2015.01.09	16:00:00	1.04368	1.04871	1.04301	1.04635	21512	0	52
2015.01.09	20:00:00	1.04635	1.04710	1.04440	1.04441	7400	0	52
2015.01.12	00:00:00	1.04573	1.04886	1.04458	1.04754	9554	0	97
2015.01.12	04:00:00	1.04755	1.05116	1.04670	1.05115	9447	0	52
2015.01.12	08:00:00	1.05111	1.05155	1.04777	1.05051	17495	0	52
2015.01.12	12:00:00	1.05050	1.05131	1.04900	1.05079	17352	0	52
2015.01.12	16:00:00	1.05079	1.05110	1.04864	1.04999	17256	0	52
2015.01.12	20:00:00	1.04998	1.05027	1.04666	1.04666	8734	0	52
2015.01.13	00:00:00	1.04664	1.05078	1.04664	1.04995	10709	0	97
2015.01.13	04:00:00	1.04993	1.05138	1.04933	1.04988	11833	0	52
2015.01.13	08:00:00	1.04989	1.05101	1.04921	1.04925	17450	0	52
2015.01.13	12:00:00	1.04924	1.05437	1.04898	1.05425	17215	0	52
2015.01.13	16:00:00	1.05425	1.05641	1.05300	1.05587	16532	0	52
2015.01.13	20:00:00	1.05584	1.05667	1.05400	1.05401	11733	0	52
2015.01.14	00:00:00	1.05401	1.05649	1.05379	1.05383	9900	0	97
2015.01.14	04:00:00	1.05385	1.05417	1.04823	1.04868	14594	0	52
2015.01.14	08:00:00	1.04868	1.05294	1.04557	1.05225	22323	0	52
2015.01.14	12:00:00	1.05221	1.05353	1.04989	1.05123	19611	0	52
2015.01.14	16:00:00	1.05124	1.05496	1.05079	1.05410	20028	0	52
2015.01.14	20:00:00	1.05411	1.05555	1.05335	1.05501	11693	0	52
2015.01.15	00:00:00	1.05528	1.06348	1.05252	1.06139	13060	0	97
2015.01.15	04:00:00	1.06142	1.06218	1.05920	1.06203	10952	0	52
2015.01.15	08:00:00	1.06203	1.06332	1.04636	1.05099	20804	0	52
2015.01.15	12:00:00	1.05066	1.05594	1.04902	1.05132	28081	0	54
2015.01.15	16:00:00	1.05134	1.05819	1.04882	1.04914	24139	0	52
2015.01.15	20:00:00	1.04915	1.05258	1.04722	1.04835	12941	0	52
2015.01.16	00:00:00	1.04841	1.05282	1.04685	1.04887	12521	0	97
2015.01.16	04:00:00	1.04889	1.05122	1.04845	1.05032	12764	0	52
2015.01.16	08:00:00	1.05031	1.05393	1.04881	1.05315	15637	0	52
2015.01.16	12:00:00	1.05311	1.05440	1.05153	1.05162	11951	0	52
2015.01.16	16:00:00	1.05165	1.05605	1.05070	1.05537	22755	0	52
2015.01.16	20:00:00	1.05536	1.05796	1.05328	1.05340	8811	0	54
2015.01.19	00:00:00	1.05582	1.05789	1.05406	1.05499	8804	0	27
2015.01.19	04:00:00	1.05499	1.05588	1.05227	1.05412	8098	0	13
2015.01.19	08:00:00	1.05431	1.05507	1.05209	1.05265	8994	0	9
2015.01.19	12:00:00	1.05262	1.05597	1.05167	1.05597	5973	0	64
2015.01.19	16:00:00	1.05591	1.05718	1.05502	1.05548	5403	0	9
2015.01.19	20:00:00	1.05540	1.05606	1.05373	1.05444	11710	0	73
2015.01.20	00:00:00	1.05427	1.05634	1.05318	1.05569	10922	0	58
2015.01.20	04:00:00	1.05572	1.05923	1.05420	1.05874	9952	0	23
2015.01.20	08:00:00	1.05873	1.06110	1.05809	1.06008	8532	0	56
2015.01.20	12:00:00	1.06009	1.06345	1.05962	1.06224	8152	0	37
2015.01.20	16:00:00	1.06227	1.06391	1.06076	1.06301	8070	0	64
2015.01.20	20:00:00	1.06302	1.07076	1.06274	1.06891	8727	0	37
2015.01.21	00:00:00	1.06950	1.06996	1.06651	1.06949	12324	0	65
2015.01.21	04:00:00	1.06950	1.07248	1.06849	1.07172	11276	0	26
2015.01.21	08:00:00	1.07172	1.07283	1.06917	1.07139	9777	0	57
2015.01.21	12:00:00	1.07137	1.07245	1.06875	1.06973	8811	0	64
2015.01.21	16:00:00	1.06973	1.07186	1.06630	1.06825	17132	0	63
2015.01.21	20:00:00	1.06803	1.07177	1.06729	1.06963	11293	0	69
2015.01.22	00:00:00	1.06972	1.07158	1.06842	1.06992	13469	0	61
2015.01.22	04:00:00	1.06993	1.07217	1.06947	1.07148	14117	0	68
2015.01.22	08:00:00	1.07149	1.07380	1.07069	1.07218	10437	0	65
2015.01.22	12:00:00	1.07220	1.07547	1.07115	1.07501	10684	0	60
2015.01.22	16:00:00	1.07499	1.07546	1.07124	1.07353	12481	0	28
2015.01.22	20:00:00	1.07344	1.07490	1.06810	1.06892	10405	0	71
2015.01.23	00:00:00	1.06825	1.06995	1.06694	1.06759	12260	0	80
2015.01.23	04:00:00	1.06758	1.06827	1.06410	1.06611	12239	0	64
2015.01.23	08:00:00	1.06610	1.06766	1.06252	1.06442	13758	0	61
2015.01.23	12:00:00	1.06443	1.06694	1.05811	1.05857	15191	0	67
2015.01.23	16:00:00	1.05854	1.06278	1.05788	1.06191	9568	0	37
2015.01.23	20:00:00	1.06189	1.06256	1.05855	1.05962	6465	0	46
2015.01.26	00:00:00	1.05930	1.06344	1.05772	1.06187	12407	0	41
2015.01.26	04:00:00	1.06186	1.06247	1.05865	1.06236	7445	0	39
2015.01.26	08:00:00	1.06232	1.06371	1.05965	1.06103	10166	0	62
2015.01.26	12:00:00	1.06101	1.06548	1.06035	1.06535	8278	0	66
2015.01.26	16:00:00	1.06532	1.07040	1.06500	1.06954	9129	0	62
2015.01.26	20:00:00	1.06946	1.07057	1.06555	1.06665	10128	0	69
2015.01.27	00:00:00	1.06662	1.06662	1.06345	1.06617	11103	0	57
2015.01.27	04:00:00	1.06614	1.06892	1.06559	1.06850	11084	0	64
2015.01.27	08:00:00	1.06849	1.06902	1.06612	1.06863	10039	959500000	3
2015.01.27	12:00:00	1.06867	1.06910	1.06594	1.06692	9035	0	6
2015.01.27	16:00:00	1.06691	1.06831	1.06353	1.06449	8830	0	22
2015.01.27	20:00:00	1.06440	1.06520	1.06259	1.06447	6505	0	26
2015.01.28	00:00:00	1.06446	1.07451	1.06226	1.07189	11448	0	5
2015.01.28	04:00:00	1.07183	1.07397	1.07126	1.07335	5695	0	12
2015.01.28	08:00:00	1.07341	1.07384	1.06843	1.06991	9268	0	15
2015.01.28	12:00:00	1.06991	1.07035	1.06212	1.06320	9050	0	12
2015.01.28	16:00:00	1.06320	1.07012	1.06264	1.06884	8264	0	15
2015.01.28	20:00:00	1.06884	1.07938	1.06509	1.07756	14578	0	1
2015.01.29	00:00:00	1.07736	1.07935	1.07482	1.07558	12279	0	33
2015.01.29	04:00:00	1.07559	1.07596	1.07316	1.07496	10961	0	33
2015.01.29	08:00:00	1.07498	1.07656	1.06931	1.06995	13508	28000000	28
2015.01.29	12:00:00	1.06989	1.07141	1.06782	1.06853	12042	0	34
2015.01.29	16:00:00	1.06850	1.06981	1.06645	1.06694	11302	0	40
2015.01.29	20:00:00	1.06682	1.07020	1.06600	1.06738	9661	0	71
2015.01.30	00:00:00	1.06752	1.06984	1.06629	1.06803	10358	0	58
2015.01.30	04:00:00	1.06802	1.07006	1.06598	1.06858	12137	0	36
2015.01.30	08:00:00	1.06859	1.06921	1.06672	1.06844	10299	0	61
2015.01.30	12:00:00	1.06843	1.07195	1.06566	1.07175	11505	0	60
2015.01.30	16:00:00	1.07176	1.07371	1.06982	1.07057	9901	0	61
2015.01.30	20:00:00	1.07058	1.07185	1.06819	1.06846	6802	0	38
2015.02.02	00:00:00	1.06872	1.07190	1.06782	1.07093	10699	0	23
2015.02.02	04:00:00	1.07093	1.07172	1.06846	1.07070	5539	0	22
2015.02.02	08:00:00	1.07070	1.07321	1.07037	1.07200	9612	0	14
2015.02.02	12:00:00	1.07205	1.07381	1.07106	1.07180	8658	0	2
2015.02.02	16:00:00	1.07180	1.07259	1.06776	1.07056	9835	0	1
2015.02.02	20:00:00	1.07056	1.07135	1.06736	1.06756	6037	0	21
2015.02.03	00:00:00	1.06705	1.07019	1.06617	1.06905	9094	0	3
2015.02.03	04:00:00	1.06913	1.07054	1.05847	1.06286	13669	0	7
2015.02.03	08:00:00	1.06290	1.06481	1.06093	1.06463	10409	0	9
2015.02.03	12:00:00	1.06469	1.06540	1.06063	1.06151	9294	0	8
2015.02.03	16:00:00	1.06148	1.06412	1.05676	1.05949	12632	0	3
2015.02.03	20:00:00	1.05949	1.06163	1.05381	1.05821	12738	0	1
2015.02.04	00:00:00	1.05851	1.06119	1.05109	1.05265	10243	0	1
2015.02.04	04:00:00	1.05265	1.05482	1.05136	1.05376	6699	0	2
2015.02.04	08:00:00	1.05382	1.05613	1.05120	1.05453	19540	0	11
2015.02.04	12:00:00	1.05455	1.05716	1.05269	1.05390	18210	0	12
2015.02.04	16:00:00	1.05390	1.05404	1.05130	1.05220	19081	0	12
2015.02.04	20:00:00	1.05214	1.05479	1.05131	1.05175	17153	0	11
2015.02.05	00:00:00	1.05167	1.05510	1.05043	1.05378	17624	0	30
2015.02.05	04:00:00	1.05380	1.05483	1.05183	1.05255	13269	0	23
2015.02.05	08:00:00	1.05251	1.05771	1.05196	1.05623	17898	0	16
2015.02.05	12:00:00	1.05622	1.05849	1.05449	1.05524	18434	0	16
2015.02.05	16:00:00	1.05525	1.05796	1.05446	1.05475	16414	0	11
2015.02.05	20:00:00	1.05480	1.05566	1.05230	1.05393	15205	0	16
2015.02.06	00:00:00	1.05387	1.05856	1.05246	1.05627	14858	0	30
2015.02.06	04:00:00	1.05627	1.05660	1.05364	1.05445	10975	0	26
2015.02.06	08:00:00	1.05446	1.05722	1.05335	1.05647	12846	0	10
2015.02.06	12:00:00	1.05642	1.06114	1.04889	1.05812	15997	0	9
2015.02.06	16:00:00	1.05812	1.06126	1.05780	1.05990	17181	0	9
2015.02.06	20:00:00	1.05991	1.06118	1.05762	1.05830	12053	0	9
2015.02.09	00:00:00	1.05410	1.05749	1.05410	1.05443	13214	0	30
2015.02.09	04:00:00	1.05442	1.05468	1.05281	1.05291	9672	0	9
2015.02.09	08:00:00	1.05292	1.05398	1.05037	1.05229	11833	0	9
2015.02.09	12:00:00	1.05231	1.05491	1.05204	1.05288	11047	0	9
2015.02.09	16:00:00	1.05291	1.05395	1.05118	1.05291	11595	0	9
2015.02.09	20:00:00	1.05284	1.05325	1.05178	1.05220	11977	0	9
2015.02.10	00:00:00	1.05219	1.05423	1.05100	1.05265	14185	0	28
2015.02.10	04:00:00	1.05264	1.05402	1.05242	1.05327	11974	0	28
2015.02.10	08:00:00	1.05327	1.05396	1.04957	1.04984	15354	0	9
2015.02.10	12:00:00	1.04986	1.05254	1.04979	1.05090	18115	0	11
2015.02.10	16:00:00	1.05087	1.05148	1.04829	1.04919	17352	0	9
2015.02.10	20:00:00	1.04917	1.05030	1.04850	1.04914	13809	0	13
2015.02.11	00:00:00	1.04911	1.05024	1.04743	1.04770	12469	0	25
2015.02.11	04:00:00	1.04769	1.04794	1.04572	1.04719	12212	0	26
2015.02.11	08:00:00	1.04720	1.04820	1.04549	1.04569	13588	0	11
2015.02.11	12:00:00	1.04567	1.04676	1.04451	1.04550	15559	0	9
2015.02.11	16:00:00	1.04550	1.04646	1.04383	1.04432	12807	0	9
2015.02.11	20:00:00	1.04433	1.04871	1.04326	1.04657	7565	0	15
2015.02.12	00:00:00	1.04659	1.04826	1.04111	1.04139	12419	0	16
2015.02.12	04:00:00	1.04138	1.04377	1.04132	1.04257	12781	0	16
2015.02.12	08:00:00	1.04257	1.04657	1.04222	1.04290	18242	0	11
2015.02.12	12:00:00	1.04288	1.04370	1.03895	1.04027	17267	0	11
2015.02.12	16:00:00	1.04029	1.04285	1.03853	1.04081	21442	0	10
2015.02.12	20:00:00	1.04079	1.04234	1.04050	1.04133	14143	0	14
2015.02.13	00:00:00	1.04135	1.04433	1.03989	1.04200	14652	0	29
2015.02.13	04:00:00	1.04199	1.04490	1.04177	1.04448	14510	0	27
2015.02.13	08:00:00	1.04447	1.04524	1.04077	1.04171	14250	0	13
2015.02.13	12:00:00	1.04175	1.04307	1.04081	1.04228	11937	0	9
2015.02.13	16:00:00	1.04226	1.04289	1.04025	1.04150	12689	0	9
2015.02.13	20:00:00	1.04152	1.04203	1.03354	1.03873	8103	0	9
2015.02.16	00:00:00	1.03889	1.03907	1.03709	1.03728	12586	0	15
2015.02.16	04:00:00	1.03729	1.03798	1.03668	1.03784	13711	0	9
2015.02.16	08:00:00	1.03782	1.03856	1.03320	1.03394	11326	0	9
2015.02.16	12:00:00	1.03395	1.03605	1.03387	1.03554	9951	0	9
2015.02.16	16:00:00	1.03557	1.03590	1.03447	1.03494	13847	0	10
2015.02.16	20:00:00	1.03495	1.03718	1.03449	1.03575	17747	0	32
2015.02.17	00:00:00	1.03570	1.03736	1.03379	1.03568	15038	0	34
2015.02.17	04:00:00	1.03567	1.03812	1.03521	1.03633	12600	0	28
2015.02.17	08:00:00	1.03637	1.03798	1.03574	1.03630	15354	0	9
2015.02.17	12:00:00	1.03632	1.03832	1.03617	1.03682	15723	0	9
2015.02.17	16:00:00	1.03681	1.03935	1.03424	1.03854	17405	0	10
2015.02.17	20:00:00	1.03853	1.03883	1.03533	1.03643	15890	0	16
2015.02.18	00:00:00	1.03642	1.03750	1.03552	1.03699	12685	0	31
2015.02.18	04:00:00	1.03697	1.03824	1.03628	1.03652	11482	0	24
2015.02.18	08:00:00	1.03651	1.03748	1.03512	1.03543	13362	0	9
2015.02.18	12:00:00	1.03543	1.03859	1.03480	1.03721	14846	0	9
2015.02.18	16:00:00	1.03721	1.03728	1.03341	1.03401	16347	0	9
2015.02.18	20:00:00	1.03396	1.03589	1.03263	1.03460	18389	0	13
2015.02.19	00:00:00	1.03460	1.03569	1.03353	1.03362	10009	0	29
2015.02.19	04:00:00	1.03363	1.03599	1.03049	1.03254	13936	0	18
2015.02.19	08:00:00	1.03255	1.03285	1.02994	1.03207	13585	0	9
2015.02.19	12:00:00	1.03209	1.03627	1.03205	1.03577	15139	0	9
2015.02.19	16:00:00	1.03576	1.03596	1.03420	1.03534	13903	0	9
2015.02.19	20:00:00	1.03537	1.03656	1.03494	1.03586	9801	0	9
2015.02.20	00:00:00	1.03579	1.03721	1.03546	1.03621	7530	0	9
2015.02.20	04:00:00	1.03622	1.03682	1.03578	1.03650	5415	0	9
2015.02.20	08:00:00	1.03650	1.03930	1.03650	1.03843	12854	0	9
2015.02.20	12:00:00	1.03836	1.04001	1.03829	1.03893	12466	0	9
2015.02.20	16:00:00	1.03894	1.04017	1.03814	1.03892	17903	0	9
2015.02.20	20:00:00	1.03891	1.04284	1.03861	1.04169	13524	0	14
2015.02.23	00:00:00	1.04183	1.04291	1.04087	1.04265	9289	0	14
2015.02.23	04:00:00	1.04266	1.04288	1.04107	1.04215	7854	0	9
2015.02.23	08:00:00	1.04215	1.04281	1.03843	1.03908	13309	0	9
2015.02.23	12:00:00	1.03903	1.03903	1.03584	1.03685	12034	0	9
2015.02.23	16:00:00	1.03686	1.03696	1.03499	1.03656	12866	0	9
2015.02.23	20:00:00	1.03657	1.03726	1.03582	1.03659	9915	0	9
2015.02.24	00:00:00	1.03637	1.03700	1.03525	1.03647	8178	0	9
2015.02.24	04:00:00	1.03653	1.04040	1.03645	1.04017	11685	0	11
2015.02.24	08:00:00	1.04015	1.04243	1.04012	1.04128	12023	0	9
2015.02.24	12:00:00	1.04130	1.04253	1.04034	1.04222	11186	0	9
2015.02.24	16:00:00	1.04221	1.04742	1.04193	1.04603	19805	0	9
2015.02.24	20:00:00	1.04605	1.04668	1.04490	1.04502	12353	0	12
2015.02.25	00:00:00	1.04503	1.04752	1.04424	1.04626	13313	0	20
2015.02.25	04:00:00	1.04626	1.04683	1.04411	1.04459	11007	0	9
2015.02.25	08:00:00	1.04459	1.04515	1.04323	1.04359	15003	0	9
2015.02.25	12:00:00	1.04358	1.04648	1.04275	1.04620	12793	0	9
2015.02.25	16:00:00	1.04620	1.04676	1.04474	1.04634	13155	0	9
2015.02.25	20:00:00	1.04632	1.04643	1.04296	1.04328	9760	0	9
2015.02.26	00:00:00	1.04326	1.04356	1.03783	1.03898	11104	0	17
2015.02.26	04:00:00	1.03898	1.03912	1.03720	1.03770	7034	0	9
2015.02.26	08:00:00	1.03769	1.04060	1.03706	1.04021	12586	0	9
2015.02.26	12:00:00	1.04014	1.04044	1.03727	1.03962	15677	0	9
2015.02.26	16:00:00	1.03954	1.03971	1.03408	1.03505	16998	0	9
2015.02.26	20:00:00	1.03502	1.03640	1.03385	1.03464	11123	0	9
2015.02.27	00:00:00	1.03470	1.03677	1.03293	1.03299	10505	0	20
2015.02.27	04:00:00	1.03299	1.03373	1.03197	1.03350	8985	0	9
2015.02.27	08:00:00	1.03349	1.03599	1.03347	1.03534	12583	0	9
2015.02.27	12:00:00	1.03535	1.03572	1.03340	1.03372	12881	0	9
2015.02.27	16:00:00	1.03371	1.03458	1.03295	1.03312	15495	0	9
2015.02.27	20:00:00	1.03311	1.03341	1.03155	1.03204	8875	0	9
2015.03.02	00:00:00	1.03210	1.03393	1.03120	1.03232	10831	0	10
2015.03.02	04:00:00	1.03233	1.03330	1.03137	1.03226	9746	0	9
2015.03.02	08:00:00	1.03227	1.03332	1.03191	1.03283	11139	0	9
2015.03.02	12:00:00	1.03280	1.03452	1.03223	1.03322	10501	0	9
2015.03.02	16:00:00	1.03322	1.03466	1.03281	1.03446	12283	0	9
2015.03.02	20:00:00	1.03443	1.03487	1.03350	1.03377	7530	0	9
2015.03.03	00:00:00	1.03384	1.03418	1.03229	1.03282	8984	0	9
2015.03.03	04:00:00	1.03281	1.03975	1.03231	1.03819	13027	0	9
2015.03.03	08:00:00	1.03819	1.03848	1.03645	1.03648	11660	0	9
2015.03.03	12:00:00	1.03647	1.03691	1.03496	1.03628	11618	0	9
2015.03.03	16:00:00	1.03630	1.03698	1.03433	1.03538	14449	0	9
2015.03.03	20:00:00	1.03528	1.03667	1.03482	1.03494	10453	0	9
2015.03.04	00:00:00	1.03459	1.03601	1.03141	1.03456	10268	0	9
2015.03.04	04:00:00	1.03456	1.03495	1.03405	1.03486	7386	0	9
2015.03.04	08:00:00	1.03483	1.03535	1.03256	1.03258	12401	0	9
2015.03.04	12:00:00	1.03258	1.03321	1.03101	1.03239	12133	0	9
2015.03.04	16:00:00	1.03238	1.03276	1.02999	1.03069	15621	0	9
2015.03.04	20:00:00	1.03073	1.03094	1.02818	1.02916	11391	0	9
2015.03.05	00:00:00	1.02919	1.03140	1.02831	1.03136	9973	0	10
2015.03.05	04:00:00	1.03136	1.03642	1.03127	1.03623	9221	0	9
2015.03.05	08:00:00	1.03622	1.04023	1.03554	1.03925	12891	0	9
2015.03.05	12:00:00	1.03930	1.04055	1.03771	1.03989	14328	0	9
2015.03.05	16:00:00	1.03990	1.04150	1.03900	1.03977	17251	0	9
2015.03.05	20:00:00	1.03975	1.04019	1.03831	1.03936	9756	0	9
2015.03.06	00:00:00	1.03940	1.04033	1.03845	1.03956	8765	0	18
2015.03.06	04:00:00	1.03955	1.04353	1.03941	1.04341	7950	0	9
2015.03.06	08:00:00	1.04342	1.04669	1.04308	1.04522	11955	0	9
2015.03.06	12:00:00	1.04521	1.04824	1.04273	1.04778	15461	0	9
2015.03.06	16:00:00	1.04779	1.05002	1.04545	1.04702	19940	0	9
2015.03.06	20:00:00	1.04700	1.04909	1.04652	1.04736	8928	0	9
2015.03.09	00:00:00	1.04577	1.04911	1.04568	1.04846	8707	0	16
2015.03.09	04:00:00	1.04846	1.04989	1.04665	1.04969	7985	0	14
2015.03.09	08:00:00	1.04971	1.04992	1.04627	1.04768	11897	0	18
2015.03.09	12:00:00	1.04764	1.04925	1.04596	1.04816	12286	0	9
2015.03.09	16:00:00	1.04816	1.04894	1.04640	1.04661	10939	0	22
2015.03.09	20:00:00	1.04655	1.04926	1.04515	1.04739	5871	0	17
2015.03.10	00:00:00	1.04730	1.04800	1.04549	1.04619	11037	0	20
2015.03.10	04:00:00	1.04620	1.05201	1.04596	1.04787	15212	0	9
2015.03.10	08:00:00	1.04786	1.05040	1.04605	1.04800	17255	0	9
2015.03.10	12:00:00	1.04796	1.05184	1.04763	1.05149	19784	0	9
2015.03.10	16:00:00	1.05149	1.05175	1.04797	1.04907	14387	0	9
2015.03.10	20:00:00	1.04900	1.04944	1.04649	1.04810	7778	0	13
2015.03.11	00:00:00	1.04814	1.04908	1.04711	1.04874	12757	0	20
2015.03.11	04:00:00	1.04875	1.05143	1.04732	1.04898	13539	0	12
2015.03.11	08:00:00	1.04900	1.05085	1.04810	1.05054	14392	0	12
2015.03.11	12:00:00	1.05054	1.05261	1.05006	1.05086	14623	0	12
2015.03.11	16:00:00	1.05086	1.05252	1.04919	1.05193	14513	0	12
2015.03.11	20:00:00	1.05194	1.05295	1.04033	1.04243	12815	0	12
2015.03.12	00:00:00	1.04278	1.04374	1.03710	1.03795	14150	0	17
2015.03.12	04:00:00	1.03801	1.03945	1.03722	1.03813	12989	0	9
2015.03.12	08:00:00	1.03815	1.03862	1.03591	1.03649	20336	0	9
2015.03.12	12:00:00	1.03650	1.04108	1.03551	1.03965	14109	0	12
2015.03.12	16:00:00	1.03969	1.04334	1.03869	1.04277	10676	0	12
2015.03.12	20:00:00	1.04282	1.04335	1.04133	1.04221	5901	0	12
2015.03.13	00:00:00	1.04249	1.04261	1.03999	1.04136	8867	0	25
2015.03.13	04:00:00	1.04136	1.04172	1.04017	1.04119	7949	0	20
2015.03.13	08:00:00	1.04121	1.04528	1.04109	1.04407	14217	0	9
2015.03.13	12:00:00	1.04407	1.04482	1.04165	1.04208	16740	0	9
2015.03.13	16:00:00	1.04212	1.04241	1.04004	1.04038	18628	0	13
2015.03.13	20:00:00	1.04037	1.04154	1.03925	1.04071	6277	0	13
2015.03.16	00:00:00	1.04035	1.04134	1.03857	1.03864	10262	0	13
2015.03.16	04:00:00	1.03864	1.03899	1.03749	1.03766	9273	0	13
2015.03.16	08:00:00	1.03763	1.03831	1.03697	1.03720	13170	0	13
2015.03.16	12:00:00	1.03722	1.03834	1.03605	1.03685	13383	0	10
2015.03.16	16:00:00	1.03685	1.03730	1.03501	1.03542	14778	0	8
2015.03.16	20:00:00	1.03528	1.03730	1.03498	1.03609	7464	0	10
2015.03.17	00:00:00	1.03625	1.03673	1.03314	1.03439	9179	0	2
2015.03.17	04:00:00	1.03440	1.03492	1.03250	1.03434	7946	0	11
2015.03.17	08:00:00	1.03434	1.03749	1.03389	1.03705	14221	0	14
2015.03.17	12:00:00	1.03704	1.03908	1.03699	1.03827	15472	0	3
2015.03.17	16:00:00	1.03825	1.04190	1.03789	1.04155	13961	0	2
2015.03.17	20:00:00	1.04150	1.04286	1.04039	1.04119	8291	0	9
2015.03.18	00:00:00	1.04109	1.04275	1.04109	1.04225	8226	0	4
2015.03.18	04:00:00	1.04224	1.04397	1.04207	1.04254	8316	0	1
2015.03.18	08:00:00	1.04255	1.04389	1.04164	1.04254	12339	0	10
2015.03.18	12:00:00	1.04255	1.04272	1.03889	1.03939	13171	0	4
2015.03.18	16:00:00	1.03930	1.04072	1.03722	1.03805	13557	0	11
2015.03.18	20:00:00	1.03785	1.04039	1.03448	1.03584	18470	0	2
2015.03.19	00:00:00	1.03601	1.03781	1.03502	1.03518	12034	0	8
2015.03.19	04:00:00	1.03515	1.03652	1.03409	1.03556	10963	0	8
2015.03.19	08:00:00	1.03558	1.03693	1.03397	1.03639	13646	0	28
2015.03.19	12:00:00	1.03635	1.03647	1.03337	1.03354	20728	0	16
2015.03.19	16:00:00	1.03341	1.03400	1.03116	1.03166	16471	0	21
2015.03.19	20:00:00	1.03164	1.03297	1.03029	1.03107	9654	0	33
2015.03.20	00:00:00	1.03108	1.03186	1.02976	1.03141	11691	0	23
2015.03.20	04:00:00	1.03145	1.03308	1.03052	1.03183	11065	0	30
2015.03.20	08:00:00	1.03180	1.03260	1.02998	1.03058	14227	0	22
2015.03.20	12:00:00	1.03052	1.03072	1.02789	1.02988	13642	0	31
2015.03.20	16:00:00	1.02992	1.03091	1.02558	1.02771	16035	0	31
2015.03.20	20:00:00	1.02769	1.03027	1.02640	1.02640	6574	0	32
2015.03.23	00:00:00	1.02716	1.02917	1.02561	1.02898	11491	0	13
2015.03.23	04:00:00	1.02899	1.03032	1.02183	1.02355	13047	0	9
2015.03.23	08:00:00	1.02353	1.02641	1.02187	1.02479	12641	0	31
2015.03.23	12:00:00	1.02480	1.02757	1.02455	1.02625	16490	0	28
2015.03.23	16:00:00	1.02625	1.03062	1.02601	1.02892	15717	0	31
2015.03.23	20:00:00	1.02825	1.02984	1.02808	1.02856	6750	0	30
2015.03.24	00:00:00	1.02833	1.02929	1.02623	1.02727	8083	0	97
2015.03.24	04:00:00	1.02730	1.02865	1.02586	1.02649	7507	0	54
2015.03.24	08:00:00	1.02649	1.03081	1.02585	1.03079	16344	0	52
2015.03.24	12:00:00	1.03079	1.03323	1.02824	1.03264	21762	0	52
2015.03.24	16:00:00	1.03266	1.03320	1.02922	1.02934	18162	0	53
2015.03.24	20:00:00	1.02908	1.03017	1.02661	1.02992	7728	0	53
2015.03.25	00:00:00	1.02998	1.03162	1.02966	1.03041	5873	0	33
2015.03.25	04:00:00	1.03041	1.03194	1.02926	1.03128	7388	0	31
2015.03.25	08:00:00	1.03130	1.03289	1.02910	1.02974	12799	0	31
2015.03.25	12:00:00	1.02969	1.02981	1.02650	1.02803	16823	0	33
2015.03.25	16:00:00	1.02799	1.02976	1.02772	1.02918	13681	0	31
2015.03.25	20:00:00	1.02918	1.03207	1.02893	1.03094	5498	0	31
2015.03.26	00:00:00	1.03104	1.03295	1.03051	1.03069	9111	0	31
2015.03.26	04:00:00	1.03072	1.03244	1.02952	1.03103	11210	0	31
2015.03.26	08:00:00	1.03105	1.03206	1.02800	1.02811	15164	0	31
2015.03.26	12:00:00	1.02810	1.03179	1.02764	1.03013	16597	0	31
2015.03.26	16:00:00	1.03013	1.03399	1.02970	1.03305	15356	0	19
2015.03.26	20:00:00	1.03304	1.03309	1.02786	1.03024	6614	0	23
2015.03.27	00:00:00	1.03022	1.03232	1.02876	1.02936	12592	0	22
2015.03.27	04:00:00	1.02937	1.02973	1.02853	1.02941	10958	0	32
2015.03.27	08:00:00	1.02940	1.03210	1.02826	1.03015	17323	0	27
2015.03.27	12:00:00	1.03014	1.03021	1.02684	1.02781	15805	0	20
2015.03.27	16:00:00	1.02776	1.02787	1.02402	1.02490	12539	0	31
2015.03.27	20:00:00	1.02481	1.02496	1.02262	1.02309	6731	0	33
2015.03.30	00:00:00	1.02288	1.02610	1.02245	1.02461	8684	0	27
2015.03.30	04:00:00	1.02462	1.02621	1.02348	1.02408	10308	0	34
2015.03.30	08:00:00	1.02406	1.02497	1.02141	1.02145	16122	0	23
2015.03.30	12:00:00	1.02146	1.02166	1.01752	1.01766	14766	0	19
2015.03.30	16:00:00	1.01763	1.01823	1.01553	1.01753	16040	0	21
2015.03.30	20:00:00	1.01749	1.02028	1.01740	1.02002	9546	0	27
2015.03.31	00:00:00	1.01994	1.02155	1.01718	1.02008	5979	0	97
2015.03.31	04:00:00	1.02006	1.02020	1.01799	1.01953	9463	0	56
2015.03.31	08:00:00	1.01952	1.02068	1.01741	1.01832	13559	0	52
2015.03.31	12:00:00	1.01831	1.01890	1.01605	1.01644	11629	0	52
2015.03.31	16:00:00	1.01640	1.01919	1.01572	1.01874	14721	0	52
2015.03.31	20:00:00	1.01874	1.01947	1.01641	1.01714	8251	0	52
2015.04.01	00:00:00	1.01708	1.02425	1.01688	1.02247	7363	0	31
2015.04.01	04:00:00	1.02247	1.02404	1.02008	1.02257	9479	0	31
2015.04.01	08:00:00	1.02257	1.02571	1.02177	1.02552	12700	0	31
2015.04.01	12:00:00	1.02551	1.02575	1.02146	1.02274	12225	0	31
2015.04.01	16:00:00	1.02273	1.02575	1.01858	1.01869	16199	0	31
2015.04.01	20:00:00	1.01874	1.02085	1.01869	1.01915	6421	0	31
2015.04.02	00:00:00	1.01908	1.02229	1.01849	1.02031	6331	0	31
2015.04.02	04:00:00	1.02028	1.02068	1.01463	1.01591	9140	0	31
2015.04.02	08:00:00	1.01589	1.01612	1.01239	1.01243	11752	0	31
2015.04.02	12:00:00	1.01241	1.01315	1.01012	1.01071	13389	0	31
2015.04.02	16:00:00	1.01071	1.01237	1.01011	1.01164	13840	0	19
2015.04.02	20:00:00	1.01166	1.01219	1.00948	1.01048	7699	0	21
2015.04.03	00:00:00	1.01041	1.01062	1.00893	1.00982	6189	0	31
2015.04.03	04:00:00	1.00980	1.01223	1.00908	1.01048	4306	0	31
2015.04.03	08:00:00	1.01048	1.01162	1.01030	1.01059	3821	0	34
2015.04.03	12:00:00	1.01056	1.01510	1.00677	1.00827	6804	0	30
2015.04.03	16:00:00	1.00827	1.00848	1.00474	1.00494	7966	0	32
2015.04.03	20:00:00	1.00494	1.00647	1.00224	1.00224	4771	0	43
2015.04.06	00:00:00	1.00224	1.00659	1.00224	1.00313	2754	0	15
2015.04.06	04:00:00	1.00312	1.00393	1.00198	1.00370	3232	0	16
2015.04.06	08:00:00	1.00373	1.00533	1.00305	1.00409	3792	0	14
2015.04.06	12:00:00	1.00409	1.00535	1.00353	1.00409	4071	0	15
2015.04.06	16:00:00	1.00408	1.00726	1.00277	1.00637	7172	0	33
2015.04.06	20:00:00	1.00639	1.00821	1.00532	1.00614	7233	0	31
2015.04.07	00:00:00	1.00612	1.00842	1.00559	1.00726	7833	0	33
2015.04.07	04:00:00	1.00726	1.01994	1.00714	1.01984	9555	0	31
2015.04.07	08:00:00	1.01984	1.02178	1.01809	1.01864	13608	0	31
2015.04.07	12:00:00	1.01860	1.01929	1.01464	1.01560	13232	0	16
2015.04.07	16:00:00	1.01558	1.01864	1.01551	1.01830	14537	0	14
2015.04.07	20:00:00	1.01825	1.01938	1.01802	1.01814	8610	0	6
2015.04.08	00:00:00	1.01827	1.01921	1.01658	1.01690	8181	0	19
2015.04.08	04:00:00	1.01690	1.01822	1.01627	1.01687	10729	0	14
2015.04.08	08:00:00	1.01685	1.01776	1.01465	1.01518	13525	0	7
2015.04.08	12:00:00	1.01519	1.01775	1.01509	1.01701	15118	0	8
2015.04.08	16:00:00	1.01698	1.01852	1.01636	1.01722	16494	0	13
2015.04.08	20:00:00	1.01728	1.02039	1.01664	1.01689	10790	0	9
2015.04.09	00:00:00	1.01603	1.01827	1.01563	1.01749	7937	0	16
2015.04.09	04:00:00	1.01747	1.01881	1.01742	1.01798	8157	0	14
2015.04.09	08:00:00	1.01798	1.01842	1.01588	1.01615	14245	0	12
2015.04.09	12:00:00	1.01615	1.01796	1.01585	1.01740	13987	0	12
2015.04.09	16:00:00	1.01737	1.02079	1.01718	1.01988	16536	0	6
2015.04.09	20:00:00	1.01990	1.02016	1.01623	1.01623	9616	0	7
2015.04.10	00:00:00	1.01612	1.01804	1.01559	1.01658	6514	0	25
2015.04.10	04:00:00	1.01659	1.01718	1.01534	1.01639	8070	0	8
2015.04.10	08:00:00	1.01641	1.01837	1.01560	1.01794	14464	0	12
2015.04.10	12:00:00	1.01801	1.01884	1.01623	1.01693	15270	0	10
2015.04.10	16:00:00	1.01693	1.01902	1.01670	1.01816	15450	0	11
2015.04.10	20:00:00	1.01820	1.01959	1.01785	1.01832	6253	0	25
2015.04.13	00:00:00	1.01832	1.01961	1.01642	1.01669	5798	0	10
2015.04.13	04:00:00	1.01669	1.01866	1.01486	1.01785	11101	0	9
2015.04.13	08:00:00	1.01782	1.01860	1.01582	1.01614	14949	0	7
2015.04.13	12:00:00	1.01613	1.01975	1.01608	1.01923	15601	0	13
2015.04.13	16:00:00	1.01926	1.02010	1.01638	1.01789	15927	0	11
2015.04.13	20:00:00	1.01790	1.01903	1.01729	1.01777	6731	0	11
2015.04.14	00:00:00	1.01778	1.01940	1.01635	1.01862	9674	0	17
2015.04.14	04:00:00	1.01854	1.01985	1.01669	1.01722	10715	0	10
2015.04.14	08:00:00	1.01720	1.01817	1.01527	1.01560	15068	0	8
2015.04.14	12:00:00	1.01559	1.01769	1.01283	1.01340	16269	0	9
2015.04.14	16:00:00	1.01344	1.01409	1.01182	1.01381	19088	0	10
2015.04.14	20:00:00	1.01382	1.01457	1.01322	1.01330	6639	0	14
2015.04.15	00:00:00	1.01333	1.01456	1.01307	1.01421	7110	0	17
2015.04.15	04:00:00	1.01421	1.01431	1.00825	1.00894	10271	0	6
2015.04.15	08:00:00	1.00896	1.01106	1.00767	1.01103	14846	0	12
2015.04.15	12:00:00	1.01111	1.01356	1.01032	1.01064	15646	0	12
2015.04.15	16:00:00	1.01064	1.01190	1.00846	1.00925	17486	0	6
2015.04.15	20:00:00	1.00925	1.01258	1.00881	1.01093	13064	0	8
2015.04.16	00:00:00	1.01093	1.01298	1.01022	1.01168	10071	0	31
2015.04.16	04:00:00	1.01172	1.02203	1.01111	1.02141	15446	0	25
2015.04.16	08:00:00	1.02140	1.02149	1.01778	1.01999	18950	0	22
2015.04.16	12:00:00	1.02000	1.02036	1.01644	1.01699	22353	0	22
2015.04.16	16:00:00	1.01700	1.01815	1.01642	1.01688	20869	0	26
2015.04.16	20:00:00	1.01686	1.01798	1.01570	1.01620	16504	0	24
2015.04.17	00:00:00	1.01620	1.01784	1.01548	1.01621	9487	0	26
2015.04.17	04:00:00	1.01623	1.01712	1.01484	1.01555	10361	0	21
2015.04.17	08:00:00	1.01554	1.01599	1.01365	1.01436	18718	0	22
2015.04.17	12:00:00	1.01435	1.01514	1.01237	1.01380	21740	0	16
2015.04.17	16:00:00	1.01381	1.01455	1.01114	1.01135	19579	0	7
2015.04.17	20:00:00	1.01134	1.01282	1.01076	1.01250	6895	0	13
2015.04.20	00:00:00	1.01250	1.01554	1.01129	1.01346	9868	0	15
2015.04.20	04:00:00	1.01347	1.01396	1.01134	1.01229	10036	0	27
2015.04.20	08:00:00	1.01230	1.01403	1.01140	1.01190	15660	0	7
2015.04.20	12:00:00	1.01190	1.01257	1.01027	1.01048	17250	0	12
2015.04.20	16:00:00	1.01048	1.01127	1.00707	1.00820	15302	0	7
2015.04.20	20:00:00	1.00824	1.00933	1.00759	1.00768	8339	0	9
2015.04.21	00:00:00	1.00768	1.00855	1.00667	1.00718	9156	0	28
2015.04.21	04:00:00	1.00722	1.00838	1.00510	1.00556	11976	0	31
2015.04.21	08:00:00	1.00555	1.00687	1.00483	1.00579	20830	0	14
2015.04.21	12:00:00	1.00580	1.00626	1.00369	1.00536	21526	0	14
2015.04.21	16:00:00	1.00536	1.00684	1.00447	1.00520	25837	0	9
2015.04.21	20:00:00	1.00520	1.00595	1.00447	1.00557	13376	0	19
2015.04.22	00:00:00	1.00557	1.00688	1.00446	1.00578	13202	0	11
2015.04.22	04:00:00	1.00581	1.01302	1.00528	1.01158	16974	0	14
2015.04.22	08:00:00	1.01146	1.01180	1.00821	1.00942	26718	0	10
2015.04.22	12:00:00	1.00942	1.00974	1.00845	1.00917	26335	0	12
2015.04.22	16:00:00	1.00923	1.01307	1.00866	1.01295	24056	0	14
2015.04.22	20:00:00	1.01292	1.01350	1.01038	1.01056	13395	0	11
2015.04.23	00:00:00	1.01056	1.01814	1.01056	1.01802	13592	0	11
2015.04.23	04:00:00	1.01802	1.02296	1.01789	1.02272	21496	0	11
2015.04.23	08:00:00	1.02275	1.02397	1.02096	1.02114	27878	0	10
2015.04.23	12:00:00	1.02115	1.02373	1.02056	1.02287	26958	0	10
2015.04.23	16:00:00	1.02288	1.02616	1.02173	1.02562	29785	0	9
2015.04.23	20:00:00	1.02560	1.02630	1.02333	1.02395	22196	0	12
2015.04.24	00:00:00	1.02395	1.02644	1.02298	1.02614	13213	0	13
2015.04.24	04:00:00	1.02616	1.02954	1.02608	1.02770	15262	0	9
2015.04.24	08:00:00	1.02770	1.03083	1.02731	1.02902	28097	0	11
2015.04.24	12:00:00	1.02902	1.03092	1.02809	1.02906	30978	0	11
2015.04.24	16:00:00	1.02910	1.03090	1.02851	1.03000	28026	0	15
2015.04.24	20:00:00	1.03001	1.03010	1.02804	1.02871	10166	0	20
2015.04.27	00:00:00	1.02937	1.03037	1.02723	1.02860	8828	0	10
2015.04.27	04:00:00	1.02857	1.02911	1.02587	1.02640	13540	0	12
2015.04.27	08:00:00	1.02640	1.02803	1.02477	1.02790	24656	0	10
2015.04.27	12:00:00	1.02791	1.02844	1.02669	1.02799	20496	0	15
2015.04.27	16:00:00	1.02797	1.02936	1.02685	1.02722	23373	0	9
2015.04.27	20:00:00	1.02720	1.02813	1.02674	1.02742	12108	0	11
2015.04.28	00:00:00	1.02700	1.03214	1.02609	1.02999	14038	0	9
2015.04.28	04:00:00	1.03001	1.03251	1.02983	1.03236	15273	0	9
2015.04.28	08:00:00	1.03233	1.03338	1.02949	1.02970	27458	0	10
2015.04.28	12:00:00	1.02972	1.03542	1.02929	1.03473	27620	0	11
2015.04.28	16:00:00	1.03475	1.03716	1.03329	1.03640	30484	0	11
2015.04.28	20:00:00	1.03640	1.03936	1.03615	1.03900	14673	0	9
2015.04.29	00:00:00	1.03846	1.03913	1.03467	1.03799	14367	0	10
2015.04.29	04:00:00	1.03815	1.03917	1.03685	1.03796	18972	0	9
2015.04.29	08:00:00	1.03796	1.03824	1.03606	1.03650	26618	0	9
2015.04.29	12:00:00	1.03650	1.04186	1.03639	1.04095	26842	0	9
2015.04.29	16:00:00	1.04096	1.04392	1.04053	1.04207	37268	0	11
2015.04.29	20:00:00	1.04206	1.04408	1.03974	1.04149	23362	0	13
2015.04.30	00:00:00	1.04805	1.05188	1.04786	1.05108	15474	0	9
2015.04.30	04:00:00	1.05109	1.05117	1.04816	1.04930	18063	0	9
2015.04.30	08:00:00	1.04929	1.05075	1.04273	1.04300	33471	0	9
2015.04.30	12:00:00	1.04292	1.04330	1.03856	1.03962	30553	0	10
2015.04.30	16:00:00	1.03962	1.04002	1.03371	1.03711	41733	0	10
2015.04.30	20:00:00	1.03710	1.03814	1.03522	1.03803	16744	0	14
2015.05.01	00:00:00	1.03815	1.03957	1.03673	1.03785	9214	0	33
2015.05.01	04:00:00	1.03786	1.04089	1.03694	1.03955	11179	0	31
2015.05.01	08:00:00	1.03956	1.04114	1.03745	1.04026	19121	0	10
2015.05.01	12:00:00	1.04026	1.04042	1.03664	1.03765	23374	0	9
2015.05.01	16:00:00	1.03765	1.03944	1.03673	1.03880	32652	0	11
2015.05.01	20:00:00	1.03876	1.04047	1.03840	1.04004	9851	0	14
2015.05.04	00:00:00	1.03930	1.04135	1.03899	1.03981	5749	0	13
2015.05.04	04:00:00	1.03981	1.04110	1.03794	1.03910	10654	0	19
2015.05.04	08:00:00	1.03911	1.04085	1.03814	1.03876	18519	0	14
2015.05.04	12:00:00	1.03878	1.04074	1.03855	1.04003	13778	0	9
2015.05.04	16:00:00	1.04003	1.04226	1.03857	1.04205	4250	0	10
2015.05.04	20:00:00	1.04193	1.04210	1.03994	1.04014	1725	0	27
2015.05.05	00:00:00	1.03993	1.04044	1.03913	1.03929	1818	0	14
2015.05.05	04:00:00	1.03937	1.04732	1.03519	1.04692	2410	0	14
2015.05.05	08:00:00	1.04691	1.04965	1.04544	1.04852	2807	0	16
2015.05.05	12:00:00	1.04850	1.05134	1.04747	1.05103	3357	0	10
2015.05.05	16:00:00	1.05099	1.05276	1.04897	1.04976	5910	0	13
2015.05.05	20:00:00	1.04974	1.05098	1.04925	1.05069	2120	0	18
2015.05.06	00:00:00	1.04986	1.06191	1.04914	1.06133	2344	0	13
2015.05.06	04:00:00	1.06130	1.06588	1.06110	1.06469	2513	0	10
2015.05.06	08:00:00	1.06471	1.06520	1.06182	1.06478	4375	0	8
2015.05.06	12:00:00	1.06475	1.06839	1.06458	1.06516	13430	0	10
2015.05.06	16:00:00	1.06519	1.06645	1.06276	1.06371	5338	0	14
2015.05.06	20:00:00	1.06364	1.06364	1.05992	1.06185	9339	0	11
2015.05.07	00:00:00	1.06291	1.06424	1.06143	1.06170	2428	0	16
2015.05.07	04:00:00	1.06174	1.06432	1.05770	1.06358	2648	0	12
2015.05.07	08:00:00	1.06354	1.06421	1.06090	1.06246	3291	0	9
2015.05.07	12:00:00	1.06249	1.06534	1.06183	1.06462	3114	0	9
2015.05.07	16:00:00	1.06465	1.06521	1.06216	1.06216	2709	0	36
2015.05.07	20:00:00	1.06221	1.06236	1.06046	1.06097	2594	0	36
2015.05.08	00:00:00	1.06096	1.06322	1.06009	1.06041	3825	0	41
2015.05.08	04:00:00	1.06040	1.06395	1.05810	1.06059	2532	0	36
2015.05.08	08:00:00	1.06060	1.06518	1.06009	1.06364	2659	0	36
2015.05.08	12:00:00	1.06362	1.06531	1.05958	1.06162	2568	0	34
2015.05.08	16:00:00	1.06161	1.06316	1.05618	1.05719	8022	0	27
2015.05.08	20:00:00	1.05722	1.06023	1.05704	1.05890	1871	0	46
2015.05.11	00:00:00	1.06137	1.06942	1.06104	1.06800	2041	0	35
2015.05.11	04:00:00	1.06800	1.06853	1.06577	1.06830	2433	0	38
2015.05.11	08:00:00	1.06830	1.06968	1.06749	1.06968	2410	0	35
2015.05.11	12:00:00	1.06966	1.07192	1.06815	1.07179	4851	0	18
2015.05.11	16:00:00	1.07180	1.07565	1.07150	1.07459	21437	0	43
2015.05.11	20:00:00	1.07459	1.07567	1.07415	1.07528	11299	0	43
2015.05.12	00:00:00	1.07529	1.07627	1.07409	1.07584	9695	0	48
2015.05.12	04:00:00	1.07581	1.07657	1.07442	1.07649	13631	0	45
2015.05.12	08:00:00	1.07650	1.07990	1.07591	1.07980	22821	0	45
2015.05.12	12:00:00	1.07993	1.08312	1.07841	1.08124	23299	0	44
2015.05.12	16:00:00	1.08123	1.08407	1.08037	1.08337	19798	0	43
2015.05.12	20:00:00	1.08336	1.08516	1.08244	1.08275	12555	0	27
2015.05.13	00:00:00	1.08290	1.08875	1.07674	1.08053	14108	0	24
2015.05.13	04:00:00	1.08051	1.08454	1.07820	1.07895	15910	0	23
2015.05.13	08:00:00	1.07895	1.08008	1.07489	1.07776	16071	0	25
2015.05.13	12:00:00	1.07769	1.08109	1.07674	1.07974	6866	0	19
2015.05.13	16:00:00	1.07974	1.08480	1.07970	1.08403	22401	0	13
2015.05.13	20:00:00	1.08403	1.08446	1.08252	1.08352	10709	0	28
2015.05.14	00:00:00	1.08365	1.08389	1.07336	1.07654	16185	0	26
2015.05.14	04:00:00	1.07653	1.07982	1.07653	1.07848	15601	0	20
2015.05.14	08:00:00	1.07848	1.07931	1.07521	1.07770	21115	0	27
2015.05.14	12:00:00	1.07770	1.08006	1.07698	1.07855	18336	0	24
2015.05.14	16:00:00	1.07859	1.07877	1.07477	1.07767	19668	0	25
2015.05.14	20:00:00	1.07768	1.07807	1.07577	1.07688	10672	0	59
2015.05.15	00:00:00	1.07670	1.07962	1.07653	1.07907	14091	0	50
2015.05.15	04:00:00	1.07909	1.07966	1.07697	1.07751	14699	0	52
2015.05.15	08:00:00	1.07752	1.07937	1.07607	1.07635	20151	0	51
2015.05.15	12:00:00	1.07634	1.07752	1.07473	1.07588	15633	0	67
2015.05.15	16:00:00	1.07592	1.07726	1.07389	1.07482	11099	0	22
2015.05.15	20:00:00	1.07481	1.07667	1.07360	1.07601	2339	0	21
2015.05.18	00:00:00	1.07858	1.07998	1.07629	1.07697	1810	0	14
2015.05.18	04:00:00	1.07702	1.08020	1.07699	1.07864	1838	0	22
2015.05.18	08:00:00	1.07862	1.07974	1.07696	1.07948	2264	0	14
2015.05.18	12:00:00	1.07941	1.08018	1.07778	1.08009	4767	0	19
2015.05.18	16:00:00	1.08007	1.08274	1.08003	1.08157	18120	0	60
2015.05.18	20:00:00	1.08158	1.08357	1.08021	1.08074	12012	0	65
2015.05.19	00:00:00	1.08086	1.08469	1.07942	1.08243	12042	0	50
2015.05.19	04:00:00	1.08244	1.08344	1.07523	1.07641	15169	0	46
2015.05.19	08:00:00	1.07643	1.07842	1.07418	1.07434	21249	0	49
2015.05.19	12:00:00	1.07431	1.07718	1.07428	1.07538	17936	0	59
2015.05.19	16:00:00	1.07529	1.07829	1.07503	1.07722	20403	0	63
2015.05.19	20:00:00	1.07722	1.07828	1.07610	1.07718	10844	0	57
2015.05.20	00:00:00	1.07717	1.07836	1.07453	1.07588	15758	0	45
2015.05.20	04:00:00	1.07587	1.07652	1.07504	1.07561	11693	0	47
2015.05.20	08:00:00	1.07561	1.07698	1.07408	1.07623	21309	0	45
2015.05.20	12:00:00	1.07622	1.07696	1.07482	1.07567	18250	0	64
2015.05.20	16:00:00	1.07568	1.07951	1.07536	1.07875	19957	0	61
2015.05.20	20:00:00	1.07872	1.07981	1.07671	1.07708	18965	0	54
2015.05.21	00:00:00	1.07737	1.07931	1.07681	1.07845	12453	0	52
2015.05.21	04:00:00	1.07844	1.07895	1.07660	1.07747	15965	0	51
2015.05.21	08:00:00	1.07747	1.08008	1.07683	1.07885	19946	0	50
2015.05.21	12:00:00	1.07888	1.07970	1.07727	1.07729	18194	0	25
2015.05.21	16:00:00	1.07730	1.07803	1.07622	1.07706	19855	0	64
2015.05.21	20:00:00	1.07705	1.07762	1.07345	1.07345	10072	0	57
2015.05.22	00:00:00	1.07391	1.07494	1.07158	1.07162	16324	0	42
2015.05.22	04:00:00	1.07163	1.07259	1.07022	1.07185	15039	0	49
2015.05.22	08:00:00	1.07184	1.07339	1.07102	1.07119	16444	0	53
2015.05.22	12:00:00	1.07118	1.07164	1.06965	1.07087	17791	0	62
2015.05.22	16:00:00	1.07085	1.07144	1.06907	1.06907	19375	0	61
2015.05.22	20:00:00	1.06905	1.07127	1.06873	1.07064	8166	0	67
2015.05.25	00:00:00	1.06907	1.07071	1.06792	1.07021	11719	0	55
2015.05.25	04:00:00	1.07021	1.07172	1.06939	1.07094	16395	0	53
2015.05.25	08:00:00	1.07089	1.07144	1.06945	1.07102	14631	0	57
2015.05.25	12:00:00	1.07103	1.07222	1.07056	1.07086	7393	0	68
2015.05.25	16:00:00	1.07086	1.07102	1.06967	1.07035	6389	0	71
2015.05.25	20:00:00	1.07041	1.07048	1.06947	1.06968	15117	0	61
2015.05.26	00:00:00	1.06981	1.07062	1.06917	1.06981	11951	0	42
2015.05.26	04:00:00	1.06982	1.07162	1.06928	1.07035	11005	0	48
2015.05.26	08:00:00	1.07035	1.07066	1.06853	1.06943	19569	0	13
2015.05.26	12:00:00	1.06939	1.07012	1.06719	1.06834	17990	0	22
2015.05.26	16:00:00	1.06831	1.07034	1.06713	1.06957	21309	0	62
2015.05.26	20:00:00	1.06957	1.07036	1.06831	1.06961	15227	0	58
2015.05.27	00:00:00	1.06913	1.06973	1.06761	1.06884	7442	0	50
2015.05.27	04:00:00	1.06883	1.07019	1.06782	1.06805	13957	0	46
2015.05.27	08:00:00	1.06812	1.06937	1.06778	1.06807	18946	0	46
2015.05.27	12:00:00	1.06807	1.06832	1.06570	1.06601	18877	0	61
2015.05.27	16:00:00	1.06603	1.06764	1.06473	1.06737	20723	0	63
2015.05.27	20:00:00	1.06736	1.06931	1.06299	1.06299	12612	0	57
2015.05.28	00:00:00	1.06287	1.06821	1.06264	1.06723	13657	0	51
2015.05.28	04:00:00	1.06722	1.06806	1.06027	1.06092	17734	0	46
2015.05.28	08:00:00	1.06093	1.06220	1.05897	1.05938	23887	0	48
2015.05.28	12:00:00	1.05938	1.06767	1.05733	1.06708	24350	0	63
2015.05.28	16:00:00	1.06708	1.06868	1.06595	1.06661	22522	0	64
2015.05.28	20:00:00	1.06660	1.06701	1.06444	1.06528	12717	0	58
2015.05.29	00:00:00	1.06533	1.06820	1.06410	1.06723	14249	0	47
2015.05.29	04:00:00	1.06721	1.07391	1.06654	1.07250	15527	0	48
2015.05.29	08:00:00	1.07247	1.07643	1.07146	1.07508	19349	0	54
2015.05.29	12:00:00	1.07505	1.07531	1.07215	1.07373	21160	0	64
2015.05.29	16:00:00	1.07374	1.07825	1.07203	1.07715	22739	0	66
2015.05.29	20:00:00	1.07715	1.07817	1.07460	1.07606	9195	0	68
2015.06.01	00:00:00	1.07693	1.07856	1.07519	1.07768	10617	0	54
2015.06.01	04:00:00	1.07768	1.07912	1.07547	1.07765	16625	0	56
2015.06.01	08:00:00	1.07765	1.07802	1.07375	1.07487	20115	0	55
2015.06.01	12:00:00	1.07488	1.07488	1.07017	1.07030	18407	0	58
2015.06.01	16:00:00	1.07031	1.07253	1.06962	1.07233	23828	0	26
2015.06.01	20:00:00	1.07237	1.07363	1.07147	1.07239	16425	0	52
2015.06.02	00:00:00	1.07208	1.07305	1.06998	1.07208	27637	0	48
2015.06.02	04:00:00	1.07207	1.08018	1.07078	1.07831	29480	0	46
2015.06.02	08:00:00	1.07831	1.08210	1.07797	1.08184	30594	0	19
2015.06.02	12:00:00	1.08184	1.08219	1.07911	1.07918	28154	0	15
2015.06.02	16:00:00	1.07915	1.08350	1.07850	1.08194	30091	0	13
2015.06.02	20:00:00	1.08194	1.08334	1.08119	1.08199	17022	0	15
2015.06.03	00:00:00	1.08187	1.08413	1.08168	1.08299	21790	0	50
2015.06.03	04:00:00	1.08299	1.08848	1.08279	1.08639	24264	0	45
2015.06.03	08:00:00	1.08639	1.08857	1.08525	1.08754	28835	0	49
2015.06.03	12:00:00	1.08752	1.08980	1.08691	1.08935	14929	0	20
2015.06.03	16:00:00	1.08932	1.09121	1.08710	1.09027	4634	0	16
2015.06.03	20:00:00	1.09025	1.09028	1.08705	1.08824	2944	0	9
2015.06.04	00:00:00	1.08858	1.08865	1.08558	1.08601	2502	0	11
2015.06.04	04:00:00	1.08601	1.08633	1.08064	1.08377	2269	0	13
2015.06.04	08:00:00	1.08375	1.08396	1.08113	1.08336	2853	0	13
2015.06.04	12:00:00	1.08341	1.08502	1.08133	1.08139	2800	0	20
2015.06.04	16:00:00	1.08136	1.08147	1.07631	1.07803	5180	0	9
2015.06.04	20:00:00	1.07803	1.07963	1.07700	1.07795	16878	0	31
2015.06.05	00:00:00	1.07791	1.07939	1.07727	1.07939	22442	0	45
2015.06.05	04:00:00	1.07939	1.07973	1.07701	1.07835	15245	0	50
2015.06.05	08:00:00	1.07835	1.07943	1.07710	1.07931	20854	0	27
2015.06.05	12:00:00	1.07931	1.08527	1.07722	1.08144	23332	0	18
2015.06.05	16:00:00	1.08144	1.08447	1.08022	1.08091	34663	0	28
2015.06.05	20:00:00	1.08089	1.08291	1.07982	1.08008	14654	0	25
2015.06.08	00:00:00	1.08154	1.08216	1.08028	1.08046	15255	0	27
2015.06.08	04:00:00	1.08046	1.08259	1.07883	1.07894	14718	0	25
2015.06.08	08:00:00	1.07892	1.08219	1.07890	1.08150	22577	0	29
2015.06.08	12:00:00	1.08152	1.08158	1.07769	1.07816	17516	0	23
2015.06.08	16:00:00	1.07816	1.07952	1.07744	1.07825	18361	0	19
2015.06.08	20:00:00	1.07830	1.07901	1.07583	1.07772	21744	0	19
2015.06.09	00:00:00	1.07804	1.07944	1.07629	1.07940	18242	0	28
2015.06.09	04:00:00	1.07941	1.08196	1.07878	1.08129	18940	0	24
2015.06.09	08:00:00	1.08128	1.08180	1.07730	1.07831	28161	0	23
2015.06.09	12:00:00	1.07831	1.07831	1.07381	1.07743	28335	0	16
2015.06.09	16:00:00	1.07743	1.07856	1.07499	1.07557	25819	0	21
2015.06.09	20:00:00	1.07559	1.07815	1.07492	1.07787	11912	0	19
2015.06.10	00:00:00	1.07754	1.07781	1.07354	1.07487	23560	0	12
2015.06.10	04:00:00	1.07488	1.07730	1.07101	1.07505	25780	0	24
2015.06.10	08:00:00	1.07505	1.08022	1.07447	1.07937	35973	0	21
2015.06.10	12:00:00	1.07937	1.07963	1.07567	1.07736	26315	0	26
2015.06.10	16:00:00	1.07730	1.07866	1.07564	1.07685	25580	0	24
2015.06.10	20:00:00	1.07685	1.07859	1.07612	1.07691	17635	0	25
2015.06.11	00:00:00	1.07811	1.10220	1.07811	1.09829	25240	0	18
2015.06.11	04:00:00	1.09830	1.10673	1.09629	1.10628	23002	0	23
2015.06.11	08:00:00	1.10627	1.10781	1.10240	1.10340	29848	0	25
2015.06.11	12:00:00	1.10338	1.10457	1.10127	1.10298	22877	0	24
2015.06.11	16:00:00	1.10296	1.10592	1.10229	1.10478	25286	0	8
2015.06.11	20:00:00	1.10487	1.10640	1.10452	1.10549	13208	0	25
2015.06.12	00:00:00	1.10565	1.10618	1.10274	1.10463	18617	0	29
2015.06.12	04:00:00	1.10462	1.10499	1.10334	1.10411	15858	0	28
2015.06.12	08:00:00	1.10412	1.10528	1.10283	1.10390	10558	0	27
2015.06.12	12:00:00	1.10386	1.10530	1.10298	1.10464	2577	0	43
2015.06.12	16:00:00	1.10470	1.10916	1.10443	1.10715	2538	0	47
2015.06.12	20:00:00	1.10717	1.10777	1.10549	1.10557	1645	0	50
2015.06.15	00:00:00	1.10603	1.10826	1.10453	1.10544	2477	0	44
2015.06.15	04:00:00	1.10530	1.10757	1.10530	1.10626	9837	0	43
2015.06.15	08:00:00	1.10624	1.10726	1.10556	1.10667	3645	0	43
2015.06.15	12:00:00	1.10672	1.11047	1.10670	1.10895	19160	0	53
2015.06.15	16:00:00	1.10897	1.11119	1.10797	1.10878	18861	0	52
2015.06.15	20:00:00	1.10877	1.11033	1.10807	1.10883	19305	0	58
2015.06.16	00:00:00	1.10890	1.10932	1.10684	1.10857	23706	0	49
2015.06.16	04:00:00	1.10858	1.11043	1.10642	1.10990	17119	0	57
2015.06.16	08:00:00	1.10991	1.11011	1.10707	1.10751	17333	0	14
2015.06.16	12:00:00	1.10749	1.10927	1.10731	1.10820	16575	0	24
2015.06.16	16:00:00	1.10821	1.11151	1.10813	1.10908	17429	0	20
2015.06.16	20:00:00	1.10908	1.10934	1.10718	1.10872	11777	0	27
2015.06.17	00:00:00	1.10904	1.11025	1.10741	1.10891	22005	0	34
2015.06.17	04:00:00	1.10892	1.10917	1.10724	1.10819	13575	0	25
2015.06.17	08:00:00	1.10818	1.10964	1.10726	1.10861	23141	0	25
2015.06.17	12:00:00	1.10861	1.10880	1.10737	1.10821	19308	0	25
2015.06.17	16:00:00	1.10824	1.11052	1.10818	1.10843	17832	0	23
2015.06.17	20:00:00	1.10843	1.11136	1.10638	1.10846	38061	0	23
2015.06.18	00:00:00	1.10832	1.12144	1.10787	1.12045	25690	0	20
2015.06.18	04:00:00	1.12044	1.12128	1.11817	1.11984	17900	0	28
2015.06.18	08:00:00	1.11984	1.12425	1.11955	1.12399	31131	0	19
2015.06.18	12:00:00	1.12397	1.12783	1.12276	1.12536	32689	0	13
2015.06.18	16:00:00	1.12537	1.12841	1.12495	1.12749	28466	0	17
2015.06.18	20:00:00	1.12752	1.12760	1.12360	1.12564	19248	0	18
2015.06.19	00:00:00	1.12543	1.12668	1.12441	1.12565	20949	0	28
2015.06.19	04:00:00	1.12565	1.12630	1.12175	1.12249	17540	0	23
2015.06.19	08:00:00	1.12249	1.12520	1.12171	1.12504	23007	0	20
2015.06.19	12:00:00	1.12505	1.12554	1.12248	1.12304	20118	0	19
2015.06.19	16:00:00	1.12304	1.12527	1.12289	1.12492	17689	0	9
2015.06.19	20:00:00	1.12490	1.12611	1.12412	1.12453	11231	0	24
2015.06.22	00:00:00	1.12452	1.12645	1.12372	1.12606	13989	0	29
2015.06.22	04:00:00	1.12604	1.12674	1.12423	1.12484	15637	0	21
2015.06.22	08:00:00	1.12484	1.12708	1.12393	1.12701	22128	0	20
2015.06.22	12:00:00	1.12701	1.12876	1.12686	1.12768	22163	0	18
2015.06.22	16:00:00	1.12770	1.12946	1.12490	1.12510	21200	0	16
2015.06.22	20:00:00	1.12501	1.12609	1.12431	1.12547	13620	0	14
2015.06.23	00:00:00	1.12548	1.12648	1.12445	1.12568	21783	0	21
2015.06.23	04:00:00	1.12569	1.12601	1.12228	1.12422	20290	0	14
2015.06.23	08:00:00	1.12420	1.12828	1.12392	1.12783	22083	0	19
2015.06.23	12:00:00	1.12784	1.12873	1.12546	1.12781	21827	0	19
2015.06.23	16:00:00	1.12779	1.12976	1.12609	1.12946	23332	0	13
2015.06.23	20:00:00	1.12950	1.12955	1.12809	1.12835	15801	0	22
2015.06.24	00:00:00	1.12827	1.12941	1.12686	1.12920	19716	0	26
2015.06.24	04:00:00	1.12919	1.12971	1.12474	1.12540	14887	0	8
2015.06.24	08:00:00	1.12538	1.12754	1.12431	1.12599	23963	0	21
2015.06.24	12:00:00	1.12603	1.12686	1.12324	1.12324	21801	0	15
2015.06.24	16:00:00	1.12324	1.12362	1.11829	1.11890	22941	0	16
2015.06.24	20:00:00	1.11890	1.11943	1.11605	1.11733	16122	0	17
2015.06.25	00:00:00	1.11772	1.11933	1.11738	1.11776	21913	0	21
2015.06.25	04:00:00	1.11777	1.11978	1.11634	1.11916	18225	0	15
2015.06.25	08:00:00	1.11917	1.12150	1.11898	1.12143	20944	0	18
2015.06.25	12:00:00	1.12149	1.12220	1.11776	1.11921	21762	0	16
2015.06.25	16:00:00	1.11924	1.12113	1.11846	1.12078	16529	0	20
2015.06.25	20:00:00	1.12078	1.12115	1.11932	1.12028	20673	0	22
2015.06.26	00:00:00	1.11942	1.12605	1.11881	1.12143	23085	0	18
2015.06.26	04:00:00	1.12144	1.12169	1.11918	1.12077	19268	0	23
2015.06.26	08:00:00	1.12077	1.12150	1.11920	1.12094	20300	0	20
2015.06.26	12:00:00	1.12093	1.12123	1.11688	1.11691	19345	0	14
2015.06.26	16:00:00	1.11690	1.12078	1.11634	1.11918	23587	0	17
2015.06.26	20:00:00	1.11919	1.11970	1.11767	1.11899	9981	0	16
2015.06.29	00:00:00	1.11610	1.11916	1.11302	1.11698	21363	0	24
2015.06.29	04:00:00	1.11698	1.12069	1.11654	1.11936	25825	0	11
2015.06.29	08:00:00	1.11936	1.12133	1.11750	1.12118	34537	0	21
2015.06.29	12:00:00	1.12113	1.12174	1.11912	1.12103	18906	0	22
2015.06.29	16:00:00	1.12101	1.12333	1.11979	1.12024	23359	0	12
2015.06.29	20:00:00	1.12025	1.12168	1.11900	1.12052	18687	0	25
2015.06.30	00:00:00	1.12048	1.12270	1.11946	1.12179	16998	0	22
2015.06.30	04:00:00	1.12175	1.12833	1.12110	1.12705	26254	0	15
2015.06.30	08:00:00	1.12707	1.13467	1.12629	1.13459	28402	0	12
2015.06.30	12:00:00	1.13462	1.13803	1.13420	1.13682	26358	0	16
2015.06.30	16:00:00	1.13685	1.13861	1.13532	1.13776	29939	0	15
2015.06.30	20:00:00	1.13777	1.13899	1.13666	1.13885	21988	0	20
2015.07.01	00:00:00	1.13883	1.13883	1.13220	1.13432	21899	0	31
2015.07.01	04:00:00	1.13482	1.13705	1.13304	1.13531	17347	0	19
2015.07.01	08:00:00	1.13531	1.13757	1.13309	1.13689	19518	0	8
2015.07.01	12:00:00	1.13688	1.13802	1.13385	1.13485	20822	0	13
2015.07.01	16:00:00	1.13483	1.13709	1.13286	1.13424	22236	0	17
2015.07.01	20:00:00	1.13423	1.13523	1.13287	1.13445	14825	0	13
2015.07.02	00:00:00	1.13445	1.14143	1.13444	1.14019	24068	0	17
2015.07.02	04:00:00	1.14020	1.14147	1.13796	1.14108	18550	0	19
2015.07.02	08:00:00	1.14108	1.14281	1.13786	1.13804	23313	0	5
2015.07.02	12:00:00	1.13804	1.13925	1.13515	1.13699	19870	0	5
2015.07.02	16:00:00	1.13696	1.13723	1.13344	1.13407	16293	0	5
2015.07.02	20:00:00	1.13405	1.13545	1.13351	1.13491	16841	0	6
2015.07.03	00:00:00	1.13515	1.13681	1.13422	1.13624	12759	0	21
2015.07.03	04:00:00	1.13621	1.13635	1.12742	1.12854	12597	0	9
2015.07.03	08:00:00	1.12854	1.13109	1.12638	1.12684	15222	0	6
2015.07.03	12:00:00	1.12686	1.12775	1.12183	1.12494	17322	0	5
2015.07.03	16:00:00	1.12494	1.12516	1.12227	1.12416	14752	0	7
2015.07.03	20:00:00	1.12410	1.12598	1.12084	1.12236	6614	0	6
2015.07.06	00:00:00	1.12080	1.12327	1.11834	1.12251	12719	0	45
2015.07.06	04:00:00	1.12251	1.12357	1.11833	1.12035	9181	0	37
2015.07.06	08:00:00	1.12035	1.12316	1.11796	1.12149	15449	0	23
2015.07.06	12:00:00	1.12149	1.12188	1.11859	1.11940	12788	0	23
2015.07.06	16:00:00	1.11938	1.12272	1.11886	1.12195	15189	0	20
2015.07.06	20:00:00	1.12193	1.12254	1.11967	1.12063	10054	0	23
2015.07.07	00:00:00	1.12060	1.12383	1.11988	1.12069	14815	0	16
2015.07.07	04:00:00	1.12069	1.12310	1.11767	1.12296	12863	0	21
2015.07.07	08:00:00	1.12290	1.12493	1.12061	1.12164	19710	0	42
2015.07.07	12:00:00	1.12165	1.12200	1.11797	1.11960	19544	0	44
2015.07.07	16:00:00	1.11966	1.11977	1.11460	1.11548	20271	0	42
2015.07.07	20:00:00	1.11548	1.12017	1.11546	1.11956	17735	0	41
2015.07.08	00:00:00	1.11965	1.12024	1.11566	1.11630	23454	0	22
2015.07.08	04:00:00	1.11633	1.11775	1.11362	1.11487	18689	0	16
2015.07.08	08:00:00	1.11489	1.11650	1.10817	1.10872	20746	0	43
2015.07.08	12:00:00	1.10874	1.10913	1.10481	1.10761	19602	0	42
2015.07.08	16:00:00	1.10761	1.10811	1.10312	1.10478	22146	0	42
2015.07.08	20:00:00	1.10476	1.10526	1.10199	1.10333	14334	0	16
2015.07.09	00:00:00	1.10335	1.10620	1.10197	1.10439	10953	0	25
2015.07.09	04:00:00	1.10436	1.10924	1.10192	1.10875	13698	0	20
2015.07.09	08:00:00	1.10871	1.11155	1.10810	1.10915	19443	0	43
2015.07.09	12:00:00	1.10915	1.10929	1.10503	1.10564	18071	0	18
2015.07.09	16:00:00	1.10564	1.10664	1.10310	1.10616	15629	0	23
2015.07.09	20:00:00	1.10617	1.10666	1.10373	1.10390	14090	0	19
2015.07.10	00:00:00	1.10398	1.10672	1.10147	1.10645	12307	0	29
2015.07.10	04:00:00	1.10643	1.10875	1.10562	1.10595	11863	0	21
2015.07.10	08:00:00	1.10595	1.10728	1.10274	1.10358	16002	0	29
2015.07.10	12:00:00	1.10360	1.10827	1.10291	1.10653	17240	0	20
2015.07.10	16:00:00	1.10651	1.10865	1.10539	1.10834	16825	0	16
2015.07.10	20:00:00	1.10856	1.10923	1.10592	1.10649	7939	0	20
2015.07.13	00:00:00	1.10460	1.10822	1.10448	1.10587	12969	0	51
2015.07.13	04:00:00	1.10584	1.10598	1.10389	1.10529	12953	0	15
2015.07.13	08:00:00	1.10532	1.10811	1.10403	1.10694	20769	0	24
2015.07.13	12:00:00	1.10696	1.10868	1.10532	1.10541	15520	0	21
2015.07.13	16:00:00	1.10541	1.10647	1.10457	1.10575	15458	0	18
2015.07.13	20:00:00	1.10572	1.10733	1.10510	1.10560	17751	0	22
2015.07.14	00:00:00	1.10556	1.10868	1.10521	1.10800	24106	0	33
2015.07.14	04:00:00	1.10798	1.11186	1.10679	1.11164	11930	0	16
2015.07.14	08:00:00	1.11164	1.11273	1.10884	1.10980	18729	0	19
2015.07.14	12:00:00	1.10982	1.11336	1.10708	1.11008	19262	0	44
2015.07.14	16:00:00	1.11011	1.11141	1.10888	1.11015	13883	0	17
2015.07.14	20:00:00	1.11017	1.11072	1.10967	1.10989	9201	0	16
2015.07.15	00:00:00	1.10998	1.11136	1.10923	1.11106	20204	0	21
2015.07.15	04:00:00	1.11108	1.11463	1.10930	1.11360	12850	0	18
2015.07.15	08:00:00	1.11362	1.11591	1.11221	1.11380	15587	0	42
2015.07.15	12:00:00	1.11378	1.11529	1.11247	1.11436	14104	0	19
2015.07.15	16:00:00	1.11436	1.11801	1.11359	1.11631	24784	0	23
2015.07.15	20:00:00	1.11631	1.11928	1.11567	1.11871	19598	0	21
2015.07.16	00:00:00	1.11886	1.12371	1.11623	1.12356	16987	0	19
2015.07.16	04:00:00	1.12358	1.13019	1.12331	1.12897	16130	0	28
2015.07.16	08:00:00	1.12897	1.13268	1.12832	1.13125	18907	0	43
2015.07.16	12:00:00	1.13131	1.13477	1.13112	1.13300	18029	0	17
2015.07.16	16:00:00	1.13297	1.13679	1.13251	1.13652	18711	0	17
2015.07.16	20:00:00	1.13651	1.13766	1.13511	1.13583	13265	0	15
2015.07.17	00:00:00	1.13593	1.13731	1.13551	1.13628	19619	0	30
2015.07.17	04:00:00	1.13628	1.13653	1.13277	1.13355	10521	0	20
2015.07.17	08:00:00	1.13352	1.13473	1.13108	1.13177	15413	0	13
2015.07.17	12:00:00	1.13177	1.13191	1.12780	1.12911	16577	0	44
2015.07.17	16:00:00	1.12911	1.13068	1.12685	1.13039	14729	0	17
2015.07.17	20:00:00	1.13039	1.13097	1.12919	1.12948	7012	0	17
2015.07.20	00:00:00	1.13092	1.13228	1.12945	1.13025	12451	0	11
2015.07.20	04:00:00	1.13024	1.13033	1.12031	1.12092	20350	0	5
2015.07.20	08:00:00	1.12089	1.12347	1.11838	1.12219	23986	0	42
2015.07.20	12:00:00	1.12216	1.12243	1.12011	1.12153	18740	0	44
2015.07.20	16:00:00	1.12153	1.12395	1.12140	1.12297	17021	0	22
2015.07.20	20:00:00	1.12294	1.12305	1.12086	1.12188	13756	0	21
2015.07.21	00:00:00	1.12197	1.12344	1.11825	1.11913	13252	0	47
2015.07.21	04:00:00	1.11915	1.11972	1.11452	1.11524	20430	0	42
2015.07.21	08:00:00	1.11522	1.11593	1.11250	1.11477	24514	0	43
2015.07.21	12:00:00	1.11477	1.11722	1.11399	1.11677	20407	0	42
2015.07.21	16:00:00	1.11678	1.12112	1.11649	1.11920	24106	0	5
2015.07.21	20:00:00	1.11920	1.12011	1.11767	1.11930	17612	0	6
2015.07.22	00:00:00	1.11784	1.12172	1.11784	1.11921	18558	0	5
2015.07.22	04:00:00	1.11923	1.12169	1.11406	1.12105	25452	0	5
2015.07.22	08:00:00	1.12107	1.12277	1.11934	1.11959	23335	0	5
2015.07.22	12:00:00	1.11958	1.12259	1.11950	1.12100	20634	0	5
2015.07.22	16:00:00	1.12102	1.12300	1.12024	1.12100	22450	0	5
2015.07.22	20:00:00	1.12102	1.12260	1.11907	1.12020	12602	0	6
2015.07.23	00:00:00	1.12029	1.12035	1.10988	1.11367	25919	0	5
2015.07.23	04:00:00	1.11369	1.11462	1.11140	1.11216	16016	0	5
2015.07.23	08:00:00	1.11216	1.11244	1.10634	1.10743	26940	14930117000	8
2015.07.23	12:00:00	1.10741	1.11041	1.10696	1.10907	25052	17634950000	51
2015.07.23	16:00:00	1.10909	1.11025	1.10780	1.10906	24594	16116828000	51
2015.07.23	20:00:00	1.10906	1.11336	1.10889	1.11304	14381	10842741500	22
2015.07.24	00:00:00	1.11297	1.11418	1.11083	1.11151	18794	11726350000	15
2015.07.24	04:00:00	1.11152	1.11243	1.10586	1.10765	26671	14775649000	51
2015.07.24	08:00:00	1.10763	1.11030	1.10542	1.10925	23548	16345250000	51
2015.07.24	12:00:00	1.10923	1.10934	1.10588	1.10621	21924	13986300000	51
2015.07.24	16:00:00	1.10623	1.10721	1.10418	1.10557	22712	16128488000	14
2015.07.24	20:00:00	1.10557	1.10897	1.10548	1.10706	8914	5129449000	11
2015.07.27	00:00:00	1.10629	1.10732	1.10484	1.10563	15286	8432150000	3
2015.07.27	04:00:00	1.10563	1.10601	1.10395	1.10589	21376	16518000000	15
2015.07.27	08:00:00	1.10593	1.10606	1.10082	1.10183	27240	16771700000	15
2015.07.27	12:00:00	1.10181	1.10393	1.10146	1.10223	24366	16153550000	51
2015.07.27	16:00:00	1.10226	1.10349	1.10006	1.10042	24799	19577407000	51
2015.07.27	20:00:00	1.10043	1.10149	1.09965	1.10033	9438	8513293000	11
2015.07.28	00:00:00	1.10057	1.10125	1.09633	1.09641	15892	8784800000	16
2015.07.28	04:00:00	1.09641	1.09966	1.09483	1.09654	26499	17814199000	51
2015.07.28	08:00:00	1.09655	1.09873	1.09390	1.09616	25956	17667381500	51
2015.07.28	12:00:00	1.09618	1.09822	1.09543	1.09585	24120	16137321000	51
2015.07.28	16:00:00	1.09581	1.09598	1.09332	1.09533	24952	18709412500	51
2015.07.28	20:00:00	1.09529	1.09741	1.09461	1.09569	14635	11909140000	15
2015.07.29	00:00:00	1.09576	1.09973	1.08910	1.09394	21122	13744695000	22
2015.07.29	04:00:00	1.09395	1.09436	1.09131	1.09193	22835	18028200000	51
2015.07.29	08:00:00	1.09193	1.09459	1.09036	1.09447	24315	16827348000	51
2015.07.29	12:00:00	1.09448	1.09539	1.09350	1.09461	21924	15473600000	51
2015.07.29	16:00:00	1.09460	1.09509	1.09203	1.09245	24395	17317500000	51
2015.07.29	20:00:00	1.09247	1.09438	1.09152	1.09385	27329	21631998500	51
2015.07.30	00:00:00	1.09457	1.09980	1.09292	1.09930	15650	9253848000	15
2015.07.30	04:00:00	1.09931	1.10326	1.09870	1.10218	20037	12842142000	51
2015.07.30	08:00:00	1.10220	1.10304	1.09988	1.10096	19271	11254453000	51
2015.07.30	12:00:00	1.10098	1.10281	1.09983	1.10222	20131	12801683000	51
2015.07.30	16:00:00	1.10219	1.10679	1.10124	1.10404	23512	15252053000	51
2015.07.30	20:00:00	1.10405	1.10514	1.10295	1.10437	15173	11228550000	19
2015.07.31	00:00:00	1.10382	1.10531	1.10149	1.10479	19280	10230298500	1
2015.07.31	04:00:00	1.10556	1.10944	1.10556	1.10816	18569	14397847000	1
2015.07.31	08:00:00	1.10818	1.11098	1.10718	1.11010	20504	13084999000	51
2015.07.31	12:00:00	1.11015	1.11017	1.10465	1.10713	23948	15561938000	51
2015.07.31	16:00:00	1.10711	1.10760	1.10168	1.10628	28556	20252706500	10
2015.07.31	20:00:00	1.10628	1.10911	1.10592	1.10592	13692	10533735000	20
2015.08.03	00:00:00	1.10549	1.10947	1.10530	1.10888	16508	13907350000	24
2015.08.03	04:00:00	1.10888	1.10964	1.10691	1.10704	15061	12379100000	3
2015.08.03	08:00:00	1.10706	1.10826	1.10495	1.10623	19710	15700383000	51
2015.08.03	12:00:00	1.10623	1.10668	1.10192	1.10278	23755	19631984000	51
2015.08.03	16:00:00	1.10282	1.10344	1.10086	1.10104	25787	20297600000	51
2015.08.03	20:00:00	1.10104	1.11014	1.10083	1.10975	14517	13089461000	32
2015.08.04	00:00:00	1.10973	1.11187	1.10655	1.10710	21038	15104999000	4
2015.08.04	04:00:00	1.10706	1.11972	1.10687	1.11972	23691	16751719000	33
2015.08.04	08:00:00	1.11970	1.12037	1.11729	1.11778	28500	19232600000	51
2015.08.04	12:00:00	1.11781	1.12267	1.11750	1.12222	25081	20276192000	51
2015.08.04	16:00:00	1.12221	1.12703	1.12212	1.12619	28948	19995037000	51
2015.08.04	20:00:00	1.12617	1.13060	1.12617	1.12671	21345	16634829500	24
2015.08.05	00:00:00	1.12738	1.13003	1.12603	1.12703	18794	12649749000	38
2015.08.05	04:00:00	1.12712	1.12887	1.12621	1.12639	20373	16088384000	51
2015.08.05	08:00:00	1.12640	1.12788	1.12417	1.12658	23985	17610273000	51
2015.08.05	12:00:00	1.12661	1.12774	1.12435	1.12475	25514	19396250000	51
2015.08.05	16:00:00	1.12475	1.12956	1.12368	1.12859	29207	20827513000	51
2015.08.05	20:00:00	1.12859	1.13154	1.12791	1.12822	13745	10281175000	41
2015.08.06	00:00:00	1.12861	1.12983	1.12474	1.12521	17324	11839150000	43
2015.08.06	04:00:00	1.12521	1.12967	1.11998	1.12069	23164	18377350000	51
2015.08.06	08:00:00	1.12070	1.12212	1.11901	1.12060	20693	15057300000	19
2015.08.06	12:00:00	1.12063	1.12240	1.11927	1.12220	21640	18514832000	51
2015.08.06	16:00:00	1.12218	1.12280	1.12039	1.12133	19435	14349395500	51
2015.08.06	20:00:00	1.12135	1.12205	1.11982	1.12006	16257	12883350000	17
2015.08.07	00:00:00	1.11982	1.12239	1.11963	1.12134	17624	12226550000	27
2015.08.07	04:00:00	1.12136	1.12886	1.12085	1.12249	21516	16452650000	51
2015.08.07	08:00:00	1.12247	1.12406	1.12097	1.12341	19709	16112400000	28
2015.08.07	12:00:00	1.12339	1.12573	1.12056	1.12460	22661	15950197000	51
2015.08.07	16:00:00	1.12461	1.12487	1.11944	1.12119	32643	23428250000	32
2015.08.07	20:00:00	1.12115	1.12128	1.11710	1.11960	10850	7039050000	19
2015.08.10	00:00:00	1.11946	1.12134	1.11845	1.11885	7712	5400600000	18
2015.08.10	04:00:00	1.11885	1.11934	1.11715	1.11877	12256	9712500000	24
2015.08.10	08:00:00	1.11876	1.12070	1.11764	1.11859	13268	9990750000	28
2015.08.10	12:00:00	1.11859	1.12171	1.11852	1.11992	15835	11096896000	52
2015.08.10	16:00:00	1.11993	1.12222	1.11945	1.12043	23832	18184800000	51
2015.08.10	20:00:00	1.12043	1.12092	1.11844	1.11879	14495	12508015000	38
2015.08.11	00:00:00	1.11898	1.12175	1.11871	1.12101	13250	10813250000	42
2015.08.11	04:00:00	1.12105	1.12184	1.11661	1.11669	29471	20381700000	51
2015.08.11	08:00:00	1.11669	1.11983	1.11606	1.11904	23333	17867750000	51
2015.08.11	12:00:00	1.11910	1.11937	1.11639	1.11674	20465	16344449000	33
2015.08.11	16:00:00	1.11675	1.11721	1.11315	1.11618	27031	18837989000	28
2015.08.11	20:00:00	1.11618	1.11735	1.11524	1.11626	10213	9062449000	32
2015.08.12	00:00:00	1.11629	1.11732	1.11467	1.11684	13822	8682500000	40
2015.08.12	04:00:00	1.11679	1.11849	1.11258	1.11527	23811	15108998000	51
2015.08.12	08:00:00	1.11524	1.11603	1.10951	1.11137	29289	21359848000	51
2015.08.12	12:00:00	1.11134	1.11546	1.10996	1.11538	28604	22169778500	51
2015.08.12	16:00:00	1.11540	1.11554	1.10971	1.11210	27680	21453548000	38
2015.08.12	20:00:00	1.11210	1.11530	1.11167	1.11322	11111	8930512000	51
2015.08.13	00:00:00	1.11344	1.11700	1.11286	1.11578	14530	9155800000	51
2015.08.13	04:00:00	1.11581	1.11661	1.11202	1.11563	17844	13417100000	25
2015.08.13	08:00:00	1.11563	1.11729	1.11343	1.11665	18454	13042657000	25
2015.08.13	12:00:00	1.11672	1.11861	1.11469	1.11738	18190	13392490000	50
2015.08.13	16:00:00	1.11738	1.12169	1.11615	1.12076	22678	16370011500	51
2015.08.13	20:00:00	1.12076	1.12115	1.11862	1.11862	16511	14115484000	39
2015.08.14	00:00:00	1.11891	1.12604	1.11813	1.12546	15891	10584250000	31
2015.08.14	04:00:00	1.12545	1.12915	1.12545	1.12783	19047	14309298000	37
2015.08.14	08:00:00	1.12784	1.13009	1.12710	1.12884	21861	14767593500	51
2015.08.14	12:00:00	1.12884	1.12928	1.12514	1.12745	19386	13686950000	51
2015.08.14	16:00:00	1.12745	1.12755	1.12475	1.12669	22565	19913133000	51
2015.08.14	20:00:00	1.12671	1.12859	1.12634	1.12756	9126	7627187502	33
2015.08.17	00:00:00	1.12768	1.12814	1.12476	1.12754	9813	7345050000	51
2015.08.17	04:00:00	1.12754	1.12831	1.12606	1.12733	14899	10479700000	42
2015.08.17	08:00:00	1.12738	1.12761	1.12350	1.12373	16957	14132550000	26
2015.08.17	12:00:00	1.12373	1.12562	1.12074	1.12132	18205	15518400000	51
2015.08.17	16:00:00	1.12128	1.12288	1.12120	1.12242	20487	16439800000	51
2015.08.17	20:00:00	1.12242	1.12250	1.12016	1.12016	13536	12570600000	36
2015.08.18	00:00:00	1.12038	1.12196	1.11918	1.11963	21676	13744400000	41
2015.08.18	04:00:00	1.11961	1.11977	1.11606	1.11658	26518	21541700000	51
2015.08.18	08:00:00	1.11658	1.11681	1.11466	1.11635	22235	17496559000	51
2015.08.18	12:00:00	1.11634	1.11765	1.11441	1.11567	20983	17738704000	51
2015.08.18	16:00:00	1.11568	1.11681	1.11122	1.11400	25817	22283410180	51
2015.08.18	20:00:00	1.11401	1.11485	1.11073	1.11073	14543	13208350000	38
2015.08.19	00:00:00	1.11114	1.11533	1.11114	1.11450	24039	13570550000	51
2015.08.19	04:00:00	1.11450	1.11480	1.11192	1.11320	28814	23162499000	51
2015.08.19	08:00:00	1.11320	1.11732	1.11286	1.11603	26035	18610952500	51
2015.08.19	12:00:00	1.11600	1.11718	1.11522	1.11660	24134	18828147000	51
2015.08.19	16:00:00	1.11660	1.11769	1.11379	1.11399	28182	23570498000	51
2015.08.19	20:00:00	1.11398	1.11490	1.11061	1.11171	29818	24612800000	37
2015.08.20	00:00:00	1.11131	1.11497	1.11131	1.11330	18281	13441960000	31
2015.08.20	04:00:00	1.11330	1.11475	1.11025	1.11103	22900	19480980000	51
2015.08.20	08:00:00	1.11103	1.11160	1.10501	1.10676	30146	22059870000	51
2015.08.20	12:00:00	1.10671	1.10817	1.10467	1.10597	25804	20501851000	42
2015.08.20	16:00:00	1.10600	1.10906	1.10565	1.10783	30615	23415450000	51
2015.08.20	20:00:00	1.10782	1.10789	1.10486	1.10486	20205	16012960000	29
2015.08.21	00:00:00	1.10524	1.10877	1.10403	1.10660	18394	12343600000	52
2015.08.21	04:00:00	1.10660	1.10660	1.10175	1.10407	28038	20985183000	51
2015.08.21	08:00:00	1.10408	1.10487	1.10245	1.10453	28776	21114200000	51
2015.08.21	12:00:00	1.10456	1.10480	1.09821	1.09884	28970	22526409500	51
2015.08.21	16:00:00	1.09884	1.09992	1.09300	1.09402	37070	34843773000	51
2015.08.21	20:00:00	1.09402	1.09650	1.09157	1.09276	18303	15888834000	39
2015.08.24	00:00:00	1.09465	1.09746	1.09186	1.09566	22202	11640702000	48
2015.08.24	04:00:00	1.09567	1.09775	1.09282	1.09607	35952	19432750000	51
2015.08.24	08:00:00	1.09607	1.10005	1.09467	1.09884	30565	3226800000	44
2015.08.24	12:00:00	1.09884	1.10245	1.09706	1.10192	33134	7122642000	44
2015.08.24	16:00:00	1.10189	1.15283	1.10101	1.10681	43486	27493068999	23
2015.08.24	20:00:00	1.10680	1.10705	1.10097	1.10281	24376	17970933000	51
2015.08.25	00:00:00	1.10304	1.11221	1.10048	1.10777	18239	11078550000	51
2015.08.25	04:00:00	1.10777	1.11034	1.10479	1.10738	26057	15765450000	51
2015.08.25	08:00:00	1.10740	1.10814	1.10401	1.10589	34819	20879839000	51
2015.08.25	12:00:00	1.10589	1.10855	1.10216	1.10250	36320	28753471500	51
2015.08.25	16:00:00	1.10248	1.10323	1.09963	1.10046	28685	22081334000	51
2015.08.25	20:00:00	1.10047	1.10388	1.09876	1.09984	19438	17313864500	40
2015.08.26	00:00:00	1.09993	1.10299	1.09664	1.09954	20991	10375086000	51
2015.08.26	04:00:00	1.09952	1.10131	1.09570	1.09726	29090	14457450000	51
2015.08.26	08:00:00	1.09724	1.09875	1.09434	1.09782	28997	20825903000	51
2015.08.26	12:00:00	1.09784	1.10071	1.09702	1.10038	29424	17749862000	51
2015.08.26	16:00:00	1.10037	1.10659	1.10035	1.10263	34660	24250920500	51
2015.08.26	20:00:00	1.10258	1.10633	1.10232	1.10276	22997	18774841000	35
2015.08.27	00:00:00	1.10355	1.10569	1.10287	1.10395	22073	12953650000	48
2015.08.27	04:00:00	1.10395	1.10628	1.10025	1.10402	23482	15998850000	51
2015.08.27	08:00:00	1.10402	1.10471	1.10113	1.10408	29327	19947081000	51
2015.08.27	12:00:00	1.10402	1.10843	1.10318	1.10530	25448	18410047000	51
2015.08.27	16:00:00	1.10530	1.10876	1.10266	1.10814	32436	25823809500	51
2015.08.27	20:00:00	1.10814	1.11001	1.10671	1.10671	20970	17362696000	51
2015.08.28	00:00:00	1.10685	1.10820	1.10569	1.10699	18903	10346350000	41
2015.08.28	04:00:00	1.10698	1.10783	1.10598	1.10775	21385	14296200000	51
2015.08.28	08:00:00	1.10772	1.10883	1.10653	1.10692	23058	17345050000	51
2015.08.28	12:00:00	1.10688	1.10712	1.10485	1.10666	26974	19987084000	51
2015.08.28	16:00:00	1.10665	1.10864	1.10542	1.10813	32011	25709120000	51
2015.08.28	20:00:00	1.10817	1.10970	1.10740	1.10807	14482	12305090000	40
2015.08.31	00:00:00	1.10645	1.10909	1.10371	1.10586	17077	15521600000	51
2015.08.31	04:00:00	1.10652	1.11328	1.10649	1.11194	23851	19940364000	51
2015.08.31	08:00:00	1.11194	1.11361	1.11030	1.11077	20010	14610650000	41
2015.08.31	12:00:00	1.11078	1.11414	1.11073	1.11369	14877	12144250000	38
2015.08.31	16:00:00	1.11369	1.12015	1.11342	1.11856	22629	15778086000	47
2015.08.31	20:00:00	1.11860	1.12607	1.11851	1.12115	18471	14652316000	36
2015.09.01	00:00:00	1.12070	1.12153	1.11701	1.12064	17167	14038650000	35
2015.09.01	04:00:00	1.12054	1.12054	1.11523	1.11726	24449	20229986000	51
2015.09.01	08:00:00	1.11735	1.11928	1.11373	1.11896	29391	23452237500	51
2015.09.01	12:00:00	1.11894	1.11917	1.11069	1.11110	26992	17823662500	15
2015.09.01	16:00:00	1.11100	1.11217	1.10813	1.10934	24565	18494350000	51
2015.09.01	20:00:00	1.10933	1.11072	1.10753	1.10800	17681	13161550000	17
2015.09.02	00:00:00	1.10810	1.10958	1.10565	1.10683	15532	10604890000	51
2015.09.02	04:00:00	1.10683	1.10704	1.10149	1.10439	24061	19923341657	51
2015.09.02	08:00:00	1.10437	1.10677	1.10345	1.10594	23731	18691727000	51
2015.09.02	12:00:00	1.10596	1.10657	1.10355	1.10550	20668	18463922500	51
2015.09.02	16:00:00	1.10548	1.10665	1.10328	1.10621	26023	21355982000	51
2015.09.02	20:00:00	1.10619	1.10944	1.10604	1.10831	16465	15705050000	42
2015.09.03	00:00:00	1.10783	1.10868	1.10517	1.10544	16794	16109450000	38
2015.09.03	04:00:00	1.10544	1.10631	1.10117	1.10592	23197	18405550000	51
2015.09.03	08:00:00	1.10594	1.10640	1.10245	1.10501	21471	16373450000	51
2015.09.03	12:00:00	1.10499	1.10515	1.10206	1.10220	21374	19552499000	30
2015.09.03	16:00:00	1.10223	1.10226	1.09677	1.09688	26186	21997531000	51
2015.09.03	20:00:00	1.09688	1.09711	1.09571	1.09577	14633	14460200000	32
2015.09.04	00:00:00	1.09503	1.09956	1.09493	1.09549	18589	15435321000	25
2015.09.04	04:00:00	1.09548	1.09723	1.09479	1.09535	22540	17061700000	37
2015.09.04	08:00:00	1.09535	1.09730	1.09464	1.09559	23376	19998300000	51
2015.09.04	12:00:00	1.09557	1.09786	1.09409	1.09579	21924	17937970500	51
2015.09.04	16:00:00	1.09574	1.10251	1.09557	1.09960	26241	21783867000	51
2015.09.04	20:00:00	1.09960	1.10083	1.09804	1.09952	11855	8841950000	25
2015.09.07	00:00:00	1.09791	1.10475	1.09709	1.10390	18024	15363350000	16
2015.09.07	04:00:00	1.10386	1.10623	1.10300	1.10333	17213	13080960500	40
2015.09.07	08:00:00	1.10335	1.10677	1.10251	1.10659	21546	18218583000	51
2015.09.07	12:00:00	1.10659	1.10854	1.10596	1.10814	20496	18849200000	51
2015.09.07	16:00:00	1.10814	1.10850	1.10645	1.10742	12839	9457400000	51
2015.09.07	20:00:00	1.10735	1.10857	1.10464	1.10534	32555	20592774500	51
2015.09.08	00:00:00	1.10352	1.10911	1.10351	1.10889	15367	12748000000	17
2015.09.08	04:00:00	1.10889	1.10974	1.10590	1.10781	19275	17197540000	40
2015.09.08	08:00:00	1.10781	1.11025	1.10589	1.11015	21097	18591280000	51
2015.09.08	12:00:00	1.11014	1.11283	1.10915	1.10998	17743	15656656000	51
2015.09.08	16:00:00	1.10998	1.11032	1.10478	1.10803	23065	18217500000	51
2015.09.08	20:00:00	1.10803	1.10855	1.10542	1.10590	13837	14215400000	36
2015.09.09	00:00:00	1.10470	1.10718	1.10228	1.10296	16183	11826100000	48
2015.09.09	04:00:00	1.10296	1.10596	1.10252	1.10575	18754	15320150000	51
2015.09.09	08:00:00	1.10572	1.10747	1.10399	1.10564	19910	15634787500	51
2015.09.09	12:00:00	1.10569	1.10662	1.09838	1.10010	19655	17115400000	25
2015.09.09	16:00:00	1.10014	1.10080	1.09538	1.09678	23731	22029090000	51
2015.09.09	20:00:00	1.09680	1.09835	1.09336	1.09616	16589	16680096500	36
2015.09.10	00:00:00	1.09568	1.11225	1.09506	1.10918	23447	14537450000	51
2015.09.10	04:00:00	1.10917	1.11642	1.10782	1.11536	21326	17714694068	51
2015.09.10	08:00:00	1.11543	1.12119	1.11525	1.11980	30795	25146925000	51
2015.09.10	12:00:00	1.11980	1.12464	1.11852	1.12183	25859	22246881000	51
2015.09.10	16:00:00	1.12182	1.12628	1.12124	1.12240	30153	24116659500	51
2015.09.10	20:00:00	1.12242	1.12386	1.12154	1.12311	16241	14886650000	24
2015.09.11	00:00:00	1.12137	1.12432	1.11979	1.12045	15454	12639300000	27
2015.09.11	04:00:00	1.12046	1.12161	1.11990	1.12023	12426	11133450000	16
2015.09.11	08:00:00	1.12024	1.12079	1.11751	1.12054	18759	16760856500	17
2015.09.11	12:00:00	1.12053	1.12328	1.12006	1.12292	19180	16178150000	51
2015.09.11	16:00:00	1.12292	1.12335	1.12020	1.12092	20716	18613994000	51
2015.09.11	20:00:00	1.12094	1.12253	1.11956	1.12209	8813	8298447000	19
2015.09.14	00:00:00	1.12103	1.12379	1.11988	1.12329	12212	11461600000	16
2015.09.14	04:00:00	1.12332	1.12557	1.12103	1.12166	15866	14331480000	51
2015.09.14	08:00:00	1.12164	1.12503	1.11849	1.12489	19812	17873140000	23
2015.09.14	12:00:00	1.12494	1.13092	1.12403	1.12927	16004	14447241900	51
2015.09.14	16:00:00	1.12927	1.12970	1.12626	1.12655	19485	16767650000	51
2015.09.14	20:00:00	1.12656	1.12772	1.12639	1.12670	10286	10490900000	27
2015.09.15	00:00:00	1.12661	1.13018	1.12630	1.12952	14118	11199053864	16
2015.09.15	04:00:00	1.12955	1.13051	1.12693	1.12819	14064	10562650000	25
2015.09.15	08:00:00	1.12820	1.12864	1.12675	1.12699	19817	17042610000	51
2015.09.15	12:00:00	1.12701	1.12708	1.12319	1.12396	17682	16692125000	51
2015.09.15	16:00:00	1.12397	1.12701	1.12222	1.12426	18735	15110663000	32
2015.09.15	20:00:00	1.12428	1.12564	1.12185	1.12289	14620	11964019000	22
2015.09.16	00:00:00	1.12272	1.12387	1.12102	1.12210	12035	9458550000	16
2015.09.16	04:00:00	1.12206	1.12477	1.12042	1.12433	14200	12578750000	28
2015.09.16	08:00:00	1.12431	1.12763	1.12264	1.12692	20497	16817748000	38
2015.09.16	12:00:00	1.12690	1.12927	1.12689	1.12876	17304	16312050000	32
2015.09.16	16:00:00	1.12884	1.13294	1.12704	1.13077	21684	18262307000	38
2015.09.16	20:00:00	1.13080	1.13163	1.12903	1.12945	12993	13197100000	39
2015.09.17	00:00:00	1.13003	1.13450	1.12777	1.13170	14525	10996556000	26
2015.09.17	04:00:00	1.13170	1.13296	1.12837	1.12854	15419	15717575000	51
2015.09.17	08:00:00	1.12854	1.13126	1.12772	1.12908	17577	14069499158	34
2015.09.17	12:00:00	1.12906	1.13058	1.12855	1.12964	14794	13556850000	28
2015.09.17	16:00:00	1.12964	1.13138	1.12900	1.13100	19260	16722362500	17
2015.09.17	20:00:00	1.13100	1.13252	1.12578	1.12902	40408	32161758000	51
2015.09.18	00:00:00	1.12809	1.13092	1.12399	1.13065	17481	12351450000	32
2015.09.18	04:00:00	1.13062	1.13142	1.12790	1.12904	14262	9327537500	26
2015.09.18	08:00:00	1.12906	1.13260	1.12882	1.12985	25051	21404450000	51
2015.09.18	12:00:00	1.12986	1.13095	1.12564	1.12634	25135	22927190000	51
2015.09.18	16:00:00	1.12634	1.12800	1.12429	1.12534	26025	22036940000	51
2015.09.18	20:00:00	1.12540	1.12611	1.12106	1.12257	14222	12750450000	32
2015.09.21	00:00:00	1.12279	1.12668	1.12258	1.12574	12999	10090900000	17
2015.09.21	04:00:00	1.12573	1.12805	1.12341	1.12774	16041	13801600000	36
2015.09.21	08:00:00	1.12776	1.13005	1.12717	1.12744	18294	14306199000	51
2015.09.21	12:00:00	1.12749	1.12912	1.12638	1.12756	19657	19335300000	51
2015.09.21	16:00:00	1.12756	1.13104	1.12712	1.12816	23302	18906513500	39
2015.09.21	20:00:00	1.12816	1.13037	1.12760	1.12853	16251	10272867500	35
2015.09.22	00:00:00	1.12810	1.12888	1.12552	1.12735	13858	11522350000	51
2015.09.22	04:00:00	1.12734	1.13069	1.12718	1.12792	11264	10606350000	22
2015.09.22	08:00:00	1.12792	1.13060	1.12460	1.12506	19633	17242550000	32
2015.09.22	12:00:00	1.12506	1.12631	1.12281	1.12562	21245	18897050000	51
2015.09.22	16:00:00	1.12562	1.12590	1.12389	1.12502	21750	18559950000	37
2015.09.22	20:00:00	1.12502	1.12703	1.12426	1.12585	9633	8501950000	30
2015.09.23	00:00:00	1.12601	1.12700	1.12422	1.12435	10863	8607569000	27
2015.09.23	04:00:00	1.12432	1.12454	1.12118	1.12185	17280	13381600000	39
2015.09.23	08:00:00	1.12200	1.12496	1.12163	1.12293	17659	13840900000	29
2015.09.23	12:00:00	1.12292	1.12339	1.11922	1.12127	17351	16324074200	51
2015.09.23	16:00:00	1.12126	1.12252	1.11924	1.12037	26993	23818973000	51
2015.09.23	20:00:00	1.12040	1.12171	1.11564	1.11598	14789	14151160046	29
2015.09.24	00:00:00	1.11501	1.11679	1.11302	1.11387	14166	10458020000	30
2015.09.24	04:00:00	1.11386	1.11472	1.11082	1.11140	15899	13039500000	30
2015.09.24	08:00:00	1.11144	1.11308	1.10536	1.10654	21123	17803921370	27
2015.09.24	12:00:00	1.10653	1.10748	1.10465	1.10659	22122	20822962500	51
2015.09.24	16:00:00	1.10657	1.10668	1.10074	1.10389	30069	23398498000	51
2015.09.24	20:00:00	1.10388	1.10621	1.10367	1.10458	16865	16288760500	35
2015.09.25	00:00:00	1.10428	1.10805	1.10095	1.10766	17587	14067056214	19
2015.09.25	04:00:00	1.10766	1.10813	1.10551	1.10576	14763	14533400000	16
2015.09.25	08:00:00	1.10576	1.11037	1.10553	1.10980	20238	15919148000	51
2015.09.25	12:00:00	1.10981	1.11030	1.10389	1.10529	19908	17233542000	33
2015.09.25	16:00:00	1.10532	1.10630	1.09976	1.10101	24809	20757140000	27
2015.09.25	20:00:00	1.10106	1.10263	1.09962	1.09980	8724	8431950000	33
2015.09.28	00:00:00	1.10309	1.10396	1.09939	1.10105	15552	13479350000	26
2015.09.28	04:00:00	1.10097	1.10155	1.09799	1.09861	11064	8866950000	29
2015.09.28	08:00:00	1.09859	1.10209	1.09715	1.10152	19258	15958800000	33
2015.09.28	12:00:00	1.10152	1.10339	1.10002	1.10291	20525	16345150000	28
2015.09.28	16:00:00	1.10290	1.10467	1.10237	1.10262	26769	20544502000	51
2015.09.28	20:00:00	1.10262	1.10451	1.10223	1.10360	14811	14836600000	32
2015.09.29	00:00:00	1.10386	1.10575	1.10293	1.10410	9783	6209100000	31
2015.09.29	04:00:00	1.10410	1.10499	1.10170	1.10205	13944	12106450000	33
2015.09.29	08:00:00	1.10205	1.10282	1.09897	1.10054	22662	17608300000	51
2015.09.29	12:00:00	1.10057	1.10091	1.09798	1.10046	19836	17230948000	51
2015.09.29	16:00:00	1.10046	1.10159	1.09648	1.10078	29744	24783839000	51
2015.09.29	20:00:00	1.10075	1.10241	1.09897	1.10022	19479	16874000000	48
2015.09.30	00:00:00	1.10059	1.10292	1.09924	1.09981	12115	8630250000	33
2015.09.30	04:00:00	1.09982	1.10112	1.09888	1.10055	14087	11293500000	26
2015.09.30	08:00:00	1.10055	1.10143	1.09620	1.10139	22515	16030377500	51
2015.09.30	12:00:00	1.10138	1.10305	1.10055	1.10178	18353	14543207911	51
2015.09.30	16:00:00	1.10181	1.10185	1.09691	1.09760	27754	21056400000	51
2015.09.30	20:00:00	1.09758	1.09808	1.09575	1.09625	16294	15313600000	51
2015.10.01	00:00:00	1.09592	1.09709	1.09427	1.09601	14017	11001000000	25
2015.10.01	04:00:00	1.09601	1.10012	1.09576	1.10005	18643	12158267500	27
2015.10.01	08:00:00	1.10005	1.10225	1.10000	1.10055	19637	14716050000	51
2015.10.01	12:00:00	1.10056	1.10092	1.09669	1.10042	21621	15714360000	51
2015.10.01	16:00:00	1.10040	1.10349	1.09735	1.09742	28091	21143800000	51
2015.10.01	20:00:00	1.09742	1.09886	1.09629	1.09853	14588	14270400000	33
2015.10.02	00:00:00	1.09790	1.10001	1.09725	1.09856	14006	10850800000	22
2015.10.02	04:00:00	1.09859	1.10042	1.09617	1.09830	14353	11695200000	34
2015.10.02	08:00:00	1.09826	1.10058	1.09611	1.09615	15232	13220749000	26
2015.10.02	12:00:00	1.09615	1.09775	1.09086	1.09338	21976	18393400000	51
2015.10.02	16:00:00	1.09338	1.09515	1.09141	1.09401	29830	24215950000	51
2015.10.02	20:00:00	1.09398	1.09538	1.09216	1.09369	13082	11547850000	29
2015.10.05	00:00:00	1.09163	1.09498	1.09063	1.09226	18373	18204395000	25
2015.10.05	04:00:00	1.09226	1.09492	1.09203	1.09239	14708	15717750000	32
2015.10.05	08:00:00	1.09239	1.09239	1.08687	1.08911	24510	24543350000	51
2015.10.05	12:00:00	1.08911	1.08963	1.08758	1.08822	24532	23653050000	51
2015.10.05	16:00:00	1.08822	1.09073	1.08657	1.09068	27404	25071194000	51
2015.10.05	20:00:00	1.09064	1.09139	1.08793	1.09070	18991	17437450000	29
2015.10.06	00:00:00	1.09076	1.09197	1.08864	1.09115	13627	10762900000	16
2015.10.06	04:00:00	1.09111	1.09712	1.08871	1.09603	20601	16744550000	51
2015.10.06	08:00:00	1.09603	1.09748	1.09299	1.09392	21262	19397850000	51
2015.10.06	12:00:00	1.09393	1.09734	1.09372	1.09730	20586	15439250000	29
2015.10.06	16:00:00	1.09730	1.09845	1.09205	1.09290	32352	26046000000	51
2015.10.06	20:00:00	1.09293	1.09555	1.09240	1.09441	15973	14465300000	31
2015.10.07	00:00:00	1.09470	1.09478	1.09305	1.09354	10989	7894800000	16
2015.10.07	04:00:00	1.09353	1.09413	1.08873	1.08958	18427	14543100000	33
2015.10.07	08:00:00	1.08958	1.08988	1.08600	1.08907	24009	19250950000	51
2015.10.07	12:00:00	1.08906	1.09035	1.08784	1.08986	20780	15880170500	51
2015.10.07	16:00:00	1.08985	1.09017	1.08644	1.08893	31692	24739024000	51
2015.10.07	20:00:00	1.08888	1.09144	1.08824	1.08978	19106	19079117000	38
2015.10.08	00:00:00	1.08998	1.09032	1.08674	1.08869	15313	11505500000	16
2015.10.08	04:00:00	1.08864	1.08908	1.08671	1.08728	19983	16886500000	26
2015.10.08	08:00:00	1.08735	1.08851	1.08600	1.08689	21043	18397650000	51
2015.10.08	12:00:00	1.08689	1.08875	1.08605	1.08704	20152	16206750000	51
2015.10.08	16:00:00	1.08702	1.08970	1.08642	1.08849	22406	18294340000	16
2015.10.08	20:00:00	1.08849	1.09049	1.08458	1.08832	22781	19208836500	49
2015.10.09	00:00:00	1.08839	1.09043	1.08654	1.08895	14731	10337750000	27
2015.10.09	04:00:00	1.08893	1.09085	1.08825	1.09060	16360	11573800000	28
2015.10.09	08:00:00	1.09062	1.09163	1.08678	1.08986	27109	21204700000	23
2015.10.09	12:00:00	1.08988	1.09516	1.08969	1.09506	28040	25477446000	51
2015.10.09	16:00:00	1.09506	1.09547	1.09209	1.09326	25955	21880875000	51
2015.10.09	20:00:00	1.09326	1.09537	1.09302	1.09399	9552	8837000000	35
2015.10.12	00:00:00	1.09423	1.09605	1.09410	1.09547	16054	13169950000	26
2015.10.12	04:00:00	1.09546	1.09623	1.09341	1.09359	12485	10077100000	23
2015.10.12	08:00:00	1.09359	1.09524	1.09150	1.09485	16876	14352250000	26
2015.10.12	12:00:00	1.09483	1.09627	1.09392	1.09470	17002	13747600000	51
2015.10.12	16:00:00	1.09469	1.09526	1.09202	1.09487	21977	18739700000	32
2015.10.12	20:00:00	1.09487	1.09657	1.09409	1.09518	16002	14944100000	21
2015.10.13	00:00:00	1.09531	1.09777	1.09399	1.09614	12584	9297300000	26
2015.10.13	04:00:00	1.09614	1.09824	1.09424	1.09510	18162	16279900000	29
2015.10.13	08:00:00	1.09513	1.09550	1.09120	1.09204	20132	16987050000	28
2015.10.13	12:00:00	1.09194	1.09244	1.08820	1.08953	21631	19114450000	51
2015.10.13	16:00:00	1.08950	1.09149	1.08802	1.08844	27228	22814920000	51
2015.10.13	20:00:00	1.08844	1.09572	1.08808	1.09001	16375	14313746000	27
2015.10.14	00:00:00	1.09003	1.09029	1.08452	1.08487	19632	14983950000	63
2015.10.14	04:00:00	1.08487	1.08501	1.08150	1.08178	17281	11051440000	62
2015.10.14	08:00:00	1.08179	1.08360	1.07644	1.07686	25784	24209818000	59
2015.10.14	12:00:00	1.07685	1.07787	1.07376	1.07388	23179	21442878000	61
2015.10.14	16:00:00	1.07393	1.07462	1.07186	1.07415	27637	24699573000	63
2015.10.14	20:00:00	1.07416	1.07648	1.07215	1.07489	18779	18330093000	51
2015.10.15	00:00:00	1.07535	1.07615	1.06853	1.07244	17663	13503846000	0
2015.10.15	04:00:00	1.07249	1.07750	1.07121	1.07248	22443	19113617500	51
2015.10.15	08:00:00	1.07247	1.07277	1.06693	1.06854	28739	22898392000	51
2015.10.15	12:00:00	1.06847	1.06898	1.06597	1.06628	23410	21476810000	51
2015.10.15	16:00:00	1.06628	1.06814	1.06359	1.06764	32563	29289412500	51
2015.10.15	20:00:00	1.06764	1.07028	1.06759	1.06923	13058	13002750000	51
2015.10.16	00:00:00	1.06680	1.07387	1.06636	1.06913	17920	14909350000	0
2015.10.16	04:00:00	1.06913	1.06965	1.06561	1.06685	17443	13406900000	51
2015.10.16	08:00:00	1.06685	1.07037	1.06605	1.06974	20583	18096728000	51
2015.10.16	12:00:00	1.06973	1.07186	1.06790	1.06944	25779	20399646000	51
2015.10.16	16:00:00	1.06943	1.06976	1.06692	1.06829	28314	24660642000	51
2015.10.16	20:00:00	1.06828	1.06836	1.06571	1.06571	11992	10425150000	51
2015.10.19	00:00:00	1.06595	1.06834	1.06499	1.06787	11986	10491300000	51
2015.10.19	04:00:00	1.06785	1.07079	1.06655	1.06971	17615	12065250000	51
2015.10.19	08:00:00	1.06971	1.07215	1.06876	1.06974	18723	14995194872	0
2015.10.19	12:00:00	1.06974	1.07216	1.06766	1.06770	21085	18864299000	51
2015.10.19	16:00:00	1.06770	1.06772	1.06568	1.06723	19415	15083200000	51
2015.10.19	20:00:00	1.06723	1.06786	1.06580	1.06720	10673	7763250000	51
2015.10.20	00:00:00	1.06660	1.06870	1.06466	1.06860	11135	6789191000	51
2015.10.20	04:00:00	1.06860	1.06874	1.06607	1.06846	12947	9648549000	51
2015.10.20	08:00:00	1.06848	1.07008	1.06491	1.06567	19382	15601300000	51
2015.10.20	12:00:00	1.06567	1.06901	1.06398	1.06887	18920	16858646000	51
2015.10.20	16:00:00	1.06882	1.07646	1.06811	1.07451	21662	16236595000	51
2015.10.20	20:00:00	1.07454	1.07599	1.07383	1.07453	9186	7873270000	51
2015.10.21	00:00:00	1.07472	1.07663	1.07401	1.07638	9173	5674350000	51
2015.10.21	04:00:00	1.07639	1.07901	1.07583	1.07884	11362	8271700000	51
2015.10.21	08:00:00	1.07884	1.07998	1.07273	1.07332	23539	18083150000	51
2015.10.21	12:00:00	1.07330	1.07477	1.07212	1.07414	17409	16449300000	51
2015.10.21	16:00:00	1.07410	1.07442	1.07102	1.07323	24100	18655891000	51
2015.10.21	20:00:00	1.07323	1.07474	1.07176	1.07417	16235	17098390000	51
2015.10.22	00:00:00	1.07366	1.07480	1.07211	1.07236	8421	6586300000	0
2015.10.22	04:00:00	1.07236	1.07255	1.06293	1.06527	15715	10855037000	51
2015.10.22	08:00:00	1.06528	1.06807	1.06328	1.06672	17649	16190533000	51
2015.10.22	12:00:00	1.06672	1.06762	1.06265	1.06409	21533	18011099000	51
2015.10.22	16:00:00	1.06409	1.06459	1.05954	1.06358	26212	22987183500	51
2015.10.22	20:00:00	1.06358	1.06382	1.06060	1.06070	13113	12544645000	51
2015.10.23	00:00:00	1.05958	1.06354	1.05704	1.05816	14092	9940350000	51
2015.10.23	04:00:00	1.05816	1.05973	1.05709	1.05953	14039	10253800000	51
2015.10.23	08:00:00	1.05953	1.06658	1.05948	1.06489	19061	14604096000	51
2015.10.23	12:00:00	1.06484	1.07132	1.06468	1.06834	25740	22877535500	51
2015.10.23	16:00:00	1.06834	1.06985	1.06702	1.06945	24353	21540772000	51
2015.10.23	20:00:00	1.06945	1.06985	1.06740	1.06776	10721	9613550000	51
2015.10.26	00:00:00	1.06789	1.07126	1.06780	1.07054	14911	13722800000	51
2015.10.26	04:00:00	1.07054	1.07096	1.06849	1.06862	15224	13157200000	51
2015.10.26	08:00:00	1.06862	1.07319	1.06830	1.07260	16029	15839100000	51
2015.10.26	12:00:00	1.07261	1.07279	1.06891	1.06933	15705	14871650000	51
2015.10.26	16:00:00	1.06929	1.06992	1.06729	1.06843	16832	16723800000	51
2015.10.26	20:00:00	1.06847	1.06974	1.06606	1.06875	13866	11660300000	0
2015.10.27	00:00:00	1.06873	1.07023	1.06738	1.06997	12140	7004600000	51
2015.10.27	04:00:00	1.06997	1.07017	1.06680	1.06736	12755	10126900000	51
2015.10.27	08:00:00	1.06737	1.07047	1.06737	1.06830	14249	11947000000	0
2015.10.27	12:00:00	1.06826	1.06844	1.06184	1.06381	19326	13580898000	0
2015.10.27	16:00:00	1.06375	1.06435	1.06127	1.06162	20234	14776350000	0
2015.10.27	20:00:00	1.06150	1.06381	1.06068	1.06337	14031	10239205000	0
2015.10.28	00:00:00	1.06337	1.06414	1.05249	1.05633	20354	12260634000	51
2015.10.28	04:00:00	1.05627	1.05931	1.05597	1.05877	13547	10117399000	0
2015.10.28	08:00:00	1.05877	1.05986	1.05700	1.05839	14162	10594750000	0
2015.10.28	12:00:00	1.05841	1.06278	1.05788	1.06220	16148	11052390000	51
2015.10.28	16:00:00	1.06222	1.06400	1.06029	1.06253	19948	12854450000	51
2015.10.28	20:00:00	1.06251	1.07091	1.05839	1.06206	29245	21722871000	0
2015.10.29	00:00:00	1.06221	1.06461	1.06102	1.06396	14144	8904950000	16
2015.10.29	04:00:00	1.06396	1.06854	1.06324	1.06567	12675	8241450000	51
2015.10.29	08:00:00	1.06567	1.06772	1.06164	1.06164	19296	15058300000	51
2015.10.29	12:00:00	1.06168	1.06204	1.05739	1.06017	23203	17743148000	51
2015.10.29	16:00:00	1.06016	1.06110	1.05779	1.05829	19798	12982370500	0
2015.10.29	20:00:00	1.05824	1.05838	1.05534	1.05742	13105	8806600000	51
2015.10.30	00:00:00	1.05745	1.05799	1.05364	1.05498	15587	12094600000	16
2015.10.30	04:00:00	1.05497	1.05581	1.05188	1.05271	19510	14255550000	51
2015.10.30	08:00:00	1.05269	1.05440	1.04945	1.05130	17312	11628650000	51
2015.10.30	12:00:00	1.05128	1.05445	1.05034	1.05301	21045	15078448000	51
2015.10.30	16:00:00	1.05297	1.05587	1.05185	1.05324	22822	14948002000	51
2015.10.30	20:00:00	1.05324	1.05381	1.05146	1.05218	8185	6426950000	51
2015.11.02	00:00:00	1.05683	1.05683	1.05176	1.05289	23372	18184150000	51
2015.11.02	04:00:00	1.05291	1.05482	1.05260	1.05433	13474	10977198000	51
2015.11.02	08:00:00	1.05431	1.05915	1.05361	1.05826	20634	18982440000	51
2015.11.02	12:00:00	1.05825	1.05863	1.05656	1.05658	15676	12748200000	51
2015.11.02	16:00:00	1.05659	1.05907	1.05556	1.05833	20135	16387063000	51
2015.11.02	20:00:00	1.05833	1.06110	1.05815	1.05899	14526	12449750000	51
2015.11.03	00:00:00	1.05896	1.05987	1.05742	1.05824	17759	12691150000	0
2015.11.03	04:00:00	1.05820	1.06849	1.05280	1.06692	21559	15960860000	51
2015.11.03	08:00:00	1.06694	1.07097	1.06591	1.06897	19262	15393906000	0
2015.11.03	12:00:00	1.06907	1.07318	1.06789	1.07226	19894	17804719000	51
2015.11.03	16:00:00	1.07228	1.07538	1.07196	1.07387	25741	21781995000	51
2015.11.03	20:00:00	1.07391	1.07949	1.07175	1.07836	17447	15214015000	51
2015.11.04	00:00:00	1.07836	1.08408	1.07691	1.08322	18625	11406550000	51
2015.11.04	04:00:00	1.08322	1.08406	1.08178	1.08356	14798	9757824000	51
2015.11.04	08:00:00	1.08357	1.08416	1.08160	1.08286	20052	13780542000	51
2015.11.04	12:00:00	1.08284	1.08696	1.08163	1.08686	19850	15426180000	51
2015.11.04	16:00:00	1.08685	1.08801	1.08398	1.08461	30253	22281300000	51
2015.11.04	20:00:00	1.08461	1.08683	1.08310	1.08314	13731	13076600000	51
2015.11.05	00:00:00	1.08332	1.08419	1.08140	1.08390	15779	10613250000	51
2015.11.05	04:00:00	1.08390	1.08499	1.08191	1.08257	11730	8949050000	51
2015.11.05	08:00:00	1.08257	1.08322	1.07935	1.07948	18308	13925647000	51
2015.11.05	12:00:00	1.07945	1.08122	1.07809	1.07859	22815	16887000000	51
2015.11.05	16:00:00	1.07858	1.08031	1.07796	1.07862	24171	17942800000	51
2015.11.05	20:00:00	1.07850	1.08107	1.07794	1.08033	16591	12461542000	51
2015.11.06	00:00:00	1.07972	1.08288	1.07934	1.08036	19366	12080350000	51
2015.11.06	04:00:00	1.08036	1.08120	1.07978	1.08071	14079	9223400000	51
2015.11.06	08:00:00	1.08071	1.08464	1.08062	1.08239	19818	16847100000	51
2015.11.06	12:00:00	1.08241	1.08469	1.07830	1.08354	22966	17905598000	0
2015.11.06	16:00:00	1.08357	1.08363	1.07819	1.07883	32555	20288350000	51
2015.11.06	20:00:00	1.07888	1.08105	1.07821	1.07837	9976	8686800000	51
2015.11.09	00:00:00	1.07695	1.07834	1.07573	1.07664	16913	12950050000	51
2015.11.09	04:00:00	1.07665	1.07692	1.07415	1.07604	14900	10310250000	51
2015.11.09	08:00:00	1.07601	1.07931	1.07464	1.07923	16370	10875275000	51
2015.11.09	12:00:00	1.07920	1.07964	1.07545	1.07875	19318	12076100000	51
2015.11.09	16:00:00	1.07884	1.07984	1.07675	1.07708	26478	19325080000	51
2015.11.09	20:00:00	1.07725	1.07852	1.07634	1.07840	9254	7926797000	47
2015.11.10	00:00:00	1.07749	1.07991	1.07735	1.07940	11889	6661050000	51
2015.11.10	04:00:00	1.07936	1.07990	1.07838	1.07931	11756	6464900000	51
2015.11.10	08:00:00	1.07930	1.08219	1.07832	1.07878	16784	12162110000	51
2015.11.10	12:00:00	1.07879	1.07893	1.07652	1.07688	19825	15965050000	51
2015.11.10	16:00:00	1.07690	1.07734	1.07544	1.07588	23013	16641100000	51
2015.11.10	20:00:00	1.07586	1.07896	1.07251	1.07604	15377	12109043000	51
2015.11.11	00:00:00	1.07575	1.07684	1.07368	1.07465	16830	11486250000	0
2015.11.11	04:00:00	1.07466	1.07571	1.07278	1.07339	14488	13285850000	51
2015.11.11	08:00:00	1.07344	1.07740	1.07302	1.07730	17640	14304199000	51
2015.11.11	12:00:00	1.07730	1.07775	1.07468	1.07546	20053	14793800000	51
2015.11.11	16:00:00	1.07545	1.07699	1.07478	1.07542	21954	17698700000	51
2015.11.11	20:00:00	1.07529	1.07699	1.07499	1.07605	14056	14715647000	51
2015.11.12	00:00:00	1.07551	1.08902	1.07537	1.08848	25793	20996422720	51
2015.11.12	04:00:00	1.08846	1.09093	1.08689	1.08985	16236	10491140000	51
2015.11.12	08:00:00	1.08982	1.09163	1.08818	1.08874	21956	14553340000	51
2015.11.12	12:00:00	1.08876	1.09144	1.08812	1.08939	21240	14963540000	51
2015.11.12	16:00:00	1.08937	1.09025	1.08762	1.08967	34326	25180926000	51
2015.11.12	20:00:00	1.08967	1.09025	1.08843	1.08851	14718	15111900000	51
2015.11.13	00:00:00	1.08817	1.09068	1.08787	1.08977	16482	12478650000	51
2015.11.13	04:00:00	1.08974	1.09095	1.08875	1.08998	11391	8244550000	51
2015.11.13	08:00:00	1.08996	1.09476	1.08884	1.09324	17818	14308300000	51
2015.11.13	12:00:00	1.09326	1.09366	1.09124	1.09261	22982	17485570000	51
2015.11.13	16:00:00	1.09261	1.09270	1.08909	1.09106	23736	16949000000	51
2015.11.13	20:00:00	1.09109	1.09115	1.08857	1.08863	9547	7459358000	51
2015.11.16	00:00:00	1.08632	1.08974	1.08588	1.08822	16482	12789749000	0
2015.11.16	04:00:00	1.08822	1.08997	1.08797	1.08806	8394	5223000000	51
2015.11.16	08:00:00	1.08807	1.09246	1.08779	1.09187	16552	10290510000	51
2015.11.16	12:00:00	1.09186	1.09639	1.09186	1.09474	23383	16522727000	51
2015.11.16	16:00:00	1.09475	1.09515	1.09136	1.09160	22771	13095200000	51
2015.11.16	20:00:00	1.09152	1.09294	1.09143	1.09209	10196	8409350000	51
2015.11.17	00:00:00	1.09193	1.09652	1.09171	1.09564	15706	9691500000	51
2015.11.17	04:00:00	1.09564	1.09778	1.09552	1.09701	12177	6800830000	51
2015.11.17	08:00:00	1.09699	1.09805	1.09450	1.09779	18342	11959950000	51
2015.11.17	12:00:00	1.09779	1.10116	1.09712	1.10053	23220	16000953000	51
2015.11.17	16:00:00	1.10053	1.10285	1.09945	1.10056	28170	17782115000	51
2015.11.17	20:00:00	1.10056	1.10118	1.09865	1.09865	15369	10903049000	51
2015.11.18	00:00:00	1.09810	1.09930	1.09693	1.09726	12424	6934250000	51
2015.11.18	04:00:00	1.09725	1.09815	1.09332	1.09404	13060	6582550000	51
2015.11.18	08:00:00	1.09401	1.09713	1.09379	1.09685	18682	11360400000	51
2015.11.18	12:00:00	1.09686	1.09843	1.09658	1.09771	20336	14646100000	51
2015.11.18	16:00:00	1.09771	1.10056	1.09755	1.09869	24866	12967899000	51
2015.11.18	20:00:00	1.09860	1.10115	1.09803	1.09818	20862	17175538000	51
2015.11.19	00:00:00	1.09852	1.09887	1.09350	1.09500	22506	12946928701	34
2015.11.19	04:00:00	1.09500	1.09688	1.09445	1.09627	16651	11651900000	51
2015.11.19	08:00:00	1.09626	1.10031	1.09499	1.09960	23179	16382050000	51
2015.11.19	12:00:00	1.09959	1.10167	1.09771	1.09821	22815	15512036000	51
2015.11.19	16:00:00	1.09821	1.09821	1.09397	1.09510	31019	20941934000	51
2015.11.19	20:00:00	1.09510	1.09721	1.09462	1.09539	11821	9498397000	51
2015.11.20	00:00:00	1.09457	1.09661	1.09390	1.09392	16735	11398800000	0
2015.11.20	04:00:00	1.09392	1.09409	1.09105	1.09218	16874	11679400000	51
2015.11.20	08:00:00	1.09217	1.09826	1.09212	1.09797	25305	18535156000	51
2015.11.20	12:00:00	1.09800	1.10042	1.09716	1.09973	24072	17795798000	51
2015.11.20	16:00:00	1.09973	1.10356	1.09907	1.10347	28065	17270150000	51
2015.11.20	20:00:00	1.10347	1.10365	1.10054	1.10183	11990	9152140000	51
2015.11.23	00:00:00	1.10083	1.10584	1.10031	1.10222	16943	11380200000	51
2015.11.23	04:00:00	1.10222	1.10226	1.10039	1.10127	16738	11462450000	51
2015.11.23	08:00:00	1.10125	1.10274	1.09988	1.10257	23887	20411300000	51
2015.11.23	12:00:00	1.10255	1.10632	1.10231	1.10343	30252	27955700000	51
2015.11.23	16:00:00	1.10336	1.10573	1.10309	1.10464	28621	20837950000	51
2015.11.23	20:00:00	1.10450	1.10525	1.10243	1.10243	10537	10134690000	51
2015.11.24	00:00:00	1.10238	1.10463	1.10188	1.10248	14769	9551900000	51
2015.11.24	04:00:00	1.10248	1.10447	1.10137	1.10373	13603	8312600000	51
2015.11.24	08:00:00	1.10371	1.10654	1.10139	1.10614	24360	19694550000	51
2015.11.24	12:00:00	1.10611	1.10844	1.10606	1.10610	27239	20585900000	51
2015.11.24	16:00:00	1.10610	1.10817	1.10523	1.10550	29137	19012300000	51
2015.11.24	20:00:00	1.10547	1.10704	1.10445	1.10656	13390	8382150000	51
2015.11.25	00:00:00	1.10671	1.10837	1.10445	1.10465	17922	10179016000	51
2015.11.25	04:00:00	1.10465	1.10613	1.10443	1.10529	16106	9587200000	51
2015.11.25	08:00:00	1.10529	1.10779	1.10465	1.10641	23342	14732455000	51
2015.11.25	12:00:00	1.10641	1.10703	1.10363	1.10459	29348	18727800000	51
2015.11.25	16:00:00	1.10461	1.10470	1.10209	1.10276	27776	21465050000	51
2015.11.25	20:00:00	1.10280	1.10313	1.10170	1.10188	13935	12510650000	51
2015.11.26	00:00:00	1.10204	1.10393	1.09697	1.09734	17703	13305550000	0
2015.11.26	04:00:00	1.09739	1.09883	1.09727	1.09761	13087	8511800000	51
2015.11.26	08:00:00	1.09762	1.09817	1.09525	1.09775	22793	16432600500	51
2015.11.26	12:00:00	1.09775	1.09917	1.09745	1.09890	21932	19062600000	51
2015.11.26	16:00:00	1.09890	1.10072	1.09809	1.10046	17104	15537072500	51
2015.11.26	20:00:00	1.10026	1.10126	1.09859	1.09928	22272	16303782500	51
2015.11.27	00:00:00	1.09919	1.10016	1.09742	1.09898	14656	8748900000	51
2015.11.27	04:00:00	1.09898	1.10028	1.09853	1.09973	10265	8048100000	51
2015.11.27	08:00:00	1.09973	1.10249	1.09795	1.10177	24697	19633080000	51
2015.11.27	12:00:00	1.10178	1.10288	1.10050	1.10132	19597	15430050000	51
2015.11.27	16:00:00	1.10132	1.10203	1.09965	1.10005	21377	14424700000	51
2015.11.27	20:00:00	1.10010	1.10106	1.09900	1.09989	13145	11514127000	51
2015.11.30	00:00:00	1.09996	1.10203	1.09967	1.10131	13683	9246700000	51
2015.11.30	04:00:00	1.10132	1.10155	1.09753	1.09828	14928	9873150000	51
2015.11.30	08:00:00	1.09832	1.09911	1.09724	1.09866	20753	15877350000	51
2015.11.30	12:00:00	1.09865	1.09988	1.09748	1.09843	22272	17227850000	51
2015.11.30	16:00:00	1.09842	1.10043	1.09790	1.09924	26116	18476450000	51
2015.11.30	20:00:00	1.09924	1.09954	1.09692	1.09692	12043	9837150000	51
2015.12.01	00:00:00	1.09629	1.09891	1.09337	1.09480	18447	12230700000	0
2015.12.01	04:00:00	1.09476	1.09823	1.09350	1.09446	20475	13974550000	51
2015.12.01	08:00:00	1.09446	1.09552	1.09216	1.09450	23929	16012769000	51
2015.12.01	12:00:00	1.09450	1.09656	1.09447	1.09470	21632	13779598000	51
2015.12.01	16:00:00	1.09471	1.09822	1.09461	1.09638	33556	24898708000	51
2015.12.01	20:00:00	1.09638	1.09800	1.09569	1.09630	16134	11739150000	51
2015.12.02	00:00:00	1.09604	1.09894	1.09530	1.09804	19947	11000800000	51
2015.12.02	04:00:00	1.09804	1.09881	1.09619	1.09687	16136	10465250000	51
2015.12.02	08:00:00	1.09688	1.10003	1.09616	1.09889	23721	16786750000	51
2015.12.02	12:00:00	1.09890	1.10134	1.09872	1.10096	28820	19946900000	51
2015.12.02	16:00:00	1.10101	1.10271	1.09968	1.10157	37281	24324268000	51
2015.12.02	20:00:00	1.10157	1.10204	1.09881	1.10008	20354	19703247000	51
2015.12.03	00:00:00	1.09993	1.10037	1.09701	1.09851	21554	11385150000	51
2015.12.03	04:00:00	1.09851	1.10001	1.09798	1.09984	17099	10292543000	51
2015.12.03	08:00:00	1.09985	1.10029	1.09841	1.09967	25715	19765740000	51
2015.12.03	12:00:00	1.09969	1.10479	1.09965	1.10202	34440	28285460000	51
2015.12.03	16:00:00	1.10202	1.10421	1.10027	1.10103	39469	33102149000	51
2015.12.03	20:00:00	1.10099	1.10147	1.09643	1.09676	23541	21606348500	51
2015.12.04	00:00:00	1.09662	1.10207	1.09490	1.09731	19006	14684200000	51
2015.12.04	04:00:00	1.09730	1.09794	1.09273	1.09421	14829	11054450000	51
2015.12.04	08:00:00	1.09422	1.09615	1.09325	1.09553	26140	21844349000	51
2015.12.04	12:00:00	1.09554	1.09768	1.09354	1.09410	31114	22611464000	51
2015.12.04	16:00:00	1.09411	1.09661	1.08664	1.08872	45956	37860406000	51
2015.12.04	20:00:00	1.08872	1.08916	1.08641	1.08661	13641	13196550000	51
2015.12.07	00:00:00	1.08761	1.09243	1.08761	1.09179	16664	13970400000	51
2015.12.07	04:00:00	1.09179	1.09576	1.09166	1.09399	15318	11977900000	51
2015.12.07	08:00:00	1.09399	1.09488	1.09284	1.09382	18638	14952995000	51
2015.12.07	12:00:00	1.09385	1.09532	1.09212	1.09396	25231	24510100000	51
2015.12.07	16:00:00	1.09396	1.09449	1.09166	1.09317	30123	26205300000	51
2015.12.07	20:00:00	1.09317	1.09536	1.09205	1.09328	13928	12273789000	51
2015.12.08	00:00:00	1.09285	1.09467	1.09214	1.09384	13292	9218300000	51
2015.12.08	04:00:00	1.09382	1.09398	1.08831	1.08849	16305	14583350000	51
2015.12.08	08:00:00	1.08849	1.08889	1.08514	1.08663	24591	18472093000	51
2015.12.08	12:00:00	1.08660	1.08979	1.08487	1.08579	25619	21443300000	51
2015.12.08	16:00:00	1.08578	1.08789	1.08405	1.08638	26191	21213000000	51
2015.12.08	20:00:00	1.08634	1.08709	1.08446	1.08587	11498	11151745000	51
2015.12.09	00:00:00	1.08557	1.08967	1.08377	1.08892	15434	12388779500	0
2015.12.09	04:00:00	1.08888	1.08954	1.08782	1.08841	15376	15209080000	51
2015.12.09	08:00:00	1.08843	1.08925	1.08581	1.08659	21160	17851055000	51
2015.12.09	12:00:00	1.08659	1.08886	1.08598	1.08665	29278	28047646000	51
2015.12.09	16:00:00	1.08665	1.08943	1.08494	1.08501	32536	25007490000	51
2015.12.09	20:00:00	1.08501	1.09266	1.07051	1.07498	23864	19755720000	51
2015.12.10	00:00:00	1.07549	1.08407	1.07022	1.08283	26267	19681760735	51
2015.12.10	04:00:00	1.08283	1.08384	1.08151	1.08210	16516	11107000000	51
2015.12.10	08:00:00	1.08212	1.08358	1.07955	1.08351	23669	18365091500	51
2015.12.10	12:00:00	1.08350	1.08384	1.07843	1.07907	23341	18340100000	51
2015.12.10	16:00:00	1.07906	1.08110	1.07746	1.07849	22134	16399699000	51
2015.12.10	20:00:00	1.07837	1.08002	1.07742	1.07754	13028	12897835000	52
2015.12.11	00:00:00	1.07787	1.07821	1.07469	1.07581	12743	7657090000	0
2015.12.11	04:00:00	1.07582	1.07640	1.07288	1.07377	11189	6131900000	51
2015.12.11	08:00:00	1.07377	1.07418	1.07061	1.07108	15452	9042240000	51
2015.12.11	12:00:00	1.07108	1.07314	1.07026	1.07063	19188	13306450000	51
2015.12.11	16:00:00	1.07063	1.07407	1.06977	1.07142	27167	17357900000	51
2015.12.11	20:00:00	1.07144	1.07229	1.06803	1.06803	10598	8191000000	51
2015.12.14	00:00:00	1.07151	1.07199	1.06607	1.07046	14395	9267750000	51
2015.12.14	04:00:00	1.07046	1.07362	1.07008	1.07310	12449	6675149000	51
2015.12.14	08:00:00	1.07306	1.07427	1.07235	1.07271	14930	9673200000	51
2015.12.14	12:00:00	1.07276	1.07296	1.06715	1.06978	20988	15418000000	51
2015.12.14	16:00:00	1.06984	1.07304	1.06860	1.06958	26276	16560740000	51
2015.12.14	20:00:00	1.06949	1.07162	1.06933	1.07129	10149	7706250000	51
2015.12.15	00:00:00	1.07159	1.07208	1.06726	1.06839	17489	10700770000	51
2015.12.15	04:00:00	1.06833	1.07153	1.06487	1.06581	14305	9994749000	51
2015.12.15	08:00:00	1.06581	1.06673	1.06172	1.06594	20149	11622460000	51
2015.12.15	12:00:00	1.06597	1.06820	1.06215	1.06417	21122	12720850000	51
2015.12.15	16:00:00	1.06417	1.06571	1.06092	1.06450	23865	14079645000	51
2015.12.15	20:00:00	1.06459	1.06465	1.06090	1.06250	10422	7287616000	51
2015.12.16	00:00:00	1.06208	1.06710	1.06152	1.06593	14297	8907850000	51
2015.12.16	04:00:00	1.06594	1.06619	1.06487	1.06530	8450	5427500000	51
2015.12.16	08:00:00	1.06530	1.06666	1.06332	1.06466	17800	11504550000	51
2015.12.16	12:00:00	1.06468	1.06683	1.06372	1.06607	17252	12508530000	51
2015.12.16	16:00:00	1.06607	1.06607	1.06188	1.06440	20508	13128850000	51
2015.12.16	20:00:00	1.06445	1.06933	1.06180	1.06415	31794	18112894000	51
2015.12.17	00:00:00	1.06223	1.06739	1.06165	1.06419	16106	10358600000	51
2015.12.17	04:00:00	1.06420	1.06670	1.06332	1.06555	15265	10952850000	51
2015.12.17	08:00:00	1.06555	1.06815	1.06511	1.06692	18938	14212350000	34
2015.12.17	12:00:00	1.06692	1.06750	1.06384	1.06388	16510	12667490000	51
2015.12.17	16:00:00	1.06388	1.06446	1.05814	1.06148	27479	17692700000	51
2015.12.17	20:00:00	1.06141	1.06404	1.06086	1.06272	11839	7373650000	51
2015.12.18	00:00:00	1.06287	1.06485	1.06220	1.06377	16422	10395050000	0
2015.12.18	04:00:00	1.06377	1.06559	1.06300	1.06489	16846	12392150000	51
2015.12.18	08:00:00	1.06489	1.06770	1.06374	1.06422	18737	14658600000	51
2015.12.18	12:00:00	1.06422	1.06435	1.06138	1.06284	16010	12674550000	51
2015.12.18	16:00:00	1.06284	1.06629	1.06184	1.06462	21849	16091000000	51
2015.12.18	20:00:00	1.06462	1.06601	1.06366	1.06366	7347	6646100000	51
2015.12.21	00:00:00	1.06487	1.06558	1.06268	1.06378	10500	6347200000	51
2015.12.21	04:00:00	1.06379	1.06385	1.06061	1.06162	7641	5156900000	51
2015.12.21	08:00:00	1.06167	1.06224	1.06061	1.06166	10899	7334350000	51
2015.12.21	12:00:00	1.06163	1.06295	1.06073	1.06110	11140	8519548000	51
2015.12.21	16:00:00	1.06105	1.06187	1.05924	1.05970	18097	14015800000	51
2015.12.21	20:00:00	1.05968	1.06268	1.05954	1.06217	6967	6106550000	51
2015.12.22	00:00:00	1.06201	1.06291	1.06003	1.06004	13641	6702150000	0
2015.12.22	04:00:00	1.06004	1.06106	1.05804	1.06016	11445	7323250000	51
2015.12.22	08:00:00	1.06023	1.06141	1.05888	1.05976	11901	7534650000	51
2015.12.22	12:00:00	1.05979	1.06214	1.05979	1.06197	12972	9525350000	51
2015.12.22	16:00:00	1.06199	1.06342	1.06029	1.06109	14618	10788860000	51
2015.12.22	20:00:00	1.06104	1.06271	1.06091	1.06241	6841	5582150000	51
2015.12.23	00:00:00	1.06228	1.06267	1.06074	1.06190	15349	8158250000	51
2015.12.23	04:00:00	1.06189	1.06245	1.06080	1.06150	6663	2943799000	51
2015.12.23	08:00:00	1.06149	1.06188	1.06033	1.06133	12569	7490750000	51
2015.12.23	12:00:00	1.06131	1.06759	1.06131	1.06497	15576	11134606000	51
2015.12.23	16:00:00	1.06497	1.06582	1.06323	1.06371	18725	13176400000	51
2015.12.23	20:00:00	1.06365	1.06558	1.06325	1.06432	9893	8158700000	51
2015.12.24	00:00:00	1.06216	1.06590	1.06174	1.06539	8969	4918100000	0
2015.12.24	04:00:00	1.06543	1.06662	1.06505	1.06637	5826	3648900000	51
2015.12.24	08:00:00	1.06638	1.06788	1.06600	1.06682	11025	7809750000	51
2015.12.24	12:00:00	1.06682	1.06683	1.06449	1.06465	11035	8138450000	51
2015.12.24	16:00:00	1.06465	1.06519	1.06232	1.06270	8568	6270500000	51
2015.12.28	00:00:00	1.06350	1.06462	1.06275	1.06382	11991	6435350000	0
2015.12.28	04:00:00	1.06383	1.06396	1.06212	1.06243	5513	3771050000	51
2015.12.28	08:00:00	1.06244	1.06282	1.06179	1.06194	6755	4891450000	51
2015.12.28	12:00:00	1.06194	1.06300	1.06076	1.06129	7021	4613300000	51
2015.12.28	16:00:00	1.06128	1.06152	1.05878	1.05878	9125	6391749000	0
2015.12.28	20:00:00	1.05878	1.05976	1.05820	1.05837	5564	3926850000	42
2015.12.29	00:00:00	1.05769	1.05897	1.05735	1.05811	9455	5422500000	0
2015.12.29	04:00:00	1.05811	1.05863	1.05707	1.05733	7266	4346500000	51
2015.12.29	08:00:00	1.05733	1.05822	1.05647	1.05821	9625	6518712500	51
2015.12.29	12:00:00	1.05820	1.05985	1.05810	1.05920	9465	6252700000	51
2015.12.29	16:00:00	1.05918	1.06204	1.05911	1.06045	12907	8927300000	51
2015.12.29	20:00:00	1.06043	1.06166	1.06016	1.06128	8409	8394848000	51
2015.12.30	00:00:00	1.06104	1.06205	1.06055	1.06150	9328	5739750000	0
2015.12.30	04:00:00	1.06145	1.06354	1.06066	1.06331	8600	6340850000	51
2015.12.30	08:00:00	1.06335	1.06491	1.06147	1.06359	11265	8803350000	51
2015.12.30	12:00:00	1.06359	1.06538	1.06288	1.06389	11953	7835800000	51
2015.12.30	16:00:00	1.06390	1.06642	1.06359	1.06524	14332	9828300000	51
2015.12.30	20:00:00	1.06524	1.06586	1.06385	1.06485	7477	4688700000	34
2015.12.31	00:00:00	1.06387	1.06558	1.06254	1.06546	11085	7294050000	51
2015.12.31	04:00:00	1.06545	1.06666	1.06486	1.06637	7852	4434600000	51
2015.12.31	08:00:00	1.06637	1.06749	1.06507	1.06609	11158	8678750000	51
2015.12.31	12:00:00	1.06606	1.06880	1.06600	1.06813	12687	8418700000	51
2015.12.31	16:00:00	1.06805	1.06819	1.06153	1.06560	13128	9601800000	0
2015.12.31	20:00:00	1.06545	1.06593	1.06545	1.06556	71	108500000	49
2016.01.04	00:00:00	1.06595	1.06979	1.06559	1.06728	14783	11045300000	51
2016.01.04	04:00:00	1.06729	1.07069	1.06623	1.06841	13888	9832100000	51
2016.01.04	08:00:00	1.06841	1.06863	1.06501	1.06630	19037	12882500000	51
2016.01.04	12:00:00	1.06630	1.06713	1.06404	1.06551	17725	12455450000	51
2016.01.04	16:00:00	1.06551	1.06557	1.06183	1.06398	21544	13194896000	51
2016.01.04	20:00:00	1.06393	1.06582	1.06341	1.06470	10657	7825950000	51
2016.01.05	00:00:00	1.06396	1.06715	1.06281	1.06699	14358	8464900000	51
2016.01.05	04:00:00	1.06699	1.06948	1.06658	1.06853	11613	7138050000	51
2016.01.05	08:00:00	1.06851	1.07157	1.06785	1.07061	19126	12662450000	51
2016.01.05	12:00:00	1.07057	1.07075	1.06560	1.06649	18504	12467350000	51
2016.01.05	16:00:00	1.06644	1.07025	1.06604	1.06712	23101	14971400000	0
2016.01.05	20:00:00	1.06707	1.06836	1.06681	1.06772	9281	6877550000	34
2016.01.06	00:00:00	1.06733	1.07263	1.06714	1.07181	16127	9725173359	51
2016.01.06	04:00:00	1.07186	1.07206	1.06985	1.07049	17733	9662850000	51
2016.01.06	08:00:00	1.07046	1.07048	1.06418	1.06437	25374	16527250000	51
2016.01.06	12:00:00	1.06436	1.06605	1.06297	1.06553	21872	14586060000	51
2016.01.06	16:00:00	1.06552	1.06627	1.06313	1.06355	22963	14232900000	51
2016.01.06	20:00:00	1.06356	1.06528	1.06224	1.06428	15381	11277149000	34
2016.01.07	00:00:00	1.06434	1.06628	1.06122	1.06187	22552	13714142560	0
2016.01.07	04:00:00	1.06187	1.06257	1.05818	1.05818	15882	10832650000	51
2016.01.07	08:00:00	1.05818	1.06027	1.05746	1.05851	24888	18977950000	51
2016.01.07	12:00:00	1.05854	1.05973	1.05359	1.05604	27451	18921786000	51
2016.01.07	16:00:00	1.05604	1.05904	1.05501	1.05637	28739	17486744000	51
2016.01.07	20:00:00	1.05643	1.05887	1.05476	1.05704	14742	12128100000	34
2016.01.08	00:00:00	1.05693	1.06137	1.05653	1.05964	25030	13438198000	51
2016.01.08	04:00:00	1.05973	1.06242	1.05883	1.06043	16360	12123350000	51
2016.01.08	08:00:00	1.06043	1.06081	1.05718	1.05947	18510	12783900000	51
2016.01.08	12:00:00	1.05947	1.06430	1.05930	1.06277	21681	15078598000	51
2016.01.08	16:00:00	1.06282	1.06560	1.06126	1.06552	28021	21066946000	51
2016.01.08	20:00:00	1.06546	1.06608	1.06101	1.06170	12319	9602499000	51
2016.01.11	00:00:00	1.06338	1.06732	1.06236	1.06670	21849	5680900000	120
2016.01.11	04:00:00	1.06691	1.06901	1.06447	1.06688	21586	6756800000	55
2016.01.11	08:00:00	1.06688	1.06836	1.06454	1.06585	22237	14091650000	51
2016.01.11	12:00:00	1.06585	1.06959	1.06543	1.06936	23993	19940591000	51
2016.01.11	16:00:00	1.06934	1.06977	1.06534	1.06583	23850	17627700000	51
2016.01.11	20:00:00	1.06583	1.06656	1.06483	1.06575	13158	13459100000	34
2016.01.12	00:00:00	1.06582	1.06722	1.06382	1.06580	16356	7854600000	51
2016.01.12	04:00:00	1.06584	1.06616	1.06313	1.06443	16327	10604500000	51
2016.01.12	08:00:00	1.06440	1.06686	1.06212	1.06640	22416	18372300000	51
2016.01.12	12:00:00	1.06645	1.07055	1.06616	1.06971	21197	18313250000	51
2016.01.12	16:00:00	1.06970	1.07172	1.06769	1.06830	26749	22621284000	51
2016.01.12	20:00:00	1.06830	1.06922	1.06737	1.06771	15063	12877650000	0
2016.01.13	00:00:00	1.06702	1.07004	1.06689	1.06857	18373	10161090884	0
2016.01.13	04:00:00	1.06875	1.07131	1.06803	1.06924	15011	10566970000	51
2016.01.13	08:00:00	1.06926	1.07111	1.06863	1.06977	18833	14894470000	51
2016.01.13	12:00:00	1.06978	1.07173	1.06962	1.07027	15980	11879800000	51
2016.01.13	16:00:00	1.07029	1.07057	1.06576	1.06603	27126	21338875000	51
2016.01.13	20:00:00	1.06607	1.06780	1.06512	1.06696	16079	13568500000	34
2016.01.14	00:00:00	1.06701	1.07228	1.06580	1.06998	22963	13707650000	34
2016.01.14	04:00:00	1.06983	1.07103	1.06833	1.06988	15033	10764199000	51
2016.01.14	08:00:00	1.06992	1.07258	1.06964	1.07058	26959	21438450000	51
2016.01.14	12:00:00	1.07063	1.07753	1.07053	1.07697	26565	21900390000	51
2016.01.14	16:00:00	1.07700	1.07970	1.07608	1.07817	31642	25855400000	51
2016.01.14	20:00:00	1.07816	1.07909	1.07700	1.07875	12483	10691335000	34
2016.01.15	00:00:00	1.07690	1.07924	1.07690	1.07850	16563	9394500000	18
2016.01.15	04:00:00	1.07849	1.08071	1.07829	1.07930	16222	12106700000	51
2016.01.15	08:00:00	1.07928	1.08005	1.07381	1.07458	28678	21459450000	51
2016.01.15	12:00:00	1.07450	1.07640	1.07321	1.07332	25038	19963000000	51
2016.01.15	16:00:00	1.07332	1.07441	1.06377	1.06384	32918	25471185000	51
2016.01.15	20:00:00	1.06383	1.06465	1.06054	1.06085	13602	9499174000	51
2016.01.18	00:00:00	1.06581	1.06702	1.06301	1.06655	19567	15006000000	0
2016.01.18	04:00:00	1.06652	1.06932	1.06640	1.06677	23279	17145549000	51
2016.01.18	08:00:00	1.06677	1.06741	1.06394	1.06479	28810	22373460000	51
2016.01.18	12:00:00	1.06477	1.06669	1.06427	1.06663	23288	21449900000	51
2016.01.18	16:00:00	1.06659	1.06704	1.06357	1.06437	16483	14740450000	51
2016.01.18	20:00:00	1.06443	1.06499	1.06271	1.06342	15392	13095650000	51
2016.01.19	00:00:00	1.06322	1.06791	1.06245	1.06602	20501	13174800000	51
2016.01.19	04:00:00	1.06591	1.06961	1.06444	1.06904	23211	13840880000	51
2016.01.19	08:00:00	1.06902	1.07099	1.06740	1.06847	27108	19931596000	51
2016.01.19	12:00:00	1.06847	1.06996	1.06699	1.06908	25818	21426831000	51
2016.01.19	16:00:00	1.06908	1.06967	1.06666	1.06754	28734	23128400000	51
2016.01.19	20:00:00	1.06743	1.07840	1.06456	1.07664	18792	11750346000	51
2016.01.20	00:00:00	1.07662	1.08386	1.07551	1.08144	19847	12142016000	0
2016.01.20	04:00:00	1.08141	1.08156	1.07389	1.07468	21502	13723148000	51
2016.01.20	08:00:00	1.07468	1.08021	1.07383	1.07648	33595	23773686000	51
2016.01.20	12:00:00	1.07650	1.07823	1.07497	1.07721	27780	22519002564	51
2016.01.20	16:00:00	1.07721	1.07749	1.07192	1.07309	35391	23658990000	51
2016.01.20	20:00:00	1.07305	1.07669	1.07211	1.07393	23931	22641950000	51
2016.01.21	00:00:00	1.07298	1.07557	1.06981	1.07335	19690	11167050000	51
2016.01.21	04:00:00	1.07337	1.07471	1.07144	1.07180	23159	12284000000	51
2016.01.21	08:00:00	1.07182	1.07681	1.07016	1.07675	30417	22729511541	51
2016.01.21	12:00:00	1.07675	1.07749	1.07318	1.07390	27689	21264347000	51
2016.01.21	16:00:00	1.07388	1.07702	1.07164	1.07357	38914	29888623312	51
2016.01.21	20:00:00	1.07356	1.07579	1.06836	1.07114	18167	15116930000	34
2016.01.22	00:00:00	1.07129	1.07354	1.06982	1.07165	20078	12527684420	0
2016.01.22	04:00:00	1.07165	1.07338	1.07122	1.07306	19661	13001550000	51
2016.01.22	08:00:00	1.07306	1.08162	1.07279	1.08141	27888	22565978000	51
2016.01.22	12:00:00	1.08142	1.08225	1.07841	1.07903	25153	20258900000	51
2016.01.22	16:00:00	1.07900	1.08339	1.07887	1.08126	24347	18898234319	51
2016.01.22	20:00:00	1.08131	1.08188	1.07798	1.07825	9612	5823474000	51
2016.01.25	00:00:00	1.07767	1.08269	1.07616	1.07745	16055	11516500000	34
2016.01.25	04:00:00	1.07745	1.07887	1.07348	1.07678	15357	9992867112	51
2016.01.25	08:00:00	1.07681	1.07743	1.07447	1.07528	25238	20657903823	51
2016.01.25	12:00:00	1.07528	1.08002	1.07527	1.07785	21926	18066392000	51
2016.01.25	16:00:00	1.07785	1.07856	1.07600	1.07678	28500	21673130000	51
2016.01.25	20:00:00	1.07678	1.07808	1.07511	1.07683	11772	9415550000	0
2016.01.26	00:00:00	1.07683	1.07947	1.07514	1.07620	14865	10675050000	51
2016.01.26	04:00:00	1.07621	1.07729	1.07582	1.07662	14899	12059550000	51
2016.01.26	08:00:00	1.07662	1.07967	1.07503	1.07879	26310	21596187000	51
2016.01.26	12:00:00	1.07879	1.08112	1.07806	1.07811	24721	19146601003	51
2016.01.26	16:00:00	1.07819	1.08004	1.07795	1.07909	31499	22782500000	51
2016.01.26	20:00:00	1.07909	1.07929	1.07678	1.07744	10016	8990130000	0
2016.01.27	00:00:00	1.07744	1.08345	1.07473	1.08327	18709	11389072042	0
2016.01.27	04:00:00	1.08327	1.08455	1.08124	1.08431	21203	16293206436	51
2016.01.27	08:00:00	1.08431	1.08680	1.08064	1.08200	30304	25546490000	51
2016.01.27	12:00:00	1.08200	1.08468	1.08087	1.08219	24041	18169439000	51
2016.01.27	16:00:00	1.08219	1.08460	1.08161	1.08313	30738	23965730067	51
2016.01.27	20:00:00	1.08306	1.09278	1.08093	1.09213	30056	23496737449	0
2016.01.28	00:00:00	1.09148	1.09326	1.08975	1.09230	19569	12859671216	16
2016.01.28	04:00:00	1.09230	1.09325	1.09086	1.09139	19516	12638200000	51
2016.01.28	08:00:00	1.09144	1.09618	1.09027	1.09467	27670	20611092592	51
2016.01.28	12:00:00	1.09470	1.09583	1.09235	1.09254	24652	18445126648	51
2016.01.28	16:00:00	1.09254	1.09661	1.09166	1.09376	32271	23873319727	51
2016.01.28	20:00:00	1.09365	1.09393	1.09201	1.09265	15353	13127487837	37
2016.01.29	00:00:00	1.09201	1.09386	1.09165	1.09290	20365	14641363584	51
2016.01.29	04:00:00	1.09289	1.09717	1.08980	1.09151	33071	19524479368	51
2016.01.29	08:00:00	1.09154	1.09255	1.08978	1.09015	29979	22875871202	51
2016.01.29	12:00:00	1.09014	1.09197	1.08968	1.09165	28501	25255700178	51
2016.01.29	16:00:00	1.09165	1.09457	1.09107	1.09311	34988	28224503362	51
2016.01.29	20:00:00	1.09311	1.09361	1.09082	1.09180	11829	9644018225	51
2016.02.01	00:00:00	1.09039	1.09319	1.08917	1.09186	19167	11006829027	51
2016.02.01	04:00:00	1.09190	1.09235	1.08998	1.09213	16091	8446288951	51
2016.02.01	08:00:00	1.09213	1.09418	1.09118	1.09161	20905	15088012420	51
2016.02.01	12:00:00	1.09164	1.09427	1.09154	1.09203	22839	17604113346	51
2016.02.01	16:00:00	1.09205	1.09235	1.08623	1.08814	27141	22083289921	51
2016.02.01	20:00:00	1.08818	1.08881	1.08380	1.08585	16452	12242160205	51
2016.02.02	00:00:00	1.08543	1.08748	1.08481	1.08559	17053	11287018956	51
2016.02.02	04:00:00	1.08554	1.08792	1.08304	1.08427	23041	14778856747	51
2016.02.02	08:00:00	1.08427	1.08699	1.08349	1.08622	23490	18101927390	51
2016.02.02	12:00:00	1.08624	1.08965	1.08586	1.08906	22903	19711603677	51
2016.02.02	16:00:00	1.08906	1.09036	1.08505	1.08633	27986	22158464515	51
2016.02.02	20:00:00	1.08632	1.08820	1.07689	1.08003	16248	12699503749	51
2016.02.03	00:00:00	1.08004	1.08044	1.07188	1.07305	21096	13346547173	51
2016.02.03	04:00:00	1.07309	1.07405	1.07054	1.07167	18984	11702492087	51
2016.02.03	08:00:00	1.07167	1.07246	1.06851	1.07022	24623	18470632374	51
2016.02.03	12:00:00	1.07028	1.07158	1.06708	1.06997	25727	20636930951	51
2016.02.03	16:00:00	1.06995	1.07384	1.06477	1.07334	36145	29225018037	51
2016.02.03	20:00:00	1.07332	1.07615	1.07097	1.07406	19890	18282680943	40
2016.02.04	00:00:00	1.07368	1.07763	1.07310	1.07500	19673	15359886073	36
2016.02.04	04:00:00	1.07501	1.07823	1.07490	1.07763	17897	15732662220	51
2016.02.04	08:00:00	1.07762	1.07863	1.07451	1.07582	25557	25147015015	17
2016.02.04	12:00:00	1.07583	1.07687	1.07201	1.07464	31479	31794591146	51
2016.02.04	16:00:00	1.07462	1.07688	1.07055	1.07132	35372	30841596172	51
2016.02.04	20:00:00	1.07132	1.07182	1.06874	1.07042	13471	11924250000	51
2016.02.05	00:00:00	1.07042	1.07390	1.06698	1.07348	22965	16308400000	0
2016.02.05	04:00:00	1.07348	1.07437	1.07155	1.07406	17163	15811550000	51
2016.02.05	08:00:00	1.07406	1.07424	1.06861	1.07021	19585	17160047000	51
2016.02.05	12:00:00	1.07019	1.07388	1.06755	1.07230	22559	20714937000	51
2016.02.05	16:00:00	1.07230	1.07265	1.06803	1.06835	32639	29046956000	51
2016.02.05	20:00:00	1.06835	1.06866	1.06467	1.06485	10282	8270000000	51
2016.02.08	00:00:00	1.06656	1.06951	1.06638	1.06795	18985	13202450000	51
2016.02.08	04:00:00	1.06796	1.06944	1.06607	1.06912	11705	8862150000	51
2016.02.08	08:00:00	1.06912	1.07158	1.06828	1.06907	20620	17840050000	51
2016.02.08	12:00:00	1.06907	1.07123	1.06695	1.06930	27231	22703650000	51
2016.02.08	16:00:00	1.06931	1.07117	1.06824	1.06961	30180	21938900000	51
2016.02.08	20:00:00	1.06958	1.07013	1.06767	1.06897	16289	13294200000	51
2016.02.09	00:00:00	1.06862	1.07114	1.06499	1.06644	27830	19252000000	0
2016.02.09	04:00:00	1.06644	1.06908	1.06518	1.06649	20660	15055000000	51
2016.02.09	08:00:00	1.06649	1.06730	1.06428	1.06521	24004	18353180000	51
2016.02.09	12:00:00	1.06518	1.06663	1.05924	1.05924	26022	22532849000	51
2016.02.09	16:00:00	1.05926	1.06407	1.05870	1.06296	33723	25276499000	51
2016.02.09	20:00:00	1.06291	1.06652	1.06222	1.06526	20271	18615050000	51
2016.02.10	00:00:00	1.06475	1.06667	1.06291	1.06521	20840	13346130000	0
2016.02.10	04:00:00	1.06521	1.06702	1.06337	1.06588	22780	20214850000	51
2016.02.10	08:00:00	1.06592	1.06857	1.06499	1.06688	26847	21213950000	51
2016.02.10	12:00:00	1.06688	1.06838	1.06584	1.06634	27409	21813550000	51
2016.02.10	16:00:00	1.06634	1.06772	1.06361	1.06598	35819	22355650000	51
2016.02.10	20:00:00	1.06591	1.06666	1.06049	1.06090	17458	14193438000	51
2016.02.11	00:00:00	1.06077	1.06377	1.05979	1.06340	20846	12957800000	0
2016.02.11	04:00:00	1.06339	1.06439	1.06170	1.06255	18003	11934150000	51
2016.02.11	08:00:00	1.06255	1.06605	1.05709	1.05779	34446	22840000000	51
2016.02.11	12:00:00	1.05778	1.06080	1.05725	1.06002	38256	27537480000	51
2016.02.11	16:00:00	1.06000	1.06308	1.05921	1.06151	36458	25740750000	51
2016.02.11	20:00:00	1.06149	1.06198	1.05689	1.05797	23229	16054050000	51
2016.02.12	00:00:00	1.05795	1.06395	1.05646	1.06309	24301	17402100000	51
2016.02.12	04:00:00	1.06302	1.06604	1.06191	1.06399	23232	13081650000	51
2016.02.12	08:00:00	1.06403	1.06613	1.06307	1.06508	26746	18224850000	51
2016.02.12	12:00:00	1.06510	1.06784	1.06379	1.06641	22981	15889940000	51
2016.02.12	16:00:00	1.06639	1.07122	1.06633	1.07040	27281	20275238000	51
2016.02.12	20:00:00	1.07040	1.07354	1.06829	1.06829	9063	6654699000	51
2016.02.15	00:00:00	1.07254	1.07449	1.07105	1.07438	24370	17112350000	51
2016.02.15	04:00:00	1.07438	1.07601	1.07198	1.07571	30160	20113950000	51
2016.02.15	08:00:00	1.07571	1.07625	1.07074	1.07145	28255	18695650000	51
2016.02.15	12:00:00	1.07145	1.07488	1.07114	1.07308	23813	16718750000	51
2016.02.15	16:00:00	1.07304	1.07442	1.07165	1.07318	19486	14602650000	51
2016.02.15	20:00:00	1.07310	1.07398	1.07076	1.07308	12075	8020999000	51
2016.02.16	00:00:00	1.07292	1.07626	1.07244	1.07478	23518	14721400000	51
2016.02.16	04:00:00	1.07480	1.08577	1.07477	1.08344	22749	15993300000	51
2016.02.16	08:00:00	1.08344	1.08699	1.08253	1.08477	30008	21279936000	51
2016.02.16	12:00:00	1.08477	1.08709	1.08367	1.08571	27528	22348900000	51
2016.02.16	16:00:00	1.08571	1.08608	1.08035	1.08080	25608	18130100000	51
2016.02.16	20:00:00	1.08076	1.08193	1.07997	1.08042	11589	9391550000	51
2016.02.17	00:00:00	1.08042	1.08308	1.07915	1.08289	20722	11674450000	0
2016.02.17	04:00:00	1.08285	1.08321	1.07789	1.07803	22520	14810050000	51
2016.02.17	08:00:00	1.07802	1.07916	1.07731	1.07842	26271	18758049000	51
2016.02.17	12:00:00	1.07840	1.08193	1.07832	1.08168	23650	16086300000	51
2016.02.17	16:00:00	1.08168	1.08267	1.08012	1.08178	27786	16308400000	51
2016.02.17	20:00:00	1.08177	1.08288	1.07976	1.08239	15642	11894049000	51
2016.02.18	00:00:00	1.08239	1.08270	1.07543	1.07679	22397	12948400000	0
2016.02.18	04:00:00	1.07675	1.07725	1.07414	1.07657	18022	11746100000	51
2016.02.18	08:00:00	1.07657	1.08035	1.07404	1.07983	24917	15068695000	51
2016.02.18	12:00:00	1.07986	1.08045	1.07851	1.07922	24723	15064600000	51
2016.02.18	16:00:00	1.07921	1.08184	1.07808	1.07834	23797	16871850000	51
2016.02.18	20:00:00	1.07837	1.07899	1.07634	1.07678	14267	8600150000	51
2016.02.19	00:00:00	1.07677	1.07778	1.07357	1.07394	20534	12889750000	0
2016.02.19	04:00:00	1.07389	1.07418	1.07204	1.07357	17418	12422400000	51
2016.02.19	08:00:00	1.07357	1.07531	1.07333	1.07415	22053	16003750000	0
2016.02.19	12:00:00	1.07420	1.07694	1.07269	1.07542	20787	14483400000	51
2016.02.19	16:00:00	1.07540	1.07785	1.07502	1.07649	22591	14365950000	51
2016.02.19	20:00:00	1.07649	1.07795	1.07636	1.07736	10542	6641100000	51
2016.02.22	00:00:00	1.07636	1.07952	1.07424	1.07697	20317	12414971000	0
2016.02.22	04:00:00	1.07697	1.07754	1.07608	1.07652	19078	10171650000	51
2016.02.22	08:00:00	1.07652	1.07883	1.07487	1.07883	22849	13562350000	51
2016.02.22	12:00:00	1.07883	1.07960	1.07623	1.07653	21067	13295150000	51
2016.02.22	16:00:00	1.07651	1.07807	1.07469	1.07650	21353	14671580000	51
2016.02.22	20:00:00	1.07641	1.07842	1.07638	1.07829	11109	7222250000	51
2016.02.23	00:00:00	1.07808	1.07888	1.07682	1.07846	21251	12741800000	0
2016.02.23	04:00:00	1.07843	1.08030	1.07754	1.07979	21061	14916350000	51
2016.02.23	08:00:00	1.07978	1.08386	1.07957	1.08105	24192	18867000000	51
2016.02.23	12:00:00	1.08107	1.08269	1.07962	1.08228	22128	15354850000	51
2016.02.23	16:00:00	1.08228	1.08395	1.08097	1.08223	24078	17488500000	51
2016.02.23	20:00:00	1.08233	1.08461	1.08075	1.08348	12290	9699600000	51
2016.02.24	00:00:00	1.08356	1.08688	1.08271	1.08607	19091	13998100000	51
2016.02.24	04:00:00	1.08607	1.08720	1.08296	1.08430	20284	17207300000	51
2016.02.24	08:00:00	1.08433	1.08702	1.08305	1.08439	24274	18404650000	51
2016.02.24	12:00:00	1.08438	1.08661	1.08319	1.08377	24369	19072590000	51
2016.02.24	16:00:00	1.08375	1.08411	1.08110	1.08249	27410	19698600000	51
2016.02.24	20:00:00	1.08244	1.08285	1.07951	1.07994	19231	13603350000	51
2016.02.25	00:00:00	1.07986	1.08076	1.07523	1.07627	22820	13464000000	51
2016.02.25	04:00:00	1.07626	1.07898	1.07582	1.07793	21787	14416150000	51
2016.02.25	08:00:00	1.07791	1.07836	1.07519	1.07547	25268	18096000000	51
2016.02.25	12:00:00	1.07545	1.07871	1.07519	1.07766	22182	16639550000	51
2016.02.25	16:00:00	1.07765	1.07842	1.07492	1.07605	25682	20342500000	51
2016.02.25	20:00:00	1.07603	1.07790	1.07518	1.07573	15976	12491250000	51
2016.02.26	00:00:00	1.07550	1.07608	1.07007	1.07097	20676	12199900000	51
2016.02.26	04:00:00	1.07087	1.07123	1.06688	1.06804	18799	13625500000	51
2016.02.26	08:00:00	1.06804	1.07057	1.06769	1.06851	20754	14989000000	51
2016.02.26	12:00:00	1.06854	1.07105	1.06752	1.07100	21673	14888100000	51
2016.02.26	16:00:00	1.07100	1.07644	1.07065	1.07335	31182	19603800000	51
2016.02.26	20:00:00	1.07337	1.07560	1.07196	1.07347	11841	8973448000	51
2016.02.29	00:00:00	1.08059	1.08316	1.07888	1.08100	21950	12315100000	0
2016.02.29	04:00:00	1.08100	1.08470	1.08075	1.08307	20750	11943350000	51
2016.02.29	08:00:00	1.08307	1.08341	1.07907	1.08097	24634	17029450000	51
2016.02.29	12:00:00	1.08096	1.08522	1.08083	1.08515	25150	20226744000	51
2016.02.29	16:00:00	1.08507	1.08551	1.08250	1.08343	26901	17799000000	51
2016.02.29	20:00:00	1.08335	1.08426	1.08230	1.08299	14823	10858750000	51
2016.03.01	00:00:00	1.08266	1.08368	1.07692	1.07846	21934	12991810000	0
2016.03.01	04:00:00	1.07846	1.08170	1.07616	1.08099	21819	15202500000	51
2016.03.01	08:00:00	1.08099	1.08446	1.08054	1.08253	24571	13590850000	51
2016.03.01	12:00:00	1.08253	1.08472	1.07987	1.08178	21840	14688800000	51
2016.03.01	16:00:00	1.08184	1.08504	1.08116	1.08370	31887	19865738000	51
2016.03.01	20:00:00	1.08370	1.08373	1.08142	1.08146	17238	15048300000	0
2016.03.02	00:00:00	1.08171	1.08988	1.07956	1.08904	27917	19040700000	0
2016.03.02	04:00:00	1.08902	1.09235	1.08814	1.09114	24343	18926950000	51
2016.03.02	08:00:00	1.09113	1.09254	1.09049	1.09166	22532	17626812500	51
2016.03.02	12:00:00	1.09165	1.09351	1.09060	1.09302	23672	23022235000	51
2016.03.02	16:00:00	1.09300	1.09703	1.09200	1.09612	35211	33415825000	51
2016.03.02	20:00:00	1.09612	1.09719	1.09204	1.09229	24494	23318000000	51
2016.03.03	00:00:00	1.09160	1.09568	1.09160	1.09351	26269	18499249000	51
2016.03.03	04:00:00	1.09349	1.09557	1.09121	1.09446	27447	22416798000	51
2016.03.03	08:00:00	1.09447	1.09515	1.09232	1.09272	23234	19567990000	0
2016.03.03	12:00:00	1.09272	1.09576	1.09246	1.09424	20078	15311799000	51
2016.03.03	16:00:00	1.09421	1.09523	1.09004	1.09064	30447	20967597000	51
2016.03.03	20:00:00	1.09067	1.09327	1.09037	1.09246	16531	13504250000	51
2016.03.04	00:00:00	1.09263	1.09462	1.09023	1.09150	23680	12337550000	51
2016.03.04	04:00:00	1.09150	1.09273	1.08913	1.08969	23227	14586250000	51
2016.03.04	08:00:00	1.08969	1.09252	1.08928	1.09191	18305	11272050000	51
2016.03.04	12:00:00	1.09188	1.09525	1.09079	1.09288	24262	16921150000	51
2016.03.04	16:00:00	1.09284	1.09336	1.09006	1.09056	38137	25755720000	51
2016.03.04	20:00:00	1.09056	1.09187	1.08951	1.08965	11240	9649050000	51
2016.03.07	00:00:00	1.09017	1.09236	1.08898	1.09027	17664	8944490000	0
2016.03.07	04:00:00	1.09027	1.09146	1.08961	1.09137	15993	10591850000	51
2016.03.07	08:00:00	1.09135	1.09636	1.09099	1.09506	18361	13898895000	51
2016.03.07	12:00:00	1.09508	1.09830	1.09474	1.09697	18798	14079990000	51
2016.03.07	16:00:00	1.09698	1.09854	1.09616	1.09812	28012	19860350000	51
2016.03.07	20:00:00	1.09820	1.10252	1.09717	1.09783	16385	13637700000	51
2016.03.08	00:00:00	1.09777	1.10103	1.09616	1.09740	21818	15469550000	0
2016.03.08	04:00:00	1.09740	1.09834	1.09542	1.09718	22800	15796298000	51
2016.03.08	08:00:00	1.09718	1.10075	1.09617	1.09993	19102	14007035000	51
2016.03.08	12:00:00	1.09993	1.10352	1.09972	1.10305	20370	15656811500	51
2016.03.08	16:00:00	1.10314	1.10361	1.09934	1.10089	30165	20099290000	51
2016.03.08	20:00:00	1.10084	1.10356	1.10079	1.10235	11895	8841300000	51
2016.03.09	00:00:00	1.10205	1.10307	1.09910	1.09933	23455	11487599000	0
2016.03.09	04:00:00	1.09935	1.10536	1.09923	1.10507	18099	11238699000	51
2016.03.09	08:00:00	1.10507	1.10568	1.10234	1.10408	20837	13034389000	51
2016.03.09	12:00:00	1.10409	1.10575	1.10279	1.10451	20393	13858000000	51
2016.03.09	16:00:00	1.10451	1.10679	1.10367	1.10493	34294	25071493000	51
2016.03.09	20:00:00	1.10493	1.12637	1.10493	1.12449	22494	16308918000	51
2016.03.10	00:00:00	1.12452	1.12763	1.12238	1.12638	23433	12983692000	51
2016.03.10	04:00:00	1.12638	1.12825	1.12519	1.12587	19111	10505358000	51
2016.03.10	08:00:00	1.12586	1.12619	1.11974	1.12012	21981	13113400000	51
2016.03.10	12:00:00	1.12011	1.12341	1.11975	1.12145	28679	21013840000	51
2016.03.10	16:00:00	1.12144	1.12231	1.11478	1.11618	44792	28356440000	51
2016.03.10	20:00:00	1.11618	1.11889	1.11478	1.11736	21955	15978700000	51
2016.03.11	00:00:00	1.11796	1.11856	1.11443	1.11541	25875	13012100000	51
2016.03.11	04:00:00	1.11541	1.12003	1.11414	1.11902	19582	10207400000	51
2016.03.11	08:00:00	1.11902	1.12201	1.11790	1.12130	20617	13456800000	51
2016.03.11	12:00:00	1.12131	1.12247	1.12046	1.12153	18058	13715350000	51
2016.03.11	16:00:00	1.12155	1.12419	1.11858	1.12043	29172	17036550000	51
2016.03.11	20:00:00	1.12041	1.12174	1.11947	1.12010	10673	7337749000	51
2016.03.14	00:00:00	1.12119	1.12317	1.12040	1.12265	23743	14704498000	0
2016.03.14	04:00:00	1.12265	1.12446	1.12177	1.12255	20616	11214400000	51
2016.03.14	08:00:00	1.12256	1.12264	1.11891	1.12231	22009	15276015000	51
2016.03.14	12:00:00	1.12230	1.12474	1.12145	1.12209	21834	15277400000	51
2016.03.14	16:00:00	1.12210	1.12600	1.12033	1.12529	27367	15746099000	51
2016.03.14	20:00:00	1.12524	1.12671	1.12417	1.12524	17046	11709900000	51
2016.03.15	00:00:00	1.12519	1.12647	1.12361	1.12480	18022	9583399000	51
2016.03.15	04:00:00	1.12480	1.12519	1.12280	1.12463	20057	10840700000	51
2016.03.15	08:00:00	1.12464	1.12625	1.12102	1.12209	21774	12729050000	51
2016.03.15	12:00:00	1.12209	1.12443	1.12124	1.12327	26047	18403448000	51
2016.03.15	16:00:00	1.12327	1.13138	1.12312	1.12959	27395	18260314000	51
2016.03.15	20:00:00	1.12958	1.13076	1.12742	1.12854	11443	6811137000	34
2016.03.16	00:00:00	1.12852	1.13147	1.12770	1.13079	16457	7006413000	51
2016.03.16	04:00:00	1.13079	1.13158	1.12771	1.12894	14061	6300483000	51
2016.03.16	08:00:00	1.12893	1.12989	1.12668	1.12836	17036	10449483000	51
2016.03.16	12:00:00	1.12836	1.12890	1.12524	1.12708	21833	14613600000	51
2016.03.16	16:00:00	1.12708	1.12812	1.12586	1.12666	22302	15784550000	51
2016.03.16	20:00:00	1.12658	1.12786	1.11573	1.11819	31197	22755209000	0
2016.03.17	00:00:00	1.11820	1.12576	1.11727	1.12478	24466	13113520000	51
2016.03.17	04:00:00	1.12489	1.12571	1.12065	1.12152	21227	9652001000	51
2016.03.17	08:00:00	1.12152	1.12372	1.11861	1.11861	29723	16064228000	51
2016.03.17	12:00:00	1.11862	1.12094	1.11440	1.11580	32033	18925900000	51
2016.03.17	16:00:00	1.11581	1.11783	1.11489	1.11615	29312	17573042000	51
2016.03.17	20:00:00	1.11613	1.11731	1.11482	1.11682	17478	12999685000	0
2016.03.18	00:00:00	1.11679	1.11944	1.11556	1.11573	29388	15268384000	0
2016.03.18	04:00:00	1.11572	1.11911	1.11566	1.11661	26767	14405272000	51
2016.03.18	08:00:00	1.11661	1.12200	1.11656	1.12040	21772	13460354000	51
2016.03.18	12:00:00	1.12040	1.12174	1.11703	1.11894	19889	14185530000	51
2016.03.18	16:00:00	1.11890	1.11973	1.11754	1.11864	21133	14914850000	51
2016.03.18	20:00:00	1.11863	1.11967	1.11717	1.11790	6250	4778545000	0
2016.03.21	00:00:00	1.11840	1.12307	1.11803	1.12121	22784	12352469000	0
2016.03.21	04:00:00	1.12121	1.12207	1.11989	1.12077	22578	12689249000	51
2016.03.21	08:00:00	1.12077	1.12385	1.11984	1.12243	22818	15621150000	51
2016.03.21	12:00:00	1.12243	1.12406	1.12126	1.12257	20791	14568098000	51
2016.03.21	16:00:00	1.12265	1.12391	1.12122	1.12161	22609	14820672000	51
2016.03.21	20:00:00	1.12155	1.12235	1.11887	1.11959	11035	7902071000	0
2016.03.22	00:00:00	1.11982	1.12050	1.11871	1.11966	19236	11259145000	0
2016.03.22	04:00:00	1.11962	1.12555	1.11945	1.12461	17563	6711698000	51
2016.03.22	08:00:00	1.12458	1.12704	1.12267	1.12517	29630	17775548000	51
2016.03.22	12:00:00	1.12517	1.12714	1.12496	1.12652	23429	15552850000	51
2016.03.22	16:00:00	1.12650	1.12957	1.12527	1.12877	24217	15822439000	51
2016.03.22	20:00:00	1.12871	1.12963	1.12702	1.12790	14094	8693598000	0
2016.03.23	00:00:00	1.12786	1.13143	1.12692	1.13103	15290	7411501000	51
2016.03.23	04:00:00	1.13101	1.13278	1.12977	1.13067	14397	5123748000	51
2016.03.23	08:00:00	1.13064	1.13314	1.12971	1.13127	20349	10349049000	51
2016.03.23	12:00:00	1.13126	1.13187	1.12769	1.12873	26446	17318135000	0
2016.03.23	16:00:00	1.12879	1.12892	1.12124	1.12159	25467	17811406000	0
2016.03.23	20:00:00	1.12152	1.12359	1.12134	1.12295	11004	6954797000	0
2016.03.24	00:00:00	1.12298	1.12312	1.11818	1.11921	16421	7372132000	51
2016.03.24	04:00:00	1.11919	1.12123	1.11878	1.11978	14529	5888607000	51
2016.03.24	08:00:00	1.11976	1.12162	1.11883	1.12142	19854	14439432000	51
2016.03.24	12:00:00	1.12142	1.12271	1.11957	1.12126	21417	15894389000	51
2016.03.24	16:00:00	1.12127	1.12374	1.12111	1.12347	21886	12470050000	51
2016.03.24	20:00:00	1.12348	1.12380	1.12201	1.12257	7401	4884900000	51
2016.03.25	00:00:00	1.12244	1.12453	1.12101	1.12389	16015	12906870000	51
2016.03.25	04:00:00	1.12400	1.12453	1.12251	1.12398	9380	4996343000	51
2016.03.25	08:00:00	1.12398	1.12459	1.12065	1.12197	10887	4318742000	51
2016.03.25	12:00:00	1.12200	1.12382	1.12106	1.12257	13186	11339550000	51
2016.03.25	16:00:00	1.12246	1.12475	1.12089	1.12135	6657	6295950000	51
2016.03.25	20:00:00	1.12135	1.12226	1.11986	1.12016	4343	3464099000	0
2016.03.28	00:00:00	1.12344	1.12472	1.12137	1.12258	8632	6855473000	0
2016.03.28	04:00:00	1.12261	1.12439	1.12212	1.12411	7602	5687700000	51
2016.03.28	08:00:00	1.12405	1.12503	1.12325	1.12402	8146	5533600000	51
2016.03.28	12:00:00	1.12402	1.12410	1.12132	1.12145	9556	8120600000	51
2016.03.28	16:00:00	1.12143	1.12238	1.12096	1.12135	20033	13655850000	51
2016.03.28	20:00:00	1.12136	1.12207	1.11997	1.12188	6931	5993200000	51
2016.03.29	00:00:00	1.12144	1.12188	1.12026	1.12032	11999	6941930000	51
2016.03.29	04:00:00	1.12031	1.12128	1.11874	1.11893	18055	11648168000	51
2016.03.29	08:00:00	1.11893	1.11939	1.11668	1.11698	22301	20613073000	51
2016.03.29	12:00:00	1.11698	1.11767	1.11211	1.11370	22637	21045500000	51
2016.03.29	16:00:00	1.11370	1.11479	1.11042	1.11197	37260	29445298000	51
2016.03.29	20:00:00	1.11198	1.11458	1.11111	1.11283	19896	12829378000	51
2016.03.30	00:00:00	1.11209	1.11375	1.11032	1.11199	19880	12190699000	0
2016.03.30	04:00:00	1.11199	1.11416	1.11187	1.11264	20491	12089820000	51
2016.03.30	08:00:00	1.11267	1.11387	1.10436	1.10677	32489	21898880000	51
2016.03.30	12:00:00	1.10675	1.10837	1.10560	1.10767	30198	24127300000	51
2016.03.30	16:00:00	1.10763	1.10974	1.10690	1.10850	39870	30926794000	51
2016.03.30	20:00:00	1.10849	1.10881	1.10525	1.10769	14652	13646049000	51
2016.03.31	00:00:00	1.10767	1.11046	1.10668	1.10787	15419	11202998000	0
2016.03.31	04:00:00	1.10785	1.10981	1.10699	1.10955	22592	12243697000	51
2016.03.31	08:00:00	1.10955	1.10992	1.10780	1.10813	24120	13831558000	51
2016.03.31	12:00:00	1.10811	1.10972	1.10688	1.10707	25359	15373050000	51
2016.03.31	16:00:00	1.10704	1.10910	1.10619	1.10870	34699	23481941000	51
2016.03.31	20:00:00	1.10870	1.10985	1.10713	1.10793	12300	9491600000	51
2016.04.01	00:00:00	1.10787	1.10988	1.10698	1.10949	13514	7076950000	51
2016.04.01	04:00:00	1.10949	1.11213	1.10815	1.10896	19798	14323712000	51
2016.04.01	08:00:00	1.10896	1.11157	1.10844	1.11112	21882	18458000000	51
2016.04.01	12:00:00	1.11112	1.11354	1.10836	1.11012	26892	21299850000	34
2016.04.01	16:00:00	1.11014	1.11394	1.10879	1.11234	33907	24212757000	51
2016.04.01	20:00:00	1.11240	1.11351	1.11029	1.11108	9497	8128736000	0
2016.04.04	00:00:00	1.11240	1.11377	1.10969	1.11175	10715	6479450000	51
2016.04.04	04:00:00	1.11176	1.11222	1.10760	1.10943	16581	10502621000	51
2016.04.04	08:00:00	1.10943	1.11072	1.10837	1.11054	21515	13644288000	51
2016.04.04	12:00:00	1.11054	1.11336	1.11011	1.11254	22486	15292424000	51
2016.04.04	16:00:00	1.11252	1.11368	1.11019	1.11165	28026	21544442000	51
2016.04.04	20:00:00	1.11169	1.11357	1.11105	1.11207	10200	5936150000	51
2016.04.05	00:00:00	1.11217	1.11961	1.11168	1.11429	15700	9680232000	51
2016.04.05	04:00:00	1.11429	1.11904	1.11082	1.11868	20665	12280228000	51
2016.04.05	08:00:00	1.11868	1.11995	1.11479	1.11527	28753	23683127000	51
2016.04.05	12:00:00	1.11530	1.11582	1.11169	1.11200	24294	18374600000	51
2016.04.05	16:00:00	1.11199	1.11287	1.10674	1.10761	34205	29182828000	51
2016.04.05	20:00:00	1.10762	1.10916	1.10677	1.10857	11226	10242880000	51
2016.04.06	00:00:00	1.10795	1.10970	1.10747	1.10877	15164	11180199000	34
2016.04.06	04:00:00	1.10877	1.11104	1.10803	1.10947	15635	7783917000	51
2016.04.06	08:00:00	1.10949	1.11182	1.10849	1.11155	22747	14194638000	51
2016.04.06	12:00:00	1.11155	1.11235	1.11079	1.11207	23128	15712900000	51
2016.04.06	16:00:00	1.11207	1.11378	1.11064	1.11342	31861	21364371000	51
2016.04.06	20:00:00	1.11344	1.11396	1.11206	1.11266	17627	13846643000	51
2016.04.07	00:00:00	1.11258	1.11568	1.11207	1.11458	12444	6712016000	0
2016.04.07	04:00:00	1.11460	1.11626	1.11353	1.11476	18767	9418898000	51
2016.04.07	08:00:00	1.11476	1.11495	1.10940	1.10957	31512	21309750000	51
2016.04.07	12:00:00	1.10960	1.11046	1.10756	1.10922	30043	25065346000	51
2016.04.07	16:00:00	1.10921	1.10988	1.10649	1.10837	35229	25408197000	51
2016.04.07	20:00:00	1.10837	1.10924	1.10668	1.10713	13289	9825650000	51
2016.04.08	00:00:00	1.10709	1.10808	1.10639	1.10794	12701	7738400000	51
2016.04.08	04:00:00	1.10795	1.11281	1.10795	1.11269	14383	8012730000	51
2016.04.08	08:00:00	1.11267	1.11285	1.10911	1.11170	24791	17304500000	51
2016.04.08	12:00:00	1.11170	1.11187	1.10921	1.10967	23628	17824794000	51
2016.04.08	16:00:00	1.10965	1.11049	1.10787	1.10868	27608	22309090000	51
2016.04.08	20:00:00	1.10868	1.10924	1.10723	1.10723	10964	7621350000	51
2016.04.11	00:00:00	1.10694	1.11033	1.10694	1.10834	9069	4715141000	0
2016.04.11	04:00:00	1.10830	1.10996	1.10714	1.10919	21924	12866253000	51
2016.04.11	08:00:00	1.10920	1.10995	1.10526	1.10699	23792	15332195000	51
2016.04.11	12:00:00	1.10699	1.10825	1.10491	1.10724	20947	13993431000	51
2016.04.11	16:00:00	1.10724	1.10972	1.10672	1.10771	26880	17234050000	51
2016.04.11	20:00:00	1.10772	1.10819	1.10695	1.10709	12288	9142350000	51
2016.04.12	00:00:00	1.10681	1.10819	1.10600	1.10622	12933	6879789000	0
2016.04.12	04:00:00	1.10622	1.11018	1.10505	1.10898	18180	12118141000	51
2016.04.12	08:00:00	1.10902	1.11204	1.10810	1.11042	25416	15878534000	51
2016.04.12	12:00:00	1.11042	1.11226	1.10748	1.10816	24446	18253850000	51
2016.04.12	16:00:00	1.10816	1.10995	1.10736	1.10983	31416	22891500000	51
2016.04.12	20:00:00	1.10987	1.11082	1.10898	1.10918	13386	10785350000	51
2016.04.13	00:00:00	1.10918	1.11034	1.10738	1.10769	11733	6825800000	0
2016.04.13	04:00:00	1.10768	1.11022	1.10717	1.10873	17677	10220500000	51
2016.04.13	08:00:00	1.10872	1.10929	1.10624	1.10650	28356	22326050000	51
2016.04.13	12:00:00	1.10648	1.10815	1.10321	1.10631	27531	18615549000	51
2016.04.13	16:00:00	1.10631	1.10696	1.10519	1.10550	34393	25999395000	51
2016.04.13	20:00:00	1.10550	1.10616	1.10521	1.10568	13368	10615700000	36
2016.04.14	00:00:00	1.10550	1.10892	1.10520	1.10755	13095	7899587000	0
2016.04.14	04:00:00	1.10755	1.11865	1.10667	1.11771	22531	13507841000	51
2016.04.14	08:00:00	1.11771	1.12023	1.11696	1.11836	25338	16691482000	51
2016.04.14	12:00:00	1.11836	1.12372	1.11767	1.12209	26330	17950940000	51
2016.04.14	16:00:00	1.12208	1.12346	1.12105	1.12155	26235	18549670000	51
2016.04.14	20:00:00	1.12154	1.12362	1.12129	1.12357	13556	11627250000	51
2016.04.15	00:00:00	1.12357	1.12357	1.12044	1.12133	11916	7944044000	0
2016.04.15	04:00:00	1.12134	1.12180	1.11804	1.11894	15830	10399533000	51
2016.04.15	08:00:00	1.11896	1.12089	1.11572	1.11699	25504	20517605000	51
2016.04.15	12:00:00	1.11703	1.11744	1.11377	1.11387	22480	16097950000	51
2016.04.15	16:00:00	1.11387	1.11626	1.11240	1.11600	27827	22669800000	51
2016.04.15	20:00:00	1.11600	1.11718	1.11493	1.11493	10163	7766550000	51
2016.04.18	00:00:00	1.11054	1.11837	1.10616	1.11096	18488	11822406000	0
2016.04.18	04:00:00	1.11096	1.11127	1.10773	1.10815	18951	11506302000	51
2016.04.18	08:00:00	1.10815	1.11069	1.10748	1.10944	27901	19238289000	51
2016.04.18	12:00:00	1.10947	1.11264	1.10938	1.11214	25838	16821747000	51
2016.04.18	16:00:00	1.11212	1.11689	1.11193	1.11465	28963	20011383000	51
2016.04.18	20:00:00	1.11461	1.11571	1.11416	1.11471	11292	8602400000	51
2016.04.19	00:00:00	1.11476	1.11476	1.11137	1.11301	12886	7957739000	0
2016.04.19	04:00:00	1.11301	1.11332	1.11008	1.11076	15842	10606360000	51
2016.04.19	08:00:00	1.11076	1.11276	1.10810	1.10887	23033	14431250000	51
2016.04.19	12:00:00	1.10885	1.10994	1.10699	1.10892	22204	14543453002	51
2016.04.19	16:00:00	1.10892	1.11080	1.10720	1.10946	28618	18311431000	51
2016.04.19	20:00:00	1.10944	1.11021	1.10789	1.10860	10478	6935750000	51
2016.04.20	00:00:00	1.10851	1.11163	1.10745	1.11120	10383	5546000000	0
2016.04.20	04:00:00	1.11118	1.11130	1.10818	1.11029	14486	6199911000	51
2016.04.20	08:00:00	1.11028	1.11476	1.10943	1.11450	26589	13336332000	51
2016.04.20	12:00:00	1.11449	1.11719	1.11353	1.11712	23843	17061150000	51
2016.04.20	16:00:00	1.11712	1.11805	1.11513	1.11757	32975	16815032000	51
2016.04.20	20:00:00	1.11757	1.11880	1.11631	1.11666	16956	13044145000	51
2016.04.21	00:00:00	1.11615	1.11951	1.11576	1.11887	10703	5713469000	0
2016.04.21	04:00:00	1.11886	1.12071	1.11857	1.11908	16843	9826854000	51
2016.04.21	08:00:00	1.11909	1.12339	1.11877	1.12130	25104	15661818000	51
2016.04.21	12:00:00	1.12136	1.12266	1.12072	1.12151	26366	19871487000	0
2016.04.21	16:00:00	1.12147	1.12266	1.11930	1.12052	37553	24861150000	51
2016.04.21	20:00:00	1.12052	1.12073	1.11865	1.11891	12564	9859150000	51
2016.04.22	00:00:00	1.11881	1.12181	1.11870	1.12108	9546	5290282040	0
2016.04.22	04:00:00	1.12110	1.12143	1.11933	1.12036	14672	6825148000	51
2016.04.22	08:00:00	1.12036	1.12640	1.11957	1.12470	23587	15839760000	51
2016.04.22	12:00:00	1.12472	1.12566	1.12236	1.12456	22870	15518150000	51
2016.04.22	16:00:00	1.12456	1.12623	1.12388	1.12406	30802	20804550000	51
2016.04.22	20:00:00	1.12406	1.12600	1.12387	1.12421	10709	8130786000	51
2016.04.25	00:00:00	1.12245	1.12451	1.12183	1.12344	8459	6175557000	0
2016.04.25	04:00:00	1.12344	1.12456	1.12207	1.12319	10274	4926132000	51
2016.04.25	08:00:00	1.12331	1.12421	1.12122	1.12128	16155	11059000000	51
2016.04.25	12:00:00	1.12128	1.12417	1.12074	1.12362	17224	12749250000	51
2016.04.25	16:00:00	1.12362	1.12621	1.12350	1.12571	20236	13415660000	51
2016.04.25	20:00:00	1.12572	1.12694	1.12462	1.12462	10269	8457400000	51
2016.04.26	00:00:00	1.12463	1.12507	1.12205	1.12224	7527	4355250000	0
2016.04.26	04:00:00	1.12229	1.12286	1.11968	1.12073	13402	7501978000	51
2016.04.26	08:00:00	1.12071	1.12433	1.11988	1.12263	21700	15924549000	51
2016.04.26	12:00:00	1.12264	1.12447	1.12227	1.12286	21438	13918200000	51
2016.04.26	16:00:00	1.12286	1.12415	1.12244	1.12374	23283	14498264000	51
2016.04.26	20:00:00	1.12371	1.12454	1.12224	1.12258	9142	6469047000	51
2016.04.27	00:00:00	1.12225	1.12451	1.12167	1.12424	7149	3325639000	0
2016.04.27	04:00:00	1.12423	1.12496	1.10831	1.10891	21423	11730647000	51
2016.04.27	08:00:00	1.10891	1.11208	1.10581	1.11135	23518	15051580000	51
2016.04.27	12:00:00	1.11136	1.11199	1.10775	1.10874	21284	16579450000	51
2016.04.27	16:00:00	1.10874	1.10891	1.10553	1.10840	24223	17364373000	51
2016.04.27	20:00:00	1.10840	1.10939	1.10586	1.10766	23142	16546100000	51
2016.04.28	00:00:00	1.09973	1.10218	1.09445	1.09882	14526	10062705000	0
2016.04.28	04:00:00	1.09884	1.09950	1.09621	1.09777	19123	10639682000	51
2016.04.28	08:00:00	1.09777	1.09909	1.09512	1.09730	27376	16529326000	51
2016.04.28	12:00:00	1.09735	1.09764	1.09218	1.09414	22322	15632040000	51
2016.04.28	16:00:00	1.09418	1.09636	1.09319	1.09599	25174	16429142000	51
2016.04.28	20:00:00	1.09599	1.09619	1.09414	1.09475	12334	8023946000	51
2016.04.29	00:00:00	1.09438	1.09645	1.09419	1.09577	8610	5415436000	51
2016.04.29	04:00:00	1.09580	1.09750	1.09243	1.09722	11978	6751657000	51
2016.04.29	08:00:00	1.09720	1.09924	1.09447	1.09449	18867	11547797000	51
2016.04.29	12:00:00	1.09449	1.09502	1.09147	1.09258	20897	15747500000	51
2016.04.29	16:00:00	1.09255	1.09330	1.08830	1.08930	30268	26026901000	51
2016.04.29	20:00:00	1.08937	1.08962	1.08767	1.08919	14339	12139950000	51
2016.05.02	00:00:00	1.08838	1.08969	1.08417	1.08417	12245	8003386000	0
2016.05.02	04:00:00	1.08417	1.08773	1.08416	1.08610	13165	9368931000	51
2016.05.02	08:00:00	1.08615	1.08855	1.08547	1.08705	14347	11531106000	51
2016.05.02	12:00:00	1.08705	1.09047	1.08689	1.08997	18954	16196100000	51
2016.05.02	16:00:00	1.08999	1.09026	1.08619	1.09009	28248	20707796000	51
2016.05.02	20:00:00	1.09000	1.09244	1.08989	1.09159	10498	8497650000	51
2016.05.03	00:00:00	1.09101	1.09198	1.08848	1.08950	9311	4603115000	0
2016.05.03	04:00:00	1.08952	1.09471	1.07873	1.08281	20139	12003408000	51
2016.05.03	08:00:00	1.08278	1.08420	1.08132	1.08264	30558	21482282000	51
2016.05.03	12:00:00	1.08264	1.08384	1.07980	1.08068	28347	22909000000	51
2016.05.03	16:00:00	1.08066	1.08408	1.07964	1.08222	32148	23486700000	51
2016.05.03	20:00:00	1.08222	1.08299	1.08123	1.08204	12947	11334899000	0
2016.05.04	00:00:00	1.08169	1.08469	1.08021	1.08222	10988	7046289000	0
2016.05.04	04:00:00	1.08223	1.08891	1.08215	1.08850	19969	13589673000	51
2016.05.04	08:00:00	1.08849	1.08849	1.08536	1.08630	25848	17222785000	51
2016.05.04	12:00:00	1.08630	1.08761	1.08232	1.08242	31349	21641240000	51
2016.05.04	16:00:00	1.08246	1.08536	1.08207	1.08486	35197	23715597000	51
2016.05.04	20:00:00	1.08487	1.08573	1.08196	1.08256	13143	11522326000	51
2016.05.05	00:00:00	1.08274	1.08425	1.08255	1.08402	7973	4740322000	0
2016.05.05	04:00:00	1.08405	1.08725	1.08405	1.08525	12064	8901727000	51
2016.05.05	08:00:00	1.08525	1.08723	1.08520	1.08620	20394	13067200000	51
2016.05.05	12:00:00	1.08620	1.08717	1.08444	1.08559	24871	18473450000	51
2016.05.05	16:00:00	1.08556	1.08582	1.08260	1.08342	29889	21943150000	51
2016.05.05	20:00:00	1.08342	1.08447	1.08311	1.08403	11228	9620200000	51
2016.05.06	00:00:00	1.08376	1.08554	1.08343	1.08405	8404	5544689000	0
2016.05.06	04:00:00	1.08402	1.08463	1.07688	1.07770	19044	11894636000	51
2016.05.06	08:00:00	1.07770	1.07915	1.07521	1.07683	21815	16846300000	51
2016.05.06	12:00:00	1.07679	1.07877	1.07337	1.07753	25769	19212847000	51
2016.05.06	16:00:00	1.07758	1.07876	1.07455	1.07495	31522	20603350000	51
2016.05.06	20:00:00	1.07494	1.07711	1.07439	1.07603	10159	6954200000	51
2016.05.09	00:00:00	1.07587	1.07867	1.07529	1.07774	8065	5118850000	48
2016.05.09	04:00:00	1.07776	1.07882	1.07735	1.07795	11526	7382750000	51
2016.05.09	08:00:00	1.07798	1.07831	1.07595	1.07601	20791	14770000000	51
2016.05.09	12:00:00	1.07601	1.08205	1.07485	1.08153	22647	15646700000	51
2016.05.09	16:00:00	1.08152	1.08168	1.07875	1.08000	23809	16350658000	51
2016.05.09	20:00:00	1.08001	1.08058	1.07910	1.08044	8769	6988150000	51
2016.05.10	00:00:00	1.08034	1.08407	1.07914	1.08308	10480	6622350000	0
2016.05.10	04:00:00	1.08308	1.08701	1.08308	1.08663	17045	12754600000	51
2016.05.10	08:00:00	1.08664	1.09091	1.08479	1.08951	21994	16741190000	51
2016.05.10	12:00:00	1.08950	1.09118	1.08820	1.08929	23127	18815700000	51
2016.05.10	16:00:00	1.08929	1.09189	1.08795	1.08802	26938	19804740000	51
2016.05.10	20:00:00	1.08799	1.08973	1.08778	1.08905	9191	7303150000	51
2016.05.11	00:00:00	1.08767	1.08823	1.08037	1.08395	15914	11811600000	0
2016.05.11	04:00:00	1.08395	1.08425	1.07955	1.08176	15528	12909150000	51
2016.05.11	08:00:00	1.08176	1.08306	1.08054	1.08195	20769	17588800000	51
2016.05.11	12:00:00	1.08196	1.08398	1.08055	1.08275	18530	16119923000	51
2016.05.11	16:00:00	1.08276	1.08290	1.07968	1.07989	25114	22203450000	51
2016.05.11	20:00:00	1.07988	1.08162	1.07960	1.08088	12118	12711946000	51
2016.05.12	00:00:00	1.08118	1.08164	1.07829	1.07836	11947	10119850000	0
2016.05.12	04:00:00	1.07836	1.07858	1.07377	1.07422	17394	15181250000	51
2016.05.12	08:00:00	1.07422	1.07499	1.07222	1.07440	18874	18902680000	51
2016.05.12	12:00:00	1.07438	1.07606	1.07405	1.07520	21509	21610640000	51
2016.05.12	16:00:00	1.07521	1.07630	1.07278	1.07374	26128	26926440000	0
2016.05.12	20:00:00	1.07376	1.07500	1.07324	1.07330	8342	7939750000	53
2016.05.13	00:00:00	1.07332	1.07414	1.07141	1.07261	11773	11057700000	51
2016.05.13	04:00:00	1.07262	1.07413	1.07155	1.07246	17794	15501350000	51
2016.05.13	08:00:00	1.07247	1.07320	1.07035	1.07154	22012	19572350000	51
2016.05.13	12:00:00	1.07154	1.07397	1.06997	1.07339	22400	22091494000	51
2016.05.13	16:00:00	1.07340	1.07429	1.07158	1.07217	28681	27241700000	51
2016.05.13	20:00:00	1.07216	1.07389	1.07125	1.07213	8900	9121300000	51
2016.05.16	00:00:00	1.07129	1.07656	1.07085	1.07638	10640	10164400000	52
2016.05.16	04:00:00	1.07640	1.07807	1.07469	1.07496	13255	10800250000	51
2016.05.16	08:00:00	1.07497	1.07595	1.07287	1.07333	16419	15085550000	51
2016.05.16	12:00:00	1.07332	1.07409	1.07177	1.07295	18177	18152150000	51
2016.05.16	16:00:00	1.07294	1.07457	1.07225	1.07248	19811	18891560000	51
2016.05.16	20:00:00	1.07248	1.07341	1.07217	1.07315	8385	8377300000	51
2016.05.17	00:00:00	1.07311	1.07497	1.07239	1.07425	9366	8459340000	0
2016.05.17	04:00:00	1.07424	1.08048	1.07290	1.08022	21418	17565735000	51
2016.05.17	08:00:00	1.08027	1.08027	1.07714	1.07717	20950	19928750000	51
2016.05.17	12:00:00	1.07719	1.07779	1.07588	1.07751	19505	18793080000	51
2016.05.17	16:00:00	1.07747	1.07829	1.07348	1.07527	26308	24739848000	51
2016.05.17	20:00:00	1.07527	1.07613	1.07474	1.07484	11130	11587100000	51
2016.05.18	00:00:00	1.07492	1.07685	1.07415	1.07531	11214	8382200000	0
2016.05.18	04:00:00	1.07531	1.07597	1.07128	1.07250	16422	12128840000	51
2016.05.18	08:00:00	1.07250	1.07478	1.07168	1.07436	20649	17381300000	51
2016.05.18	12:00:00	1.07434	1.07526	1.07250	1.07380	22013	19281938000	51
2016.05.18	16:00:00	1.07379	1.07511	1.07281	1.07390	26815	22118850000	51
2016.05.18	20:00:00	1.07390	1.07435	1.07211	1.07217	23688	17231150000	51
2016.05.19	00:00:00	1.07213	1.07317	1.06771	1.06980	12293	9130092000	0
2016.05.19	04:00:00	1.06978	1.07171	1.06814	1.06951	16225	11334350000	51
2016.05.19	08:00:00	1.06953	1.07010	1.06693	1.06815	23017	18268250000	51
2016.05.19	12:00:00	1.06815	1.06970	1.06499	1.06877	24216	16912114000	51
2016.05.19	16:00:00	1.06877	1.07001	1.06784	1.06986	31576	21087600000	51
2016.05.19	20:00:00	1.06986	1.07198	1.06971	1.07143	11144	9551900000	51
2016.05.20	00:00:00	1.07160	1.07209	1.06814	1.06924	9558	7013850000	0
2016.05.20	04:00:00	1.06926	1.06961	1.06767	1.06891	12519	8470450000	51
2016.05.20	08:00:00	1.06891	1.07028	1.06809	1.06978	16378	12819400000	51
2016.05.20	12:00:00	1.06978	1.07058	1.06709	1.06750	16094	12624950000	51
2016.05.20	16:00:00	1.06750	1.06943	1.06619	1.06649	21121	15400200000	51
2016.05.20	20:00:00	1.06649	1.06788	1.06617	1.06643	6545	4919900000	0
2016.05.23	00:00:00	1.06484	1.06802	1.06482	1.06770	6360	4708300000	0
2016.05.23	04:00:00	1.06767	1.06829	1.06577	1.06677	14431	11537800000	51
2016.05.23	08:00:00	1.06676	1.06681	1.06177	1.06311	19380	15815090000	51
2016.05.23	12:00:00	1.06311	1.06481	1.06221	1.06468	18934	14486894000	51
2016.05.23	16:00:00	1.06468	1.06716	1.06450	1.06644	22325	15215050000	51
2016.05.23	20:00:00	1.06643	1.06834	1.06621	1.06746	10057	9722498000	51
2016.05.24	00:00:00	1.06768	1.07009	1.06698	1.07000	8470	5416800000	0
2016.05.24	04:00:00	1.06999	1.07318	1.06892	1.07058	16986	9796349000	51
2016.05.24	08:00:00	1.07058	1.07137	1.06425	1.06434	22987	17697047000	51
2016.05.24	12:00:00	1.06433	1.06501	1.06292	1.06402	21181	17466950000	51
2016.05.24	16:00:00	1.06402	1.06652	1.06394	1.06542	23257	15840886000	51
2016.05.24	20:00:00	1.06543	1.06619	1.06466	1.06557	9609	8060300000	51
2016.05.25	00:00:00	1.06565	1.06645	1.06319	1.06553	10285	7402200000	0
2016.05.25	04:00:00	1.06554	1.06664	1.06317	1.06625	15790	11819000000	51
2016.05.25	08:00:00	1.06620	1.06792	1.06521	1.06531	19612	16678000000	51
2016.05.25	12:00:00	1.06531	1.06584	1.06437	1.06511	18650	16759000000	51
2016.05.25	16:00:00	1.06510	1.06553	1.06321	1.06387	25828	21022492000	51
2016.05.25	20:00:00	1.06387	1.06936	1.06267	1.06735	12762	9025936000	51
2016.05.26	00:00:00	1.06699	1.07167	1.06689	1.06965	11132	6440238000	0
2016.05.26	04:00:00	1.06967	1.07337	1.06617	1.07309	16716	11588686000	51
2016.05.26	08:00:00	1.07309	1.07457	1.07027	1.07130	18165	14380649000	51
2016.05.26	12:00:00	1.07130	1.07253	1.07062	1.07076	18232	14569949000	51
2016.05.26	16:00:00	1.07075	1.07091	1.06924	1.07023	24594	21216098000	51
2016.05.26	20:00:00	1.07021	1.07283	1.06870	1.07160	8627	8123250000	51
2016.05.27	00:00:00	1.07151	1.07178	1.06926	1.07015	8028	5834774000	0
2016.05.27	04:00:00	1.07015	1.07087	1.06962	1.07020	10140	7234100000	51
2016.05.27	08:00:00	1.07019	1.07325	1.07016	1.07234	14486	11879300000	51
2016.05.27	12:00:00	1.07231	1.07243	1.06968	1.07112	15648	13614500000	51
2016.05.27	16:00:00	1.07114	1.07206	1.07025	1.07065	21110	15699450000	34
2016.05.27	20:00:00	1.07061	1.07335	1.07040	1.07245	10636	7143775000	51
2016.05.30	00:00:00	1.07231	1.07337	1.07119	1.07266	10031	6017090000	51
2016.05.30	04:00:00	1.07269	1.07282	1.06992	1.07053	13371	8068870000	51
2016.05.30	08:00:00	1.07053	1.07269	1.07039	1.07219	12797	9700948000	51
2016.05.30	12:00:00	1.07220	1.07264	1.07144	1.07171	10146	7314950000	51
2016.05.30	16:00:00	1.07174	1.07316	1.07097	1.07284	8994	9026093000	51
2016.05.30	20:00:00	1.07284	1.07365	1.07173	1.07242	6664	6073181000	55
2016.05.31	00:00:00	1.07261	1.07352	1.07053	1.07141	9720	9142600000	0
2016.05.31	04:00:00	1.07142	1.07684	1.07005	1.07682	16421	12464675000	51
2016.05.31	08:00:00	1.07684	1.07740	1.07568	1.07647	17459	15170784000	51
2016.05.31	12:00:00	1.07646	1.07667	1.07385	1.07432	19628	18140550000	51
2016.05.31	16:00:00	1.07432	1.07465	1.06908	1.06980	29559	28124438000	51
2016.05.31	20:00:00	1.06980	1.06997	1.06732	1.06859	14163	14897949000	51
2016.06.01	00:00:00	1.06848	1.06937	1.06446	1.06716	11569	10574140000	0
2016.06.01	04:00:00	1.06716	1.07372	1.06536	1.07188	19923	14589875000	51
2016.06.01	08:00:00	1.07190	1.07252	1.06540	1.06741	22817	19834350000	51
2016.06.01	12:00:00	1.06741	1.06741	1.06387	1.06397	23619	23213150000	51
2016.06.01	16:00:00	1.06396	1.06489	1.06243	1.06311	32353	29776873000	51
2016.06.01	20:00:00	1.06311	1.06443	1.06275	1.06393	12065	12801843000	52
2016.06.02	00:00:00	1.06382	1.06469	1.06218	1.06260	9462	7911050000	0
2016.06.02	04:00:00	1.06261	1.06381	1.05871	1.06197	18762	17559000000	51
2016.06.02	08:00:00	1.06199	1.06298	1.06037	1.06067	19299	20030500000	51
2016.06.02	12:00:00	1.06066	1.06299	1.06057	1.06131	20835	20010000000	51
2016.06.02	16:00:00	1.06131	1.06149	1.05858	1.06000	30442	25976175000	51
2016.06.02	20:00:00	1.06000	1.06250	1.05997	1.06107	11835	11820878000	51
2016.06.03	00:00:00	1.06081	1.06221	1.05964	1.05990	8562	7774376000	0
2016.06.03	04:00:00	1.05992	1.06077	1.05859	1.05898	12771	11057694998	51
2016.06.03	08:00:00	1.05898	1.06124	1.05838	1.05963	19177	18311697000	51
2016.06.03	12:00:00	1.05961	1.06001	1.05243	1.05467	24808	23132780000	51
2016.06.03	16:00:00	1.05468	1.05823	1.05429	1.05771	38878	34850849700	51
2016.06.03	20:00:00	1.05771	1.05969	1.05746	1.05847	11885	10003059000	51
2016.06.06	00:00:00	1.05951	1.06032	1.05709	1.05715	11287	10573300000	51
2016.06.06	04:00:00	1.05713	1.06056	1.05605	1.05951	14550	13892705000	51
2016.06.06	08:00:00	1.05950	1.06359	1.05926	1.06328	17761	17585256000	51
2016.06.06	12:00:00	1.06326	1.06336	1.06119	1.06158	19119	18263900000	51
2016.06.06	16:00:00	1.06159	1.06352	1.06082	1.06180	29565	25568723000	51
2016.06.06	20:00:00	1.06178	1.06416	1.06143	1.06354	12002	13207700000	51
2016.06.07	00:00:00	1.06276	1.06722	1.06276	1.06662	11219	9448500000	51
2016.06.07	04:00:00	1.06661	1.07234	1.06404	1.07163	19974	15836356000	51
2016.06.07	08:00:00	1.07169	1.07369	1.07058	1.07087	19184	15881928000	51
2016.06.07	12:00:00	1.07086	1.07178	1.06846	1.06916	18644	17131745000	51
2016.06.07	16:00:00	1.06917	1.06960	1.06727	1.06794	23764	23067750000	51
2016.06.07	20:00:00	1.06792	1.06955	1.06778	1.06806	9996	9631600000	51
2016.06.08	00:00:00	1.06814	1.07153	1.06746	1.06783	11489	10109346000	0
2016.06.08	04:00:00	1.06783	1.06823	1.06456	1.06523	17891	16886395000	51
2016.06.08	08:00:00	1.06526	1.06606	1.06446	1.06472	18395	15067600000	52
2016.06.08	12:00:00	1.06474	1.06668	1.06431	1.06657	20823	19062894000	51
2016.06.08	16:00:00	1.06646	1.06647	1.06356	1.06461	26568	25968240000	53
2016.06.08	20:00:00	1.06461	1.06577	1.06297	1.06360	12489	12272400000	51
2016.06.09	00:00:00	1.05232	1.05748	1.05035	1.05068	18429	15473800000	0
2016.06.09	04:00:00	1.05074	1.05201	1.04383	1.04571	20285	15698023000	51
2016.06.09	08:00:00	1.04571	1.04746	1.04269	1.04467	21305	18853250000	34
2016.06.09	12:00:00	1.04466	1.04704	1.04409	1.04412	20131	18890650000	16
2016.06.09	16:00:00	1.04414	1.04436	1.04066	1.04233	26414	25312139000	51
2016.06.09	20:00:00	1.04231	1.04622	1.04187	1.04526	12370	12666100000	52
2016.06.10	00:00:00	1.04523	1.04678	1.04122	1.04245	14630	12411050000	51
2016.06.10	04:00:00	1.04248	1.04564	1.04237	1.04546	14160	9902100000	51
2016.06.10	08:00:00	1.04546	1.04565	1.04223	1.04247	18836	17815020000	51
2016.06.10	12:00:00	1.04247	1.04573	1.04144	1.04562	18467	19394368000	51
2016.06.10	16:00:00	1.04562	1.04748	1.04452	1.04561	24582	24571247000	51
2016.06.10	20:00:00	1.04566	1.04670	1.04349	1.04489	11579	11003850000	52
2016.06.13	00:00:00	1.04536	1.04626	1.04389	1.04553	11045	9566785000	35
2016.06.13	04:00:00	1.04553	1.04854	1.04550	1.04821	15946	10596792000	51
2016.06.13	08:00:00	1.04821	1.04910	1.04676	1.04824	19233	14858600000	51
2016.06.13	12:00:00	1.04822	1.04825	1.04551	1.04731	20091	19417499000	51
2016.06.13	16:00:00	1.04730	1.04776	1.04566	1.04691	32807	29272350000	51
2016.06.13	20:00:00	1.04692	1.04885	1.04564	1.04573	9396	9919700000	52
2016.06.14	00:00:00	1.04535	1.04895	1.04509	1.04855	9346	6859700000	0
2016.06.14	04:00:00	1.04855	1.05212	1.04796	1.05204	14756	12296438000	51
2016.06.14	08:00:00	1.05204	1.05276	1.04590	1.04680	23302	21510200000	51
2016.06.14	12:00:00	1.04679	1.04961	1.04609	1.04872	23795	23552660000	51
2016.06.14	16:00:00	1.04874	1.05173	1.04838	1.05137	29400	27405449000	51
2016.06.14	20:00:00	1.05135	1.05193	1.04965	1.05174	9916	10423150000	51
2016.06.15	00:00:00	1.05176	1.05438	1.04909	1.05240	11479	10216583000	0
2016.06.15	04:00:00	1.05237	1.05327	1.04872	1.04956	18457	15030300000	51
2016.06.15	08:00:00	1.04955	1.05162	1.04863	1.05141	21879	19512010000	52
2016.06.15	12:00:00	1.05144	1.05224	1.05046	1.05128	18905	18834300000	51
2016.06.15	16:00:00	1.05129	1.05453	1.05099	1.05257	27006	25390545000	51
2016.06.15	20:00:00	1.05256	1.05450	1.05172	1.05245	20982	20918798000	51
2016.06.16	00:00:00	1.05245	1.05294	1.04534	1.04711	12612	10166879000	0
2016.06.16	04:00:00	1.04711	1.04977	1.04359	1.04367	22729	19753100000	51
2016.06.16	08:00:00	1.04368	1.04520	1.04183	1.04458	26157	23977162000	51
2016.06.16	12:00:00	1.04459	1.04607	1.04343	1.04348	20830	19087150000	51
2016.06.16	16:00:00	1.04347	1.04651	1.04147	1.04269	34279	28756850000	51
2016.06.16	20:00:00	1.04269	1.04661	1.04269	1.04448	18394	18670581000	51
2016.06.17	00:00:00	1.04433	1.04686	1.04387	1.04616	14399	12901800000	0
2016.06.17	04:00:00	1.04616	1.04908	1.04587	1.04748	21130	18910597000	36
2016.06.17	08:00:00	1.04749	1.04854	1.04654	1.04727	21797	20095450000	52
2016.06.17	12:00:00	1.04727	1.04895	1.04626	1.04671	17368	17922090000	51
2016.06.17	16:00:00	1.04669	1.04782	1.04557	1.04636	25746	23676850000	51
2016.06.17	20:00:00	1.04636	1.04776	1.04548	1.04548	8170	8126350000	51
2016.06.20	00:00:00	1.05012	1.05044	1.04709	1.04934	17719	16683942000	0
2016.06.20	04:00:00	1.04932	1.04978	1.04573	1.04613	14929	12760200000	51
2016.06.20	08:00:00	1.04623	1.04914	1.04531	1.04782	17775	16955049000	51
2016.06.20	12:00:00	1.04780	1.04952	1.04645	1.04939	16770	15305134000	51
2016.06.20	16:00:00	1.04938	1.05003	1.04823	1.04852	16819	16055408000	51
2016.06.20	20:00:00	1.04852	1.04859	1.04616	1.04616	8650	8812550000	51
2016.06.21	00:00:00	1.04620	1.04976	1.04620	1.04862	11971	10634987000	0
2016.06.21	04:00:00	1.04860	1.05079	1.04800	1.05064	14681	11351149000	51
2016.06.21	08:00:00	1.05064	1.05144	1.04845	1.04855	15786	12813299000	52
2016.06.21	12:00:00	1.04857	1.04896	1.04618	1.04660	16389	14100697000	53
2016.06.21	16:00:00	1.04658	1.04793	1.04458	1.04615	21249	20223799000	51
2016.06.21	20:00:00	1.04614	1.04758	1.04500	1.04567	10286	10134200000	51
2016.06.22	00:00:00	1.04565	1.04658	1.04423	1.04477	9922	9031600000	0
2016.06.22	04:00:00	1.04477	1.04611	1.04411	1.04413	13954	14703300000	52
2016.06.22	08:00:00	1.04413	1.04753	1.04400	1.04679	14475	14066995000	51
2016.06.22	12:00:00	1.04679	1.04759	1.04488	1.04500	12742	12523500000	53
2016.06.22	16:00:00	1.04497	1.04678	1.04477	1.04669	21888	22708034000	51
2016.06.22	20:00:00	1.04668	1.04737	1.04502	1.04601	13221	13975200000	51
2016.06.23	00:00:00	1.04497	1.04903	1.04478	1.04839	10866	10772999000	53
2016.06.23	04:00:00	1.04837	1.04877	1.04664	1.04673	10541	9141000000	55
2016.06.23	08:00:00	1.04673	1.04855	1.04559	1.04791	18007	15533000000	51
2016.06.23	12:00:00	1.04790	1.04948	1.04558	1.04723	26690	23892030000	51
2016.06.23	16:00:00	1.04724	1.05008	1.04705	1.04850	24042	21846950000	51
2016.06.23	20:00:00	1.04851	1.04982	1.04794	1.04901	10034	9874100000	51
2016.06.24	00:00:00	1.04803	1.05287	1.04334	1.04575	24469	19032360000	0
2016.06.24	04:00:00	1.04574	1.05043	1.04192	1.04933	37780	28394496819	51
2016.06.24	08:00:00	1.04922	1.05105	1.04509	1.04752	34489	31561380000	51
2016.06.24	12:00:00	1.04757	1.04957	1.04264	1.04390	33018	29233150000	51
2016.06.24	16:00:00	1.04390	1.04911	1.04328	1.04822	31552	28447200000	51
2016.06.24	20:00:00	1.04821	1.05039	1.04493	1.04493	20387	18956750000	51
2016.06.27	00:00:00	1.04808	1.04939	1.04552	1.04698	17339	16405189000	51
2016.06.27	04:00:00	1.04697	1.05016	1.04540	1.04815	19482	13675899000	51
2016.06.27	08:00:00	1.04815	1.05076	1.04724	1.04967	29191	25946750000	54
2016.06.27	12:00:00	1.04966	1.05056	1.04727	1.04813	26447	21316930000	51
2016.06.27	16:00:00	1.04813	1.04851	1.04457	1.04675	29261	25105100000	51
2016.06.27	20:00:00	1.04676	1.04996	1.04671	1.04688	16521	14441800000	51
2016.06.28	00:00:00	1.04628	1.04949	1.04619	1.04770	9586	8337949000	0
2016.06.28	04:00:00	1.04769	1.04971	1.04688	1.04804	18583	14485404000	51
2016.06.28	08:00:00	1.04803	1.04820	1.04517	1.04641	20340	16592850000	51
2016.06.28	12:00:00	1.04644	1.04794	1.04477	1.04618	17383	16090480000	51
2016.06.28	16:00:00	1.04613	1.04765	1.04518	1.04720	22664	20740377000	51
2016.06.28	20:00:00	1.04720	1.04890	1.04685	1.04751	11048	9580128000	53
2016.06.29	00:00:00	1.04639	1.04844	1.04466	1.04534	10403	9124644000	0
2016.06.29	04:00:00	1.04536	1.04643	1.04482	1.04539	16290	15970500000	51
2016.06.29	08:00:00	1.04536	1.04750	1.04370	1.04737	21703	18780550000	51
2016.06.29	12:00:00	1.04739	1.04747	1.04300	1.04419	19896	19518945000	52
2016.06.29	16:00:00	1.04421	1.04577	1.04368	1.04466	24638	22287689000	51
2016.06.29	20:00:00	1.04466	1.04716	1.04418	1.04670	10293	8814941000	51
2016.06.30	00:00:00	1.04608	1.04911	1.04513	1.04834	10396	6207890000	0
2016.06.30	04:00:00	1.04831	1.04948	1.04669	1.04886	15953	11776789000	51
2016.06.30	08:00:00	1.04886	1.04973	1.04372	1.04640	25336	20951600000	51
2016.06.30	12:00:00	1.04640	1.04709	1.04491	1.04582	21291	18714536000	51
2016.06.30	16:00:00	1.04582	1.04700	1.04360	1.04527	33496	28693146000	51
2016.06.30	20:00:00	1.04527	1.04535	1.04345	1.04369	14058	13599244000	51
2016.07.01	00:00:00	1.04273	1.04529	1.04220	1.04322	9577	7394936000	0
2016.07.01	04:00:00	1.04322	1.04499	1.04274	1.04395	12731	10071366000	51
2016.07.01	08:00:00	1.04394	1.04437	1.04181	1.04382	18964	15811250000	52
2016.07.01	12:00:00	1.04382	1.04391	1.04121	1.04216	15324	14452900000	51
2016.07.01	16:00:00	1.04218	1.04444	1.04134	1.04349	21294	18986950000	51
2016.07.01	20:00:00	1.04354	1.04650	1.04354	1.04493	7714	6241200000	51
2016.07.04	00:00:00	1.03805	1.04133	1.03778	1.04106	12689	11074188000	0
2016.07.04	04:00:00	1.04107	1.04451	1.04088	1.04261	14753	9861632000	51
2016.07.04	08:00:00	1.04265	1.04607	1.04239	1.04453	17451	13662960000	52
2016.07.04	12:00:00	1.04449	1.04578	1.04380	1.04396	12390	12420100000	51
2016.07.04	16:00:00	1.04394	1.04428	1.04108	1.04229	11611	11592250000	51
2016.07.04	20:00:00	1.04229	1.04346	1.04126	1.04319	5970	6152550000	51
2016.07.05	00:00:00	1.04173	1.04370	1.04102	1.04343	9761	6196137000	0
2016.07.05	04:00:00	1.04342	1.04601	1.04090	1.04277	16791	10281077000	51
2016.07.05	08:00:00	1.04276	1.04425	1.04059	1.04075	23688	19606300000	51
2016.07.05	12:00:00	1.04073	1.04223	1.04050	1.04091	17823	15911400000	53
2016.07.05	16:00:00	1.04088	1.04353	1.04064	1.04338	24494	22097350000	51
2016.07.05	20:00:00	1.04339	1.04413	1.04224	1.04281	10261	8890125000	51
2016.07.06	00:00:00	1.04282	1.04569	1.04232	1.04537	15008	11657332000	0
2016.07.06	04:00:00	1.04536	1.04726	1.04479	1.04595	23808	18348742000	51
2016.07.06	08:00:00	1.04597	1.05002	1.04563	1.04854	25278	21565280000	51
2016.07.06	12:00:00	1.04857	1.05104	1.04762	1.05102	24659	22278700000	51
2016.07.06	16:00:00	1.05100	1.05399	1.05076	1.05289	27497	23964618000	51
2016.07.06	20:00:00	1.05291	1.05443	1.05271	1.05384	13260	13959900000	51
2016.07.07	00:00:00	1.05290	1.05480	1.05140	1.05275	14594	11280446000	0
2016.07.07	04:00:00	1.05275	1.05387	1.04842	1.05137	22750	16530985000	51
2016.07.07	08:00:00	1.05137	1.05167	1.04040	1.04309	25072	18696299000	51
2016.07.07	12:00:00	1.04309	1.04343	1.03953	1.03983	21501	21156550000	51
2016.07.07	16:00:00	1.03984	1.04041	1.03453	1.03524	25555	23966022000	51
2016.07.07	20:00:00	1.03524	1.03583	1.03391	1.03421	13368	14009313000	51
2016.07.08	00:00:00	1.03425	1.03634	1.03349	1.03516	10623	7493950000	0
2016.07.08	04:00:00	1.03510	1.03519	1.03098	1.03286	16205	9587340000	51
2016.07.08	08:00:00	1.03286	1.03443	1.03151	1.03352	17349	15387315000	51
2016.07.08	12:00:00	1.03355	1.03625	1.03219	1.03524	22461	17736526000	51
2016.07.08	16:00:00	1.03524	1.03652	1.03395	1.03591	28521	22912050000	51
2016.07.08	20:00:00	1.03590	1.03767	1.03422	1.03446	8161	7983137000	51
2016.07.11	00:00:00	1.03523	1.03726	1.03498	1.03588	10540	8174545000	0
2016.07.11	04:00:00	1.03584	1.03968	1.03493	1.03917	15693	12441980000	54
2016.07.11	08:00:00	1.03917	1.04193	1.03903	1.04189	19462	13379167000	51
2016.07.11	12:00:00	1.04189	1.04342	1.04054	1.04284	18667	15738093000	52
2016.07.11	16:00:00	1.04281	1.04343	1.04066	1.04266	21566	17072799000	51
2016.07.11	20:00:00	1.04266	1.04383	1.04237	1.04281	7799	7990380000	51
2016.07.12	00:00:00	1.04269	1.04456	1.03731	1.04232	12097	9911288000	0
2016.07.12	04:00:00	1.04230	1.04581	1.04219	1.04333	22452	20176202000	51
2016.07.12	08:00:00	1.04345	1.04482	1.04228	1.04445	23801	19641929000	51
2016.07.12	12:00:00	1.04445	1.04490	1.04317	1.04457	19903	18985850000	51
2016.07.12	16:00:00	1.04456	1.04693	1.04400	1.04486	23897	20237948000	51
2016.07.12	20:00:00	1.04488	1.04535	1.04328	1.04335	9232	8813550000	51
2016.07.13	00:00:00	1.04305	1.04565	1.04095	1.04518	11428	8109000000	0
2016.07.13	04:00:00	1.04515	1.04746	1.04498	1.04731	22781	18761374000	52
2016.07.13	08:00:00	1.04732	1.04831	1.04328	1.04428	21533	19319798000	51
2016.07.13	12:00:00	1.04430	1.04596	1.04318	1.04359	20378	20539700000	51
2016.07.13	16:00:00	1.04362	1.04651	1.04282	1.04443	25750	23490820000	51
2016.07.13	20:00:00	1.04444	1.04628	1.04399	1.04510	9546	11111600000	52
2016.07.14	00:00:00	1.04517	1.04580	1.04345	1.04456	13555	11729629000	51
2016.07.14	04:00:00	1.04457	1.05644	1.04333	1.05624	25837	23106923000	51
2016.07.14	08:00:00	1.05626	1.05816	1.05400	1.05776	23379	19556520000	51
2016.07.14	12:00:00	1.05774	1.06259	1.05761	1.06147	26452	22951263000	51
2016.07.14	16:00:00	1.06144	1.06189	1.05896	1.05952	19790	18787720000	51
2016.07.14	20:00:00	1.05951	1.06101	1.05832	1.05967	9133	8886198000	51
2016.07.15	00:00:00	1.05968	1.06556	1.05855	1.06552	12391	7513639000	0
2016.07.15	04:00:00	1.06552	1.06992	1.06384	1.06670	23113	17611185000	51
2016.07.15	08:00:00	1.06675	1.06772	1.06371	1.06408	20633	18779298000	51
2016.07.15	12:00:00	1.06406	1.06944	1.06278	1.06797	19807	20483513000	51
2016.07.15	16:00:00	1.06795	1.06856	1.06180	1.06234	21208	22575800000	51
2016.07.15	20:00:00	1.06236	1.06455	1.06138	1.06416	10710	10924400000	53
2016.07.18	00:00:00	1.06265	1.07401	1.06134	1.07154	12767	11589174000	0
2016.07.18	04:00:00	1.07153	1.07205	1.06947	1.07002	12024	9073548000	51
2016.07.18	08:00:00	1.07005	1.07034	1.06700	1.06811	18291	16532950000	51
2016.07.18	12:00:00	1.06812	1.06924	1.06707	1.06714	16142	17086396000	51
2016.07.18	16:00:00	1.06714	1.06838	1.06620	1.06791	17765	16182972000	51
2016.07.18	20:00:00	1.06789	1.06834	1.06631	1.06636	7521	8193750000	51
2016.07.19	00:00:00	1.06646	1.07690	1.06600	1.07276	13136	9525176000	0
2016.07.19	04:00:00	1.07271	1.07416	1.06876	1.06931	15922	13205950000	51
2016.07.19	08:00:00	1.06929	1.07031	1.06670	1.06709	20010	16316598000	51
2016.07.19	12:00:00	1.06704	1.06707	1.06394	1.06550	18671	20258131000	51
2016.07.19	16:00:00	1.06550	1.06639	1.06261	1.06458	22249	22958850000	51
2016.07.19	20:00:00	1.06458	1.06526	1.06330	1.06364	9267	8266400000	47
2016.07.20	00:00:00	1.06356	1.06746	1.06278	1.06700	8961	5867189000	0
2016.07.20	04:00:00	1.06700	1.06700	1.06231	1.06260	13121	11394090000	51
2016.07.20	08:00:00	1.06258	1.06299	1.06082	1.06141	17556	18316130000	51
2016.07.20	12:00:00	1.06143	1.06563	1.06139	1.06286	16377	17080910000	51
2016.07.20	16:00:00	1.06286	1.06462	1.06188	1.06409	16387	15827950000	51
2016.07.20	20:00:00	1.06411	1.06540	1.06319	1.06329	9608	10215000000	40
2016.07.21	00:00:00	1.06726	1.07296	1.06381	1.06978	13221	10948357000	0
2016.07.21	04:00:00	1.06978	1.07270	1.06964	1.07113	13570	8936496000	51
2016.07.21	08:00:00	1.07113	1.07414	1.07051	1.07252	21052	19249249000	51
2016.07.21	12:00:00	1.07252	1.07443	1.07116	1.07179	24416	23723230000	51
2016.07.21	16:00:00	1.07179	1.07525	1.07127	1.07134	25023	22770745000	51
2016.07.21	20:00:00	1.07134	1.07360	1.06986	1.07059	9011	8806550000	51
2016.07.22	00:00:00	1.07063	1.07248	1.06887	1.07162	11186	8959943000	51
2016.07.22	04:00:00	1.07159	1.07187	1.06761	1.06821	13814	11643195000	51
2016.07.22	08:00:00	1.06819	1.06924	1.06599	1.06917	18783	15165584000	51
2016.07.22	12:00:00	1.06915	1.07008	1.06808	1.06916	16777	15336800000	52
2016.07.22	16:00:00	1.06913	1.06940	1.06549	1.06626	18558	16798750000	51
2016.07.22	20:00:00	1.06626	1.06724	1.06543	1.06565	6740	5407000000	52
2016.07.25	00:00:00	1.06609	1.06927	1.06521	1.06918	10896	8081000000	51
2016.07.25	04:00:00	1.06919	1.07165	1.06913	1.07029	16091	13940945000	51
2016.07.25	08:00:00	1.07029	1.07229	1.06888	1.07219	16109	13617042000	51
2016.07.25	12:00:00	1.07220	1.07246	1.06854	1.06868	14341	14595950000	51
2016.07.25	16:00:00	1.06869	1.06985	1.06732	1.06748	16080	14302900000	51
2016.07.25	20:00:00	1.06744	1.06827	1.06720	1.06727	6831	6089800000	53
2016.07.26	00:00:00	1.06723	1.06879	1.06637	1.06813	9258	6385199000	0
2016.07.26	04:00:00	1.06813	1.06958	1.06499	1.06721	15528	12002800000	51
2016.07.26	08:00:00	1.06717	1.06831	1.06468	1.06484	20254	16542890000	51
2016.07.26	12:00:00	1.06483	1.06649	1.06304	1.06512	17898	17018299000	51
2016.07.26	16:00:00	1.06510	1.06770	1.06426	1.06761	19319	14986800000	51
2016.07.26	20:00:00	1.06759	1.06779	1.06257	1.06320	9587	9425577000	34
2016.07.27	00:00:00	1.06294	1.06600	1.06208	1.06548	12012	9744200000	0
2016.07.27	04:00:00	1.06547	1.07219	1.06311	1.06325	25555	22112930000	51
2016.07.27	08:00:00	1.06325	1.06408	1.06221	1.06270	20490	17534550000	51
2016.07.27	12:00:00	1.06268	1.06282	1.05985	1.06014	17542	17307750000	51
2016.07.27	16:00:00	1.06013	1.06055	1.05843	1.05877	18431	17609049000	51
2016.07.27	20:00:00	1.05876	1.05988	1.05702	1.05804	22520	22805699000	51
2016.07.28	00:00:00	1.05828	1.05989	1.05710	1.05791	12961	10016300000	0
2016.07.28	04:00:00	1.05788	1.05880	1.05660	1.05804	14027	9558400000	52
2016.07.28	08:00:00	1.05801	1.06202	1.05770	1.06172	20977	16237295000	53
2016.07.28	12:00:00	1.06164	1.06265	1.06096	1.06179	15723	14630570000	51
2016.07.28	16:00:00	1.06177	1.06332	1.06028	1.06164	16853	15300399000	51
2016.07.28	20:00:00	1.06163	1.06202	1.05966	1.06045	8310	8215700000	53
2016.07.29	00:00:00	1.05966	1.06077	1.05755	1.05846	9317	8004800000	0
2016.07.29	04:00:00	1.05842	1.06041	1.05703	1.06010	20285	14868296000	51
2016.07.29	08:00:00	1.06010	1.06238	1.05604	1.05647	16998	15706880000	51
2016.07.29	12:00:00	1.05648	1.05766	1.05329	1.05466	15449	14255771000	51
2016.07.29	16:00:00	1.05470	1.05578	1.05238	1.05258	28812	22001200000	34
2016.07.29	20:00:00	1.05258	1.05405	1.05169	1.05335	10029	8225930810	51
2016.08.01	00:00:00	1.05264	1.05547	1.05227	1.05377	9551	7333748000	37
2016.08.01	04:00:00	1.05377	1.05472	1.05230	1.05289	16232	14363000000	51
2016.08.01	08:00:00	1.05293	1.05522	1.05269	1.05344	14954	13141900000	53
2016.08.01	12:00:00	1.05346	1.05413	1.05267	1.05386	14681	12628740000	51
2016.08.01	16:00:00	1.05385	1.05430	1.05110	1.05121	14718	11745999000	51
2016.08.01	20:00:00	1.05122	1.05189	1.04990	1.05006	7834	8352550000	51
2016.08.02	00:00:00	1.05009	1.05099	1.04836	1.04967	10044	8664050000	0
2016.08.02	04:00:00	1.04967	1.05217	1.04365	1.04623	19893	17237098000	51
2016.08.02	08:00:00	1.04623	1.04825	1.04569	1.04793	21674	19515912000	51
2016.08.02	12:00:00	1.04793	1.05378	1.04718	1.05281	19891	16790110348	51
2016.08.02	16:00:00	1.05283	1.05310	1.05071	1.05147	25509	22179738000	51
2016.08.02	20:00:00	1.05147	1.05154	1.04981	1.04999	9822	10859896361	52
2016.08.03	00:00:00	1.05033	1.05452	1.04633	1.05199	11384	9679548000	0
2016.08.03	04:00:00	1.05202	1.05590	1.05170	1.05475	17639	17704250000	52
2016.08.03	08:00:00	1.05475	1.05686	1.05348	1.05685	17218	14520450000	54
2016.08.03	12:00:00	1.05682	1.05757	1.05544	1.05638	18052	17236150000	51
2016.08.03	16:00:00	1.05638	1.06088	1.05541	1.06082	23183	22445299000	51
2016.08.03	20:00:00	1.06083	1.06167	1.05887	1.05928	9504	9930094000	52
2016.08.04	00:00:00	1.05954	1.06257	1.05871	1.06199	10872	8244894000	0
2016.08.04	04:00:00	1.06199	1.06318	1.06002	1.06126	16436	14143266000	51
2016.08.04	08:00:00	1.06124	1.06284	1.06112	1.06252	18201	17429250000	51
2016.08.04	12:00:00	1.06249	1.06267	1.05864	1.05962	25727	25839900000	51
2016.08.04	16:00:00	1.05960	1.06188	1.05891	1.06171	20489	18880492000	51
2016.08.04	20:00:00	1.06172	1.06333	1.06160	1.06270	7318	7896992000	51
2016.08.05	00:00:00	1.06277	1.06442	1.06138	1.06359	9210	7025744000	54
2016.08.05	04:00:00	1.06359	1.06536	1.06164	1.06346	15331	13463000000	53
2016.08.05	08:00:00	1.06347	1.06424	1.06020	1.06144	14784	13647640000	52
2016.08.05	12:00:00	1.06144	1.06681	1.06041	1.06646	20722	19089779000	51
2016.08.05	16:00:00	1.06639	1.06736	1.06473	1.06702	24759	20017348000	51
2016.08.05	20:00:00	1.06704	1.06771	1.06618	1.06641	7290	6617500000	53
2016.08.08	00:00:00	1.06614	1.06933	1.06522	1.06829	10760	8074848000	52
2016.08.08	04:00:00	1.06824	1.07171	1.06793	1.06993	13680	10374716000	51
2016.08.08	08:00:00	1.06995	1.07093	1.06860	1.06979	14704	14173350000	51
2016.08.08	12:00:00	1.06979	1.07164	1.06960	1.07124	13406	13429850000	52
2016.08.08	16:00:00	1.07122	1.07414	1.07099	1.07179	16618	15758199000	51
2016.08.08	20:00:00	1.07177	1.07224	1.07099	1.07125	7000	8062000000	34
2016.08.09	00:00:00	1.07127	1.07177	1.06900	1.07005	8458	7690249000	41
2016.08.09	04:00:00	1.07007	1.07055	1.06799	1.07016	13416	11087950000	51
2016.08.09	08:00:00	1.07016	1.07410	1.06995	1.07314	14202	11173395000	51
2016.08.09	12:00:00	1.07315	1.07393	1.07131	1.07210	15038	13772848000	34
2016.08.09	16:00:00	1.07214	1.07224	1.06881	1.07004	19370	19974250000	51
2016.08.09	20:00:00	1.07003	1.07224	1.07000	1.07027	7513	7920650000	56
2016.08.10	00:00:00	1.07029	1.07068	1.06883	1.06958	11061	7519400000	0
2016.08.10	04:00:00	1.06958	1.06994	1.06611	1.06722	17602	11630948000	51
2016.08.10	08:00:00	1.06722	1.06976	1.06592	1.06905	17079	14822182000	52
2016.08.10	12:00:00	1.06905	1.06947	1.06616	1.06756	19517	16806050000	51
2016.08.10	16:00:00	1.06757	1.07016	1.06712	1.07006	20097	16719748000	51
2016.08.10	20:00:00	1.07006	1.07118	1.06657	1.06672	9309	9726350000	37
2016.08.11	00:00:00	1.06352	1.06944	1.05312	1.05713	15475	12917945000	0
2016.08.11	04:00:00	1.05714	1.05988	1.05708	1.05987	14695	9040550000	51
2016.08.11	08:00:00	1.05987	1.06628	1.05958	1.06544	19230	15555446000	51
2016.08.11	12:00:00	1.06544	1.06556	1.06278	1.06373	16035	15663850000	51
2016.08.11	16:00:00	1.06374	1.06572	1.06240	1.06515	18119	17570100000	51
2016.08.11	20:00:00	1.06514	1.06849	1.06498	1.06735	9959	10645064000	51
2016.08.12	00:00:00	1.06741	1.06976	1.06483	1.06630	13036	10043295000	0
2016.08.12	04:00:00	1.06628	1.06815	1.06501	1.06775	16082	15901172000	51
2016.08.12	08:00:00	1.06774	1.06834	1.06652	1.06714	13029	11482780000	53
2016.08.12	12:00:00	1.06714	1.06801	1.06363	1.06539	18372	18419000000	51
2016.08.12	16:00:00	1.06539	1.06568	1.06263	1.06310	22110	23958800000	52
2016.08.12	20:00:00	1.06310	1.06360	1.06154	1.06215	6696	7167500000	53
2016.08.15	00:00:00	1.06365	1.06484	1.06267	1.06390	6267	3144950000	0
2016.08.15	04:00:00	1.06390	1.06615	1.06257	1.06523	11167	6232150000	51
2016.08.15	08:00:00	1.06524	1.06716	1.06404	1.06423	15119	13922750000	52
2016.08.15	12:00:00	1.06423	1.06437	1.06233	1.06318	15720	16768650000	51
2016.08.15	16:00:00	1.06318	1.06539	1.06305	1.06509	16719	17297649000	51
2016.08.15	20:00:00	1.06512	1.06552	1.06343	1.06428	7055	8334950000	51
2016.08.16	00:00:00	1.06249	1.06445	1.06249	1.06407	7761	5032480000	0
2016.08.16	04:00:00	1.06410	1.06510	1.06152	1.06290	14876	12822350000	51
2016.08.16	08:00:00	1.06290	1.06297	1.05883	1.05972	23158	20531149000	51
2016.08.16	12:00:00	1.05973	1.06270	1.05896	1.06223	25235	21590500000	51
2016.08.16	16:00:00	1.06224	1.06352	1.05792	1.05826	31708	30577628000	51
2016.08.16	20:00:00	1.05826	1.05842	1.05649	1.05671	8928	10143350000	52
2016.08.17	00:00:00	1.05628	1.05789	1.05061	1.05540	14138	12372550000	0
2016.08.17	04:00:00	1.05536	1.05713	1.05468	1.05701	15172	12723500000	51
2016.08.17	08:00:00	1.05700	1.05747	1.05415	1.05422	20504	21499450000	51
2016.08.17	12:00:00	1.05422	1.05575	1.05364	1.05531	16623	15603710000	52
2016.08.17	16:00:00	1.05533	1.05681	1.05493	1.05545	20288	21017350000	51
2016.08.17	20:00:00	1.05545	1.05616	1.05437	1.05505	19385	20957450000	51
2016.08.18	00:00:00	1.05498	1.05531	1.05378	1.05506	14239	14333900000	0
2016.08.18	04:00:00	1.05509	1.05729	1.05171	1.05674	22140	16959739000	51
2016.08.18	08:00:00	1.05673	1.05760	1.05594	1.05622	20167	19999590000	51
2016.08.18	12:00:00	1.05623	1.05738	1.05341	1.05428	21692	24562950000	52
2016.08.18	16:00:00	1.05427	1.05464	1.05331	1.05388	19627	21058600000	52
2016.08.18	20:00:00	1.05389	1.05494	1.05353	1.05439	9615	10127200000	34
2016.08.19	00:00:00	1.05318	1.05491	1.05121	1.05370	9558	7222100000	0
2016.08.19	04:00:00	1.05371	1.05396	1.05040	1.05100	16660	14215397000	51
2016.08.19	08:00:00	1.05100	1.05173	1.04731	1.04747	18450	17389050000	51
2016.08.19	12:00:00	1.04748	1.05020	1.04733	1.04856	17587	15384800000	52
2016.08.19	16:00:00	1.04858	1.04951	1.04757	1.04875	18823	19733700000	52
2016.08.19	20:00:00	1.04872	1.04912	1.04746	1.04793	6923	7871800000	54
2016.08.22	00:00:00	1.04792	1.05059	1.04459	1.04991	14334	13301999000	0
2016.08.22	04:00:00	1.04991	1.05242	1.04924	1.05167	16441	12068772000	51
2016.08.22	08:00:00	1.05167	1.05249	1.04937	1.04948	16845	14911649000	53
2016.08.22	12:00:00	1.04947	1.05019	1.04773	1.04803	16484	16780739000	51
2016.08.22	16:00:00	1.04804	1.04873	1.04623	1.04864	20692	19615650000	51
2016.08.22	20:00:00	1.04863	1.04903	1.04772	1.04875	7904	9413240000	34
2016.08.23	00:00:00	1.04667	1.04869	1.04097	1.04577	14836	10315862000	0
2016.08.23	04:00:00	1.04575	1.04638	1.04365	1.04373	14850	12717550000	51
2016.08.23	08:00:00	1.04373	1.04401	1.04178	1.04374	18375	17760448000	52
2016.08.23	12:00:00	1.04375	1.04450	1.04235	1.04437	14301	13265400000	51
2016.08.23	16:00:00	1.04439	1.04477	1.04156	1.04402	21712	21227146000	51
2016.08.23	20:00:00	1.04402	1.04500	1.04301	1.04394	9611	10603607000	51
2016.08.24	00:00:00	1.04358	1.04662	1.04324	1.04537	8799	6345760000	53
2016.08.24	04:00:00	1.04540	1.04578	1.04398	1.04486	12112	8320950000	53
2016.08.24	08:00:00	1.04488	1.04507	1.04037	1.04059	22866	18011500000	51
2016.08.24	12:00:00	1.04064	1.04225	1.04016	1.04147	19890	18237582000	51
2016.08.24	16:00:00	1.04145	1.04167	1.03999	1.04087	22856	21976750000	51
2016.08.24	20:00:00	1.04088	1.04169	1.04022	1.04097	10095	10850850000	47
2016.08.25	00:00:00	1.04053	1.04141	1.03907	1.03956	9553	7648150000	0
2016.08.25	04:00:00	1.03956	1.04189	1.03912	1.04163	11749	7439700000	55
2016.08.25	08:00:00	1.04163	1.04335	1.04158	1.04218	14590	12575148000	54
2016.08.25	12:00:00	1.04215	1.04287	1.04015	1.04274	16294	14277650000	53
2016.08.25	16:00:00	1.04277	1.04325	1.04174	1.04276	17167	14817550000	51
2016.08.25	20:00:00	1.04275	1.04330	1.04248	1.04264	7910	6602000000	54
2016.08.26	00:00:00	1.04196	1.04408	1.04174	1.04348	7837	5718690000	0
2016.08.26	04:00:00	1.04347	1.04365	1.04281	1.04323	8870	6068100000	52
2016.08.26	08:00:00	1.04322	1.04368	1.04160	1.04201	13249	10846300000	53
2016.08.26	12:00:00	1.04201	1.04375	1.04111	1.04159	16156	16129641000	52
2016.08.26	16:00:00	1.04150	1.04493	1.04111	1.04368	43513	33464858000	51
2016.08.26	20:00:00	1.04368	1.04648	1.04236	1.04363	18787	15981438000	52
2016.08.29	00:00:00	1.04443	1.04565	1.04252	1.04379	12173	8364047000	52
2016.08.29	04:00:00	1.04380	1.04435	1.04253	1.04294	13925	8075750000	51
2016.08.29	08:00:00	1.04294	1.04338	1.04183	1.04249	14378	11750548000	51
2016.08.29	12:00:00	1.04247	1.04419	1.04246	1.04381	14740	13933400000	53
2016.08.29	16:00:00	1.04377	1.04553	1.04372	1.04408	23303	19552940000	51
2016.08.29	20:00:00	1.04408	1.04429	1.04238	1.04345	10986	11315000000	52
2016.08.30	00:00:00	1.04218	1.04448	1.04200	1.04297	10891	7654050000	0
2016.08.30	04:00:00	1.04297	1.04513	1.04261	1.04416	12296	8059800000	51
2016.08.30	08:00:00	1.04416	1.04462	1.04262	1.04305	15579	13479750000	51
2016.08.30	12:00:00	1.04305	1.04394	1.04214	1.04222	15430	14447700000	54
2016.08.30	16:00:00	1.04223	1.04275	1.03994	1.04035	22722	19378184000	51
2016.08.30	20:00:00	1.04035	1.04121	1.03943	1.03978	9884	9350648000	51
2016.08.31	00:00:00	1.03907	1.04039	1.03769	1.03792	9636	3699838000	0
2016.08.31	04:00:00	1.03794	1.03921	1.03742	1.03781	15509	8764300000	51
2016.08.31	08:00:00	1.03783	1.03813	1.03562	1.03693	19014	12021740000	52
2016.08.31	12:00:00	1.03691	1.03734	1.03605	1.03673	16997	15213440000	51
2016.08.31	16:00:00	1.03673	1.03708	1.03492	1.03593	25581	19404100000	51
2016.08.31	20:00:00	1.03591	1.03656	1.03476	1.03646	10381	8846958000	52
2016.09.01	00:00:00	1.03593	1.03843	1.03523	1.03779	11328	6276449000	0
2016.09.01	04:00:00	1.03776	1.03984	1.03641	1.03901	17101	9881437000	51
2016.09.01	08:00:00	1.03901	1.03951	1.03603	1.03626	17632	12844433000	52
2016.09.01	12:00:00	1.03627	1.03806	1.03583	1.03717	17725	15464150000	54
2016.09.01	16:00:00	1.03718	1.03873	1.03435	1.03647	29678	24473342000	51
2016.09.01	20:00:00	1.03649	1.03748	1.03595	1.03639	8979	8505549000	51
2016.09.02	00:00:00	1.03633	1.03679	1.03470	1.03637	10428	8274350000	0
2016.09.02	04:00:00	1.03638	1.03703	1.03510	1.03682	12531	5694530000	53
2016.09.02	08:00:00	1.03687	1.03733	1.03399	1.03491	16283	13321100000	52
2016.09.02	12:00:00	1.03489	1.03571	1.03317	1.03398	24051	19057500000	52
2016.09.02	16:00:00	1.03398	1.03787	1.03363	1.03741	36886	26119593000	51
2016.09.02	20:00:00	1.03738	1.03844	1.03598	1.03598	9266	8912800000	50
2016.09.05	00:00:00	1.03918	1.03944	1.03673	1.03703	11299	8777090000	51
2016.09.05	04:00:00	1.03702	1.03781	1.03541	1.03596	15459	8091445000	51
2016.09.05	08:00:00	1.03595	1.03738	1.03524	1.03678	18340	15155250000	53
2016.09.05	12:00:00	1.03678	1.03778	1.03651	1.03713	14697	13873707000	55
2016.09.05	16:00:00	1.03717	1.03855	1.03701	1.03791	11602	9606215000	52
2016.09.05	20:00:00	1.03792	1.03835	1.03709	1.03731	8766	7948500000	59
2016.09.06	00:00:00	1.03757	1.04081	1.03684	1.04055	8563	4000549000	0
2016.09.06	04:00:00	1.04055	1.04321	1.04033	1.04145	17077	8620468000	51
2016.09.06	08:00:00	1.04145	1.04174	1.03979	1.04048	19808	17394698000	51
2016.09.06	12:00:00	1.04050	1.04075	1.03823	1.03825	16404	17204500000	51
2016.09.06	16:00:00	1.03826	1.03866	1.03493	1.03525	31156	25960539000	51
2016.09.06	20:00:00	1.03525	1.03652	1.03428	1.03602	11980	12117097000	52
2016.09.07	00:00:00	1.03608	1.03705	1.03511	1.03539	12889	6068025000	0
2016.09.07	04:00:00	1.03540	1.03600	1.03165	1.03232	19764	10080471000	51
2016.09.07	08:00:00	1.03235	1.03313	1.02661	1.02797	20054	11796990000	51
2016.09.07	12:00:00	1.02797	1.02875	1.02612	1.02831	15239	11226750000	51
2016.09.07	16:00:00	1.02829	1.03060	1.02734	1.02967	26088	18617404000	51
2016.09.07	20:00:00	1.02967	1.03012	1.02897	1.02920	8287	7233550000	48
2016.09.08	00:00:00	1.02955	1.02993	1.02801	1.02855	8517	4016350000	0
2016.09.08	04:00:00	1.02856	1.02983	1.02702	1.02927	14833	8101450000	51
2016.09.08	08:00:00	1.02928	1.03355	1.02906	1.03287	17679	13816941000	51
2016.09.08	12:00:00	1.03287	1.03678	1.03276	1.03609	23274	20964800000	52
2016.09.08	16:00:00	1.03607	1.03653	1.03314	1.03441	35086	28954250000	51
2016.09.08	20:00:00	1.03437	1.03505	1.03237	1.03254	10630	11998650000	55
2016.09.09	00:00:00	1.03245	1.03324	1.03172	1.03275	12195	7560350000	0
2016.09.09	04:00:00	1.03276	1.03372	1.03170	1.03289	16553	10368450000	51
2016.09.09	08:00:00	1.03289	1.03456	1.03192	1.03228	17187	14399090000	51
2016.09.09	12:00:00	1.03230	1.03313	1.03063	1.03155	20282	17950550000	51
2016.09.09	16:00:00	1.03151	1.03261	1.02877	1.03026	27250	22020450000	53
2016.09.09	20:00:00	1.03024	1.03029	1.02723	1.02723	10807	8643999000	34
2016.09.12	00:00:00	1.02960	1.03008	1.02711	1.02729	9917	6493700000	48
2016.09.12	04:00:00	1.02731	1.02932	1.02651	1.02912	14966	7506099000	51
2016.09.12	08:00:00	1.02911	1.02994	1.02753	1.02865	18399	12529650000	52
2016.09.12	12:00:00	1.02866	1.03016	1.02696	1.02939	20701	15941530000	51
2016.09.12	16:00:00	1.02938	1.02946	1.02738	1.02882	24401	20369700000	51
2016.09.12	20:00:00	1.02884	1.02940	1.02780	1.02863	20790	21040400000	51
2016.09.13	00:00:00	1.02861	1.02915	1.02659	1.02736	9899	4613850000	0
2016.09.13	04:00:00	1.02736	1.02907	1.02699	1.02726	16617	10161150000	51
2016.09.13	08:00:00	1.02726	1.02869	1.02530	1.02597	19393	14981483000	51
2016.09.13	12:00:00	1.02593	1.02856	1.02593	1.02808	16365	16202750000	52
2016.09.13	16:00:00	1.02808	1.03083	1.02703	1.02769	35629	30314312000	51
2016.09.13	20:00:00	1.02766	1.03024	1.02750	1.02865	19620	20010100000	53
2016.09.14	00:00:00	1.02879	1.03132	1.02829	1.03033	9393	7544219000	0
2016.09.14	04:00:00	1.03032	1.03089	1.02918	1.02997	14134	11111450000	51
2016.09.14	08:00:00	1.03001	1.03046	1.02685	1.02743	18200	15237320000	52
2016.09.14	12:00:00	1.02743	1.02761	1.02576	1.02595	16285	16474648000	53
2016.09.14	16:00:00	1.02596	1.02708	1.02342	1.02522	33658	31790436000	51
2016.09.14	20:00:00	1.02523	1.02618	1.02495	1.02517	17931	18709020000	51
2016.09.15	00:00:00	1.02397	1.02918	1.02347	1.02734	12050	5014879000	0
2016.09.15	04:00:00	1.02734	1.02768	1.02394	1.02679	17868	9810699000	51
2016.09.15	08:00:00	1.02677	1.02884	1.02614	1.02848	21976	14503134000	51
2016.09.15	12:00:00	1.02848	1.02918	1.02501	1.02721	27718	20991737000	51
2016.09.15	16:00:00	1.02723	1.02869	1.02658	1.02697	36105	27948395000	52
2016.09.15	20:00:00	1.02697	1.02787	1.02596	1.02695	15445	8610910000	54
2016.09.16	00:00:00	1.02693	1.02765	1.02501	1.02611	8926	3993994131	0
2016.09.16	04:00:00	1.02612	1.02824	1.02599	1.02796	13904	6404650000	52
2016.09.16	08:00:00	1.02795	1.02855	1.02563	1.02647	16485	12810938000	53
2016.09.16	12:00:00	1.02650	1.02839	1.02610	1.02807	22833	21907130000	51
2016.09.16	16:00:00	1.02807	1.03029	1.02784	1.02992	29846	22512391000	51
2016.09.16	20:00:00	1.02990	1.03097	1.02965	1.03028	14362	11118987000	53
2016.09.19	00:00:00	1.02975	1.03175	1.02825	1.03145	10181	5280687000	0
2016.09.19	04:00:00	1.03143	1.03204	1.03075	1.03168	14474	6415249000	51
2016.09.19	08:00:00	1.03170	1.03222	1.03053	1.03185	16199	9992004000	52
2016.09.19	12:00:00	1.03181	1.03272	1.03114	1.03199	11796	12634300000	52
2016.09.19	16:00:00	1.03199	1.03371	1.03183	1.03268	17932	17879255000	52
2016.09.19	20:00:00	1.03270	1.03320	1.03208	1.03262	9666	10167250000	52
2016.09.20	00:00:00	1.03235	1.03308	1.03118	1.03129	8458	7466750000	0
2016.09.20	04:00:00	1.03131	1.03206	1.02961	1.02992	12640	12348080000	51
2016.09.20	08:00:00	1.02992	1.03077	1.02734	1.02805	14976	16649050000	53
2016.09.20	12:00:00	1.02805	1.02813	1.02651	1.02706	16919	21320600000	52
2016.09.20	16:00:00	1.02703	1.03281	1.02683	1.03122	25592	29485130000	51
2016.09.20	20:00:00	1.03122	1.03263	1.03122	1.03237	12000	13921350000	51
2016.09.21	00:00:00	1.03247	1.03289	1.03107	1.03120	8606	7973050000	0
2016.09.21	04:00:00	1.03119	1.03510	1.03084	1.03459	18968	15067450000	51
2016.09.21	08:00:00	1.03462	1.03671	1.03385	1.03666	22429	23428745000	51
2016.09.21	12:00:00	1.03666	1.03695	1.03369	1.03414	18734	20258390000	51
2016.09.21	16:00:00	1.03415	1.03653	1.03414	1.03617	24792	22675050000	51
2016.09.21	20:00:00	1.03617	1.03718	1.03359	1.03575	30958	29329278000	51
2016.09.22	00:00:00	1.03531	1.04020	1.03273	1.03712	12295	8088652000	0
2016.09.22	04:00:00	1.03713	1.04215	1.03710	1.04155	13965	9980531000	51
2016.09.22	08:00:00	1.04153	1.04513	1.04139	1.04495	20195	17043541000	51
2016.09.22	12:00:00	1.04494	1.04610	1.04349	1.04542	17168	15905950000	51
2016.09.22	16:00:00	1.04543	1.04632	1.04409	1.04505	25024	22382991000	51
2016.09.22	20:00:00	1.04503	1.04604	1.04463	1.04525	11821	12654350000	34
2016.09.23	00:00:00	1.04442	1.04836	1.04381	1.04824	7954	5746222000	51
2016.09.23	04:00:00	1.04829	1.04979	1.04721	1.04879	15424	10795395000	51
2016.09.23	08:00:00	1.04879	1.05143	1.04805	1.05026	21685	17215397000	51
2016.09.23	12:00:00	1.05026	1.05227	1.04945	1.05135	19350	19906520000	51
2016.09.23	16:00:00	1.05135	1.05389	1.05123	1.05367	27919	27676990000	51
2016.09.23	20:00:00	1.05364	1.05408	1.04974	1.04974	11688	10489350000	34
2016.09.26	00:00:00	1.04984	1.05380	1.04984	1.05247	5909	7120450000	0
2016.09.26	04:00:00	1.05247	1.05369	1.05150	1.05252	8309	13315670148	34
2016.09.26	08:00:00	1.05255	1.05291	1.05005	1.05208	17213	18041950000	34
2016.09.26	12:00:00	1.05208	1.05256	1.04993	1.05180	19272	19897750000	51
2016.09.26	16:00:00	1.05181	1.05221	1.04843	1.04913	26339	22431270000	51
2016.09.26	20:00:00	1.04913	1.05014	1.04833	1.04939	9437	9035350000	34
2016.09.27	00:00:00	1.04940	1.05031	1.04753	1.04929	7851	6867450000	0
2016.09.27	04:00:00	1.04929	1.05199	1.04857	1.05133	17550	9174860000	51
2016.09.27	08:00:00	1.05135	1.05182	1.04819	1.04836	23670	16801800000	51
2016.09.27	12:00:00	1.04837	1.05079	1.04794	1.04835	22722	20204499000	51
2016.09.27	16:00:00	1.04838	1.05049	1.04822	1.04907	28981	20588193000	51
2016.09.27	20:00:00	1.04907	1.05049	1.04879	1.04970	10544	9954500000	47
2016.09.28	00:00:00	1.04671	1.05373	1.04670	1.05316	9522	7227800000	51
2016.09.28	04:00:00	1.05316	1.05531	1.05214	1.05462	12666	9709771000	51
2016.09.28	08:00:00	1.05462	1.05755	1.05363	1.05673	18724	17690254998	51
2016.09.28	12:00:00	1.05671	1.05832	1.05566	1.05643	20096	18022465000	51
2016.09.28	16:00:00	1.05642	1.05763	1.05522	1.05583	29517	26675760000	51
2016.09.28	20:00:00	1.05583	1.05747	1.05539	1.05577	21982	23840750000	37
2016.09.29	00:00:00	1.05579	1.05723	1.05443	1.05626	12960	9527350000	0
2016.09.29	04:00:00	1.05627	1.05809	1.05286	1.05350	18221	14048350000	51
2016.09.29	08:00:00	1.05350	1.05530	1.05277	1.05412	22933	17581296000	51
2016.09.29	12:00:00	1.05412	1.05546	1.05354	1.05462	23315	20736050000	52
2016.09.29	16:00:00	1.05463	1.05491	1.05224	1.05245	31374	22932650000	51
2016.09.29	20:00:00	1.05246	1.05326	1.05144	1.05222	25002	24087750000	39
2016.09.30	00:00:00	1.05212	1.05369	1.05111	1.05353	10945	6659500000	51
2016.09.30	04:00:00	1.05348	1.05357	1.04902	1.04968	14466	10254350000	51
2016.09.30	08:00:00	1.04968	1.04987	1.04695	1.04840	26588	23975320000	51
2016.09.30	12:00:00	1.04839	1.05012	1.04708	1.05004	26115	21461150000	51
2016.09.30	16:00:00	1.05005	1.05328	1.04919	1.05136	33514	27169620000	51
2016.09.30	20:00:00	1.05134	1.05210	1.05046	1.05090	9842	8733950000	43
2016.10.03	00:00:00	1.05198	1.05395	1.04962	1.05295	11976	10671600000	53
2016.10.03	04:00:00	1.05294	1.05415	1.05230	1.05299	11678	9474600000	51
2016.10.03	08:00:00	1.05298	1.05438	1.05169	1.05232	16829	13357300000	51
2016.10.03	12:00:00	1.05232	1.05597	1.05220	1.05550	15004	12178600000	51
2016.10.03	16:00:00	1.05551	1.05663	1.05411	1.05459	21964	17494980000	51
2016.10.03	20:00:00	1.05460	1.05543	1.05382	1.05421	8769	8911750000	40
2016.10.04	00:00:00	1.05379	1.05538	1.05214	1.05236	13049	7845700000	51
2016.10.04	04:00:00	1.05237	1.05327	1.05063	1.05202	16382	13099400000	51
2016.10.04	08:00:00	1.05201	1.05314	1.05093	1.05199	19152	13929950000	51
2016.10.04	12:00:00	1.05201	1.05303	1.05153	1.05221	16813	14328800000	52
2016.10.04	16:00:00	1.05220	1.05650	1.05178	1.05637	37766	27072084000	51
2016.10.04	20:00:00	1.05643	1.05754	1.05567	1.05667	14786	15145450000	51
2016.10.05	00:00:00	1.05656	1.06058	1.05617	1.06042	12432	9072600000	0
2016.10.05	04:00:00	1.06040	1.06321	1.06017	1.06195	16709	11526033000	51
2016.10.05	08:00:00	1.06195	1.06284	1.05889	1.05958	22833	19159550000	51
2016.10.05	12:00:00	1.05958	1.06144	1.05886	1.06085	21148	18114950000	51
2016.10.05	16:00:00	1.06087	1.06247	1.06038	1.06201	28765	22982850000	51
2016.10.05	20:00:00	1.06201	1.06317	1.06126	1.06196	11007	10127650000	40
2016.10.06	00:00:00	1.06104	1.06311	1.06064	1.06258	9401	7424100000	51
2016.10.06	04:00:00	1.06258	1.06330	1.05897	1.05963	13862	9829650000	51
2016.10.06	08:00:00	1.05963	1.06067	1.05823	1.05872	18244	14748500000	51
2016.10.06	12:00:00	1.05873	1.06030	1.05844	1.05952	20447	18426450000	53
2016.10.06	16:00:00	1.05954	1.06086	1.05732	1.05922	25890	22985450000	52
2016.10.06	20:00:00	1.05922	1.06023	1.05832	1.05852	9320	10325700000	34
2016.10.07	00:00:00	1.05834	1.06049	1.05711	1.05970	14428	11833130000	0
2016.10.07	04:00:00	1.05967	1.06237	1.05957	1.06088	17619	14931750000	51
2016.10.07	08:00:00	1.06088	1.06356	1.06069	1.06222	18544	15356645000	51
2016.10.07	12:00:00	1.06221	1.06325	1.05749	1.05840	28471	24033900000	52
2016.10.07	16:00:00	1.05845	1.06220	1.05782	1.06048	42406	27151250000	51
2016.10.07	20:00:00	1.06047	1.06062	1.05747	1.05825	10574	10137150000	43
2016.10.10	00:00:00	1.05855	1.06130	1.05726	1.06027	9698	8845050000	0
2016.10.10	04:00:00	1.06029	1.06169	1.05918	1.06110	12253	9839050000	52
2016.10.10	08:00:00	1.06118	1.06330	1.06030	1.06199	13993	12902400000	53
2016.10.10	12:00:00	1.06195	1.06633	1.06194	1.06627	14403	12116606000	52
2016.10.10	16:00:00	1.06625	1.06765	1.06593	1.06667	18842	14819350000	51
2016.10.10	20:00:00	1.06665	1.06690	1.06507	1.06541	7596	8078600000	54
2016.10.11	00:00:00	1.06559	1.06781	1.06470	1.06710	9590	6094950000	0
2016.10.11	04:00:00	1.06711	1.06943	1.06506	1.06845	20309	12464496000	51
2016.10.11	08:00:00	1.06844	1.06976	1.06618	1.06719	24154	19918285000	51
2016.10.11	12:00:00	1.06717	1.06831	1.06521	1.06708	20472	19503330000	51
2016.10.11	16:00:00	1.06708	1.06980	1.06639	1.06829	28566	24614440000	51
2016.10.11	20:00:00	1.06829	1.06926	1.06717	1.06795	13104	13719200000	54
2016.10.12	00:00:00	1.06739	1.06979	1.06694	1.06948	10480	8592800000	0
2016.10.12	04:00:00	1.06948	1.07057	1.06829	1.06970	15691	12862250000	51
2016.10.12	08:00:00	1.06970	1.07194	1.06956	1.07155	20768	18699275000	51
2016.10.12	12:00:00	1.07155	1.07331	1.07145	1.07248	17978	17127207546	51
2016.10.12	16:00:00	1.07248	1.07257	1.07065	1.07111	26644	24220418518	51
2016.10.12	20:00:00	1.07111	1.07144	1.06892	1.07021	18945	20403708725	53
2016.10.13	00:00:00	1.07013	1.07389	1.06877	1.06954	13603	10408104173	0
2016.10.13	04:00:00	1.06954	1.06965	1.06595	1.06762	19824	16436246619	51
2016.10.13	08:00:00	1.06762	1.06872	1.06594	1.06728	21261	18830004656	51
2016.10.13	12:00:00	1.06732	1.07057	1.06658	1.06962	20073	18348111856	51
2016.10.13	16:00:00	1.06779	1.06807	1.06606	1.06710	12463	11678187814	51
2016.10.13	20:00:00	1.06714	1.06758	1.06596	1.06633	10497	11314746484	42
2016.10.14	00:00:00	1.06639	1.06864	1.06557	1.06725	9427	7272448544	51
2016.10.14	04:00:00	1.06725	1.06753	1.06526	1.06658	16532	14599295711	52
2016.10.14	08:00:00	1.06657	1.07214	1.06639	1.07203	17273	16106054532	52
2016.10.14	12:00:00	1.07203	1.07572	1.07080	1.07471	19251	18014651030	51
2016.10.14	16:00:00	1.07469	1.07619	1.07228	1.07355	24262	25440214265	51
2016.10.14	20:00:00	1.07354	1.07470	1.07240	1.07375	12977	13619205931	51
2016.10.17	00:00:00	1.07301	1.07493	1.07063	1.07156	11762	9744514274	51
2016.10.17	04:00:00	1.07155	1.07163	1.06827	1.06872	12689	11449528232	51
2016.10.17	08:00:00	1.06872	1.06996	1.06580	1.06717	18243	17807618539	51
2016.10.17	12:00:00	1.06717	1.06924	1.06621	1.06776	15785	14301737491	52
2016.10.17	16:00:00	1.06777	1.06923	1.06669	1.06871	21551	18738843998	51
2016.10.17	20:00:00	1.06871	1.06949	1.06776	1.06885	8078	7110879163	53
2016.10.18	00:00:00	1.06838	1.06989	1.06186	1.06602	14719	12064391161	51
2016.10.18	04:00:00	1.06602	1.06778	1.06581	1.06762	12892	8169517449	51
2016.10.18	08:00:00	1.06763	1.06893	1.06673	1.06688	18723	14648881598	51
2016.10.18	12:00:00	1.06685	1.06768	1.06478	1.06509	18755	17782505770	51
2016.10.18	16:00:00	1.06509	1.06800	1.06262	1.06439	21613	20495783274	51
2016.10.18	20:00:00	1.06438	1.06596	1.06386	1.06568	8182	6536405987	52
2016.10.19	00:00:00	1.06566	1.06625	1.06314	1.06380	8475	6394261226	0
2016.10.19	04:00:00	1.06380	1.06444	1.06225	1.06327	13147	10931372277	51
2016.10.19	08:00:00	1.06327	1.06537	1.06320	1.06493	17418	15908793012	51
2016.10.19	12:00:00	1.06495	1.06624	1.06424	1.06555	15758	15545151709	51
2016.10.19	16:00:00	1.06554	1.06841	1.06356	1.06757	26556	23818633038	51
2016.10.19	20:00:00	1.06756	1.06799	1.06685	1.06739	12613	12800216768	51
2016.10.20	00:00:00	1.06687	1.06924	1.06096	1.06200	12361	9349089015	0
2016.10.20	04:00:00	1.06200	1.06299	1.05927	1.06062	14010	12245753294	51
2016.10.20	08:00:00	1.06062	1.06238	1.05986	1.06123	16837	14329275147	51
2016.10.20	12:00:00	1.06127	1.06186	1.05935	1.05976	20235	17662613919	51
2016.10.20	16:00:00	1.05973	1.06221	1.05906	1.06005	24128	21877637026	51
2016.10.20	20:00:00	1.06004	1.06030	1.05885	1.05964	10021	8978581572	51
2016.10.21	00:00:00	1.05938	1.06296	1.05924	1.06192	8542	5077430408	0
2016.10.21	04:00:00	1.06193	1.06488	1.06157	1.06383	13518	9010848290	51
2016.10.21	08:00:00	1.06383	1.06621	1.06359	1.06490	16356	12405929008	51
2016.10.21	12:00:00	1.06486	1.06541	1.06378	1.06476	16059	14143903564	52
2016.10.21	16:00:00	1.06475	1.06475	1.06050	1.06148	20716	19030349847	51
2016.10.21	20:00:00	1.06148	1.06267	1.05998	1.05998	7078	6413361381	47
2016.10.24	00:00:00	1.06105	1.06319	1.06054	1.06250	7181	5882176709	0
2016.10.24	04:00:00	1.06248	1.06382	1.06169	1.06333	11536	6881205061	52
2016.10.24	08:00:00	1.06333	1.06507	1.06257	1.06473	13455	9907463646	51
2016.10.24	12:00:00	1.06473	1.06547	1.06446	1.06493	12074	11153244085	51
2016.10.24	16:00:00	1.06493	1.06671	1.06471	1.06580	19095	16248268920	52
2016.10.24	20:00:00	1.06580	1.06634	1.06517	1.06555	8728	8202602331	46
2016.10.25	00:00:00	1.06573	1.06808	1.06393	1.06577	10680	7322912488	51
2016.10.25	04:00:00	1.06576	1.06713	1.06458	1.06628	13589	10799430222	51
2016.10.25	08:00:00	1.06630	1.06899	1.06567	1.06869	17049	13475311102	51
2016.10.25	12:00:00	1.06872	1.06997	1.06704	1.06913	14056	13214079986	51
2016.10.25	16:00:00	1.06913	1.06996	1.06627	1.06699	27484	24640668776	51
2016.10.25	20:00:00	1.06697	1.06746	1.06625	1.06688	9529	8788215263	52
2016.10.26	00:00:00	1.06648	1.07450	1.06384	1.07445	12075	8057214052	0
2016.10.26	04:00:00	1.07443	1.07538	1.07241	1.07343	13023	10047420022	51
2016.10.26	08:00:00	1.07344	1.07429	1.07121	1.07130	23046	19228826504	51
2016.10.26	12:00:00	1.07129	1.07196	1.07034	1.07120	22169	11930540625	52
2016.10.26	16:00:00	1.07119	1.07127	1.06685	1.06861	27269	13115747696	51
2016.10.26	20:00:00	1.06861	1.06912	1.06755	1.06905	8305	3182140339	57
2016.10.27	00:00:00	1.06858	1.06972	1.06730	1.06859	8200	6222459054	0
2016.10.27	04:00:00	1.06859	1.06863	1.06524	1.06623	13574	9693382146	51
2016.10.27	08:00:00	1.06623	1.06674	1.06473	1.06601	23335	21743768761	51
2016.10.27	12:00:00	1.06597	1.06820	1.06526	1.06792	23712	22728013213	52
2016.10.27	16:00:00	1.06792	1.06819	1.06578	1.06660	32838	32097557887	51
2016.10.27	20:00:00	1.06659	1.06713	1.06470	1.06525	17299	18924208535	36
2016.10.28	00:00:00	1.06540	1.06583	1.06434	1.06503	9023	6834972481	52
2016.10.28	04:00:00	1.06504	1.06613	1.06256	1.06333	12151	8459190573	51
2016.10.28	08:00:00	1.06328	1.06377	1.06126	1.06191	22740	22292326700	52
2016.10.28	12:00:00	1.06189	1.06287	1.05988	1.06263	27492	24942516196	51
2016.10.28	16:00:00	1.06260	1.06268	1.06011	1.06133	31002	28214740482	51
2016.10.28	20:00:00	1.06131	1.06190	1.05804	1.05804	31350	29369892436	51
2016.10.31	00:00:00	1.06041	1.06247	1.05977	1.06235	13900	12310284376	0
2016.10.31	04:00:00	1.06240	1.06449	1.06213	1.06418	12836	9529890390	51
2016.10.31	08:00:00	1.06420	1.06473	1.06266	1.06329	15512	13562418364	52
2016.10.31	12:00:00	1.06329	1.06388	1.06255	1.06327	21823	20947573285	53
2016.10.31	16:00:00	1.06327	1.06463	1.06195	1.06365	23643	23713857133	51
2016.10.31	20:00:00	1.06361	1.06495	1.06236	1.06364	9798	8645332978	42
2016.11.01	00:00:00	1.06358	1.06422	1.05979	1.06102	12236	8746025403	51
2016.11.01	04:00:00	1.06102	1.06886	1.06098	1.06870	16295	10915118115	51
2016.11.01	08:00:00	1.06868	1.07015	1.06791	1.06877	21377	17849996004	51
2016.11.01	12:00:00	1.06877	1.06986	1.06780	1.06945	24164	19614769756	51
2016.11.01	16:00:00	1.06945	1.06988	1.06625	1.06759	30265	27676791623	51
2016.11.01	20:00:00	1.06751	1.06779	1.05913	1.06192	18018	15819622175	34
2016.11.02	00:00:00	1.06140	1.06193	1.05670	1.05714	14806	10641698025	34
2016.11.02	04:00:00	1.05716	1.05720	1.05436	1.05567	16047	13058343817	51
2016.11.02	08:00:00	1.05567	1.05707	1.05294	1.05365	23501	18892863451	51
2016.11.02	12:00:00	1.05365	1.05393	1.05083	1.05113	30861	28668420370	51
2016.11.02	16:00:00	1.05117	1.05163	1.04934	1.04955	27706	25277409296	52
2016.11.02	20:00:00	1.04819	1.05125	1.04819	1.05068	14396	13016227363	34
2016.11.03	00:00:00	1.05068	1.05291	1.04990	1.05233	15042	10799238153	0
2016.11.03	04:00:00	1.05233	1.05240	1.04785	1.04896	20073	16414554450	51
2016.11.03	08:00:00	1.04895	1.05074	1.04774	1.05061	20932	19107405197	51
2016.11.03	12:00:00	1.05060	1.05111	1.04771	1.04783	26696	26267788297	34
2016.11.03	16:00:00	1.04779	1.04953	1.04731	1.04773	21244	20877923073	53
2016.11.03	20:00:00	1.04766	1.04821	1.04632	1.04672	10158	10177156603	52
2016.11.04	00:00:00	1.04672	1.05062	1.04668	1.04933	16864	13047273550	51
2016.11.04	04:00:00	1.04933	1.05119	1.04847	1.04985	17426	16052910148	51
2016.11.04	08:00:00	1.04981	1.04998	1.04793	1.04908	19803	20802440597	51
2016.11.04	12:00:00	1.04909	1.05060	1.04888	1.04966	29780	28929966781	51
2016.11.04	16:00:00	1.04963	1.04996	1.04740	1.04817	27496	24801882655	51
2016.11.04	20:00:00	1.04810	1.04879	1.04654	1.04681	8492	8202454999	40
2016.11.07	00:00:00	1.04526	1.04940	1.04510	1.04745	18055	10993132936	51
2016.11.07	04:00:00	1.04746	1.05019	1.04727	1.04967	15914	8274109414	51
2016.11.07	08:00:00	1.04965	1.05271	1.04933	1.05091	21444	17109246952	51
2016.11.07	12:00:00	1.05092	1.05146	1.04902	1.05025	18293	19022688963	34
2016.11.07	16:00:00	1.05025	1.05350	1.05019	1.05187	25293	23180289556	34
2016.11.07	20:00:00	1.05182	1.05384	1.05126	1.05144	13586	13118095308	54
2016.11.08	00:00:00	1.05162	1.05218	1.04954	1.05043	13931	9430419744	0
2016.11.08	04:00:00	1.05043	1.05121	1.05000	1.05074	15223	12098274695	51
2016.11.08	08:00:00	1.05074	1.05120	1.04910	1.04979	18185	17366278046	52
2016.11.08	12:00:00	1.04979	1.05090	1.04914	1.05029	17141	18047279877	51
2016.11.08	16:00:00	1.05028	1.05229	1.04706	1.05123	26506	26185899050	51
2016.11.08	20:00:00	1.05122	1.05154	1.04865	1.05013	16319	14719650918	51
2016.11.09	00:00:00	1.05020	1.05263	1.04732	1.04789	29155	24506947560	0
2016.11.09	04:00:00	1.04794	1.04892	1.03614	1.04157	59917	49857022499	51
2016.11.09	08:00:00	1.04158	1.05240	1.04136	1.05206	52044	47106801321	51
2016.11.09	12:00:00	1.05203	1.05295	1.04840	1.05087	36039	33731741042	51
2016.11.09	16:00:00	1.05090	1.05146	1.04673	1.04866	36139	31673121553	51
2016.11.09	20:00:00	1.04864	1.05012	1.03964	1.04900	24624	24165700090	51
2016.11.10	00:00:00	1.04824	1.05139	1.04747	1.04998	17717	14310751338	0
2016.11.10	04:00:00	1.04996	1.05899	1.04823	1.05655	21597	16827881051	51
2016.11.10	08:00:00	1.05655	1.06030	1.05590	1.05958	27987	23418956888	51
2016.11.10	12:00:00	1.05958	1.06443	1.05730	1.05841	36991	26542279707	51
2016.11.10	16:00:00	1.05839	1.05883	1.05214	1.05408	43952	30959390225	51
2016.11.10	20:00:00	1.05408	1.05745	1.05318	1.05462	29426	26219353762	34
2016.11.11	00:00:00	1.05428	1.05582	1.05305	1.05370	16158	13977973288	51
2016.11.11	04:00:00	1.05370	1.05678	1.05034	1.05537	31247	26922771403	51
2016.11.11	08:00:00	1.05541	1.05721	1.05336	1.05561	34799	32667490633	52
2016.11.11	12:00:00	1.05559	1.05786	1.05297	1.05691	37977	31775877125	51
2016.11.11	16:00:00	1.05691	1.06037	1.05576	1.05906	42782	32101696777	51
2016.11.11	20:00:00	1.05898	1.06014	1.05606	1.05606	27594	28840754683	34
2016.11.14	00:00:00	1.05607	1.06464	1.05570	1.06356	25401	18229807444	0
2016.11.14	04:00:00	1.06352	1.06458	1.06193	1.06371	19085	9014566545	51
2016.11.14	08:00:00	1.06367	1.06558	1.06294	1.06447	24533	18955363486	51
2016.11.14	12:00:00	1.06448	1.06510	1.06194	1.06426	30400	26161738694	51
2016.11.14	16:00:00	1.06428	1.06538	1.06221	1.06252	34224	22669343754	51
2016.11.14	20:00:00	1.06245	1.06361	1.06070	1.06075	18947	17587881826	34
2016.11.15	00:00:00	1.06100	1.06254	1.05965	1.06166	15347	9685488464	34
2016.11.15	04:00:00	1.06164	1.06418	1.06132	1.06212	21793	17309204315	51
2016.11.15	08:00:00	1.06214	1.06308	1.05980	1.06153	29605	21922223025	51
2016.11.15	12:00:00	1.06154	1.06364	1.06093	1.06229	28237	26214333555	54
2016.11.15	16:00:00	1.06232	1.06522	1.06161	1.06301	35369	29515448573	52
2016.11.15	20:00:00	1.06304	1.06510	1.06283	1.06365	16325	15878727468	51
2016.11.16	00:00:00	1.06303	1.06532	1.06303	1.06471	16716	10844346684	51
2016.11.16	04:00:00	1.06468	1.06526	1.06280	1.06314	19852	11134243401	52
2016.11.16	08:00:00	1.06314	1.06381	1.06035	1.06035	25953	21662731584	51
2016.11.16	12:00:00	1.06035	1.06124	1.05808	1.05942	30549	27658017747	51
2016.11.16	16:00:00	1.05940	1.05989	1.05685	1.05692	35168	28314518496	51
2016.11.16	20:00:00	1.05685	1.05827	1.05635	1.05745	14702	14483347489	34
2016.11.17	00:00:00	1.05710	1.05778	1.05299	1.05407	21431	16484383029	51
2016.11.17	04:00:00	1.05407	1.05457	1.05211	1.05313	16707	10855780082	51
2016.11.17	08:00:00	1.05315	1.05432	1.05167	1.05216	23439	18077482187	51
2016.11.17	12:00:00	1.05216	1.05570	1.05169	1.05528	26647	22886324892	51
2016.11.17	16:00:00	1.05531	1.05686	1.05431	1.05568	31308	27024053394	51
2016.11.17	20:00:00	1.05564	1.05589	1.05266	1.05342	16263	14918269945	51
2016.11.18	00:00:00	1.05320	1.05513	1.05169	1.05311	21699	15709933246	0
2016.11.18	04:00:00	1.05311	1.05430	1.05235	1.05357	23402	18278547724	51
2016.11.18	08:00:00	1.05357	1.05418	1.04831	1.04899	29793	25488322797	51
2016.11.18	12:00:00	1.04898	1.04965	1.04748	1.04781	33306	31302334360	51
2016.11.18	16:00:00	1.04781	1.04828	1.04439	1.04619	31825	30368181695	51
2016.11.18	20:00:00	1.04618	1.04706	1.04402	1.04402	10987	9808383504	46
2016.11.21	00:00:00	1.04808	1.04858	1.04385	1.04565	25159	15488230125	0
2016.11.21	04:00:00	1.04565	1.04661	1.04411	1.04427	17564	12786386108	52
2016.11.21	08:00:00	1.04427	1.04737	1.04407	1.04655	24061	21255692232	51
2016.11.21	12:00:00	1.04653	1.04770	1.04271	1.04284	25488	24707743506	52
2016.11.21	16:00:00	1.04285	1.04296	1.04144	1.04215	25599	22495098351	51
2016.11.21	20:00:00	1.04210	1.04380	1.04152	1.04196	15699	16455108519	52
2016.11.22	00:00:00	1.04153	1.04420	1.04104	1.04357	23177	16218144028	51
2016.11.22	04:00:00	1.04357	1.04649	1.04284	1.04612	20578	11855739638	51
2016.11.22	08:00:00	1.04615	1.04720	1.04459	1.04694	28831	21854371341	51
2016.11.22	12:00:00	1.04694	1.04764	1.04549	1.04749	19903	17968614875	51
2016.11.22	16:00:00	1.04748	1.04888	1.04711	1.04824	24718	22271861758	51
2016.11.22	20:00:00	1.04823	1.04902	1.04692	1.04742	11695	11924350167	54
2016.11.23	00:00:00	1.04718	1.05079	1.04627	1.05003	11687	7548825589	0
2016.11.23	04:00:00	1.05003	1.05212	1.04912	1.05146	12975	8846611027	51
2016.11.23	08:00:00	1.05145	1.05339	1.05057	1.05228	18115	14033911396	52
2016.11.23	12:00:00	1.05226	1.05290	1.05070	1.05255	26608	20674119125	51
2016.11.23	16:00:00	1.05253	1.05591	1.05225	1.05364	32932	25157030234	51
2016.11.23	20:00:00	1.05362	1.05436	1.05333	1.05334	16194	16658569465	51
2016.11.24	00:00:00	1.05267	1.05570	1.05128	1.05484	15330	9827761939	51
2016.11.24	04:00:00	1.05484	1.05671	1.05387	1.05441	16926	11671014934	51
2016.11.24	08:00:00	1.05439	1.05772	1.05390	1.05699	24587	20304191134	51
2016.11.24	12:00:00	1.05699	1.05904	1.05574	1.05836	23803	23414714228	51
2016.11.24	16:00:00	1.05835	1.05938	1.05666	1.05794	15033	12645796290	51
2016.11.24	20:00:00	1.05794	1.05852	1.05626	1.05774	9030	8152422447	51
2016.11.25	00:00:00	1.05695	1.06088	1.05250	1.06009	16773	10664228056	0
2016.11.25	04:00:00	1.06011	1.06079	1.05822	1.05887	20175	12954472719	52
2016.11.25	08:00:00	1.05887	1.06030	1.05695	1.05708	33313	28604070420	51
2016.11.25	12:00:00	1.05707	1.05738	1.05476	1.05568	24257	24656821645	51
2016.11.25	16:00:00	1.05571	1.05607	1.05351	1.05437	22909	21921065290	51
2016.11.25	20:00:00	1.05437	1.05681	1.05428	1.05436	12346	9879590027	51
2016.11.28	00:00:00	1.05521	1.05736	1.05329	1.05411	18016	12303739283	0
2016.11.28	04:00:00	1.05410	1.05558	1.05315	1.05452	27439	18997106308	51
2016.11.28	08:00:00	1.05451	1.05517	1.05340	1.05447	28586	22831487009	51
2016.11.28	12:00:00	1.05445	1.05677	1.05444	1.05634	27907	23975570619	51
2016.11.28	16:00:00	1.05637	1.05919	1.05611	1.05751	22533	20229125688	51
2016.11.28	20:00:00	1.05754	1.05782	1.05694	1.05723	8483	8114868814	51
2016.11.29	00:00:00	1.05737	1.05840	1.05636	1.05790	12482	9800072034	0
2016.11.29	04:00:00	1.05790	1.05805	1.05446	1.05546	21263	15059983351	51
2016.11.29	08:00:00	1.05543	1.05588	1.05188	1.05197	22442	19662378693	51
2016.11.29	12:00:00	1.05197	1.05268	1.04842	1.05093	26213	23623575543	52
2016.11.29	16:00:00	1.05094	1.05124	1.04774	1.04875	34123	33996674228	51
2016.11.29	20:00:00	1.04871	1.05034	1.04858	1.04956	11251	10192312576	51
2016.11.30	00:00:00	1.04942	1.04967	1.04531	1.04600	11379	6048418914	0
2016.11.30	04:00:00	1.04598	1.04671	1.04429	1.04650	18255	11655461913	51
2016.11.30	08:00:00	1.04653	1.04731	1.04230	1.04334	25338	23934602719	51
2016.11.30	12:00:00	1.04329	1.04443	1.04229	1.04418	27361	27022481185	51
2016.11.30	16:00:00	1.04418	1.04595	1.04104	1.04360	43853	35249621745	51
2016.11.30	20:00:00	1.04358	1.04370	1.04183	1.04197	13311	13010108038	34
2016.12.01	00:00:00	1.04173	1.04458	1.04019	1.04377	20682	13297563645	53
2016.12.01	04:00:00	1.04377	1.04542	1.04341	1.04476	17430	10283735062	51
2016.12.01	08:00:00	1.04477	1.04521	1.04186	1.04353	20309	16221808333	51
2016.12.01	12:00:00	1.04348	1.04461	1.04148	1.04439	19177	17350931964	52
2016.12.01	16:00:00	1.04440	1.04881	1.04440	1.04776	32936	24716788214	51
2016.12.01	20:00:00	1.04771	1.04812	1.04552	1.04568	12419	12483144628	50
2016.12.02	00:00:00	1.04526	1.04713	1.04467	1.04631	16479	14619761114	51
2016.12.02	04:00:00	1.04631	1.04663	1.04356	1.04357	18479	15129269899	51
2016.12.02	08:00:00	1.04355	1.04712	1.04285	1.04618	15941	14128920645	51
2016.12.02	12:00:00	1.04617	1.04676	1.04271	1.04537	22422	18704292409	51
2016.12.02	16:00:00	1.04539	1.04681	1.04212	1.04256	24703	22324713542	51
2016.12.02	20:00:00	1.04250	1.04456	1.04225	1.04335	9533	8886100000	34
2016.12.05	00:00:00	1.04139	1.05036	1.04139	1.04861	29841	26701950303	52
2016.12.05	04:00:00	1.04860	1.05040	1.04698	1.04727	16674	10991457267	53
2016.12.05	08:00:00	1.04729	1.04869	1.04552	1.04665	27291	22107966411	51
2016.12.05	12:00:00	1.04664	1.05085	1.04581	1.05085	22963	17996056849	52
2016.12.05	16:00:00	1.05085	1.05151	1.04668	1.04771	25682	20044923456	51
2016.12.05	20:00:00	1.04771	1.04825	1.04541	1.04571	13749	11864475765	53
2016.12.06	00:00:00	1.04570	1.04659	1.04167	1.04168	16110	10740075353	0
2016.12.06	04:00:00	1.04169	1.04891	1.04139	1.04379	16673	13155939516	51
2016.12.06	08:00:00	1.04378	1.04506	1.04216	1.04435	19628	14519449273	51
2016.12.06	12:00:00	1.04433	1.04690	1.04316	1.04597	19496	15942872729	51
2016.12.06	16:00:00	1.04597	1.04819	1.04544	1.04732	22613	16613855940	53
2016.12.06	20:00:00	1.04729	1.04879	1.04693	1.04770	7386	5536850000	42
2016.12.07	00:00:00	1.04730	1.04937	1.04168	1.04331	12757	9757035986	51
2016.12.07	04:00:00	1.04333	1.04410	1.04270	1.04362	11125	8077503303	51
2016.12.07	08:00:00	1.04361	1.04471	1.04191	1.04289	17590	12649285921	52
2016.12.07	12:00:00	1.04290	1.04463	1.04183	1.04248	13733	12178473545	54
2016.12.07	16:00:00	1.04247	1.04490	1.04192	1.04470	19418	13760251424	51
2016.12.07	20:00:00	1.04470	1.04551	1.04314	1.04391	10095	8292799811	52
2016.12.08	00:00:00	1.04320	1.04353	1.03788	1.03899	13754	6466047196	0
2016.12.08	04:00:00	1.03903	1.04042	1.03780	1.03977	16117	10169202286	51
2016.12.08	08:00:00	1.03979	1.04081	1.03745	1.03960	18180	12980107599	51
2016.12.08	12:00:00	1.03958	1.04074	1.03802	1.03821	28254	18389968698	51
2016.12.08	16:00:00	1.03823	1.03955	1.03800	1.03893	33925	22650355129	51
2016.12.08	20:00:00	1.03889	1.04040	1.03783	1.03977	10079	9543256932	51
2016.12.09	00:00:00	1.03915	1.04000	1.03797	1.03863	13293	11652802107	51
2016.12.09	04:00:00	1.03866	1.04091	1.03845	1.04084	11005	10367038277	53
2016.12.09	08:00:00	1.04088	1.04132	1.03982	1.04130	15978	13011080884	51
2016.12.09	12:00:00	1.04129	1.04407	1.04129	1.04307	23226	18506950968	51
2016.12.09	16:00:00	1.04309	1.04391	1.04101	1.04249	24046	18299134336	51
2016.12.09	20:00:00	1.04245	1.04410	1.04147	1.04147	7816	6929412668	34
2016.12.12	00:00:00	1.04317	1.04601	1.04188	1.04424	14022	10927541090	0
2016.12.12	04:00:00	1.04424	1.04486	1.04224	1.04273	17945	10310909094	51
2016.12.12	08:00:00	1.04274	1.04352	1.04126	1.04188	19454	13928997297	51
2016.12.12	12:00:00	1.04190	1.04363	1.04142	1.04165	20081	15670367786	51
2016.12.12	16:00:00	1.04165	1.04275	1.04030	1.04105	24871	18179452509	51
2016.12.12	20:00:00	1.04102	1.04264	1.04088	1.04189	12034	9642850567	40
2016.12.13	00:00:00	1.04150	1.04245	1.04059	1.04160	17075	13955839613	53
2016.12.13	04:00:00	1.04159	1.04209	1.04090	1.04185	14716	11815142692	53
2016.12.13	08:00:00	1.04185	1.04203	1.04015	1.04065	21320	14806800792	51
2016.12.13	12:00:00	1.04068	1.04121	1.03844	1.03887	20870	14722759332	51
2016.12.13	16:00:00	1.03886	1.04044	1.03813	1.04004	30952	22226556202	51
2016.12.13	20:00:00	1.03999	1.04157	1.03970	1.04054	12314	11378525301	51
2016.12.14	00:00:00	1.04016	1.04082	1.03811	1.03834	15037	11319114715	0
2016.12.14	04:00:00	1.03836	1.03918	1.03736	1.03796	17714	12509015218	52
2016.12.14	08:00:00	1.03799	1.04034	1.03724	1.03979	22622	15651918814	51
2016.12.14	12:00:00	1.03979	1.04034	1.03812	1.03964	22229	16225821066	52
2016.12.14	16:00:00	1.03962	1.04015	1.03872	1.03926	22802	17370681104	51
2016.12.14	20:00:00	1.03919	1.04195	1.03770	1.03988	41147	31606628038	51
2016.12.15	00:00:00	1.03974	1.04565	1.03896	1.04513	28049	19790090356	0
2016.12.15	04:00:00	1.04512	1.04569	1.04345	1.04470	21366	16070355803	34
2016.12.15	08:00:00	1.04475	1.04612	1.04380	1.04425	31267	23153055102	51
2016.12.15	12:00:00	1.04427	1.04579	1.04350	1.04354	42008	23096081804	34
2016.12.15	16:00:00	1.04355	1.04705	1.04273	1.04561	48041	26023153151	51
2016.12.15	20:00:00	1.04560	1.04632	1.04450	1.04501	22297	18326654357	51
2016.12.16	00:00:00	1.04418	1.04735	1.04162	1.04721	14897	10499711403	0
2016.12.16	04:00:00	1.04721	1.04827	1.04585	1.04609	16518	10375691220	51
2016.12.16	08:00:00	1.04608	1.04629	1.04402	1.04430	24807	18321309864	51
2016.12.16	12:00:00	1.04430	1.04774	1.04366	1.04755	30441	19156550136	51
2016.12.16	16:00:00	1.04754	1.04921	1.04431	1.04514	46198	27737950030	51
2016.12.16	20:00:00	1.04513	1.04925	1.04505	1.04695	17729	9624529390	44
2016.12.19	00:00:00	1.04479	1.04716	1.04430	1.04599	19297	15204115380	0
2016.12.19	04:00:00	1.04598	1.04614	1.04415	1.04517	16304	11033286897	51
2016.12.19	08:00:00	1.04516	1.04686	1.04471	1.04683	21531	16912957521	51
2016.12.19	12:00:00	1.04683	1.04714	1.04437	1.04520	23570	16092841713	51
2016.12.19	16:00:00	1.04522	1.04563	1.04366	1.04477	28858	20159383591	51
2016.12.19	20:00:00	1.04477	1.04627	1.04457	1.04538	20670	18265509581	52
2016.12.20	00:00:00	1.04487	1.04738	1.04393	1.04724	13015	7957186795	51
2016.12.20	04:00:00	1.04724	1.04771	1.04578	1.04728	18889	14236700949	52
2016.12.20	08:00:00	1.04730	1.04887	1.04675	1.04706	21421	15246945856	51
2016.12.20	12:00:00	1.04706	1.04992	1.04682	1.04874	23143	15798022625	51
2016.12.20	16:00:00	1.04875	1.04943	1.04683	1.04717	27326	22052503558	51
2016.12.20	20:00:00	1.04717	1.04957	1.04707	1.04910	12541	10221956903	51
2016.12.21	00:00:00	1.04859	1.04973	1.04640	1.04650	12442	9958603599	0
2016.12.21	04:00:00	1.04647	1.04794	1.04541	1.04758	19328	15842103655	51
2016.12.21	08:00:00	1.04757	1.04819	1.04609	1.04765	17077	12070583847	51
2016.12.21	12:00:00	1.04766	1.04982	1.04756	1.04926	18315	13399208780	51
2016.12.21	16:00:00	1.04928	1.04979	1.04747	1.04892	24130	13053200695	51
2016.12.21	20:00:00	1.04870	1.05010	1.04495	1.04850	15120	13568130889	51
2016.12.22	00:00:00	1.04712	1.04905	1.04605	1.04743	13341	10149184139	51
2016.12.22	04:00:00	1.04745	1.04982	1.04701	1.04714	16281	10953405032	52
2016.12.22	08:00:00	1.04711	1.04726	1.04325	1.04449	19569	14557718036	51
2016.12.22	12:00:00	1.04448	1.04575	1.04339	1.04450	21975	16578911521	51
2016.12.22	16:00:00	1.04452	1.04549	1.04325	1.04411	28143	20446089801	51
2016.12.22	20:00:00	1.04410	1.04530	1.04336	1.04478	12783	13021192354	51
2016.12.23	00:00:00	1.04442	1.04612	1.04346	1.04455	11043	7539429993	51
2016.12.23	04:00:00	1.04454	1.04465	1.04225	1.04324	13420	12276826415	51
2016.12.23	08:00:00	1.04327	1.04449	1.04263	1.04280	13312	11300686932	51
2016.12.23	12:00:00	1.04280	1.04433	1.04156	1.04238	19836	12223589780	51
2016.12.23	16:00:00	1.04237	1.04427	1.04234	1.04335	20216	13476862953	51
2016.12.23	20:00:00	1.04335	1.04349	1.04040	1.04065	6595	4783850000	51
2016.12.26	04:00:00	1.04343	1.04370	1.04199	1.04219	2858	1696600000	0
2016.12.26	08:00:00	1.04219	1.04318	1.02869	1.04216	3646	2256900000	57
2016.12.26	12:00:00	1.02918	1.04434	1.02912	1.03888	1348	1202300000	256
2016.12.26	16:00:00	1.03887	1.04048	1.03806	1.03887	884	768650000	253
2016.12.26	20:00:00	1.04006	1.04177	1.03751	1.04038	2381	2218050000	160
2016.12.27	00:00:00	1.03924	1.04323	1.03894	1.04225	9471	8097441811	34
2016.12.27	04:00:00	1.04229	1.04332	1.04202	1.04291	9884	7909200000	54
2016.12.27	08:00:00	1.04293	1.04356	1.04164	1.04353	11034	9734102203	51
2016.12.27	12:00:00	1.04351	1.04400	1.04293	1.04368	11644	8761043213	51
2016.12.27	16:00:00	1.04368	1.04388	1.04250	1.04316	13484	11867637228	51
2016.12.27	20:00:00	1.04316	1.04353	1.04225	1.04241	8333	5711427329	51
2016.12.28	00:00:00	1.04137	1.04330	1.04110	1.04287	9559	6173702864	0
2016.12.28	04:00:00	1.04289	1.04293	1.03947	1.04168	11307	8400753713	51
2016.12.28	08:00:00	1.04167	1.04226	1.03851	1.03861	14530	10770241367	51
2016.12.28	12:00:00	1.03861	1.03912	1.03779	1.03836	18007	11940313893	51
2016.12.28	16:00:00	1.03835	1.03979	1.03708	1.03851	18462	11960725548	51
2016.12.28	20:00:00	1.03851	1.03906	1.03655	1.03663	16397	14285849904	34
2016.12.29	00:00:00	1.03624	1.03891	1.03490	1.03891	16032	13589359362	56
2016.12.29	04:00:00	1.03891	1.03988	1.03778	1.03781	16141	8843581091	51
2016.12.29	08:00:00	1.03783	1.03824	1.03538	1.03582	19579	15531110002	51
2016.12.29	12:00:00	1.03583	1.03761	1.03565	1.03643	18182	14373098286	51
2016.12.29	16:00:00	1.03643	1.03837	1.03580	1.03671	21778	16495361975	51
2016.12.29	20:00:00	1.03633	1.03745	1.03554	1.03636	13629	11015805261	51
2016.12.30	00:00:00	1.03599	1.03959	1.03518	1.03887	21243	12659305345	0
2016.12.30	04:00:00	1.03885	1.03955	1.03818	1.03886	20648	14238830092	51
2016.12.30	08:00:00	1.03887	1.03969	1.03778	1.03808	23509	21050066023	51
2016.12.30	12:00:00	1.03807	1.03905	1.03698	1.03842	22782	20557277192	51
2016.12.30	16:00:00	1.03842	1.03965	1.03726	1.03941	26761	21150456224	51
2016.12.30	20:00:00	1.03934	1.03973	1.03613	1.03613	14944	11124284099	55
2017.01.02	00:00:00	1.03775	1.03905	1.03477	1.03792	2127	1650200000	243
2017.01.02	04:00:00	1.03782	1.03975	1.03646	1.03916	2773	2330000000	184
2017.01.02	08:00:00	1.03916	1.03946	1.03441	1.03586	25285	20209584545	51
2017.01.02	12:00:00	1.03582	1.03736	1.03426	1.03445	18151	12836508244	51
2017.01.02	16:00:00	1.03481	1.03539	1.03222	1.03440	10559	9755360000	51
2017.01.02	20:00:00	1.03440	1.03712	1.03175	1.03500	12695	12662100000	86
2017.01.03	00:00:00	1.03499	1.03913	1.03410	1.03826	11505	9861302419	0
2017.01.03	04:00:00	1.03836	1.03945	1.03675	1.03774	13228	10315106549	51
2017.01.03	08:00:00	1.03774	1.03972	1.03668	1.03965	21140	18169300877	51
2017.01.03	12:00:00	1.03965	1.04387	1.03965	1.04345	24133	19856772118	51
2017.01.03	16:00:00	1.04345	1.04602	1.04265	1.04271	37232	25870373071	51
2017.01.03	20:00:00	1.04267	1.04518	1.04258	1.04302	14584	11628960478	45
2017.01.04	00:00:00	1.04218	1.04851	1.04216	1.04752	17541	11133911239	51
2017.01.04	04:00:00	1.04754	1.04842	1.04634	1.04642	19532	14629219388	51
2017.01.04	08:00:00	1.04645	1.04802	1.04472	1.04692	26151	19386366141	51
2017.01.04	12:00:00	1.04692	1.04724	1.04382	1.04522	28911	23717732418	51
2017.01.04	16:00:00	1.04521	1.04729	1.04509	1.04615	32382	26886942856	51
2017.01.04	20:00:00	1.04612	1.04646	1.04399	1.04500	21763	18320393364	51
2017.01.05	00:00:00	1.04371	1.04584	1.04273	1.04354	24210	18634065744	0
2017.01.05	04:00:00	1.04355	1.04484	1.04241	1.04386	29083	24056622077	52
2017.01.05	08:00:00	1.04387	1.04621	1.04210	1.04534	36395	28466756350	51
2017.01.05	12:00:00	1.04532	1.04760	1.04496	1.04686	34125	24706204925	51
2017.01.05	16:00:00	1.04683	1.04750	1.04364	1.04388	44796	29327808995	51
2017.01.05	20:00:00	1.04383	1.04540	1.04346	1.04386	13393	13807016517	52
2017.01.06	00:00:00	1.04367	1.04661	1.04242	1.04500	18956	12095044027	52
2017.01.06	04:00:00	1.04499	1.04514	1.04287	1.04306	20167	13701232412	51
2017.01.06	08:00:00	1.04307	1.04592	1.04226	1.04475	22417	18930910013	51
2017.01.06	12:00:00	1.04477	1.04652	1.04229	1.04604	30156	25043637221	51
2017.01.06	16:00:00	1.04604	1.04778	1.04522	1.04746	37514	27832776373	51
2017.01.06	20:00:00	1.04743	1.04890	1.04598	1.04598	10780	8475708692	48
2017.01.09	00:00:00	1.04616	1.05061	1.04588	1.05019	13496	13328298948	36
2017.01.09	04:00:00	1.05019	1.05156	1.04996	1.05051	17455	11974457157	51
2017.01.09	08:00:00	1.05054	1.05148	1.04904	1.04950	24934	22441476029	52
2017.01.09	12:00:00	1.04950	1.05092	1.04821	1.04917	28146	28477476395	51
2017.01.09	16:00:00	1.04914	1.04960	1.04729	1.04775	30223	27828992894	51
2017.01.09	20:00:00	1.04772	1.04879	1.04763	1.04791	11384	9905475605	51
2017.01.10	00:00:00	1.04752	1.04911	1.04619	1.04772	14577	11473118850	0
2017.01.10	04:00:00	1.04772	1.04887	1.04709	1.04862	28181	15240862849	51
2017.01.10	08:00:00	1.04865	1.05102	1.04806	1.04964	29314	21712345248	51
2017.01.10	12:00:00	1.04964	1.05420	1.04951	1.05267	25025	20521513489	51
2017.01.10	16:00:00	1.05267	1.05476	1.05188	1.05338	35074	28888419474	51
2017.01.10	20:00:00	1.05337	1.05453	1.05326	1.05378	12801	10103010014	51
2017.01.11	00:00:00	1.05305	1.05611	1.05266	1.05417	13313	8954481099	0
2017.01.11	04:00:00	1.05414	1.05547	1.05343	1.05431	22639	16630592790	51
2017.01.11	08:00:00	1.05430	1.05530	1.05260	1.05281	22579	21192065892	51
2017.01.11	12:00:00	1.05281	1.05591	1.05269	1.05434	25473	15865355672	51
2017.01.11	16:00:00	1.05434	1.05692	1.05329	1.05512	54139	25181101558	51
2017.01.11	20:00:00	1.05509	1.05579	1.05290	1.05410	34815	21392304095	51
2017.01.12	00:00:00	1.05430	1.05528	1.05315	1.05458	23088	18788884628	0
2017.01.12	04:00:00	1.05457	1.05562	1.05353	1.05445	28876	24858748884	52
2017.01.12	08:00:00	1.05446	1.05513	1.05202	1.05325	37377	32010026915	51
2017.01.12	12:00:00	1.05328	1.05495	1.05314	1.05324	34025	26347592084	51
2017.01.12	16:00:00	1.05325	1.05364	1.05018	1.05181	35271	21753486867	51
2017.01.12	20:00:00	1.05182	1.05427	1.05160	1.05398	17786	10754324299	51
2017.01.13	00:00:00	1.05265	1.05508	1.05121	1.05371	17162	8296805417	0
2017.01.13	04:00:00	1.05371	1.05385	1.05022	1.05269	21404	13096069098	51
2017.01.13	08:00:00	1.05267	1.05412	1.05103	1.05212	26999	19706977415	52
2017.01.13	12:00:00	1.05213	1.05225	1.04958	1.05136	32148	22160255143	51
2017.01.13	16:00:00	1.05130	1.05386	1.05124	1.05256	45160	33103904123	51
2017.01.13	20:00:00	1.05251	1.05313	1.04985	1.04985	12594	11328183259	52
2017.01.16	00:00:00	1.05059	1.05384	1.04953	1.05313	16000	14991576222	0
2017.01.16	04:00:00	1.05320	1.05405	1.05217	1.05358	17420	15806648092	54
2017.01.16	08:00:00	1.05358	1.05398	1.05170	1.05295	24813	21216035443	51
2017.01.16	12:00:00	1.05298	1.05420	1.05202	1.05228	19388	15704599870	51
2017.01.16	16:00:00	1.05227	1.05369	1.05138	1.05241	14655	11088513650	51
2017.01.16	20:00:00	1.05248	1.05302	1.05132	1.05170	15583	12698229475	51
2017.01.17	00:00:00	1.05185	1.05259	1.05089	1.05137	11912	10552896694	56
2017.01.17	04:00:00	1.05140	1.05248	1.05056	1.05187	20864	15792612954	52
2017.01.17	08:00:00	1.05187	1.05227	1.04971	1.05016	37198	20413833721	51
2017.01.17	12:00:00	1.05016	1.05075	1.04877	1.04900	50821	26356674944	51
2017.01.17	16:00:00	1.04903	1.04997	1.04783	1.04854	39509	19342228737	51
2017.01.17	20:00:00	1.04852	1.04940	1.04766	1.04781	12420	7687881213	51
2017.01.18	00:00:00	1.04782	1.04895	1.04693	1.04695	15551	11649487194	53
2017.01.18	04:00:00	1.04694	1.04875	1.04623	1.04874	19229	14217489402	53
2017.01.18	08:00:00	1.04876	1.04921	1.04719	1.04875	20789	16088322657	51
2017.01.18	12:00:00	1.04876	1.05064	1.04803	1.04976	24450	19177939161	51
2017.01.18	16:00:00	1.04973	1.05220	1.04888	1.05144	31810	22317975578	51
2017.01.18	20:00:00	1.05140	1.05339	1.05072	1.05329	23490	18623513855	44
2017.01.19	00:00:00	1.05319	1.05359	1.05181	1.05307	18033	11623043103	51
2017.01.19	04:00:00	1.05309	1.05345	1.05240	1.05274	18714	9604442655	51
2017.01.19	08:00:00	1.05274	1.05413	1.05028	1.05211	32104	26869421227	51
2017.01.19	12:00:00	1.05212	1.05327	1.05163	1.05212	36828	32729084342	51
2017.01.19	16:00:00	1.05213	1.05378	1.05144	1.05196	47269	34262534336	51
2017.01.19	20:00:00	1.05190	1.05250	1.05068	1.05072	19025	18714398919	50
2017.01.20	00:00:00	1.05018	1.05236	1.04918	1.04968	21127	17199178129	51
2017.01.20	04:00:00	1.04964	1.05154	1.04927	1.05018	21398	18071777398	51
2017.01.20	08:00:00	1.05021	1.05361	1.04911	1.05236	30888	22604953351	51
2017.01.20	12:00:00	1.05237	1.05479	1.05190	1.05427	32981	24841602033	51
2017.01.20	16:00:00	1.05429	1.05522	1.05373	1.05420	50642	43354649693	51
2017.01.20	20:00:00	1.05419	1.05423	1.05171	1.05171	21036	20135799576	52
2017.01.23	00:00:00	1.05263	1.05450	1.05096	1.05123	16486	13642492010	0
2017.01.23	04:00:00	1.05123	1.05199	1.05001	1.05079	20180	18143176838	51
2017.01.23	08:00:00	1.05079	1.05150	1.04879	1.05120	30794	29695522836	51
2017.01.23	12:00:00	1.05120	1.05248	1.05021	1.05043	28602	26831738854	51
2017.01.23	16:00:00	1.05043	1.05137	1.04723	1.04775	41649	35591016656	34
2017.01.23	20:00:00	1.04769	1.04886	1.04756	1.04811	14618	15979491964	51
2017.01.24	00:00:00	1.04763	1.04899	1.04533	1.04850	15009	10406601466	41
2017.01.24	04:00:00	1.04852	1.04882	1.04622	1.04703	18283	14091266339	51
2017.01.24	08:00:00	1.04700	1.04814	1.04605	1.04614	23794	17855763643	51
2017.01.24	12:00:00	1.04615	1.04759	1.04530	1.04565	24472	21789045525	51
2017.01.24	16:00:00	1.04566	1.04569	1.04380	1.04465	30796	24216930862	51
2017.01.24	20:00:00	1.04459	1.04642	1.04444	1.04576	12444	6782070551	51
2017.01.25	00:00:00	1.04601	1.04671	1.04091	1.04162	17867	11646022904	0
2017.01.25	04:00:00	1.04163	1.04214	1.04044	1.04124	17998	12769486927	51
2017.01.25	08:00:00	1.04127	1.04188	1.03827	1.04050	28239	19216780304	51
2017.01.25	12:00:00	1.04051	1.04117	1.03924	1.04088	31521	24108095331	51
2017.01.25	16:00:00	1.04087	1.04189	1.03976	1.04184	39391	29627935978	51
2017.01.25	20:00:00	1.04179	1.04372	1.03650	1.03702	19792	17427865319	48
2017.01.26	00:00:00	1.03746	1.03878	1.03564	1.03789	16830	13510879565	46
2017.01.26	04:00:00	1.03788	1.03938	1.03786	1.03908	13560	7704447041	51
2017.01.26	08:00:00	1.03907	1.03949	1.03801	1.03880	25467	18123731106	51
2017.01.26	12:00:00	1.03878	1.04236	1.03847	1.04118	34691	25587685794	51
2017.01.26	16:00:00	1.04118	1.04177	1.04014	1.04149	35353	27030566107	51
2017.01.26	20:00:00	1.04144	1.04169	1.03914	1.03945	17933	16172668866	51
2017.01.27	00:00:00	1.03868	1.04002	1.03813	1.03975	15726	10187714262	0
2017.01.27	04:00:00	1.03974	1.03975	1.03786	1.03805	17182	12931346166	51
2017.01.27	08:00:00	1.03803	1.03941	1.03667	1.03729	27671	19805858505	51
2017.01.27	12:00:00	1.03732	1.03981	1.03686	1.03944	32559	27965142987	51
2017.01.27	16:00:00	1.03942	1.04050	1.03762	1.03985	38056	31547564347	51
2017.01.27	20:00:00	1.03984	1.03992	1.03788	1.03789	10717	9013644803	52
2017.01.30	00:00:00	1.03758	1.03918	1.03710	1.03894	17033	17514798182	51
2017.01.30	04:00:00	1.03894	1.04005	1.03810	1.03987	14521	13578077639	51
2017.01.30	08:00:00	1.03987	1.04148	1.03908	1.04041	23176	19636915736	51
2017.01.30	12:00:00	1.04041	1.04075	1.03848	1.03918	28733	24464464360	51
2017.01.30	16:00:00	1.03918	1.03969	1.03609	1.03615	32146	24070674267	34
2017.01.30	20:00:00	1.03611	1.03680	1.03599	1.03613	12740	13124970015	53
2017.01.31	00:00:00	1.03569	1.03864	1.03569	1.03775	14403	11506881143	53
2017.01.31	04:00:00	1.03776	1.03797	1.03643	1.03661	18271	12316163664	51
2017.01.31	08:00:00	1.03663	1.03756	1.03617	1.03708	25268	20831219631	51
2017.01.31	12:00:00	1.03707	1.03760	1.03508	1.03562	33367	27455980749	51
2017.01.31	16:00:00	1.03562	1.03574	1.03318	1.03318	40804	28567043623	51
2017.01.31	20:00:00	1.03316	1.03809	1.03234	1.03659	18249	16521271169	42
2017.02.01	00:00:00	1.03645	1.04061	1.03645	1.03863	16870	12548682658	51
2017.02.01	04:00:00	1.03863	1.04140	1.03820	1.04019	14634	8613977742	52
2017.02.01	08:00:00	1.04019	1.04310	1.03949	1.04241	21865	15837012065	51
2017.02.01	12:00:00	1.04241	1.04290	1.04083	1.04194	26345	24386280719	51
2017.02.01	16:00:00	1.04193	1.04364	1.04054	1.04346	28779	22493153193	51
2017.02.01	20:00:00	1.04336	1.04358	1.04036	1.04154	27193	24816080790	51
2017.02.02	00:00:00	1.04120	1.04633	1.04082	1.04492	23235	19694526446	51
2017.02.02	04:00:00	1.04494	1.04759	1.04478	1.04724	18783	13246282526	51
2017.02.02	08:00:00	1.04724	1.05027	1.04651	1.04940	25726	17510956217	51
2017.02.02	12:00:00	1.04940	1.05031	1.04693	1.04909	32413	26459546796	51
2017.02.02	16:00:00	1.04909	1.05116	1.04887	1.05097	32231	25818936233	51
2017.02.02	20:00:00	1.05091	1.05161	1.05003	1.05026	12481	11459987580	51
2017.02.03	00:00:00	1.05000	1.05124	1.04914	1.04928	14601	11356067437	51
2017.02.03	04:00:00	1.04926	1.05193	1.04900	1.05146	19911	13141215563	51
2017.02.03	08:00:00	1.05147	1.05273	1.05135	1.05148	20301	14104641598	51
2017.02.03	12:00:00	1.05148	1.05208	1.04887	1.04979	29010	24869929163	51
2017.02.03	16:00:00	1.04979	1.05035	1.04832	1.04921	34869	33339534949	51
2017.02.03	20:00:00	1.04918	1.05041	1.04704	1.04704	16762	13995667311	51
2017.02.06	00:00:00	1.04826	1.05041	1.04665	1.04697	16677	15867606676	0
2017.02.06	04:00:00	1.04696	1.04787	1.04622	1.04734	14279	9651733366	34
2017.02.06	08:00:00	1.04735	1.04805	1.04625	1.04795	23001	20010158797	51
2017.02.06	12:00:00	1.04797	1.04810	1.04626	1.04783	25593	25170953455	51
2017.02.06	16:00:00	1.04783	1.04838	1.04571	1.04614	27548	26563632782	51
2017.02.06	20:00:00	1.04616	1.04673	1.04550	1.04562	15688	14694544833	34
2017.02.07	00:00:00	1.04529	1.04627	1.04367	1.04447	12610	7021258238	51
2017.02.07	04:00:00	1.04447	1.04455	1.03764	1.04272	24193	16236897171	51
2017.02.07	08:00:00	1.04272	1.04400	1.04065	1.04324	26930	22684834135	51
2017.02.07	12:00:00	1.04323	1.04443	1.04305	1.04376	26024	21280313522	51
2017.02.07	16:00:00	1.04376	1.04520	1.04310	1.04347	28972	23812559486	51
2017.02.07	20:00:00	1.04347	1.04456	1.04258	1.04444	14954	11806681331	41
2017.02.08	00:00:00	1.04418	1.04512	1.04257	1.04310	16804	14050959574	51
2017.02.08	04:00:00	1.04314	1.04645	1.04309	1.04629	15933	12645638953	51
2017.02.08	08:00:00	1.04629	1.04723	1.04474	1.04533	24171	21972406113	51
2017.02.08	12:00:00	1.04533	1.04599	1.04389	1.04498	24509	21337272913	51
2017.02.08	16:00:00	1.04501	1.04625	1.04353	1.04405	34220	26371987739	51
2017.02.08	20:00:00	1.04405	1.05276	1.04388	1.05199	21323	15355771884	38
2017.02.09	00:00:00	1.05162	1.05544	1.05147	1.05446	15954	11031328877	51
2017.02.09	04:00:00	1.05443	1.05950	1.05443	1.05851	18153	10413614890	51
2017.02.09	08:00:00	1.05851	1.06075	1.05695	1.06003	23150	17548916242	51
2017.02.09	12:00:00	1.06003	1.06086	1.05929	1.06007	23380	20009641199	51
2017.02.09	16:00:00	1.06005	1.06287	1.05990	1.06180	33107	23771592157	34
2017.02.09	20:00:00	1.06176	1.06195	1.05964	1.06037	14911	12795850759	40
2017.02.10	00:00:00	1.06100	1.06169	1.05927	1.06101	16819	11518071950	40
2017.02.10	04:00:00	1.06100	1.06340	1.06083	1.06276	17091	14484322314	51
2017.02.10	08:00:00	1.06275	1.06390	1.06179	1.06310	21671	18845611142	51
2017.02.10	12:00:00	1.06310	1.06497	1.06264	1.06492	25781	20138677584	51
2017.02.10	16:00:00	1.06492	1.06726	1.06399	1.06683	30383	24421699653	51
2017.02.10	20:00:00	1.06683	1.06713	1.06365	1.06365	17228	14410699584	51
2017.02.13	00:00:00	1.06468	1.06723	1.06336	1.06630	15824	13445049572	0
2017.02.13	04:00:00	1.06629	1.06654	1.06313	1.06392	14387	12626084881	51
2017.02.13	08:00:00	1.06392	1.06600	1.06294	1.06598	22723	19930073212	51
2017.02.13	12:00:00	1.06597	1.06765	1.06560	1.06656	20349	16786459400	51
2017.02.13	16:00:00	1.06658	1.06686	1.06459	1.06565	25993	20069448592	51
2017.02.13	20:00:00	1.06561	1.06607	1.06425	1.06461	12459	10574935138	36
2017.02.14	00:00:00	1.06388	1.06917	1.06304	1.06782	13261	8520493539	51
2017.02.14	04:00:00	1.06781	1.06881	1.06682	1.06690	15441	8049886448	51
2017.02.14	08:00:00	1.06690	1.06948	1.06668	1.06902	24534	17903861265	51
2017.02.14	12:00:00	1.06902	1.06992	1.06859	1.06944	24741	21736733487	51
2017.02.14	16:00:00	1.06946	1.06982	1.06694	1.06827	41500	28256917686	51
2017.02.14	20:00:00	1.06821	1.06889	1.06764	1.06863	16724	14053576526	51
2017.02.15	00:00:00	1.06834	1.07041	1.06816	1.06954	15474	12613123224	0
2017.02.15	04:00:00	1.06954	1.07042	1.06845	1.06866	14323	8183487766	51
2017.02.15	08:00:00	1.06868	1.07027	1.06788	1.06947	22562	17944442419	51
2017.02.15	12:00:00	1.06945	1.07028	1.06730	1.06781	25499	20139200832	51
2017.02.15	16:00:00	1.06781	1.07051	1.06665	1.06815	42612	30794359708	51
2017.02.15	20:00:00	1.06806	1.06856	1.06685	1.06692	15628	13858703279	35
2017.02.16	00:00:00	1.06688	1.06932	1.06524	1.06705	21236	16073038749	51
2017.02.16	04:00:00	1.06705	1.06762	1.06622	1.06702	17761	13757737788	51
2017.02.16	08:00:00	1.06701	1.06746	1.06435	1.06444	26026	22850118057	51
2017.02.16	12:00:00	1.06442	1.06830	1.06370	1.06721	29501	20402929799	51
2017.02.16	16:00:00	1.06722	1.06821	1.06393	1.06464	37973	31706784421	51
2017.02.16	20:00:00	1.06459	1.06698	1.06326	1.06641	19128	16732629535	36
2017.02.17	00:00:00	1.06594	1.06772	1.06537	1.06771	14814	11306493013	51
2017.02.17	04:00:00	1.06771	1.07058	1.06736	1.06962	16335	11019175537	51
2017.02.17	08:00:00	1.06961	1.07069	1.06537	1.06593	28173	28036047038	51
2017.02.17	12:00:00	1.06591	1.06714	1.06469	1.06558	25657	22467079091	51
2017.02.17	16:00:00	1.06557	1.06770	1.06518	1.06600	28682	25738746440	51
2017.02.17	20:00:00	1.06597	1.06783	1.06487	1.06487	10640	8014548779	42
2017.02.20	00:00:00	1.06534	1.06882	1.06374	1.06850	14360	11561612353	0
2017.02.20	04:00:00	1.06850	1.07000	1.06829	1.06963	14705	9897758590	51
2017.02.20	08:00:00	1.06963	1.07006	1.06780	1.06818	16903	12965958873	51
2017.02.20	12:00:00	1.06816	1.06846	1.06692	1.06752	16065	16720509352	51
2017.02.20	16:00:00	1.06752	1.06965	1.06699	1.06965	10566	9410856574	51
2017.02.20	20:00:00	1.06962	1.06962	1.06802	1.06844	12278	9655269858	51
2017.02.21	00:00:00	1.06847	1.07204	1.06693	1.07114	17444	13330402842	51
2017.02.21	04:00:00	1.07113	1.07200	1.07088	1.07142	14707	9875329433	51
2017.02.21	08:00:00	1.07142	1.07289	1.07081	1.07266	20635	16998316449	51
2017.02.21	12:00:00	1.07266	1.07355	1.07151	1.07275	21001	17008413480	51
2017.02.21	16:00:00	1.07277	1.07286	1.06997	1.07113	23954	21661592447	51
2017.02.21	20:00:00	1.07106	1.07213	1.07093	1.07102	11124	7323570785	47
2017.02.22	00:00:00	1.07081	1.07331	1.07062	1.07275	11760	8826957798	51
2017.02.22	04:00:00	1.07278	1.07408	1.07189	1.07353	12377	8863446166	51
2017.02.22	08:00:00	1.07353	1.07467	1.07151	1.07200	21879	17498054123	51
2017.02.22	12:00:00	1.07200	1.07275	1.07068	1.07223	20687	18921823382	51
2017.02.22	16:00:00	1.07223	1.07390	1.07214	1.07359	27001	21998293321	51
2017.02.22	20:00:00	1.07339	1.07407	1.07041	1.07073	19131	17255995837	51
2017.02.23	00:00:00	1.07091	1.07195	1.06608	1.06762	15224	12310132141	0
2017.02.23	04:00:00	1.06759	1.06857	1.06580	1.06696	16912	12809057537	51
2017.02.23	08:00:00	1.06695	1.06913	1.06641	1.06753	21019	17724566144	51
2017.02.23	12:00:00	1.06753	1.06939	1.06734	1.06869	28050	22613835558	51
2017.02.23	16:00:00	1.06869	1.06937	1.06588	1.06695	28298	23235255602	51
2017.02.23	20:00:00	1.06690	1.06738	1.06584	1.06678	11092	9192696757	51
2017.02.24	00:00:00	1.06638	1.06712	1.06462	1.06645	11352	8431413353	0
2017.02.24	04:00:00	1.06643	1.06860	1.06566	1.06789	13872	10105191801	52
2017.02.24	08:00:00	1.06789	1.06813	1.06523	1.06559	18099	16117336279	51
2017.02.24	12:00:00	1.06560	1.06626	1.06402	1.06511	26631	20724474665	51
2017.02.24	16:00:00	1.06515	1.06718	1.06438	1.06678	28626	22579075295	51
2017.02.24	20:00:00	1.06678	1.06685	1.06096	1.06338	9617	8599898873	41
2017.02.27	00:00:00	1.06584	1.06757	1.06532	1.06748	16130	12614277708	0
2017.02.27	04:00:00	1.06748	1.06894	1.06745	1.06776	15577	9966932584	51
2017.02.27	08:00:00	1.06776	1.06838	1.06490	1.06643	19545	15598052439	51
2017.02.27	12:00:00	1.06644	1.06727	1.06519	1.06528	15881	15617053963	51
2017.02.27	16:00:00	1.06528	1.06603	1.06435	1.06560	25860	23073462952	51
2017.02.27	20:00:00	1.06552	1.06720	1.06538	1.06610	11817	10578918814	36
2017.02.28	00:00:00	1.06577	1.06919	1.06577	1.06886	11293	6652554201	51
2017.02.28	04:00:00	1.06885	1.06961	1.06728	1.06818	12535	7670274971	51
2017.02.28	08:00:00	1.06816	1.06876	1.06661	1.06725	18115	15461051532	51
2017.02.28	12:00:00	1.06727	1.06746	1.06452	1.06453	20408	19271049663	51
2017.02.28	16:00:00	1.06453	1.06530	1.06148	1.06215	29779	24164398723	51
2017.02.28	20:00:00	1.06215	1.06511	1.06184	1.06423	20055	17038389628	51
2017.03.01	00:00:00	1.06406	1.07171	1.06332	1.07027	21850	13967788556	0
2017.03.01	04:00:00	1.07027	1.07292	1.06982	1.07240	31986	25014410552	51
2017.03.01	08:00:00	1.07240	1.07633	1.07217	1.07439	27142	19452752690	51
2017.03.01	12:00:00	1.07438	1.07638	1.07315	1.07540	28541	23180975965	51
2017.03.01	16:00:00	1.07540	1.07548	1.07220	1.07478	29923	23865974466	51
2017.03.01	20:00:00	1.07474	1.07495	1.07112	1.07382	15712	13370577348	51
2017.03.02	00:00:00	1.07320	1.07634	1.07130	1.07269	17553	13350421301	51
2017.03.02	04:00:00	1.07268	1.07365	1.07133	1.07314	15068	11315484552	51
2017.03.02	08:00:00	1.07316	1.07565	1.07199	1.07230	23986	19833159145	51
2017.03.02	12:00:00	1.07231	1.07299	1.07024	1.07095	27784	24472958191	51
2017.03.02	16:00:00	1.07095	1.07211	1.06961	1.07152	30137	22023191269	51
2017.03.02	20:00:00	1.07148	1.07231	1.07058	1.07182	12892	10985970012	51
2017.03.03	00:00:00	1.07151	1.07321	1.07114	1.07203	14100	10595019234	0
2017.03.03	04:00:00	1.07199	1.07499	1.07109	1.07353	19016	14736877667	51
2017.03.03	08:00:00	1.07352	1.07556	1.07344	1.07452	21668	19624558399	51
2017.03.03	12:00:00	1.07451	1.07647	1.07443	1.07599	23438	22276727019	51
2017.03.03	16:00:00	1.07599	1.07935	1.07587	1.07780	27543	25804492870	51
2017.03.03	20:00:00	1.07779	1.07911	1.07589	1.07589	26647	23362483282	44
2017.03.06	00:00:00	1.07857	1.08010	1.07766	1.07957	16811	14020456364	0
2017.03.06	04:00:00	1.07957	1.08094	1.07842	1.08085	13778	8231011781	51
2017.03.06	08:00:00	1.08085	1.08137	1.07860	1.08056	22986	15590348560	51
2017.03.06	12:00:00	1.08058	1.08196	1.08006	1.08152	18054	13654574397	51
2017.03.06	16:00:00	1.08152	1.08405	1.08150	1.08309	25503	18243370994	51
2017.03.06	20:00:00	1.08297	1.08405	1.08297	1.08343	12388	8710630583	34
2017.03.07	00:00:00	1.08306	1.08631	1.08266	1.08472	11918	7026872324	34
2017.03.07	04:00:00	1.08473	1.08843	1.08386	1.08727	21542	13380076618	51
2017.03.07	08:00:00	1.08727	1.08897	1.08645	1.08694	22886	15420437150	51
2017.03.07	12:00:00	1.08694	1.08865	1.08560	1.08800	20791	15744921764	51
2017.03.07	16:00:00	1.08798	1.08931	1.08732	1.08857	25316	17629235027	51
2017.03.07	20:00:00	1.08858	1.09139	1.08853	1.09052	13918	8232937445	46
2017.03.08	00:00:00	1.09014	1.09121	1.08970	1.09022	12891	7141661027	50
2017.03.08	04:00:00	1.09019	1.09241	1.08961	1.09038	18190	10057149713	34
2017.03.08	08:00:00	1.09039	1.09062	1.08730	1.08877	25799	15527221700	51
2017.03.08	12:00:00	1.08876	1.08980	1.08736	1.08785	26398	16906738651	51
2017.03.08	16:00:00	1.08790	1.09061	1.08735	1.09048	29742	18565640760	51
2017.03.08	20:00:00	1.09047	1.09070	1.08803	1.08808	17827	10700875708	51
2017.03.09	00:00:00	1.08788	1.09010	1.08755	1.08940	14127	7580979227	51
2017.03.09	04:00:00	1.08943	1.08967	1.08778	1.08875	17823	8604113151	51
2017.03.09	08:00:00	1.08873	1.09050	1.08578	1.08688	29864	20998785240	51
2017.03.09	12:00:00	1.08687	1.08819	1.08577	1.08792	33312	23345584163	51
2017.03.09	16:00:00	1.08794	1.08938	1.08685	1.08851	30356	18799397846	51
2017.03.09	20:00:00	1.08843	1.08851	1.08732	1.08752	16400	11492876436	35
2017.03.10	00:00:00	1.08692	1.08942	1.08615	1.08866	12457	6099695518	51
2017.03.10	04:00:00	1.08864	1.08888	1.08714	1.08779	15023	8401644935	51
2017.03.10	08:00:00	1.08779	1.08883	1.08700	1.08775	20562	13244556020	51
2017.03.10	12:00:00	1.08775	1.08980	1.08588	1.08787	29144	18864881290	51
2017.03.10	16:00:00	1.08787	1.08958	1.08666	1.08865	41616	26317604328	51
2017.03.10	20:00:00	1.08871	1.08961	1.08749	1.08948	13994	9918838494	51
2017.03.13	00:00:00	1.08805	1.09135	1.08784	1.09072	15903	9450959552	51
2017.03.13	04:00:00	1.09073	1.09169	1.08936	1.09068	17155	9884771855	51
2017.03.13	08:00:00	1.09068	1.09243	1.08961	1.09187	26747	19473345295	51
2017.03.13	12:00:00	1.09185	1.09359	1.09093	1.09340	24514	19135221060	51
2017.03.13	16:00:00	1.09340	1.09453	1.09303	1.09417	23243	17031871063	51
2017.03.13	20:00:00	1.09409	1.09468	1.09262	1.09321	9995	7203080441	51
2017.03.14	00:00:00	1.09319	1.09436	1.09092	1.09124	16696	9525845126	0
2017.03.14	04:00:00	1.09124	1.09255	1.09105	1.09200	13447	6276956579	51
2017.03.14	08:00:00	1.09200	1.09374	1.09158	1.09357	24264	15229794434	51
2017.03.14	12:00:00	1.09359	1.09398	1.09185	1.09211	25942	20475659181	51
2017.03.14	16:00:00	1.09211	1.09261	1.09055	1.09202	26662	20814575029	51
2017.03.14	20:00:00	1.09202	1.09265	1.09150	1.09177	12072	10161884960	51
2017.03.15	00:00:00	1.09175	1.09210	1.09033	1.09181	13858	6875310086	0
2017.03.15	04:00:00	1.09181	1.09216	1.09090	1.09147	15291	9815279349	51
2017.03.15	08:00:00	1.09147	1.09305	1.09118	1.09236	22322	16565129526	51
2017.03.15	12:00:00	1.09237	1.09332	1.09151	1.09235	24233	16670627623	51
2017.03.15	16:00:00	1.09237	1.09292	1.09055	1.09122	25511	17717571725	51
2017.03.15	20:00:00	1.09122	1.09965	1.08887	1.09877	43134	26926336944	51
2017.03.16	00:00:00	1.09873	1.09873	1.09283	1.09587	24730	17759451962	0
2017.03.16	04:00:00	1.09586	1.09935	1.09566	1.09920	20431	14925977093	51
2017.03.16	08:00:00	1.09920	1.09938	1.09651	1.09750	27568	20320818995	51
2017.03.16	12:00:00	1.09747	1.10169	1.09725	1.10015	31365	25154796969	51
2017.03.16	16:00:00	1.10014	1.10110	1.09883	1.09942	27222	20115151262	51
2017.03.16	20:00:00	1.09942	1.09984	1.09767	1.09929	15469	11148713058	51
2017.03.17	00:00:00	1.09929	1.09995	1.09712	1.09826	17743	13201218382	0
2017.03.17	04:00:00	1.09825	1.10005	1.09767	1.09890	13919	9001278340	51
2017.03.17	08:00:00	1.09887	1.09962	1.09732	1.09735	21500	16008219690	51
2017.03.17	12:00:00	1.09733	1.09917	1.09524	1.09867	26179	20339148617	51
2017.03.17	16:00:00	1.09864	1.09915	1.09617	1.09640	25160	17683521567	51
2017.03.17	20:00:00	1.09639	1.09866	1.09586	1.09742	7270	4026506260	51
2017.03.20	00:00:00	1.09721	1.09766	1.09512	1.09628	10802	9245742298	0
2017.03.20	04:00:00	1.09629	1.09763	1.09480	1.09521	14150	9352143736	51
2017.03.20	08:00:00	1.09522	1.09767	1.09465	1.09734	23471	16438312848	51
2017.03.20	12:00:00	1.09734	1.09776	1.09601	1.09615	22881	17416289804	51
2017.03.20	16:00:00	1.09616	1.09710	1.09568	1.09600	24575	19188879934	51
2017.03.20	20:00:00	1.09595	1.09692	1.09466	1.09534	9757	7338849444	34
2017.03.21	00:00:00	1.09535	1.09648	1.09490	1.09502	16957	11137862917	51
2017.03.21	04:00:00	1.09502	1.09507	1.09270	1.09475	16667	9905858830	51
2017.03.21	08:00:00	1.09474	1.09588	1.09411	1.09522	25142	17066175196	51
2017.03.21	12:00:00	1.09520	1.09691	1.09509	1.09617	24397	19371905129	51
2017.03.21	16:00:00	1.09619	1.09644	1.09141	1.09340	34260	21840959791	51
2017.03.21	20:00:00	1.09336	1.09413	1.09071	1.09092	14830	8645223333	36
2017.03.22	00:00:00	1.09095	1.09154	1.08867	1.08993	17382	11542179284	51
2017.03.22	04:00:00	1.08991	1.09066	1.08779	1.08848	17636	10773020999	51
2017.03.22	08:00:00	1.08847	1.09014	1.08696	1.08975	27684	19530085691	51
2017.03.22	12:00:00	1.08975	1.09048	1.08887	1.08888	26313	18005089564	51
2017.03.22	16:00:00	1.08888	1.08909	1.08557	1.08582	32836	21894959674	51
2017.03.22	20:00:00	1.08579	1.09077	1.08571	1.08952	15639	10514208748	51
2017.03.23	00:00:00	1.08946	1.09016	1.08784	1.08843	15588	11784127044	51
2017.03.23	04:00:00	1.08840	1.08867	1.08678	1.08704	13873	9334560455	51
2017.03.23	08:00:00	1.08705	1.08758	1.08212	1.08422	23313	18125855764	51
2017.03.23	12:00:00	1.08422	1.08540	1.08235	1.08369	27434	18502906696	51
2017.03.23	16:00:00	1.08363	1.08527	1.08323	1.08495	32088	23080939228	51
2017.03.23	20:00:00	1.08494	1.08556	1.08398	1.08463	13457	8848522839	34
2017.03.24	00:00:00	1.08463	1.08677	1.08412	1.08597	13703	8909276611	35
2017.03.24	04:00:00	1.08597	1.08727	1.08511	1.08726	16432	11570912329	51
2017.03.24	08:00:00	1.08726	1.08858	1.08591	1.08631	21568	14676657135	51
2017.03.24	12:00:00	1.08628	1.08672	1.08427	1.08643	23223	17091661887	51
2017.03.24	16:00:00	1.08643	1.08658	1.08318	1.08345	25200	19263035277	51
2017.03.24	20:00:00	1.08346	1.08446	1.08216	1.08216	12931	7946627558	49
2017.03.27	00:00:00	1.08423	1.08572	1.08097	1.08120	13461	11849512931	0
2017.03.27	04:00:00	1.08117	1.08311	1.08048	1.08271	15977	13290764410	51
2017.03.27	08:00:00	1.08271	1.08281	1.08048	1.08175	23307	17318165400	51
2017.03.27	12:00:00	1.08175	1.08236	1.07985	1.07994	21049	17436651947	51
2017.03.27	16:00:00	1.07993	1.08164	1.07904	1.08163	25213	18124008384	51
2017.03.27	20:00:00	1.08158	1.08193	1.08084	1.08084	12639	10064092932	48
2017.03.28	00:00:00	1.08015	1.08332	1.08013	1.08303	10023	7110298182	51
2017.03.28	04:00:00	1.08307	1.08369	1.08131	1.08132	12423	8785407421	51
2017.03.28	08:00:00	1.08130	1.08325	1.08092	1.08283	22137	14573944261	51
2017.03.28	12:00:00	1.08281	1.08364	1.08162	1.08302	18739	14934800728	51
2017.03.28	16:00:00	1.08303	1.08749	1.08298	1.08737	27015	21418937422	51
2017.03.28	20:00:00	1.08736	1.08948	1.08727	1.08827	16096	11307468544	51
2017.03.29	00:00:00	1.08754	1.09223	1.08743	1.09130	10843	8538893353	0
2017.03.29	04:00:00	1.09131	1.09135	1.08988	1.09036	11291	9073558599	51
2017.03.29	08:00:00	1.09038	1.09152	1.08985	1.09046	20631	15586333318	51
2017.03.29	12:00:00	1.09045	1.09060	1.08827	1.08993	21809	16293489223	51
2017.03.29	16:00:00	1.08994	1.09070	1.08955	1.09000	20593	16298326790	51
2017.03.29	20:00:00	1.09000	1.09125	1.08944	1.09026	13731	9624431270	51
2017.03.30	00:00:00	1.08939	1.09092	1.08832	1.09071	8248	6018772759	51
2017.03.30	04:00:00	1.09072	1.09176	1.08996	1.09070	12907	9597918600	51
2017.03.30	08:00:00	1.09070	1.09247	1.08981	1.09147	18690	12102842703	51
2017.03.30	12:00:00	1.09148	1.09424	1.09130	1.09285	19552	12005133636	51
2017.03.30	16:00:00	1.09288	1.09305	1.09020	1.09216	24941	17491848363	51
2017.03.30	20:00:00	1.09216	1.09300	1.09178	1.09195	16448	11417948773	34
2017.03.31	00:00:00	1.09177	1.09389	1.09061	1.09377	10611	7255432830	51
2017.03.31	04:00:00	1.09372	1.09505	1.09266	1.09420	15967	12721669761	51
2017.03.31	08:00:00	1.09420	1.09637	1.09285	1.09410	20035	11867949436	51
2017.03.31	12:00:00	1.09411	1.09516	1.09307	1.09317	18924	11180433764	51
2017.03.31	16:00:00	1.09322	1.09365	1.08969	1.08987	25185	20896754071	51
2017.03.31	20:00:00	1.08987	1.09041	1.08630	1.08630	12499	8868580569	39
2017.04.03	00:00:00	1.08737	1.09023	1.08690	1.08901	8111	6073943868	0
2017.04.03	04:00:00	1.08903	1.08930	1.08507	1.08543	13872	8644021798	51
2017.04.03	08:00:00	1.08542	1.08818	1.08496	1.08592	17174	10365081777	51
2017.04.03	12:00:00	1.08594	1.08786	1.08578	1.08782	14269	10898704455	51
2017.04.03	16:00:00	1.08782	1.08839	1.08539	1.08612	22843	15867888548	51
2017.04.03	20:00:00	1.08612	1.08626	1.08381	1.08383	10493	8119645453	34
2017.04.04	00:00:00	1.08361	1.08466	1.08285	1.08343	9275	7681893011	51
2017.04.04	04:00:00	1.08341	1.08763	1.08302	1.08461	17159	14274732744	51
2017.04.04	08:00:00	1.08462	1.08511	1.08286	1.08307	19779	13894459903	51
2017.04.04	12:00:00	1.08307	1.08331	1.08085	1.08222	18956	13419860012	51
2017.04.04	16:00:00	1.08224	1.08479	1.08217	1.08424	21949	12532143722	51
2017.04.04	20:00:00	1.08425	1.08468	1.08348	1.08452	9246	6096743109	51
2017.04.05	00:00:00	1.08423	1.08517	1.08380	1.08413	7570	3978770209	0
2017.04.05	04:00:00	1.08413	1.08525	1.08383	1.08473	12295	8121107765	51
2017.04.05	08:00:00	1.08473	1.08688	1.08443	1.08547	19018	13297331775	51
2017.04.05	12:00:00	1.08547	1.08766	1.08534	1.08711	19323	13883853681	51
2017.04.05	16:00:00	1.08711	1.08944	1.08689	1.08912	23273	17559114986	51
2017.04.05	20:00:00	1.08911	1.08974	1.08535	1.08669	21223	15004532120	34
2017.04.06	00:00:00	1.08540	1.08668	1.08398	1.08418	11351	7591375132	51
2017.04.06	04:00:00	1.08421	1.08455	1.08106	1.08143	17811	10426007841	51
2017.04.06	08:00:00	1.08142	1.08285	1.08060	1.08270	21086	13908382258	51
2017.04.06	12:00:00	1.08271	1.08457	1.08186	1.08357	22445	14845706473	51
2017.04.06	16:00:00	1.08357	1.08373	1.08114	1.08189	22518	13881083834	51
2017.04.06	20:00:00	1.08189	1.08256	1.08145	1.08218	10706	6279183244	38
2017.04.07	00:00:00	1.08181	1.08237	1.08103	1.08123	6430	3772206231	51
2017.04.07	04:00:00	1.08123	1.08151	1.07933	1.07951	24641	15216572071	51
2017.04.07	08:00:00	1.07952	1.08068	1.07798	1.08001	19427	11855102633	51
2017.04.07	12:00:00	1.08001	1.08091	1.07596	1.07817	22894	14503587224	51
2017.04.07	16:00:00	1.07816	1.08066	1.07801	1.07992	28708	21130058175	51
2017.04.07	20:00:00	1.07993	1.08230	1.07955	1.07955	17733	12120005278	37
2017.04.10	00:00:00	1.07947	1.08255	1.07946	1.08224	11569	5342730088	0
2017.04.10	04:00:00	1.08223	1.08318	1.07866	1.07871	16585	10349936046	51
2017.04.10	08:00:00	1.07872	1.07922	1.07672	1.07751	17410	13379827508	51
2017.04.10	12:00:00	1.07748	1.07961	1.07729	1.07839	16729	15176677387	51
2017.04.10	16:00:00	1.07840	1.07855	1.07613	1.07684	21275	16851198774	51
2017.04.10	20:00:00	1.07682	1.07783	1.07652	1.07652	11227	7713295578	47
2017.04.11	00:00:00	1.07648	1.07911	1.07636	1.07902	9526	6217569379	51
2017.04.11	04:00:00	1.07902	1.07985	1.07796	1.07836	16788	11444168154	51
2017.04.11	08:00:00	1.07834	1.08066	1.07825	1.07991	20009	14073971493	51
2017.04.11	12:00:00	1.07993	1.08164	1.07959	1.08125	16168	13177229555	51
2017.04.11	16:00:00	1.08125	1.08127	1.07628	1.07845	30349	22750494492	51
2017.04.11	20:00:00	1.07846	1.07873	1.07680	1.07720	14130	11127927774	34
2017.04.12	00:00:00	1.07672	1.07881	1.07618	1.07782	10126	7733985385	51
2017.04.12	04:00:00	1.07782	1.07976	1.07674	1.07836	17922	12367920724	51
2017.04.12	08:00:00	1.07835	1.08147	1.07815	1.08024	18881	14701228176	51
2017.04.12	12:00:00	1.08023	1.08245	1.08010	1.08146	18728	13385336879	51
2017.04.12	16:00:00	1.08148	1.08252	1.07998	1.08017	26362	16154832012	51
2017.04.12	20:00:00	1.08018	1.08218	1.07825	1.07924	24587	15384643413	51
2017.04.13	00:00:00	1.07791	1.08011	1.07724	1.07772	14303	9746507459	0
2017.04.13	04:00:00	1.07773	1.08370	1.07691	1.08284	23724	15638615735	51
2017.04.13	08:00:00	1.08284	1.08447	1.08230	1.08272	22547	16786039847	51
2017.04.13	12:00:00	1.08277	1.08288	1.08102	1.08208	18834	13587948037	51
2017.04.13	16:00:00	1.08208	1.08303	1.08099	1.08132	23291	17129800026	51
2017.04.13	20:00:00	1.08132	1.08204	1.08065	1.08101	11195	8788184637	48
2017.04.14	00:00:00	1.08002	1.08265	1.07948	1.08075	12244	10346236979	34
2017.04.14	04:00:00	1.08075	1.08311	1.08046	1.08235	14130	10936218739	52
2017.04.14	08:00:00	1.08231	1.08294	1.08096	1.08216	14289	11357207887	51
2017.04.14	12:00:00	1.08216	1.08328	1.08085	1.08238	10590	6969664089	51
2017.04.14	16:00:00	1.08239	1.08243	1.08049	1.08168	8917	5869263373	51
2017.04.14	20:00:00	1.08172	1.08409	1.07993	1.08033	4981	2516841095	51
2017.04.17	00:00:00	1.08094	1.08246	1.07806	1.07983	9841	8581753323	0
2017.04.17	04:00:00	1.07980	1.08059	1.07850	1.07978	11559	6784415715	51
2017.04.17	08:00:00	1.07975	1.08313	1.07970	1.08217	9640	7000400010	51
2017.04.17	12:00:00	1.08217	1.08223	1.08010	1.08117	11216	8707015710	51
2017.04.17	16:00:00	1.08119	1.08248	1.08068	1.08228	16241	10438573090	51
2017.04.17	20:00:00	1.08228	1.08325	1.08196	1.08271	11222	8908316859	51
2017.04.18	00:00:00	1.08174	1.08306	1.08085	1.08092	8481	5359806787	51
2017.04.18	04:00:00	1.08092	1.08099	1.07695	1.07780	15905	8671011424	51
2017.04.18	08:00:00	1.07780	1.07845	1.07412	1.07587	19616	15195618994	51
2017.04.18	12:00:00	1.07588	1.07608	1.07180	1.07283	25376	19236433414	51
2017.04.18	16:00:00	1.07283	1.07443	1.07209	1.07419	24808	17379649572	51
2017.04.18	20:00:00	1.07420	1.07427	1.07286	1.07287	14091	10174899032	51
2017.04.19	00:00:00	1.07278	1.07380	1.07164	1.07186	8154	5376014302	51
2017.04.19	04:00:00	1.07187	1.07189	1.06772	1.06777	16436	10919942655	51
2017.04.19	08:00:00	1.06778	1.07140	1.06744	1.07110	20115	13325888767	51
2017.04.19	12:00:00	1.07110	1.07269	1.07028	1.07063	18165	13967650467	51
2017.04.19	16:00:00	1.07062	1.07208	1.06995	1.07024	22197	15791822566	51
2017.04.19	20:00:00	1.07024	1.07102	1.07001	1.07018	11907	9450095617	51
2017.04.20	00:00:00	1.06956	1.07054	1.06399	1.06610	11945	8264191353	51
2017.04.20	04:00:00	1.06611	1.06813	1.06560	1.06653	13823	8128990416	51
2017.04.20	08:00:00	1.06654	1.07157	1.06535	1.07078	20584	15690891110	51
2017.04.20	12:00:00	1.07078	1.07227	1.07039	1.07203	17723	13514638171	51
2017.04.20	16:00:00	1.07205	1.07482	1.07193	1.07325	24269	16651301592	51
2017.04.20	20:00:00	1.07325	1.07424	1.07236	1.07304	11920	9200089338	51
2017.04.21	00:00:00	1.07305	1.07635	1.07268	1.07475	9100	5678391779	51
2017.04.21	04:00:00	1.07475	1.07681	1.07453	1.07474	10652	6758812794	51
2017.04.21	08:00:00	1.07473	1.07579	1.07358	1.07437	16776	11008313919	51
2017.04.21	12:00:00	1.07436	1.07514	1.07316	1.07498	16539	12827058793	51
2017.04.21	16:00:00	1.07498	1.07573	1.07321	1.07334	18971	13623658657	51
2017.04.21	20:00:00	1.07334	1.07373	1.07012	1.07029	10990	7158372573	51
2017.04.24	00:00:00	1.07545	1.07545	1.07124	1.07409	14900	7680005998	0
2017.04.24	04:00:00	1.07410	1.07521	1.07345	1.07407	12718	5109034874	51
2017.04.24	08:00:00	1.07407	1.07692	1.07358	1.07622	16628	10806977410	51
2017.04.24	12:00:00	1.07621	1.07814	1.07525	1.07605	18985	15504281894	51
2017.04.24	16:00:00	1.07601	1.07777	1.07569	1.07747	19129	15623980698	51
2017.04.24	20:00:00	1.07747	1.07876	1.07736	1.07832	11954	9652927700	51
2017.04.25	00:00:00	1.07821	1.07922	1.07730	1.07868	7008	5403815765	51
2017.04.25	04:00:00	1.07869	1.08141	1.07768	1.08098	12811	8496849088	51
2017.04.25	08:00:00	1.08097	1.08431	1.08046	1.08321	19586	12078112858	51
2017.04.25	12:00:00	1.08321	1.08331	1.08071	1.08109	18989	14469338257	51
2017.04.25	16:00:00	1.08109	1.08500	1.08073	1.08392	23449	16349906026	51
2017.04.25	20:00:00	1.08393	1.08511	1.08352	1.08355	13187	10283072819	34
2017.04.26	00:00:00	1.08213	1.08613	1.08006	1.08521	11410	7976274810	51
2017.04.26	04:00:00	1.08520	1.08620	1.08201	1.08524	16451	10880888093	51
2017.04.26	08:00:00	1.08524	1.08715	1.08472	1.08541	21065	15521717273	51
2017.04.26	12:00:00	1.08541	1.08619	1.08476	1.08577	22214	15699109246	51
2017.04.26	16:00:00	1.08577	1.08577	1.08349	1.08484	26812	18049203329	51
2017.04.26	20:00:00	1.08484	1.08517	1.08367	1.08415	21686	16730634550	51
2017.04.27	00:00:00	1.08390	1.08442	1.08264	1.08292	9378	6865941034	0
2017.04.27	04:00:00	1.08292	1.08367	1.08173	1.08262	17990	10989848825	51
2017.04.27	08:00:00	1.08261	1.08427	1.08190	1.08416	16788	11887552967	51
2017.04.27	12:00:00	1.08416	1.08665	1.08383	1.08598	19978	12824723298	51
2017.04.27	16:00:00	1.08598	1.08735	1.08495	1.08576	27751	19499712767	51
2017.04.27	20:00:00	1.08577	1.08647	1.08476	1.08476	14574	11588228681	51
2017.04.28	00:00:00	1.08483	1.08651	1.08362	1.08639	11276	8051683902	0
2017.04.28	04:00:00	1.08640	1.08698	1.08516	1.08612	12998	8408548175	51
2017.04.28	08:00:00	1.08612	1.08912	1.08561	1.08895	15511	8136688826	51
2017.04.28	12:00:00	1.08894	1.08951	1.08648	1.08728	20279	12796887065	51
2017.04.28	16:00:00	1.08726	1.08962	1.08647	1.08934	25233	17239828147	51
2017.04.28	20:00:00	1.08934	1.09130	1.08859	1.08919	12777	9911647797	38
2017.05.01	00:00:00	1.08654	1.09071	1.08654	1.09055	9346	7753418051	51
2017.05.01	04:00:00	1.09055	1.09124	1.08979	1.09097	9759	7177517112	51
2017.05.01	08:00:00	1.09097	1.09329	1.09077	1.09240	10341	7988141264	51
2017.05.01	12:00:00	1.09240	1.09309	1.09013	1.09154	12985	11346310838	51
2017.05.01	16:00:00	1.09153	1.09194	1.08850	1.08954	17452	14298345293	51
2017.05.01	20:00:00	1.08956	1.09059	1.08875	1.08875	8851	7328773487	51
2017.05.02	00:00:00	1.08856	1.08980	1.08775	1.08947	9903	7083357406	0
2017.05.02	04:00:00	1.08946	1.09103	1.08740	1.09075	14813	10414575540	51
2017.05.02	08:00:00	1.09075	1.09090	1.08702	1.08918	16567	11044409159	51
2017.05.02	12:00:00	1.08918	1.08919	1.08617	1.08698	14319	10042090557	51
2017.05.02	16:00:00	1.08697	1.08741	1.08470	1.08605	18124	12772046509	51
2017.05.02	20:00:00	1.08605	1.08623	1.08490	1.08615	12156	8392279585	51
2017.05.03	00:00:00	1.08574	1.08639	1.08158	1.08353	9540	6752216329	0
2017.05.03	04:00:00	1.08353	1.08355	1.07970	1.08015	13346	8935785617	51
2017.05.03	08:00:00	1.08015	1.08082	1.07788	1.07931	18407	13963429592	51
2017.05.03	12:00:00	1.07930	1.08079	1.07785	1.08008	17975	14885838141	51
2017.05.03	16:00:00	1.08008	1.08028	1.07724	1.07837	21219	16304220826	51
2017.05.03	20:00:00	1.07837	1.08053	1.07727	1.07880	20759	16870316216	51
2017.05.04	00:00:00	1.07822	1.07901	1.07672	1.07699	10184	6632724370	0
2017.05.04	04:00:00	1.07696	1.07875	1.07566	1.07725	13911	9410349815	51
2017.05.04	08:00:00	1.07725	1.07893	1.07664	1.07725	20021	14643546874	51
2017.05.04	12:00:00	1.07725	1.07996	1.07642	1.07907	22426	16475161018	51
2017.05.04	16:00:00	1.07910	1.07993	1.07755	1.07889	27809	22424560387	51
2017.05.04	20:00:00	1.07889	1.07971	1.07765	1.07825	13288	10323121355	34
2017.05.05	00:00:00	1.07704	1.07876	1.07695	1.07757	8353	6325092483	51
2017.05.05	04:00:00	1.07757	1.07815	1.07153	1.07474	18108	12475356633	51
2017.05.05	08:00:00	1.07473	1.07476	1.07140	1.07234	21760	15832863823	51
2017.05.05	12:00:00	1.07235	1.07312	1.07053	1.07058	21399	15809082992	51
2017.05.05	16:00:00	1.07058	1.07244	1.06996	1.07234	24358	18547173538	51
2017.05.05	20:00:00	1.07234	1.07276	1.07011	1.07011	12759	8875298527	43
2017.05.08	00:00:00	1.07194	1.07453	1.07194	1.07240	11452	8771000538	0
2017.05.08	04:00:00	1.07242	1.07249	1.06872	1.06937	16016	11036113270	51
2017.05.08	08:00:00	1.06937	1.07005	1.06701	1.06860	18626	14461989863	51
2017.05.08	12:00:00	1.06861	1.06871	1.06759	1.06808	18039	12867603864	51
2017.05.08	16:00:00	1.06808	1.06965	1.06656	1.06933	21527	16884172729	51
2017.05.08	20:00:00	1.06929	1.06945	1.06783	1.06900	11516	8654858871	51
2017.05.09	00:00:00	1.06908	1.06911	1.06693	1.06809	11941	7791900359	0
2017.05.09	04:00:00	1.06808	1.06840	1.06410	1.06545	18946	13538401123	51
2017.05.09	08:00:00	1.06543	1.06686	1.06436	1.06574	19963	15442251093	51
2017.05.09	12:00:00	1.06574	1.06716	1.06438	1.06540	21423	15923246054	51
2017.05.09	16:00:00	1.06540	1.06585	1.06455	1.06543	21370	18023594858	51
2017.05.09	20:00:00	1.06543	1.06606	1.06393	1.06454	14392	10338162702	51
2017.05.10	00:00:00	1.06461	1.06619	1.06357	1.06551	13842	8920540108	0
2017.05.10	04:00:00	1.06552	1.06729	1.06543	1.06649	14876	9096553361	51
2017.05.10	08:00:00	1.06648	1.06672	1.06336	1.06356	20246	13929326429	51
2017.05.10	12:00:00	1.06356	1.06405	1.06189	1.06197	19810	15513003947	51
2017.05.10	16:00:00	1.06196	1.06444	1.06115	1.06123	22662	17823417780	51
2017.05.10	20:00:00	1.06124	1.06376	1.06078	1.06128	13152	9973055045	51
2017.05.11	00:00:00	1.06128	1.07745	1.06128	1.07659	19735	13037347955	0
2017.05.11	04:00:00	1.07659	1.07716	1.07272	1.07461	16471	10581612299	51
2017.05.11	08:00:00	1.07461	1.07589	1.07377	1.07585	19279	14360707881	51
2017.05.11	12:00:00	1.07583	1.07778	1.07516	1.07663	20988	17297132142	51
2017.05.11	16:00:00	1.07661	1.07731	1.07491	1.07608	23354	17864468931	51
2017.05.11	20:00:00	1.07609	1.07711	1.07514	1.07699	12574	9588388162	51
2017.05.12	00:00:00	1.07686	1.08008	1.07584	1.07951	10706	7510366832	0
2017.05.12	04:00:00	1.07950	1.08022	1.07795	1.07869	15104	9559999049	51
2017.05.12	08:00:00	1.07866	1.08039	1.07801	1.07977	18627	14812218718	51
2017.05.12	12:00:00	1.07976	1.08002	1.07773	1.07993	19516	14911624315	51
2017.05.12	16:00:00	1.07991	1.08017	1.07749	1.07781	24123	19951705482	51
2017.05.12	20:00:00	1.07781	1.07847	1.07507	1.07507	8907	7307986106	47
2017.05.15	00:00:00	1.07640	1.07784	1.07485	1.07545	13753	9473023778	0
2017.05.15	04:00:00	1.07547	1.07641	1.07518	1.07615	14156	9772791727	51
2017.05.15	08:00:00	1.07615	1.07784	1.07547	1.07743	17177	12848065233	51
2017.05.15	12:00:00	1.07743	1.07820	1.07572	1.07649	19018	16721534138	51
2017.05.15	16:00:00	1.07648	1.07816	1.07628	1.07805	19263	14128446933	51
2017.05.15	20:00:00	1.07805	1.07846	1.07664	1.07677	9201	6600834620	51
2017.05.16	00:00:00	1.07662	1.07792	1.07584	1.07687	9603	5636677988	0
2017.05.16	04:00:00	1.07688	1.07691	1.07428	1.07637	15117	9894838923	51
2017.05.16	08:00:00	1.07637	1.07785	1.07568	1.07742	18993	13905027794	51
2017.05.16	12:00:00	1.07742	1.07859	1.07675	1.07779	20216	13828056976	51
2017.05.16	16:00:00	1.07780	1.07967	1.07764	1.07964	24674	18141518979	51
2017.05.16	20:00:00	1.07964	1.07974	1.07773	1.07854	11053	9050423757	51
2017.05.17	00:00:00	1.07834	1.07859	1.07565	1.07671	14846	10515170318	0
2017.05.17	04:00:00	1.07669	1.07715	1.07481	1.07549	15279	11672034757	51
2017.05.17	08:00:00	1.07550	1.07565	1.07255	1.07375	23673	16502324825	51
2017.05.17	12:00:00	1.07373	1.07499	1.07367	1.07401	18897	13835435512	51
2017.05.17	16:00:00	1.07402	1.07478	1.07068	1.07087	30615	23205872501	51
2017.05.17	20:00:00	1.07087	1.07129	1.06945	1.07005	16245	12937580890	51
2017.05.18	00:00:00	1.07014	1.07135	1.06901	1.07023	14976	9705839619	0
2017.05.18	04:00:00	1.07021	1.07704	1.06899	1.07660	23998	15832159151	51
2017.05.18	08:00:00	1.07660	1.07672	1.07260	1.07336	23146	16434655450	51
2017.05.18	12:00:00	1.07336	1.07411	1.07082	1.07376	32816	23622514090	51
2017.05.18	16:00:00	1.07375	1.07525	1.07267	1.07469	30544	24208107716	51
2017.05.18	20:00:00	1.07472	1.07628	1.07431	1.07479	19517	15700761790	51
2017.05.19	00:00:00	1.07479	1.07649	1.07406	1.07551	9737	6933652355	0
2017.05.19	04:00:00	1.07550	1.07850	1.07476	1.07785	15157	11416318352	51
2017.05.19	08:00:00	1.07785	1.08184	1.07705	1.08068	19645	14077497655	51
2017.05.19	12:00:00	1.08066	1.08075	1.07852	1.07978	20979	15007858214	51
2017.05.19	16:00:00	1.07977	1.08016	1.07672	1.07722	24073	18857498227	51
2017.05.19	20:00:00	1.07722	1.07764	1.07445	1.07584	13896	9479788309	34
2017.05.22	00:00:00	1.07426	1.07625	1.07241	1.07434	9525	6070128730	0
2017.05.22	04:00:00	1.07434	1.07479	1.07204	1.07226	13029	8899814787	51
2017.05.22	08:00:00	1.07228	1.07353	1.07180	1.07245	18168	14136439892	51
2017.05.22	12:00:00	1.07246	1.07250	1.07063	1.07132	18745	15000411079	51
2017.05.22	16:00:00	1.07133	1.07153	1.06804	1.06814	19967	14926134241	51
2017.05.22	20:00:00	1.06816	1.06937	1.06795	1.06844	9331	6666317396	51
2017.05.23	00:00:00	1.06844	1.06883	1.06605	1.06788	10906	6248099167	0
2017.05.23	04:00:00	1.06788	1.06911	1.06766	1.06776	13707	10580740204	51
2017.05.23	08:00:00	1.06776	1.06782	1.06493	1.06625	23210	16570479228	51
2017.05.23	12:00:00	1.06626	1.06669	1.06434	1.06621	17944	13297494277	51
2017.05.23	16:00:00	1.06621	1.06794	1.06426	1.06736	23992	17734207895	51
2017.05.23	20:00:00	1.06735	1.06763	1.06556	1.06556	13060	9454409022	51
2017.05.24	00:00:00	1.06633	1.06680	1.06435	1.06491	11368	6088265113	0
2017.05.24	04:00:00	1.06490	1.06531	1.06269	1.06405	12765	7392865144	51
2017.05.24	08:00:00	1.06405	1.06503	1.06314	1.06412	17736	12055535808	51
2017.05.24	12:00:00	1.06412	1.06454	1.06221	1.06332	15588	11018849431	51
2017.05.24	16:00:00	1.06332	1.06436	1.06220	1.06318	21018	14315555626	51
2017.05.24	20:00:00	1.06318	1.06470	1.06216	1.06354	21921	14923597651	51
2017.05.25	00:00:00	1.06416	1.06466	1.06353	1.06387	8890	5242104258	0
2017.05.25	04:00:00	1.06387	1.06644	1.06320	1.06530	16141	11080761382	51
2017.05.25	08:00:00	1.06530	1.06543	1.06216	1.06266	19870	12573842850	51
2017.05.25	12:00:00	1.06265	1.06331	1.06069	1.06151	19377	14536927821	51
2017.05.25	16:00:00	1.06151	1.06164	1.05869	1.06013	22722	15981065059	51
2017.05.25	20:00:00	1.06012	1.06148	1.05977	1.06099	10763	7775129565	51
2017.05.26	00:00:00	1.06110	1.06245	1.06044	1.06046	9706	5602474247	0
2017.05.26	04:00:00	1.06044	1.06102	1.05785	1.05854	17359	12266806258	51
2017.05.26	08:00:00	1.05858	1.05880	1.05475	1.05563	20558	13486690135	51
2017.05.26	12:00:00	1.05563	1.05747	1.05302	1.05447	21455	17775756632	51
2017.05.26	16:00:00	1.05447	1.05639	1.05384	1.05398	24712	17306263717	51
2017.05.26	20:00:00	1.05394	1.05425	1.05225	1.05317	11049	8207270949	51
2017.05.29	00:00:00	1.05239	1.05692	1.05239	1.05656	8588	4350138434	0
2017.05.29	04:00:00	1.05656	1.05679	1.05154	1.05197	11386	6380945491	51
2017.05.29	08:00:00	1.05197	1.05281	1.05121	1.05222	12239	8623359097	51
2017.05.29	12:00:00	1.05223	1.05274	1.04877	1.04987	9007	6595597727	51
2017.05.29	16:00:00	1.04987	1.05504	1.04959	1.05498	9384	6562903026	51
2017.05.29	20:00:00	1.05498	1.05505	1.05300	1.05349	8675	6283049374	51
2017.05.30	00:00:00	1.05343	1.05570	1.05289	1.05385	10364	6019025671	0
2017.05.30	04:00:00	1.05389	1.05513	1.05254	1.05299	14701	9925330101	51
2017.05.30	08:00:00	1.05296	1.05579	1.05225	1.05480	18941	12249310297	51
2017.05.30	12:00:00	1.05480	1.05482	1.05259	1.05335	17769	11662041233	51
2017.05.30	16:00:00	1.05334	1.05353	1.05143	1.05177	20946	13886288502	51
2017.05.30	20:00:00	1.05177	1.05224	1.05105	1.05140	8437	5754768154	51
2017.05.31	00:00:00	1.05147	1.05364	1.05056	1.05260	9382	4960571630	0
2017.05.31	04:00:00	1.05262	1.05262	1.04866	1.05129	16128	9040357569	51
2017.05.31	08:00:00	1.05125	1.05201	1.04871	1.04917	18101	12120821140	51
2017.05.31	12:00:00	1.04917	1.04927	1.04712	1.04808	19734	14105259825	51
2017.05.31	16:00:00	1.04808	1.04905	1.04630	1.04743	28083	21069534555	51
2017.05.31	20:00:00	1.04743	1.04926	1.04657	1.04849	13235	10092897461	51
2017.06.01	00:00:00	1.04770	1.04907	1.04770	1.04809	9471	5316583034	0
2017.06.01	04:00:00	1.04811	1.05126	1.04443	1.04595	21398	14003070318	51
2017.06.01	08:00:00	1.04592	1.04778	1.04565	1.04681	18697	13052131474	51
2017.06.01	12:00:00	1.04681	1.04705	1.04309	1.04533	18745	14915062656	51
2017.06.01	16:00:00	1.04533	1.04595	1.04328	1.04527	24229	18375312719	51
2017.06.01	20:00:00	1.04528	1.04537	1.04328	1.04394	10567	8133990740	51
2017.06.02	00:00:00	1.04392	1.04507	1.04293	1.04487	9855	4972657600	0
2017.06.02	04:00:00	1.04487	1.04513	1.04402	1.04417	11949	7256347136	51
2017.06.02	08:00:00	1.04417	1.04454	1.04110	1.04137	13887	9654100033	51
2017.06.02	12:00:00	1.04134	1.04352	1.04007	1.04065	22361	15548598675	51
2017.06.02	16:00:00	1.04065	1.04265	1.03884	1.04119	27612	21043031155	51
2017.06.02	20:00:00	1.04119	1.04229	1.03967	1.03967	10012	4127616030	50
2017.06.05	00:00:00	1.04031	1.04179	1.03948	1.03964	10142	0	51
2017.06.05	04:00:00	1.03962	1.04712	1.03948	1.04688	13283	0	51
2017.06.05	08:00:00	1.04689	1.04864	1.04647	1.04796	13355	0	51
2017.06.05	12:00:00	1.04796	1.04829	1.04718	1.04748	12291	0	51
2017.06.05	16:00:00	1.04750	1.04820	1.04633	1.04768	15341	0	51
2017.06.05	20:00:00	1.04768	1.04880	1.04762	1.04840	8632	0	51
2017.06.06	00:00:00	1.04791	1.05031	1.04789	1.04897	11713	0	51
2017.06.06	04:00:00	1.04897	1.04938	1.04274	1.04607	22778	0	51
2017.06.06	08:00:00	1.04609	1.04620	1.04163	1.04291	20251	0	51
2017.06.06	12:00:00	1.04292	1.04400	1.04229	1.04383	16852	0	34
2017.06.06	16:00:00	1.04383	1.04532	1.04287	1.04502	22507	0	51
2017.06.06	20:00:00	1.04503	1.04520	1.04357	1.04455	11765	0	51
2017.06.07	00:00:00	1.04430	1.04619	1.04421	1.04538	10795	0	51
2017.06.07	04:00:00	1.04538	1.05139	1.04325	1.05129	18683	0	51
2017.06.07	08:00:00	1.05132	1.05134	1.04843	1.04866	18232	0	51
2017.06.07	12:00:00	1.04866	1.05122	1.04854	1.04966	18684	0	51
2017.06.07	16:00:00	1.04964	1.05087	1.04829	1.04869	23840	0	51
2017.06.07	20:00:00	1.04869	1.04967	1.04838	1.04875	11484	0	51
2017.06.08	00:00:00	1.04852	1.04948	1.04677	1.04736	9220	0	51
2017.06.08	04:00:00	1.04736	1.04830	1.04502	1.04817	16131	0	51
2017.06.08	08:00:00	1.04815	1.04857	1.04636	1.04729	16565	0	51
2017.06.08	12:00:00	1.04729	1.04808	1.04464	1.04505	21241	0	51
2017.06.08	16:00:00	1.04505	1.04600	1.04384	1.04594	23896	0	51
2017.06.08	20:00:00	1.04593	1.04618	1.04505	1.04563	10635	0	51
2017.06.09	00:00:00	1.04496	1.04706	1.04396	1.04523	16132	0	51
2017.06.09	04:00:00	1.04525	1.04545	1.04376	1.04466	14797	0	51
2017.06.09	08:00:00	1.04466	1.04615	1.04372	1.04515	21457	0	51
2017.06.09	12:00:00	1.04515	1.04589	1.04460	1.04529	12532	0	51
2017.06.09	16:00:00	1.04529	1.04632	1.04448	1.04488	17209	0	51
2017.06.09	20:00:00	1.04488	1.04488	1.04269	1.04313	10148	0	50
2017.06.12	00:00:00	1.04386	1.04562	1.04306	1.04534	7989	0	51
2017.06.12	04:00:00	1.04533	1.04587	1.04385	1.04558	12851	0	51
2017.06.12	08:00:00	1.04557	1.04960	1.04548	1.04790	17182	0	51
2017.06.12	12:00:00	1.04789	1.04895	1.04677	1.04734	14841	0	51
2017.06.12	16:00:00	1.04728	1.04827	1.04541	1.04541	17229	0	51
2017.06.12	20:00:00	1.04540	1.04744	1.04540	1.04731	13286	0	51
2017.06.13	00:00:00	1.04667	1.04805	1.04646	1.04749	13412	0	51
2017.06.13	04:00:00	1.04748	1.04801	1.04527	1.04552	12797	0	51
2017.06.13	08:00:00	1.04553	1.04635	1.04453	1.04492	16701	0	51
2017.06.13	12:00:00	1.04490	1.04512	1.04308	1.04368	14022	0	51
2017.06.13	16:00:00	1.04367	1.04436	1.04281	1.04317	17378	0	51
2017.06.13	20:00:00	1.04316	1.04369	1.04274	1.04349	7711	0	51
2017.06.14	00:00:00	1.04349	1.04624	1.04261	1.04334	10147	0	51
2017.06.14	04:00:00	1.04336	1.04466	1.04283	1.04404	13884	0	51
2017.06.14	08:00:00	1.04404	1.04627	1.04324	1.04560	17904	0	51
2017.06.14	12:00:00	1.04559	1.04680	1.04427	1.04548	20847	0	51
2017.06.14	16:00:00	1.04546	1.04597	1.04116	1.04321	28255	0	51
2017.06.14	20:00:00	1.04320	1.04532	1.04038	1.04329	28452	0	51
2017.06.15	00:00:00	1.04286	1.04813	1.04280	1.04678	13217	0	51
2017.06.15	04:00:00	1.04679	1.05486	1.04504	1.05342	21822	0	51
2017.06.15	08:00:00	1.05345	1.05404	1.05075	1.05154	21012	0	51
2017.06.15	12:00:00	1.05156	1.05383	1.05028	1.05344	25593	0	51
2017.06.15	16:00:00	1.05345	1.05412	1.05121	1.05181	25416	0	51
2017.06.15	20:00:00	1.05183	1.05199	1.05074	1.05099	10701	0	51
2017.06.16	00:00:00	1.05053	1.05362	1.05016	1.05337	10666	0	51
2017.06.16	04:00:00	1.05338	1.05356	1.05166	1.05169	16007	0	51
2017.06.16	08:00:00	1.05168	1.05192	1.04989	1.05118	18719	0	51
2017.06.16	12:00:00	1.05117	1.05237	1.04988	1.05130	17528	0	51
2017.06.16	16:00:00	1.05131	1.05220	1.04990	1.05093	20519	0	51
2017.06.16	20:00:00	1.05092	1.05117	1.04889	1.04889	7425	0	48
2017.06.19	00:00:00	1.04943	1.05078	1.04704	1.04847	9232	0	51
2017.06.19	04:00:00	1.04847	1.04888	1.04443	1.04642	14332	0	51
2017.06.19	08:00:00	1.04641	1.04842	1.04462	1.04593	16819	0	51
2017.06.19	12:00:00	1.04594	1.04976	1.04522	1.04873	17659	0	51
2017.06.19	16:00:00	1.04877	1.04989	1.04802	1.04967	17952	0	51
2017.06.19	20:00:00	1.04968	1.05073	1.04946	1.05065	8579	0	51
2017.06.20	00:00:00	1.04911	1.05189	1.04849	1.05053	9697	0	51
2017.06.20	04:00:00	1.05052	1.05128	1.04752	1.04837	13264	0	51
2017.06.20	08:00:00	1.04841	1.05005	1.04733	1.04981	17456	0	51
2017.06.20	12:00:00	1.04980	1.05062	1.04798	1.05000	16699	0	51
2017.06.20	16:00:00	1.05000	1.05029	1.04593	1.04630	19794	0	51
2017.06.20	20:00:00	1.04632	1.04654	1.04543	1.04650	9154	0	51
2017.06.21	00:00:00	1.04640	1.04772	1.04552	1.04678	9392	0	51
2017.06.21	04:00:00	1.04677	1.04784	1.04540	1.04646	13899	0	51
2017.06.21	08:00:00	1.04647	1.04726	1.04380	1.04412	15700	0	51
2017.06.21	12:00:00	1.04414	1.04598	1.04368	1.04518	16422	0	51
2017.06.21	16:00:00	1.04520	1.04719	1.04347	1.04565	19087	0	51
2017.06.21	20:00:00	1.04566	1.04623	1.04396	1.04594	12212	0	51
2017.06.22	00:00:00	1.04160	1.04346	1.03760	1.04248	12769	0	34
2017.06.22	04:00:00	1.04248	1.04248	1.04054	1.04111	13355	0	51
2017.06.22	08:00:00	1.04110	1.04169	1.03852	1.03882	15392	0	51
2017.06.22	12:00:00	1.03882	1.04047	1.03774	1.03840	15389	0	51
2017.06.22	16:00:00	1.03839	1.03893	1.03694	1.03731	16957	0	51
2017.06.22	20:00:00	1.03731	1.03854	1.03686	1.03765	9446	0	51
2017.06.23	00:00:00	1.03739	1.03999	1.03678	1.03997	7785	0	51
2017.06.23	04:00:00	1.03995	1.04024	1.03873	1.03896	11014	0	51
2017.06.23	08:00:00	1.03896	1.04031	1.03779	1.03983	15070	0	51
2017.06.23	12:00:00	1.03983	1.04026	1.03816	1.03863	13716	0	51
2017.06.23	16:00:00	1.03861	1.03970	1.03775	1.03890	15369	0	51
2017.06.23	20:00:00	1.03890	1.03954	1.03647	1.03696	7421	0	42
2017.06.26	00:00:00	1.03783	1.04010	1.03773	1.03985	7482	0	51
2017.06.26	04:00:00	1.03985	1.04127	1.03949	1.04027	10153	0	51
2017.06.26	08:00:00	1.04024	1.04213	1.03954	1.04180	14957	0	51
2017.06.26	12:00:00	1.04182	1.04222	1.03912	1.03969	15474	0	51
2017.06.26	16:00:00	1.03969	1.03970	1.03816	1.03931	18510	0	51
2017.06.26	20:00:00	1.03931	1.04098	1.03899	1.04041	9022	0	51
2017.06.27	00:00:00	1.03944	1.04184	1.03944	1.04058	7811	0	39
2017.06.27	04:00:00	1.04058	1.04200	1.03959	1.04015	10909	0	51
2017.06.27	08:00:00	1.04015	1.04118	1.03730	1.03948	19750	0	51
2017.06.27	12:00:00	1.03948	1.04172	1.03918	1.04139	18262	0	51
2017.06.27	16:00:00	1.04140	1.04304	1.04004	1.04207	19695	0	51
2017.06.27	20:00:00	1.04208	1.04328	1.04164	1.04285	13466	0	51
2017.06.28	00:00:00	1.04215	1.04434	1.04196	1.04336	10135	0	51
2017.06.28	04:00:00	1.04336	1.04577	1.04336	1.04416	13637	0	51
2017.06.28	08:00:00	1.04416	1.04556	1.04256	1.04440	20537	0	51
2017.06.28	12:00:00	1.04440	1.04652	1.04190	1.04360	24539	0	51
2017.06.28	16:00:00	1.04359	1.04583	1.04279	1.04564	26024	0	51
2017.06.28	20:00:00	1.04565	1.04633	1.04459	1.04545	9894	0	51
2017.06.29	00:00:00	1.04426	1.04649	1.04426	1.04588	10405	0	51
2017.06.29	04:00:00	1.04590	1.04624	1.04393	1.04614	14747	0	51
2017.06.29	08:00:00	1.04612	1.04977	1.04535	1.04967	18919	0	51
2017.06.29	12:00:00	1.04967	1.05267	1.04959	1.05183	19979	0	51
2017.06.29	16:00:00	1.05184	1.05329	1.05021	1.05212	22755	0	51
2017.06.29	20:00:00	1.05213	1.05322	1.05197	1.05243	12265	0	51
2017.06.30	00:00:00	1.05144	1.05325	1.05013	1.05120	12663	0	51
2017.06.30	04:00:00	1.05117	1.05235	1.04926	1.05011	19925	0	51
2017.06.30	08:00:00	1.05012	1.05048	1.04697	1.04745	19558	0	51
2017.06.30	12:00:00	1.04749	1.04966	1.04670	1.04936	18488	0	51
2017.06.30	16:00:00	1.04937	1.04972	1.04710	1.04788	19954	0	51
2017.06.30	20:00:00	1.04789	1.04951	1.04736	1.04783	10281	0	51
2017.07.03	00:00:00	1.04728	1.04902	1.04622	1.04744	10370	0	51
2017.07.03	04:00:00	1.04741	1.04870	1.04562	1.04816	15623	0	51
2017.07.03	08:00:00	1.04816	1.04982	1.04804	1.04917	16249	0	51
2017.07.03	12:00:00	1.04919	1.05041	1.04868	1.04967	14720	0	51
2017.07.03	16:00:00	1.04967	1.05125	1.04788	1.04867	19704	0	51
2017.07.03	20:00:00	1.04866	1.04946	1.04824	1.04942	5613	0	51
2017.07.04	00:00:00	1.04954	1.05283	1.04892	1.05251	9172	0	51
2017.07.04	04:00:00	1.05248	1.05497	1.04710	1.04853	18600	0	51
2017.07.04	08:00:00	1.04861	1.04861	1.04365	1.04425	22009	0	51
2017.07.04	12:00:00	1.04426	1.04510	1.04373	1.04455	10722	0	51
2017.07.04	16:00:00	1.04455	1.04469	1.04159	1.04289	13841	0	51
2017.07.04	20:00:00	1.04285	1.04334	1.04145	1.04282	7179	0	51
2017.07.05	00:00:00	1.04215	1.04492	1.04107	1.04457	11142	0	51
2017.07.05	04:00:00	1.04462	1.04612	1.04439	1.04532	12083	0	51
2017.07.05	08:00:00	1.04532	1.04764	1.04499	1.04684	16042	0	51
2017.07.05	12:00:00	1.04688	1.04714	1.04338	1.04350	17128	0	51
2017.07.05	16:00:00	1.04351	1.04380	1.04242	1.04342	19377	0	51
2017.07.05	20:00:00	1.04341	1.04390	1.04222	1.04284	14035	0	41
2017.07.06	00:00:00	1.04229	1.04473	1.04229	1.04429	8954	0	51
2017.07.06	04:00:00	1.04429	1.04510	1.04316	1.04460	13878	0	51
2017.07.06	08:00:00	1.04461	1.04489	1.04237	1.04430	14871	0	34
2017.07.06	12:00:00	1.04430	1.04692	1.04419	1.04532	19567	0	51
2017.07.06	16:00:00	1.04532	1.04614	1.04227	1.04247	17745	0	51
2017.07.06	20:00:00	1.04247	1.04321	1.04189	1.04225	8792	0	51
2017.07.07	00:00:00	1.04181	1.04236	1.03940	1.04037	9408	0	51
2017.07.07	04:00:00	1.04035	1.04181	1.03969	1.04123	15414	0	51
2017.07.07	08:00:00	1.04123	1.04380	1.04075	1.04297	15276	0	51
2017.07.07	12:00:00	1.04294	1.04415	1.04190	1.04342	18829	0	51
2017.07.07	16:00:00	1.04342	1.04604	1.04309	1.04450	19613	0	51
2017.07.07	20:00:00	1.04450	1.04493	1.04235	1.04245	7760	0	51
2017.07.10	00:00:00	1.04323	1.04590	1.04098	1.04518	7807	0	51
2017.07.10	04:00:00	1.04516	1.04661	1.04512	1.04520	10051	0	51
2017.07.10	08:00:00	1.04519	1.04565	1.04298	1.04398	14353	0	51
2017.07.10	12:00:00	1.04398	1.04466	1.04333	1.04378	12423	0	51
2017.07.10	16:00:00	1.04378	1.04574	1.04375	1.04574	13379	0	51
2017.07.10	20:00:00	1.04573	1.04596	1.04474	1.04519	6960	0	51
2017.07.11	00:00:00	1.04444	1.04908	1.04339	1.04853	11837	0	51
2017.07.11	04:00:00	1.04855	1.05307	1.04849	1.05223	14574	0	51
2017.07.11	08:00:00	1.05225	1.05452	1.05194	1.05346	16031	0	51
2017.07.11	12:00:00	1.05345	1.05434	1.05265	1.05350	11441	0	51
2017.07.11	16:00:00	1.05349	1.05636	1.05289	1.05495	18229	0	51
2017.07.11	20:00:00	1.05496	1.05727	1.05388	1.05690	12058	0	51
2017.07.12	00:00:00	1.05637	1.05832	1.05582	1.05795	9731	0	51
2017.07.12	04:00:00	1.05798	1.05934	1.05685	1.05685	13743	0	51
2017.07.12	08:00:00	1.05684	1.05779	1.05588	1.05744	14301	0	51
2017.07.12	12:00:00	1.05743	1.05789	1.05520	1.05562	17243	0	51
2017.07.12	16:00:00	1.05567	1.05745	1.05532	1.05626	25833	0	51
2017.07.12	20:00:00	1.05626	1.05751	1.05618	1.05725	9733	0	51
2017.07.13	00:00:00	1.05625	1.05925	1.05625	1.05727	7610	0	51
2017.07.13	04:00:00	1.05727	1.05763	1.05432	1.05575	14723	0	51
2017.07.13	08:00:00	1.05577	1.05834	1.05534	1.05752	18995	0	51
2017.07.13	12:00:00	1.05751	1.05759	1.04911	1.05446	21734	0	51
2017.07.13	16:00:00	1.05446	1.05641	1.05395	1.05609	17403	0	51
2017.07.13	20:00:00	1.05608	1.05635	1.05499	1.05559	8923	0	51
2017.07.14	00:00:00	1.05506	1.05744	1.05484	1.05659	8161	0	51
2017.07.14	04:00:00	1.05659	1.05779	1.05599	1.05733	13011	0	51
2017.07.14	08:00:00	1.05734	1.06048	1.05670	1.05988	16925	0	51
2017.07.14	12:00:00	1.05987	1.06317	1.05975	1.06254	20167	0	51
2017.07.14	16:00:00	1.06256	1.06645	1.06166	1.06573	23769	0	51
2017.07.14	20:00:00	1.06574	1.06623	1.06447	1.06447	7704	0	51
2017.07.17	00:00:00	1.06482	1.06561	1.06290	1.06457	12604	0	51
2017.07.17	04:00:00	1.06459	1.06725	1.06412	1.06535	21385	0	51
2017.07.17	08:00:00	1.06534	1.06672	1.06462	1.06626	18857	0	51
2017.07.17	12:00:00	1.06626	1.06724	1.06581	1.06628	18214	0	51
2017.07.17	16:00:00	1.06628	1.06739	1.06536	1.06568	23727	0	51
2017.07.17	20:00:00	1.06569	1.06594	1.06474	1.06490	9636	0	51
2017.07.18	00:00:00	1.06500	1.07280	1.06364	1.07039	16768	0	51
2017.07.18	04:00:00	1.07038	1.07661	1.07026	1.07651	32525	0	51
2017.07.18	08:00:00	1.07651	1.07756	1.07475	1.07711	26845	0	51
2017.07.18	12:00:00	1.07712	1.07979	1.07682	1.07759	24065	0	51
2017.07.18	16:00:00	1.07758	1.07859	1.07456	1.07598	23229	0	51
2017.07.18	20:00:00	1.07595	1.07682	1.07560	1.07678	9735	0	35
2017.07.19	00:00:00	1.07653	1.07863	1.07630	1.07756	13904	0	51
2017.07.19	04:00:00	1.07757	1.07970	1.07709	1.07710	18103	0	51
2017.07.19	08:00:00	1.07712	1.07787	1.07429	1.07538	22612	0	51
2017.07.19	12:00:00	1.07538	1.07779	1.07515	1.07706	18050	0	51
2017.07.19	16:00:00	1.07707	1.08128	1.07683	1.08075	22043	0	51
2017.07.19	20:00:00	1.08074	1.08141	1.08017	1.08063	8033	0	51
2017.07.20	00:00:00	1.07986	1.08199	1.07924	1.08054	12138	0	51
2017.07.20	04:00:00	1.08053	1.08429	1.07909	1.08033	25686	0	51
2017.07.20	08:00:00	1.08034	1.08075	1.07630	1.07684	22564	0	51
2017.07.20	12:00:00	1.07685	1.07779	1.07585	1.07740	24847	0	51
2017.07.20	16:00:00	1.07739	1.07804	1.07387	1.07407	29942	0	51
2017.07.20	20:00:00	1.07408	1.07502	1.07319	1.07498	13534	0	51
2017.07.21	00:00:00	1.07481	1.07524	1.07273	1.07282	12260	0	51
2017.07.21	04:00:00	1.07284	1.07284	1.06211	1.06326	27277	0	51
2017.07.21	08:00:00	1.06326	1.06550	1.06207	1.06367	24490	0	51
2017.07.21	12:00:00	1.06365	1.06550	1.06320	1.06435	20406	0	51
2017.07.21	16:00:00	1.06435	1.06557	1.06252	1.06316	19524	0	51
2017.07.21	20:00:00	1.06316	1.06355	1.06065	1.06065	12339	0	51
2017.07.24	00:00:00	1.06083	1.06396	1.06053	1.06276	10986	0	51
2017.07.24	04:00:00	1.06276	1.06652	1.06243	1.06632	18416	0	51
2017.07.24	08:00:00	1.06633	1.07014	1.06587	1.06935	24527	0	51
2017.07.24	12:00:00	1.06934	1.06987	1.06759	1.06834	23405	0	51
2017.07.24	16:00:00	1.06833	1.06892	1.06550	1.06586	23680	0	51
2017.07.24	20:00:00	1.06586	1.06626	1.06534	1.06536	9575	0	51
2017.07.25	00:00:00	1.06493	1.06604	1.06429	1.06470	11508	0	51
2017.07.25	04:00:00	1.06471	1.06749	1.06442	1.06685	20882	0	51
2017.07.25	08:00:00	1.06687	1.06813	1.06581	1.06687	23257	0	51
2017.07.25	12:00:00	1.06687	1.07011	1.06634	1.06978	24145	0	51
2017.07.25	16:00:00	1.06979	1.07111	1.06896	1.07023	26986	0	51
2017.07.25	20:00:00	1.07023	1.07112	1.06931	1.06986	12470	0	51
2017.07.26	00:00:00	1.06922	1.07001	1.06621	1.06673	12594	0	51
2017.07.26	04:00:00	1.06673	1.06778	1.06240	1.06369	28718	0	51
2017.07.26	08:00:00	1.06372	1.06523	1.06219	1.06409	25691	0	51
2017.07.26	12:00:00	1.06407	1.06637	1.06387	1.06478	19173	0	51
2017.07.26	16:00:00	1.06477	1.06636	1.06389	1.06454	24339	0	51
2017.07.26	20:00:00	1.06453	1.06596	1.06264	1.06374	33282	0	51
2017.07.27	00:00:00	1.06374	1.06537	1.06200	1.06320	16288	0	51
2017.07.27	04:00:00	1.06317	1.06790	1.06304	1.06664	30069	0	51
2017.07.27	08:00:00	1.06664	1.06703	1.06407	1.06479	27033	0	51
2017.07.27	12:00:00	1.06479	1.06498	1.06281	1.06338	23322	0	51
2017.07.27	16:00:00	1.06338	1.06474	1.06202	1.06343	28193	0	51
2017.07.27	20:00:00	1.06341	1.06406	1.06296	1.06349	19241	0	51
2017.07.28	00:00:00	1.06355	1.06417	1.06154	1.06220	13589	0	51
2017.07.28	04:00:00	1.06220	1.06562	1.06167	1.06476	20338	0	51
2017.07.28	08:00:00	1.06472	1.06675	1.06433	1.06556	24674	0	51
2017.07.28	12:00:00	1.06557	1.06637	1.06304	1.06561	25945	0	51
2017.07.28	16:00:00	1.06563	1.06665	1.06355	1.06363	30043	0	51
2017.07.28	20:00:00	1.06363	1.06365	1.06119	1.06253	11970	0	46
2017.07.31	00:00:00	1.06216	1.06391	1.05889	1.05895	14158	0	51
2017.07.31	04:00:00	1.05897	1.06316	1.05881	1.06235	17035	0	51
2017.07.31	08:00:00	1.06235	1.06449	1.06229	1.06404	20077	0	51
2017.07.31	12:00:00	1.06403	1.06575	1.06363	1.06530	17773	0	51
2017.07.31	16:00:00	1.06529	1.06595	1.06411	1.06462	22975	0	51
2017.07.31	20:00:00	1.06462	1.06552	1.06415	1.06485	13617	0	51
2017.08.01	00:00:00	1.06481	1.06687	1.06454	1.06669	13082	0	51
2017.08.01	04:00:00	1.06670	1.06962	1.06524	1.06922	22673	0	51
2017.08.01	08:00:00	1.06924	1.06961	1.06620	1.06686	22881	0	51
2017.08.01	12:00:00	1.06687	1.06899	1.06593	1.06670	21141	0	51
2017.08.01	16:00:00	1.06669	1.06765	1.06576	1.06644	26429	0	51
2017.08.01	20:00:00	1.06643	1.06702	1.06546	1.06687	12254	0	51
2017.08.02	00:00:00	1.06655	1.07252	1.06507	1.07131	18543	0	51
2017.08.02	04:00:00	1.07130	1.07176	1.06954	1.07037	17776	0	51
2017.08.02	08:00:00	1.07039	1.07250	1.06999	1.07212	18457	0	51
2017.08.02	12:00:00	1.07213	1.07309	1.07122	1.07240	21292	0	51
2017.08.02	16:00:00	1.07241	1.07306	1.07140	1.07160	22208	0	51
2017.08.02	20:00:00	1.07161	1.07208	1.07096	1.07185	11733	0	51
2017.08.03	00:00:00	1.07172	1.07447	1.07131	1.07150	15280	0	51
2017.08.03	04:00:00	1.07148	1.07248	1.06979	1.07181	20100	0	51
2017.08.03	08:00:00	1.07181	1.07272	1.07009	1.07074	16676	0	51
2017.08.03	12:00:00	1.07074	1.07093	1.06879	1.07035	19973	0	51
2017.08.03	16:00:00	1.07036	1.07039	1.06758	1.06830	25389	0	51
2017.08.03	20:00:00	1.06830	1.06868	1.06721	1.06866	11748	0	35
2017.08.04	00:00:00	1.06865	1.06939	1.06787	1.06860	10526	0	51
2017.08.04	04:00:00	1.06861	1.07239	1.06715	1.07128	21151	0	51
2017.08.04	08:00:00	1.07127	1.07262	1.06974	1.06995	18446	0	51
2017.08.04	12:00:00	1.06996	1.07073	1.06702	1.06722	21942	0	51
2017.08.04	16:00:00	1.06722	1.06895	1.06661	1.06843	30807	0	51
2017.08.04	20:00:00	1.06844	1.06947	1.06824	1.06884	9760	0	47
2017.08.07	00:00:00	1.06915	1.07140	1.06862	1.07072	17364	0	51
2017.08.07	04:00:00	1.07070	1.07298	1.07070	1.07254	15598	0	51
2017.08.07	08:00:00	1.07255	1.07526	1.07173	1.07402	16583	0	51
2017.08.07	12:00:00	1.07403	1.07547	1.07370	1.07471	16518	0	51
2017.08.07	16:00:00	1.07471	1.07546	1.07413	1.07543	16338	0	51
2017.08.07	20:00:00	1.07542	1.07554	1.07442	1.07443	6512	0	51
2017.08.08	00:00:00	1.07392	1.07632	1.07388	1.07621	8215	0	51
2017.08.08	04:00:00	1.07619	1.07772	1.07585	1.07590	15687	0	51
2017.08.08	08:00:00	1.07591	1.07770	1.07563	1.07689	16940	0	51
2017.08.08	12:00:00	1.07689	1.07767	1.07628	1.07716	15997	0	51
2017.08.08	16:00:00	1.07716	1.07920	1.07679	1.07912	28150	0	51
2017.08.08	20:00:00	1.07912	1.08026	1.07834	1.07965	13210	0	34
2017.08.09	00:00:00	1.07864	1.07947	1.07517	1.07607	15806	0	51
2017.08.09	04:00:00	1.07606	1.07652	1.07439	1.07576	19477	0	51
2017.08.09	08:00:00	1.07576	1.07750	1.07480	1.07564	21612	0	51
2017.08.09	12:00:00	1.07567	1.07837	1.07509	1.07570	19832	0	51
2017.08.09	16:00:00	1.07569	1.07673	1.07491	1.07524	25478	0	51
2017.08.09	20:00:00	1.07524	1.07598	1.07436	1.07510	9705	0	51
2017.08.10	00:00:00	1.07068	1.07510	1.07068	1.07417	12998	0	34
2017.08.10	04:00:00	1.07419	1.07945	1.07362	1.07739	21558	0	51
2017.08.10	08:00:00	1.07740	1.08593	1.07688	1.08419	21553	0	34
2017.08.10	12:00:00	1.08420	1.08466	1.08248	1.08435	16472	0	51
2017.08.10	16:00:00	1.08437	1.08505	1.08223	1.08259	28472	0	51
2017.08.10	20:00:00	1.08260	1.08313	1.08161	1.08200	13084	0	51
2017.08.11	00:00:00	1.08087	1.08290	1.08074	1.08177	10720	0	51
2017.08.11	04:00:00	1.08177	1.08232	1.07871	1.07894	18480	0	51
2017.08.11	08:00:00	1.07894	1.07975	1.07763	1.07848	16559	0	51
2017.08.11	12:00:00	1.07849	1.08127	1.07719	1.08028	21606	0	51
2017.08.11	16:00:00	1.08028	1.08105	1.07772	1.07871	26488	0	51
2017.08.11	20:00:00	1.07870	1.07956	1.07732	1.07749	12201	0	51
2017.08.14	00:00:00	1.07896	1.08183	1.07645	1.08054	12583	0	51
2017.08.14	04:00:00	1.08055	1.08174	1.07930	1.07970	13278	0	51
2017.08.14	08:00:00	1.07970	1.08003	1.07830	1.07870	16207	0	51
2017.08.14	12:00:00	1.07870	1.07944	1.07835	1.07842	12725	0	51
2017.08.14	16:00:00	1.07842	1.07906	1.07708	1.07765	16787	0	51
2017.08.14	20:00:00	1.07767	1.07768	1.07645	1.07734	10108	0	51
2017.08.15	00:00:00	1.07709	1.07769	1.07598	1.07626	8926	0	51
2017.08.15	04:00:00	1.07626	1.07837	1.07547	1.07640	14190	0	51
2017.08.15	08:00:00	1.07641	1.07651	1.07445	1.07552	17175	0	51
2017.08.15	12:00:00	1.07553	1.07831	1.07501	1.07792	16681	0	51
2017.08.15	16:00:00	1.07792	1.08057	1.07780	1.08027	19631	0	51
2017.08.15	20:00:00	1.08026	1.08111	1.07957	1.08071	8037	0	51
2017.08.16	00:00:00	1.08070	1.08312	1.07969	1.08247	9982	0	51
2017.08.16	04:00:00	1.08247	1.08338	1.08190	1.08278	13491	0	51
2017.08.16	08:00:00	1.08280	1.08505	1.08213	1.08412	18449	0	51
2017.08.16	12:00:00	1.08412	1.08557	1.08133	1.08160	16258	0	51
2017.08.16	16:00:00	1.08162	1.08655	1.08142	1.08456	19534	0	51
2017.08.16	20:00:00	1.08456	1.08503	1.08305	1.08455	20664	0	51
2017.08.17	00:00:00	1.08270	1.08570	1.08270	1.08515	10268	0	51
2017.08.17	04:00:00	1.08515	1.08591	1.08195	1.08275	17393	0	51
2017.08.17	08:00:00	1.08274	1.08763	1.08269	1.08593	20071	0	51
2017.08.17	12:00:00	1.08595	1.08632	1.08472	1.08535	25188	0	51
2017.08.17	16:00:00	1.08537	1.08582	1.08285	1.08293	26854	0	51
2017.08.17	20:00:00	1.08293	1.08348	1.08169	1.08215	14741	0	51
2017.08.18	00:00:00	1.08209	1.08287	1.08059	1.08210	12676	0	51
2017.08.18	04:00:00	1.08211	1.08353	1.08171	1.08201	13496	0	51
2017.08.18	08:00:00	1.08201	1.08256	1.08085	1.08148	21108	0	51
2017.08.18	12:00:00	1.08150	1.08270	1.08063	1.08237	18622	0	51
2017.08.18	16:00:00	1.08237	1.08299	1.08003	1.08263	34252	0	51
2017.08.18	20:00:00	1.08263	1.08462	1.08243	1.08243	12719	0	45
2017.08.21	00:00:00	1.08344	1.08490	1.08277	1.08302	8094	0	51
2017.08.21	04:00:00	1.08301	1.08423	1.08225	1.08243	12332	0	51
2017.08.21	08:00:00	1.08243	1.08351	1.08196	1.08278	15500	0	51
2017.08.21	12:00:00	1.08278	1.08426	1.08222	1.08407	13834	0	51
2017.08.21	16:00:00	1.08409	1.08428	1.08194	1.08381	19458	0	51
2017.08.21	20:00:00	1.08382	1.08384	1.08276	1.08321	10698	0	51
2017.08.22	00:00:00	1.08281	1.08459	1.08260	1.08383	8388	0	51
2017.08.22	04:00:00	1.08383	1.08426	1.08285	1.08306	12150	0	51
2017.08.22	08:00:00	1.08306	1.08541	1.08294	1.08454	18131	0	51
2017.08.22	12:00:00	1.08454	1.08628	1.08440	1.08583	17829	0	51
2017.08.22	16:00:00	1.08583	1.08634	1.08436	1.08465	19989	0	51
2017.08.22	20:00:00	1.08465	1.08705	1.08453	1.08656	10670	0	51
2017.08.23	00:00:00	1.08618	1.08944	1.08592	1.08931	14836	0	51
2017.08.23	04:00:00	1.08929	1.09100	1.08818	1.09066	19504	0	51
2017.08.23	08:00:00	1.09064	1.09446	1.08976	1.09335	17262	0	51
2017.08.23	12:00:00	1.09335	1.09493	1.09226	1.09477	18116	0	51
2017.08.23	16:00:00	1.09477	1.09572	1.09317	1.09482	22640	0	51
2017.08.23	20:00:00	1.09482	1.09495	1.09303	1.09377	13705	0	51
2017.08.24	00:00:00	1.09293	1.09470	1.09221	1.09316	14824	0	51
2017.08.24	04:00:00	1.09316	1.09490	1.09214	1.09279	21084	0	51
2017.08.24	08:00:00	1.09279	1.09503	1.09256	1.09454	23951	0	51
2017.08.24	12:00:00	1.09453	1.09459	1.09289	1.09449	19204	0	51
2017.08.24	16:00:00	1.09450	1.09634	1.09384	1.09601	22376	0	51
2017.08.24	20:00:00	1.09601	1.09654	1.09491	1.09653	11650	0	51
2017.08.25	00:00:00	1.09535	1.09697	1.09512	1.09651	17927	0	51
2017.08.25	04:00:00	1.09648	1.09664	1.09369	1.09593	16031	0	51
2017.08.25	08:00:00	1.09593	1.09700	1.09474	1.09488	17765	0	51
2017.08.25	12:00:00	1.09489	1.09682	1.09438	1.09604	17874	0	51
2017.08.25	16:00:00	1.09603	1.09702	1.09407	1.09578	36424	0	51
2017.08.25	20:00:00	1.09579	1.09693	1.09465	1.09465	18994	0	51
2017.08.28	00:00:00	1.09316	1.09673	1.09303	1.09644	12274	0	51
2017.08.28	04:00:00	1.09643	1.09684	1.09533	1.09639	13912	0	51
2017.08.28	08:00:00	1.09639	1.09777	1.09602	1.09702	16569	0	51
2017.08.28	12:00:00	1.09700	1.09741	1.09519	1.09697	14432	0	51
2017.08.28	16:00:00	1.09698	1.09746	1.09572	1.09714	15014	0	51
2017.08.28	20:00:00	1.09715	1.09810	1.09662	1.09738	8247	0	41
2017.08.29	00:00:00	1.09740	1.09785	1.09251	1.09430	21343	0	51
2017.08.29	04:00:00	1.09427	1.09682	1.09348	1.09663	16914	0	51
2017.08.29	08:00:00	1.09661	1.09791	1.09392	1.09394	29184	0	51
2017.08.29	12:00:00	1.09393	1.09476	1.09257	1.09278	24756	0	51
2017.08.29	16:00:00	1.09279	1.09730	1.09279	1.09678	26765	0	51
2017.08.29	20:00:00	1.09675	1.09694	1.09533	1.09570	15955	0	45
2017.08.30	00:00:00	1.09595	1.09666	1.09382	1.09644	14769	0	51
2017.08.30	04:00:00	1.09644	1.10149	1.09536	1.09936	20416	0	51
2017.08.30	08:00:00	1.09934	1.10023	1.09705	1.09793	22537	0	51
2017.08.30	12:00:00	1.09794	1.09829	1.09612	1.09703	20532	0	51
2017.08.30	16:00:00	1.09702	1.09878	1.09564	1.09693	24715	0	51
2017.08.30	20:00:00	1.09692	1.09789	1.09675	1.09721	10762	0	51
2017.08.31	00:00:00	1.09635	1.09975	1.09591	1.09939	13235	0	51
2017.08.31	04:00:00	1.09935	1.10311	1.09889	1.10155	24242	0	51
2017.08.31	08:00:00	1.10156	1.10428	1.10075	1.10289	23931	0	51
2017.08.31	12:00:00	1.10288	1.10457	1.10192	1.10443	25619	0	51
2017.08.31	16:00:00	1.10443	1.10775	1.10430	1.10621	29690	0	51
2017.08.31	20:00:00	1.10622	1.10719	1.10556	1.10676	13264	0	51
2017.09.01	00:00:00	1.10659	1.10745	1.10521	1.10586	13527	0	51
2017.09.01	04:00:00	1.10585	1.10778	1.10550	1.10725	14941	0	51
2017.09.01	08:00:00	1.10721	1.10861	1.10639	1.10775	17699	0	51
2017.09.01	12:00:00	1.10775	1.11227	1.10540	1.11094	25960	0	51
2017.09.01	16:00:00	1.11096	1.11383	1.10965	1.11349	39869	0	51
2017.09.01	20:00:00	1.11352	1.11392	1.11154	1.11291	11289	0	51
2017.09.04	00:00:00	1.11111	1.11174	1.10961	1.10977	15356	0	51
2017.09.04	04:00:00	1.10976	1.11142	1.10915	1.10929	16978	0	51
2017.09.04	08:00:00	1.10930	1.11058	1.10816	1.10862	20385	0	51
2017.09.04	12:00:00	1.10862	1.10938	1.10747	1.10814	14050	0	51
2017.09.04	16:00:00	1.10815	1.10867	1.10744	1.10854	11932	0	51
2017.09.04	20:00:00	1.10852	1.10899	1.10720	1.10843	7329	0	51
2017.09.05	00:00:00	1.10843	1.10986	1.10843	1.10898	10309	0	51
2017.09.05	04:00:00	1.10901	1.11279	1.10831	1.10993	27626	0	51
2017.09.05	08:00:00	1.10993	1.11164	1.10803	1.10851	22357	0	51
2017.09.05	12:00:00	1.10849	1.11054	1.10793	1.10852	21150	0	51
2017.09.05	16:00:00	1.10844	1.10867	1.10279	1.10337	28853	0	51
2017.09.05	20:00:00	1.10337	1.10517	1.10246	1.10491	16746	0	51
2017.09.06	00:00:00	1.10432	1.10524	1.10224	1.10499	14892	0	51
2017.09.06	04:00:00	1.10501	1.10634	1.10282	1.10411	18849	0	51
2017.09.06	08:00:00	1.10416	1.10561	1.10377	1.10396	19536	0	51
2017.09.06	12:00:00	1.10396	1.10561	1.10328	1.10481	21848	0	51
2017.09.06	16:00:00	1.10481	1.11025	1.10406	1.11015	35061	0	51
2017.09.06	20:00:00	1.11015	1.11190	1.11011	1.11078	16141	0	51
2017.09.07	00:00:00	1.11043	1.11236	1.11002	1.11080	13931	0	51
2017.09.07	04:00:00	1.11078	1.11151	1.10670	1.10914	17584	0	51
2017.09.07	08:00:00	1.10913	1.11324	1.10772	1.11280	22554	0	51
2017.09.07	12:00:00	1.11279	1.11376	1.11229	1.11256	25640	0	51
2017.09.07	16:00:00	1.11260	1.11420	1.10974	1.11188	35705	0	51
2017.09.07	20:00:00	1.11187	1.11335	1.11167	1.11288	14910	0	51
2017.09.08	00:00:00	1.11245	1.11288	1.10910	1.10956	13648	0	51
2017.09.08	04:00:00	1.10956	1.11110	1.10665	1.10760	32224	0	51
2017.09.08	08:00:00	1.10758	1.10973	1.10548	1.10906	38170	0	51
2017.09.08	12:00:00	1.10906	1.10978	1.10792	1.10941	24831	0	51
2017.09.08	16:00:00	1.10942	1.11069	1.10816	1.10882	30173	0	51
2017.09.08	20:00:00	1.10881	1.10922	1.10748	1.10770	12409	0	34
2017.09.11	00:00:00	1.10786	1.11326	1.10786	1.11273	14322	0	51
2017.09.11	04:00:00	1.11274	1.11292	1.10998	1.11044	18048	0	51
2017.09.11	08:00:00	1.11045	1.11062	1.10504	1.10518	25365	0	51
2017.09.11	12:00:00	1.10519	1.10678	1.10405	1.10612	22921	0	51
2017.09.11	16:00:00	1.10614	1.10742	1.10568	1.10684	24646	0	51
2017.09.11	20:00:00	1.10683	1.10802	1.10630	1.10699	12591	0	34
2017.09.12	00:00:00	1.10603	1.10699	1.10461	1.10588	13067	0	51
2017.09.12	04:00:00	1.10590	1.10823	1.10371	1.10822	11588	880350000	36
2017.09.12	08:00:00	1.10822	1.11056	1.09778	1.09838	39116	0	5
2017.09.12	12:00:00	1.09836	1.10136	1.09778	1.10064	23558	0	0
2017.09.12	16:00:00	1.10065	1.10241	1.10010	1.10151	27386	0	0
2017.09.12	20:00:00	1.10151	1.10223	1.09956	1.09961	12590	0	0
2017.09.13	00:00:00	1.09961	1.10454	1.09949	1.10338	9836	0	1
2017.09.13	04:00:00	1.10333	1.10419	1.09969	1.10100	16529	0	0
2017.09.13	08:00:00	1.10099	1.10281	1.09972	1.10281	20505	0	0
2017.09.13	12:00:00	1.10282	1.10414	1.10247	1.10353	17933	0	0
2017.09.13	16:00:00	1.10351	1.10440	1.10047	1.10280	26389	0	1
2017.09.13	20:00:00	1.10282	1.10382	1.10209	1.10224	13505	0	2
2017.09.14	00:00:00	1.10224	1.10282	1.10046	1.10048	8661	0	2
2017.09.14	04:00:00	1.10050	1.10522	1.09919	1.10432	19199	0	0
2017.09.14	08:00:00	1.10432	1.10834	1.10298	1.10613	19838	0	1
2017.09.14	12:00:00	1.10610	1.10904	1.10532	1.10588	26177	0	0
2017.09.14	16:00:00	1.10588	1.10831	1.10549	1.10828	26258	0	0
2017.09.14	20:00:00	1.10828	1.10887	1.10599	1.10772	14512	0	4
2017.09.15	00:00:00	1.10772	1.10901	1.10591	1.10736	10979	0	2
2017.09.15	04:00:00	1.10738	1.10772	1.10426	1.10459	13271	0	0
2017.09.15	08:00:00	1.10459	1.10567	1.10268	1.10351	22065	0	0
2017.09.15	12:00:00	1.10352	1.10479	1.10019	1.10200	26564	0	0
2017.09.15	16:00:00	1.10206	1.10224	1.09528	1.09628	23413	0	0
2017.09.15	20:00:00	1.09625	1.09820	1.09607	1.09704	8918	0	0
2017.09.18	00:00:00	1.09844	1.09844	1.09577	1.09721	7086	0	4
2017.09.18	04:00:00	1.09722	1.09825	1.09373	1.09709	14121	0	2
2017.09.18	08:00:00	1.09708	1.09794	1.09493	1.09548	18425	0	0
2017.09.18	12:00:00	1.09548	1.09762	1.09524	1.09706	17046	0	2
2017.09.18	16:00:00	1.09706	1.09829	1.09565	1.09573	24598	0	0
2017.09.18	20:00:00	1.09573	1.09691	1.09492	1.09492	13592	0	1
2017.09.19	00:00:00	1.09492	1.09759	1.09492	1.09755	7861	0	2
2017.09.19	04:00:00	1.09750	1.09856	1.09432	1.09521	15370	0	1
2017.09.19	08:00:00	1.09523	1.09697	1.09420	1.09608	22963	0	3
2017.09.19	12:00:00	1.09608	1.09650	1.09492	1.09528	23273	0	0
2017.09.19	16:00:00	1.09530	1.09590	1.09335	1.09367	26253	0	0
2017.09.19	20:00:00	1.09367	1.09562	1.09360	1.09425	11739	0	0
2017.09.20	00:00:00	1.09425	1.09480	1.09316	1.09435	7495	0	1
2017.09.20	04:00:00	1.09435	1.09772	1.09199	1.09750	15312	0	1
2017.09.20	08:00:00	1.09750	1.09773	1.08895	1.09367	21401	0	0
2017.09.20	12:00:00	1.09367	1.09398	1.09017	1.09297	19722	0	1
2017.09.20	16:00:00	1.09297	1.09322	1.09184	1.09264	20882	0	0
2017.09.20	20:00:00	1.09264	1.09333	1.08915	1.09132	33402	0	0
2017.09.21	00:00:00	1.09132	1.09335	1.09007	1.09240	10565	0	2
2017.09.21	04:00:00	1.09240	1.09262	1.09014	1.09191	15317	0	1
2017.09.21	08:00:00	1.09189	1.09284	1.08593	1.08622	28036	0	0
2017.09.21	12:00:00	1.08622	1.08804	1.08366	1.08413	23131	0	0
2017.09.21	16:00:00	1.08413	1.08563	1.08242	1.08559	29913	0	0
2017.09.21	20:00:00	1.08557	1.08608	1.08390	1.08487	9677	0	2
2017.09.22	00:00:00	1.08480	1.08751	1.08453	1.08605	7681	0	4
2017.09.22	04:00:00	1.08607	1.08826	1.08471	1.08755	15078	0	2
2017.09.22	08:00:00	1.08755	1.08960	1.08554	1.08596	22476	0	0
2017.09.22	12:00:00	1.08597	1.08879	1.08583	1.08811	21236	0	0
2017.09.22	16:00:00	1.08807	1.08837	1.08586	1.08595	25130	0	0
2017.09.22	20:00:00	1.08594	1.08794	1.08343	1.08436	13182	0	2
2017.09.25	00:00:00	1.08841	1.09562	1.08518	1.09378	11477	0	0
2017.09.25	04:00:00	1.09378	1.09662	1.09351	1.09645	16114	0	2
2017.09.25	08:00:00	1.09647	1.09721	1.09052	1.09179	20267	0	0
2017.09.25	12:00:00	1.09175	1.09466	1.09146	1.09318	20756	0	3
2017.09.25	16:00:00	1.09319	1.09399	1.09167	1.09192	30503	0	2
2017.09.25	20:00:00	1.09191	1.09307	1.09190	1.09223	8204	0	3
2017.09.26	00:00:00	1.09223	1.09490	1.08743	1.09453	9433	0	2
2017.09.26	04:00:00	1.09453	1.09761	1.09453	1.09578	16282	0	2
2017.09.26	08:00:00	1.09578	1.09783	1.09529	1.09673	22446	0	1
2017.09.26	12:00:00	1.09673	1.09711	1.09432	1.09548	23645	0	0
2017.09.26	16:00:00	1.09543	1.09687	1.09488	1.09578	28378	0	1
2017.09.26	20:00:00	1.09576	1.09595	1.09346	1.09346	17488	0	4
2017.09.27	00:00:00	1.09346	1.09538	1.09297	1.09491	8427	0	2
2017.09.27	04:00:00	1.09490	1.09507	1.09114	1.09206	15548	0	2
2017.09.27	08:00:00	1.09206	1.09415	1.08988	1.09055	28111	0	0
2017.09.27	12:00:00	1.09055	1.09102	1.08907	1.09071	25656	0	0
2017.09.27	16:00:00	1.09065	1.09100	1.08676	1.08715	36323	0	1
2017.09.27	20:00:00	1.08715	1.09075	1.08701	1.08953	20131	0	0
2017.09.28	00:00:00	1.08953	1.09038	1.08571	1.08575	7885	0	1
2017.09.28	04:00:00	1.08578	1.08779	1.08417	1.08748	16620	0	0
2017.09.28	08:00:00	1.08747	1.08874	1.08603	1.08806	25225	0	0
2017.09.28	12:00:00	1.08806	1.08827	1.08603	1.08708	19058	0	1
2017.09.28	16:00:00	1.08707	1.08719	1.08451	1.08553	26448	0	1
2017.09.28	20:00:00	1.08553	1.08625	1.08508	1.08533	13035	0	2
2017.09.29	00:00:00	1.08533	1.08737	1.08444	1.08698	6051	0	2
2017.09.29	04:00:00	1.08694	1.08799	1.08625	1.08699	8637	0	1
2017.09.29	08:00:00	1.08701	1.08757	1.08582	1.08686	12779	0	1
2017.09.29	12:00:00	1.08686	1.08702	1.08330	1.08342	14035	0	0
2017.09.29	16:00:00	1.08343	1.08703	1.08303	1.08540	22470	0	0
2017.09.29	20:00:00	1.08539	1.08662	1.08487	1.08603	6915	0	1
2017.10.02	00:00:00	1.08546	1.08804	1.08523	1.08779	7266	0	2
2017.10.02	04:00:00	1.08779	1.08800	1.08650	1.08719	9164	0	0
2017.10.02	08:00:00	1.08723	1.08797	1.08653	1.08693	16256	0	0
2017.10.02	12:00:00	1.08693	1.08739	1.08599	1.08654	16222	0	1
2017.10.02	16:00:00	1.08657	1.08755	1.08527	1.08748	19579	0	0
2017.10.02	20:00:00	1.08743	1.08796	1.08695	1.08728	7652	0	6
2017.10.03	00:00:00	1.08728	1.08919	1.08728	1.08840	9000	0	3
2017.10.03	04:00:00	1.08839	1.08928	1.08754	1.08873	14207	0	2
2017.10.03	08:00:00	1.08877	1.08993	1.08833	1.08911	17807	0	0
2017.10.03	12:00:00	1.08911	1.08990	1.08824	1.08937	13753	0	1
2017.10.03	16:00:00	1.08937	1.09458	1.08924	1.09423	18052	0	0
2017.10.03	20:00:00	1.09423	1.09492	1.09374	1.09401	7398	0	0
2017.10.04	00:00:00	1.09401	1.09566	1.09278	1.09285	10284	0	3
2017.10.04	04:00:00	1.09285	1.09536	1.09194	1.09522	10524	0	2
2017.10.04	08:00:00	1.09522	1.09581	1.09422	1.09580	14228	0	0
2017.10.04	12:00:00	1.09582	1.09636	1.09385	1.09474	14914	0	0
2017.10.04	16:00:00	1.09474	1.09749	1.09400	1.09654	20075	0	0
2017.10.04	20:00:00	1.09652	1.09726	1.09625	1.09663	7503	0	0
2017.10.05	00:00:00	1.09663	1.09934	1.09427	1.09430	10048	0	0
2017.10.05	04:00:00	1.09432	1.09483	1.09326	1.09394	6698	0	4
2017.10.05	08:00:00	1.09394	1.09430	1.09277	1.09367	12621	0	2
2017.10.05	12:00:00	1.09366	1.09408	1.09222	1.09337	15980	0	0
2017.10.05	16:00:00	1.09334	1.09597	1.09295	1.09555	18702	0	2
2017.10.05	20:00:00	1.09556	1.09578	1.09452	1.09464	6453	0	3
2017.10.06	00:00:00	1.09458	1.09653	1.09433	1.09621	9328	0	1
2017.10.06	04:00:00	1.09617	1.09684	1.09100	1.09280	11406	0	1
2017.10.06	08:00:00	1.09281	1.09533	1.09231	1.09528	13828	0	0
2017.10.06	12:00:00	1.09523	1.09721	1.09405	1.09628	19506	0	0
2017.10.06	16:00:00	1.09627	1.09665	1.09401	1.09569	25283	0	0
2017.10.06	20:00:00	1.09569	1.09669	1.09442	1.09442	6195	0	0
2017.10.09	00:00:00	1.09962	1.10127	1.09875	1.09968	7849	0	2
2017.10.09	04:00:00	1.09968	1.10038	1.09717	1.09732	8212	0	1
2017.10.09	08:00:00	1.09732	1.09792	1.09565	1.09639	10839	0	0
2017.10.09	12:00:00	1.09639	1.09643	1.09458	1.09614	14334	0	0
2017.10.09	16:00:00	1.09612	1.09819	1.09570	1.09816	11080	0	0
2017.10.09	20:00:00	1.09816	1.09832	1.09667	1.09667	5237	0	0
2017.10.10	00:00:00	1.09667	1.09936	1.09655	1.09890	7599	0	2
2017.10.10	04:00:00	1.09889	1.10086	1.09849	1.10073	11568	0	0
2017.10.10	08:00:00	1.10073	1.10221	1.09987	1.10047	15114	0	0
2017.10.10	12:00:00	1.10046	1.10160	1.09990	1.10130	16824	0	0
2017.10.10	16:00:00	1.10130	1.10210	1.09977	1.10063	21454	0	0
2017.10.10	20:00:00	1.10063	1.10147	1.09954	1.09992	14161	0	3
2017.10.11	00:00:00	1.09992	1.10113	1.09911	1.09939	10666	0	2
2017.10.11	04:00:00	1.09934	1.10034	1.09832	1.09941	13967	0	1
2017.10.11	08:00:00	1.09941	1.10224	1.09913	1.10117	14969	0	0
2017.10.11	12:00:00	1.10117	1.10238	1.10018	1.10039	13344	0	1
2017.10.11	16:00:00	1.10038	1.10071	1.09871	1.09888	14418	0	0
2017.10.11	20:00:00	1.09890	1.09996	1.09820	1.09921	12870	0	2
2017.10.12	00:00:00	1.09921	1.10021	1.09821	1.10004	11329	0	0
2017.10.12	04:00:00	1.10004	1.10123	1.09864	1.09964	13816	0	0
2017.10.12	08:00:00	1.09964	1.10049	1.09844	1.09899	15616	0	0
2017.10.12	12:00:00	1.09902	1.09986	1.09813	1.09885	17595	0	1
2017.10.12	16:00:00	1.09887	1.09965	1.09695	1.09736	20046	0	0
2017.10.12	20:00:00	1.09735	1.09743	1.09579	1.09663	12620	0	0
2017.10.13	00:00:00	1.09663	1.09844	1.09572	1.09833	7572	0	0
2017.10.13	04:00:00	1.09832	1.09932	1.09713	1.09775	13892	0	2
2017.10.13	08:00:00	1.09774	1.09843	1.09656	1.09707	18477	0	1
2017.10.13	12:00:00	1.09706	1.09849	1.09540	1.09829	19963	0	0
2017.10.13	16:00:00	1.09829	1.09899	1.09570	1.09631	24392	0	0
2017.10.13	20:00:00	1.09634	1.10043	1.09541	1.09541	8658	0	2
2017.10.16	00:00:00	1.09880	1.10008	1.09701	1.09727	5821	0	1
2017.10.16	04:00:00	1.09727	1.09855	1.09634	1.09740	11108	0	0
2017.10.16	08:00:00	1.09740	1.09824	1.09640	1.09644	16962	0	0
2017.10.16	12:00:00	1.09644	1.09653	1.09346	1.09420	15834	0	0
2017.10.16	16:00:00	1.09421	1.09559	1.09390	1.09447	19066	0	0
2017.10.16	20:00:00	1.09447	1.09536	1.09418	1.09440	11881	0	2
2017.10.17	00:00:00	1.09440	1.09485	1.08732	1.09068	14752	0	1
2017.10.17	04:00:00	1.09074	1.09574	1.09064	1.09532	14331	0	0
2017.10.17	08:00:00	1.09532	1.09583	1.09366	1.09396	19251	0	1
2017.10.17	12:00:00	1.09400	1.09436	1.09163	1.09339	22324	0	0
2017.10.17	16:00:00	1.09339	1.09430	1.09265	1.09373	20243	0	0
2017.10.17	20:00:00	1.09373	1.09470	1.09365	1.09374	8390	0	0
2017.10.18	00:00:00	1.09374	1.09470	1.09301	1.09463	6169	0	4
2017.10.18	04:00:00	1.09462	1.09710	1.09443	1.09709	9536	0	0
2017.10.18	08:00:00	1.09709	1.09921	1.09599	1.09800	18213	0	0
2017.10.18	12:00:00	1.09801	1.09872	1.09721	1.09783	21815	0	2
2017.10.18	16:00:00	1.09783	1.09858	1.09679	1.09747	22037	0	0
2017.10.18	20:00:00	1.09745	1.09841	1.09622	1.09635	8544	0	1
2017.10.19	00:00:00	1.09635	1.09853	1.09500	1.09831	11753	0	0
2017.10.19	04:00:00	1.09829	1.10811	1.09797	1.10662	22187	0	0
2017.10.19	08:00:00	1.10658	1.11801	1.10429	1.11789	32745	0	0
2017.10.19	12:00:00	1.11788	1.12168	1.11669	1.12025	21742	0	0
2017.10.19	16:00:00	1.12024	1.12247	1.11938	1.12137	21133	0	0
2017.10.19	20:00:00	1.12137	1.12202	1.11956	1.11982	10840	0	1
2017.10.20	00:00:00	1.11982	1.12497	1.11917	1.12397	11135	0	0
2017.10.20	04:00:00	1.12398	1.12533	1.12031	1.12257	20767	0	0
2017.10.20	08:00:00	1.12258	1.12403	1.12160	1.12301	19920	0	0
2017.10.20	12:00:00	1.12300	1.12486	1.12139	1.12145	19290	0	0
2017.10.20	16:00:00	1.12147	1.12369	1.12133	1.12238	22418	0	0
2017.10.20	20:00:00	1.12240	1.12305	1.12132	1.12215	10586	0	0
2017.10.23	00:00:00	1.12475	1.12575	1.12386	1.12441	9156	0	0
2017.10.23	04:00:00	1.12439	1.12468	1.12233	1.12261	8812	0	0
2017.10.23	08:00:00	1.12261	1.12316	1.11997	1.12189	13147	0	0
2017.10.23	12:00:00	1.12192	1.12251	1.11996	1.11998	13326	0	0
2017.10.23	16:00:00	1.11996	1.12135	1.11881	1.12034	15234	0	0
2017.10.23	20:00:00	1.12034	1.12106	1.11955	1.11955	6442	0	0
2017.10.24	00:00:00	1.11955	1.12068	1.11811	1.11861	8748	0	0
2017.10.24	04:00:00	1.11860	1.12736	1.11659	1.12682	14807	0	0
2017.10.24	08:00:00	1.12682	1.12747	1.12186	1.12198	18496	0	0
2017.10.24	12:00:00	1.12198	1.12580	1.12072	1.12526	15546	0	0
2017.10.24	16:00:00	1.12524	1.12829	1.12490	1.12788	17567	0	0
2017.10.24	20:00:00	1.12789	1.12898	1.12430	1.12444	13561	0	0
2017.10.25	00:00:00	1.12400	1.12691	1.12144	1.12154	12871	0	0
2017.10.25	04:00:00	1.12155	1.12175	1.11882	1.11907	15199	0	0
2017.10.25	08:00:00	1.11907	1.11984	1.11803	1.11937	18570	0	0
2017.10.25	12:00:00	1.11941	1.12209	1.11848	1.12164	21822	0	0
2017.10.25	16:00:00	1.12162	1.12201	1.11922	1.11982	31982	0	1
2017.10.25	20:00:00	1.11983	1.12066	1.11762	1.11814	9599	0	0
2017.10.26	00:00:00	1.11814	1.12079	1.11738	1.12055	12412	0	1
2017.10.26	04:00:00	1.12053	1.12095	1.11800	1.11808	11219	0	0
2017.10.26	08:00:00	1.11808	1.12081	1.11698	1.11943	19969	0	0
2017.10.26	12:00:00	1.11943	1.12382	1.11925	1.12254	21966	0	0
2017.10.26	16:00:00	1.12258	1.12335	1.12066	1.12132	24412	0	0
2017.10.26	20:00:00	1.12132	1.12153	1.11871	1.11884	17602	0	1
2017.10.27	00:00:00	1.11884	1.12079	1.11856	1.11941	13140	0	1
2017.10.27	04:00:00	1.11940	1.12031	1.11530	1.11678	19153	0	0
2017.10.27	08:00:00	1.11678	1.11888	1.11588	1.11631	19138	0	0
2017.10.27	12:00:00	1.11630	1.11821	1.11549	1.11807	19934	0	1
2017.10.27	16:00:00	1.11808	1.11809	1.11412	1.11583	28751	0	1
2017.10.27	20:00:00	1.11584	1.11722	1.11517	1.11568	13504	0	1
2017.10.30	00:00:00	1.11460	1.11943	1.11361	1.11888	8076	0	0
2017.10.30	04:00:00	1.11887	1.12299	1.11712	1.12152	13566	0	0
2017.10.30	08:00:00	1.12152	1.12259	1.11902	1.12030	13425	0	0
2017.10.30	12:00:00	1.12032	1.12037	1.11856	1.11891	18048	0	2
2017.10.30	16:00:00	1.11891	1.11911	1.11645	1.11713	22293	0	1
2017.10.30	20:00:00	1.11713	1.11933	1.11694	1.11791	7123	0	0
2017.10.31	00:00:00	1.11791	1.12120	1.11730	1.11994	12465	0	1
2017.10.31	04:00:00	1.11994	1.12199	1.11970	1.12007	13164	0	0
2017.10.31	08:00:00	1.12019	1.12231	1.11922	1.12073	16595	0	0
2017.10.31	12:00:00	1.12075	1.12144	1.11746	1.11750	17868	0	0
2017.10.31	16:00:00	1.11747	1.12046	1.11725	1.12022	19884	0	0
2017.10.31	20:00:00	1.12022	1.12025	1.11785	1.11803	11489	0	0
2017.11.01	00:00:00	1.11797	1.11861	1.10761	1.11142	15366	0	0
2017.11.01	04:00:00	1.11142	1.11218	1.10821	1.10843	16459	0	0
2017.11.01	08:00:00	1.10844	1.11074	1.10817	1.10994	18282	0	1
2017.11.01	12:00:00	1.10996	1.11368	1.10961	1.11298	16032	0	1
2017.11.01	16:00:00	1.11298	1.11499	1.11270	1.11278	19215	0	0
2017.11.01	20:00:00	1.11278	1.11490	1.11175	1.11418	15150	0	0
2017.11.02	00:00:00	1.11418	1.11487	1.11226	1.11248	13209	0	0
2017.11.02	04:00:00	1.11250	1.11581	1.11178	1.11316	16734	0	0
2017.11.02	08:00:00	1.11316	1.11583	1.11284	1.11477	16657	0	0
2017.11.02	12:00:00	1.11479	1.11705	1.11396	1.11576	20754	0	1
2017.11.02	16:00:00	1.11576	1.11612	1.11484	1.11526	20858	0	1
2017.11.02	20:00:00	1.11526	1.11658	1.11506	1.11583	12347	0	4
2017.11.03	00:00:00	1.11583	1.11637	1.10991	1.11134	10994	0	1
2017.11.03	04:00:00	1.11133	1.11150	1.10726	1.10857	9282	0	0
2017.11.03	08:00:00	1.10857	1.10947	1.10481	1.10797	13575	0	0
2017.11.03	12:00:00	1.10797	1.10946	1.10430	1.10687	24210	0	1
2017.11.03	16:00:00	1.10666	1.10773	1.10607	1.10728	20185	0	1
2017.11.03	20:00:00	1.10725	1.10770	1.10637	1.10713	3315	0	1
2017.11.06	00:00:00	1.10516	1.10815	1.10516	1.10730	13219	0	0
2017.11.06	04:00:00	1.10733	1.11140	1.10733	1.11060	11910	0	0
2017.11.06	08:00:00	1.11060	1.11265	1.10942	1.11125	16326	0	1
2017.11.06	12:00:00	1.11125	1.11206	1.10915	1.10961	13678	0	1
2017.11.06	16:00:00	1.10961	1.11153	1.10813	1.10924	16587	0	1
2017.11.06	20:00:00	1.10922	1.11051	1.10527	1.10703	12051	0	0
2017.11.07	00:00:00	1.10713	1.10829	1.10612	1.10762	12241	0	0
2017.11.07	04:00:00	1.10757	1.10956	1.10657	1.10813	14000	0	0
2017.11.07	08:00:00	1.10812	1.10906	1.10579	1.10606	17078	0	2
2017.11.07	12:00:00	1.10606	1.10811	1.10545	1.10759	16520	0	1
2017.11.07	16:00:00	1.10759	1.10848	1.10641	1.10734	21052	0	1
2017.11.07	20:00:00	1.10734	1.10754	1.10659	1.10737	9843	0	0
2017.11.08	00:00:00	1.10737	1.10836	1.10607	1.10685	11246	0	0
2017.11.08	04:00:00	1.10685	1.10873	1.10660	1.10682	11863	0	0
2017.11.08	08:00:00	1.10683	1.10968	1.10662	1.10913	17919	0	0
2017.11.08	12:00:00	1.10916	1.10942	1.10713	1.10818	17715	0	2
2017.11.08	16:00:00	1.10815	1.10961	1.10725	1.10927	18071	0	0
2017.11.08	20:00:00	1.10926	1.10954	1.10121	1.10165	10718	0	0
2017.11.09	00:00:00	1.10150	1.10463	1.10094	1.10439	12985	0	0
2017.11.09	04:00:00	1.10435	1.10495	1.10267	1.10368	17124	0	0
2017.11.09	08:00:00	1.10366	1.10435	1.10185	1.10231	19675	0	0
2017.11.09	12:00:00	1.10230	1.10453	1.10152	1.10308	20397	0	0
2017.11.09	16:00:00	1.10308	1.10393	1.10175	1.10305	24421	0	1
2017.11.09	20:00:00	1.10315	1.10693	1.10273	1.10508	10936	0	1
2017.11.10	00:00:00	1.10508	1.10772	1.10420	1.10682	14646	0	0
2017.11.10	04:00:00	1.10682	1.10947	1.10651	1.10695	11532	0	0
2017.11.10	08:00:00	1.10695	1.10793	1.10452	1.10482	19286	0	0
2017.11.10	12:00:00	1.10481	1.10564	1.10344	1.10362	16062	0	1
2017.11.10	16:00:00	1.10363	1.10581	1.10342	1.10581	19971	0	2
2017.11.10	20:00:00	1.10578	1.10642	1.10306	1.10306	5380	0	3
2017.11.13	00:00:00	1.10437	1.10586	1.10376	1.10525	10962	0	1
2017.11.13	04:00:00	1.10530	1.10713	1.10469	1.10537	8608	0	0
2017.11.13	08:00:00	1.10535	1.10666	1.10463	1.10663	14833	0	1
2017.11.13	12:00:00	1.10665	1.10753	1.10555	1.10589	12695	0	4
2017.11.13	16:00:00	1.10589	1.10687	1.10448	1.10485	12355	0	1
2017.11.13	20:00:00	1.10485	1.10535	1.10391	1.10391	5636	0	2
2017.11.14	00:00:00	1.10391	1.10939	1.10336	1.10804	13097	0	0
2017.11.14	04:00:00	1.10809	1.11323	1.10777	1.11178	10560	0	0
2017.11.14	08:00:00	1.11179	1.11398	1.11059	1.11137	17999	0	0
2017.11.14	12:00:00	1.11137	1.11319	1.11004	1.11144	19950	0	0
2017.11.14	16:00:00	1.11139	1.11142	1.10742	1.10814	17543	0	2
2017.11.14	20:00:00	1.10815	1.11004	1.10767	1.10935	7146	0	4
2017.11.15	00:00:00	1.10935	1.11039	1.10174	1.10181	14286	0	1
2017.11.15	04:00:00	1.10178	1.10439	1.10094	1.10409	10880	0	0
2017.11.15	08:00:00	1.10412	1.10490	1.10084	1.10098	19350	0	1
2017.11.15	12:00:00	1.10101	1.10165	1.09889	1.10107	18797	0	1
2017.11.15	16:00:00	1.10108	1.10320	1.10069	1.10289	21262	0	2
2017.11.15	20:00:00	1.10286	1.10443	1.10263	1.10298	8372	0	2
2017.11.16	00:00:00	1.10298	1.10835	1.10184	1.10744	11373	0	1
2017.11.16	04:00:00	1.10744	1.10927	1.10625	1.10696	9188	0	1
2017.11.16	08:00:00	1.10693	1.10870	1.10629	1.10832	17445	0	1
2017.11.16	12:00:00	1.10833	1.10978	1.10794	1.10853	14028	0	1
2017.11.16	16:00:00	1.10852	1.10890	1.10590	1.10781	16854	0	2
2017.11.16	20:00:00	1.10779	1.10851	1.10653	1.10740	7567	0	2
2017.11.17	00:00:00	1.10740	1.10827	1.10430	1.10499	10613	0	1
2017.11.17	04:00:00	1.10499	1.10765	1.10435	1.10679	14277	0	1
2017.11.17	08:00:00	1.10679	1.11299	1.10569	1.11137	20222	0	2
2017.11.17	12:00:00	1.11136	1.11299	1.11032	1.11082	13826	0	1
2017.11.17	16:00:00	1.11082	1.11101	1.10803	1.11023	18064	0	1
2017.11.17	20:00:00	1.11021	1.11093	1.10911	1.10940	8273	0	5
2017.11.20	00:00:00	1.11067	1.11166	1.10913	1.10992	16069	0	3
2017.11.20	04:00:00	1.10994	1.11050	1.10698	1.10749	12579	0	0
2017.11.20	08:00:00	1.10754	1.10936	1.10636	1.10724	20644	0	1
2017.11.20	12:00:00	1.10725	1.10821	1.10570	1.10691	15344	0	1
2017.11.20	16:00:00	1.10692	1.10938	1.10642	1.10867	16242	0	0
2017.11.20	20:00:00	1.10862	1.11005	1.10809	1.10825	4779	0	3
2017.11.21	00:00:00	1.10818	1.10956	1.10653	1.10869	13463	0	1
2017.11.21	04:00:00	1.10864	1.10946	1.10766	1.10860	7340	0	0
2017.11.21	08:00:00	1.10855	1.11110	1.10774	1.11031	20478	0	0
2017.11.21	12:00:00	1.11031	1.11161	1.11014	1.11038	18496	0	0
2017.11.21	16:00:00	1.11037	1.11042	1.10892	1.10975	19229	0	0
2017.11.21	20:00:00	1.10975	1.10987	1.10866	1.10911	9214	0	2
2017.11.22	00:00:00	1.10911	1.10991	1.10696	1.10740	13998	0	1
2017.11.22	04:00:00	1.10741	1.10854	1.10701	1.10811	10989	0	0
2017.11.22	08:00:00	1.10811	1.10830	1.10650	1.10672	17079	0	0
2017.11.22	12:00:00	1.10671	1.10858	1.10668	1.10782	16810	0	1
2017.11.22	16:00:00	1.10781	1.10846	1.10607	1.10677	19922	0	2
2017.11.22	20:00:00	1.10677	1.10818	1.10537	1.10565	14261	0	2
2017.11.23	00:00:00	1.10565	1.10835	1.10557	1.10788	11955	0	2
2017.11.23	04:00:00	1.10788	1.10791	1.10622	1.10736	10867	0	2
2017.11.23	08:00:00	1.10738	1.10778	1.10508	1.10611	18104	0	1
2017.11.23	12:00:00	1.10615	1.10761	1.10525	1.10656	15780	0	1
2017.11.23	16:00:00	1.10654	1.10778	1.10570	1.10676	8245	0	0
2017.11.23	20:00:00	1.10673	1.10772	1.10577	1.10616	8088	0	0
2017.11.24	00:00:00	1.10616	1.10774	1.10595	1.10629	12127	0	0
2017.11.24	04:00:00	1.10631	1.10875	1.10610	1.10857	9694	0	1
2017.11.24	08:00:00	1.10857	1.10893	1.10695	1.10755	16476	0	0
2017.11.24	12:00:00	1.10755	1.10846	1.10669	1.10742	16250	0	1
2017.11.24	16:00:00	1.10744	1.10747	1.10556	1.10664	15315	0	3
2017.11.24	20:00:00	1.10667	1.10889	1.10461	1.10640	10495	0	2
2017.11.27	00:00:00	1.10598	1.10812	1.10584	1.10783	10063	0	0
2017.11.27	04:00:00	1.10783	1.10859	1.10743	1.10813	8108	0	1
2017.11.27	08:00:00	1.10813	1.10880	1.10635	1.10717	18030	0	0
2017.11.27	12:00:00	1.10720	1.10759	1.10309	1.10327	17343	0	0
2017.11.27	16:00:00	1.10324	1.10366	1.09990	1.10098	20680	0	0
2017.11.27	20:00:00	1.10096	1.10179	1.09957	1.09957	7710	0	3
2017.11.28	00:00:00	1.09957	1.10023	1.09760	1.09816	11180	0	0
2017.11.28	04:00:00	1.09816	1.09865	1.09640	1.09643	13410	0	0
2017.11.28	08:00:00	1.09640	1.09878	1.09610	1.09686	20417	0	0
2017.11.28	12:00:00	1.09687	1.09871	1.09634	1.09675	17329	0	0
2017.11.28	16:00:00	1.09672	1.09962	1.09607	1.09952	24048	0	0
2017.11.28	20:00:00	1.09955	1.10131	1.09643	1.10036	16837	0	0
2017.11.29	00:00:00	1.10036	1.10345	1.09989	1.10157	13852	0	1
2017.11.29	04:00:00	1.10153	1.10221	1.09968	1.10024	13698	0	0
2017.11.29	08:00:00	1.10023	1.10081	1.09481	1.09548	17055	0	0
2017.11.29	12:00:00	1.09548	1.09756	1.09511	1.09720	21198	0	0
2017.11.29	16:00:00	1.09718	1.09950	1.09703	1.09884	27607	0	0
2017.11.29	20:00:00	1.09885	1.10062	1.09871	1.09949	12647	0	2
2017.11.30	00:00:00	1.09949	1.10802	1.09869	1.10744	17970	0	1
2017.11.30	04:00:00	1.10743	1.10943	1.10717	1.10866	16177	0	1
2017.11.30	08:00:00	1.10866	1.10880	1.10598	1.10612	21760	0	0
2017.11.30	12:00:00	1.10599	1.10741	1.10471	1.10502	19401	0	0
2017.11.30	16:00:00	1.10502	1.10695	1.10402	1.10541	33594	0	0
2017.11.30	20:00:00	1.10534	1.10735	1.10525	1.10719	16835	0	3
2017.12.01	00:00:00	1.10719	1.10834	1.10564	1.10745	16304	0	2
2017.12.01	04:00:00	1.10743	1.10877	1.10644	1.10782	17060	0	1
2017.12.01	08:00:00	1.10782	1.10926	1.10732	1.10765	27021	0	1
2017.12.01	12:00:00	1.10766	1.10771	1.10452	1.10563	25035	0	0
2017.12.01	16:00:00	1.10563	1.10708	1.10444	1.10460	43777	0	0
2017.12.01	20:00:00	1.10459	1.10577	1.10321	1.10432	10656	0	4
2017.12.04	00:00:00	1.10608	1.10757	1.10525	1.10690	15566	0	2
2017.12.04	04:00:00	1.10691	1.10951	1.10689	1.10951	14521	0	3
2017.12.04	08:00:00	1.10951	1.10966	1.10709	1.10790	22759	0	0
2017.12.04	12:00:00	1.10791	1.10896	1.10701	1.10845	21122	0	0
2017.12.04	16:00:00	1.10842	1.11046	1.10825	1.10954	27770	0	0
2017.12.04	20:00:00	1.10945	1.11000	1.10693	1.10693	15416	0	1
2017.12.05	00:00:00	1.10684	1.10990	1.10487	1.10699	18577	0	0
2017.12.05	04:00:00	1.10697	1.11007	1.10662	1.10946	17290	0	0
2017.12.05	08:00:00	1.10948	1.11135	1.10807	1.10885	20546	0	0
2017.12.05	12:00:00	1.10885	1.10983	1.10760	1.10762	18496	0	0
2017.12.05	16:00:00	1.10763	1.10834	1.10506	1.10576	33223	0	0
2017.12.05	20:00:00	1.10580	1.10671	1.10497	1.10591	16155	0	0
2017.12.06	00:00:00	1.10591	1.10901	1.10045	1.10156	17492	0	0
2017.12.06	04:00:00	1.10156	1.10157	1.09764	1.09783	17341	0	0
2017.12.06	08:00:00	1.09778	1.10108	1.09657	1.10062	22626	0	0
2017.12.06	12:00:00	1.10069	1.10250	1.09973	1.09977	19318	0	0
2017.12.06	16:00:00	1.09976	1.10068	1.09895	1.10037	25747	0	0
2017.12.06	20:00:00	1.10036	1.10057	1.09803	1.09803	13669	0	0
2017.12.07	00:00:00	1.09802	1.10042	1.09576	1.09782	16320	0	0
2017.12.07	04:00:00	1.09782	1.10163	1.09723	1.10091	15960	0	0
2017.12.07	08:00:00	1.10091	1.10166	1.09955	1.10067	18144	0	0
2017.12.07	12:00:00	1.10067	1.10147	1.09901	1.09929	18508	0	0
2017.12.07	16:00:00	1.09929	1.09997	1.09849	1.09919	23837	0	0
2017.12.07	20:00:00	1.09919	1.10030	1.09874	1.09891	20751	0	1
2017.12.08	00:00:00	1.09891	1.10043	1.09854	1.09956	14019	0	0
2017.12.08	04:00:00	1.09955	1.09986	1.09831	1.09893	14893	0	0
2017.12.08	08:00:00	1.09892	1.09901	1.09689	1.09828	18193	0	1
2017.12.08	12:00:00	1.09828	1.09883	1.09551	1.09708	20853	0	0
2017.12.08	16:00:00	1.09706	1.09717	1.09511	1.09621	26358	0	0
2017.12.08	20:00:00	1.09620	1.09829	1.09610	1.09662	8190	0	0
2017.12.11	00:00:00	1.09642	1.09847	1.09458	1.09647	15979	0	0
2017.12.11	04:00:00	1.09645	1.09670	1.08892	1.08979	18459	0	0
2017.12.11	08:00:00	1.08979	1.09101	1.08639	1.08711	17900	0	0
2017.12.11	12:00:00	1.08708	1.08913	1.08702	1.08877	16196	0	0
2017.12.11	16:00:00	1.08878	1.09016	1.08802	1.08951	19150	0	0
2017.12.11	20:00:00	1.08951	1.08983	1.08842	1.08845	11031	0	0
2017.12.12	00:00:00	1.08845	1.09027	1.08668	1.08699	9861	0	0
2017.12.12	04:00:00	1.08703	1.08855	1.08598	1.08729	11619	0	0
2017.12.12	08:00:00	1.08725	1.08942	1.08622	1.08855	19632	0	0
2017.12.12	12:00:00	1.08854	1.09137	1.08844	1.09027	16978	0	0
2017.12.12	16:00:00	1.09027	1.09044	1.08845	1.08985	20298	0	0
2017.12.12	20:00:00	1.08986	1.09025	1.08936	1.08936	11809	0	0
2017.12.13	00:00:00	1.08936	1.09033	1.08840	1.08988	10276	0	0
2017.12.13	04:00:00	1.08988	1.09118	1.08819	1.09059	10668	0	0
2017.12.13	08:00:00	1.09059	1.09109	1.08884	1.08923	12025	0	0
2017.12.13	12:00:00	1.08924	1.09010	1.08818	1.08880	17534	0	0
2017.12.13	16:00:00	1.08882	1.08904	1.08681	1.08791	21058	0	0
2017.12.13	20:00:00	1.08788	1.08823	1.08589	1.08674	22539	0	0
2017.12.14	00:00:00	1.08674	1.09431	1.08645	1.09341	18195	0	1
2017.12.14	04:00:00	1.09334	1.09527	1.09304	1.09524	14434	0	0
2017.12.14	08:00:00	1.09524	1.09569	1.09372	1.09494	18852	0	0
2017.12.14	12:00:00	1.09494	1.09609	1.09379	1.09601	21202	0	0
2017.12.14	16:00:00	1.09600	1.09798	1.09525	1.09646	22529	0	0
2017.12.14	20:00:00	1.09642	1.09847	1.09558	1.09723	16565	0	0
2017.12.15	00:00:00	1.09722	1.09790	1.09599	1.09678	12078	0	2
2017.12.15	04:00:00	1.09678	1.09687	1.09207	1.09277	16095	0	2
2017.12.15	08:00:00	1.09274	1.09507	1.09264	1.09407	17163	0	0
2017.12.15	12:00:00	1.09407	1.09436	1.09148	1.09252	19212	0	0
2017.12.15	16:00:00	1.09252	1.09338	1.09096	1.09221	26733	0	0
2017.12.15	20:00:00	1.09220	1.09376	1.09190	1.09292	9801	0	0
2017.12.18	00:00:00	1.09221	1.09329	1.09117	1.09179	11638	0	4
2017.12.18	04:00:00	1.09179	1.09281	1.09119	1.09219	11571	0	9
2017.12.18	08:00:00	1.09220	1.09250	1.09089	1.09235	17030	0	5
2017.12.18	12:00:00	1.09235	1.09422	1.09214	1.09392	14048	0	4
2017.12.18	16:00:00	1.09393	1.09530	1.09332	1.09463	18318	0	5
2017.12.18	20:00:00	1.09465	1.09615	1.09437	1.09478	6205	0	4
2017.12.19	00:00:00	1.09478	1.09708	1.09284	1.09305	11238	0	4
2017.12.19	04:00:00	1.09303	1.09578	1.09259	1.09515	10416	0	5
2017.12.19	08:00:00	1.09515	1.09546	1.09406	1.09469	11320	0	4
2017.12.19	12:00:00	1.09466	1.09513	1.09402	1.09479	13788	0	4
2017.12.19	16:00:00	1.09481	1.09663	1.09462	1.09545	27481	0	4
2017.12.19	20:00:00	1.09544	1.09942	1.09540	1.09840	7144	0	5
2017.12.20	00:00:00	1.09840	1.09919	1.09696	1.09745	9683	0	5
2017.12.20	04:00:00	1.09743	1.10113	1.09703	1.10068	14310	0	7
2017.12.20	08:00:00	1.10069	1.10077	1.09891	1.10041	13005	0	7
2017.12.20	12:00:00	1.10041	1.10045	1.09922	1.10031	14530	0	6
2017.12.20	16:00:00	1.10031	1.10096	1.09807	1.09888	23157	0	4
2017.12.20	20:00:00	1.09884	1.09908	1.09267	1.09267	13149	0	4
2017.12.21	00:00:00	1.09267	1.09506	1.09232	1.09359	12370	0	4
2017.12.21	04:00:00	1.09360	1.09451	1.09303	1.09364	10486	0	6
2017.12.21	08:00:00	1.09363	1.09559	1.09333	1.09357	11891	0	4
2017.12.21	12:00:00	1.09357	1.09656	1.09357	1.09591	13438	0	5
2017.12.21	16:00:00	1.09590	1.09823	1.09569	1.09800	22203	0	6
2017.12.21	20:00:00	1.09796	1.09925	1.09666	1.09686	10477	0	6
2017.12.22	00:00:00	1.09686	1.09938	1.09662	1.09823	10628	0	4
2017.12.22	04:00:00	1.09823	1.09941	1.09805	1.09932	8714	0	5
2017.12.22	08:00:00	1.09932	1.09960	1.09835	1.09931	13516	0	7
2017.12.22	12:00:00	1.09927	1.10158	1.09877	1.10122	12108	0	4
2017.12.22	16:00:00	1.10122	1.10148	1.09902	1.09906	13392	0	4
2017.12.22	20:00:00	1.09899	1.09917	1.09747	1.09838	5257	0	11
2017.12.26	04:00:00	1.09722	1.09778	1.09709	1.09764	800	0	26
2017.12.26	08:00:00	1.09759	1.09872	1.09743	1.09834	2368	0	5
2017.12.26	12:00:00	1.09833	1.10030	1.09801	1.09884	3986	0	5
2017.12.26	16:00:00	1.09886	1.10033	1.09811	1.09880	5035	0	4
2017.12.26	20:00:00	1.09876	1.09907	1.09722	1.09735	5893	0	4
2017.12.27	00:00:00	1.09724	1.09989	1.09710	1.09904	7999	0	5
2017.12.27	04:00:00	1.09902	1.09944	1.09794	1.09836	7782	0	4
2017.12.27	08:00:00	1.09835	1.10004	1.09803	1.09862	9319	0	4
2017.12.27	12:00:00	1.09863	1.09934	1.09776	1.09899	12968	0	5
2017.12.27	16:00:00	1.09899	1.10053	1.09881	1.10017	13468	0	4
2017.12.27	20:00:00	1.10019	1.10073	1.09952	1.09966	6052	0	4
2017.12.28	00:00:00	1.09966	1.10073	1.09864	1.09932	5970	0	11
2017.12.28	04:00:00	1.09932	1.10020	1.09914	1.09956	7434	0	6
2017.12.28	08:00:00	1.09955	1.10088	1.09928	1.09986	8265	0	5
2017.12.28	12:00:00	1.09987	1.09988	1.09856	1.09955	10457	0	4
2017.12.28	16:00:00	1.09956	1.10006	1.09874	1.09956	13869	0	8
2017.12.28	20:00:00	1.09958	1.10029	1.09841	1.09850	4172	0	5
2017.12.29	00:00:00	1.09850	1.10101	1.09787	1.09798	7436	0	7
2017.12.29	04:00:00	1.09798	1.09916	1.09752	1.09835	8633	0	10
2017.12.29	08:00:00	1.09834	1.09881	1.09681	1.09771	12393	0	6
2017.12.29	12:00:00	1.09772	1.09886	1.09734	1.09738	12619	0	4
2017.12.29	16:00:00	1.09738	1.10140	1.09725	1.10090	20290	0	4
2017.12.29	20:00:00	1.10093	1.10151	1.09566	1.09895	5964	0	4
2018.01.02	00:00:00	1.09581	1.10205	1.09581	1.10066	4781	0	45
2018.01.02	04:00:00	1.10063	1.10169	1.10003	1.10078	4586	0	15
2018.01.02	08:00:00	1.10057	1.10146	1.09959	1.10065	17321	0	4
2018.01.02	12:00:00	1.10067	1.10200	1.09961	1.09987	16514	0	4
2018.01.02	16:00:00	1.09987	1.10207	1.09914	1.10150	26130	0	4
2018.01.02	20:00:00	1.10143	1.10236	1.10104	1.10104	6996	0	9
2018.01.03	00:00:00	1.10104	1.10385	1.10023	1.10304	12132	0	5
2018.01.03	04:00:00	1.10302	1.10416	1.10150	1.10205	18882	0	4
2018.01.03	08:00:00	1.10204	1.10324	1.10101	1.10299	18465	0	5
2018.01.03	12:00:00	1.10298	1.10418	1.10167	1.10333	18992	0	4
2018.01.03	16:00:00	1.10333	1.10525	1.10309	1.10358	22365	0	4
2018.01.03	20:00:00	1.10360	1.10511	1.10329	1.10429	8137	0	6
2018.01.04	00:00:00	1.10429	1.10501	1.10374	1.10416	11836	0	5
2018.01.04	04:00:00	1.10414	1.10459	1.10247	1.10327	13665	0	6
2018.01.04	08:00:00	1.10326	1.10382	1.10083	1.10124	20936	0	4
2018.01.04	12:00:00	1.10123	1.10201	1.09915	1.09987	21340	0	6
2018.01.04	16:00:00	1.09987	1.10087	1.09886	1.09930	21792	0	4
2018.01.04	20:00:00	1.09926	1.09949	1.09787	1.09860	6735	0	4
2018.01.05	00:00:00	1.09860	1.09955	1.09632	1.09696	15246	0	6
2018.01.05	04:00:00	1.09696	1.09784	1.09656	1.09706	16404	0	4
2018.01.05	08:00:00	1.09707	1.09711	1.09564	1.09673	19101	0	6
2018.01.05	12:00:00	1.09668	1.09712	1.09366	1.09534	20187	0	5
2018.01.05	16:00:00	1.09538	1.09692	1.09482	1.09647	25103	0	5
2018.01.05	20:00:00	1.09642	1.09701	1.09586	1.09665	7784	0	7
2018.01.08	00:00:00	1.09705	1.09778	1.09444	1.09481	12138	0	2
2018.01.08	04:00:00	1.09481	1.09498	1.09269	1.09356	15288	0	2
2018.01.08	08:00:00	1.09355	1.09416	1.09284	1.09331	18025	0	6
2018.01.08	12:00:00	1.09330	1.09361	1.09148	1.09214	13983	0	2
2018.01.08	16:00:00	1.09215	1.09235	1.09110	1.09186	16842	0	4
2018.01.08	20:00:00	1.09186	1.09273	1.09180	1.09212	6551	0	8
2018.01.09	00:00:00	1.09212	1.09416	1.09130	1.09338	14264	0	6
2018.01.09	04:00:00	1.09337	1.09596	1.09235	1.09301	17475	0	3
2018.01.09	08:00:00	1.09301	1.09340	1.09024	1.09056	27225	0	1
2018.01.09	12:00:00	1.09056	1.09104	1.08885	1.08912	17638	0	3
2018.01.09	16:00:00	1.08913	1.09102	1.08881	1.08998	24690	0	1
2018.01.09	20:00:00	1.08991	1.09256	1.08986	1.09190	10296	0	5
2018.01.10	00:00:00	1.09158	1.09460	1.09158	1.09187	19151	0	5
2018.01.10	04:00:00	1.09186	1.09243	1.09057	1.09101	19274	0	7
2018.01.10	08:00:00	1.09102	1.09125	1.08693	1.08893	26581	0	2
2018.01.10	12:00:00	1.08892	1.09062	1.08742	1.08888	35892	0	1
2018.01.10	16:00:00	1.08888	1.09138	1.08864	1.09087	27620	0	3
2018.01.10	20:00:00	1.09082	1.09093	1.08897	1.08907	18259	0	2
2018.01.11	00:00:00	1.08907	1.09547	1.08806	1.09529	21350	0	1
2018.01.11	04:00:00	1.09529	1.09539	1.09274	1.09400	26470	0	3
2018.01.11	08:00:00	1.09401	1.09458	1.09123	1.09247	23211	0	2
2018.01.11	12:00:00	1.09245	1.09285	1.08885	1.08923	28909	0	2
2018.01.11	16:00:00	1.08925	1.08977	1.08695	1.08839	27317	0	3
2018.01.11	20:00:00	1.08838	1.08879	1.08661	1.08666	13283	0	8
2018.01.12	00:00:00	1.08666	1.08736	1.08497	1.08642	18780	0	1
2018.01.12	04:00:00	1.08641	1.08775	1.08480	1.08678	19620	0	7
2018.01.12	08:00:00	1.08680	1.08791	1.08541	1.08554	26330	0	3
2018.01.12	12:00:00	1.08553	1.08773	1.08359	1.08739	27143	0	1
2018.01.12	16:00:00	1.08739	1.09067	1.08682	1.08916	37559	0	2
2018.01.12	20:00:00	1.08918	1.09146	1.08883	1.09089	15172	0	2
2018.01.15	00:00:00	1.09132	1.09281	1.08976	1.09107	17830	0	3
2018.01.15	04:00:00	1.09105	1.09389	1.08979	1.09352	24988	0	1
2018.01.15	08:00:00	1.09352	1.09412	1.09074	1.09196	23187	0	1
2018.01.15	12:00:00	1.09191	1.09208	1.08972	1.09013	16676	0	1
2018.01.15	16:00:00	1.09015	1.09132	1.08988	1.09098	17519	0	4
2018.01.15	20:00:00	1.09096	1.09217	1.09019	1.09036	9188	0	1
2018.01.16	00:00:00	1.09036	1.09206	1.09020	1.09032	13220	0	8
2018.01.16	04:00:00	1.09031	1.09361	1.09026	1.09357	18370	0	5
2018.01.16	08:00:00	1.09357	1.09503	1.09219	1.09367	31162	0	2
2018.01.16	12:00:00	1.09366	1.09383	1.09244	1.09367	21911	0	1
2018.01.16	16:00:00	1.09366	1.09464	1.09264	1.09343	27649	0	1
2018.01.16	20:00:00	1.09338	1.09539	1.09285	1.09415	12219	0	7
2018.01.17	00:00:00	1.09415	1.09835	1.09415	1.09821	20601	0	3
2018.01.17	04:00:00	1.09820	1.10021	1.09718	1.09786	29654	0	1
2018.01.17	08:00:00	1.09787	1.09854	1.09671	1.09692	30240	0	2
2018.01.17	12:00:00	1.09691	1.09775	1.09587	1.09638	22740	0	5
2018.01.17	16:00:00	1.09638	1.09656	1.09407	1.09525	34309	0	1
2018.01.17	20:00:00	1.09517	1.09691	1.09393	1.09526	21509	0	4
2018.01.18	00:00:00	1.09526	1.09849	1.09418	1.09607	25173	0	1
2018.01.18	04:00:00	1.09607	1.09612	1.09223	1.09263	24480	0	6
2018.01.18	08:00:00	1.09261	1.09484	1.09218	1.09471	26292	0	1
2018.01.18	12:00:00	1.09471	1.09631	1.09341	1.09406	22348	0	3
2018.01.18	16:00:00	1.09405	1.09439	1.09266	1.09380	30709	0	5
2018.01.18	20:00:00	1.09373	1.09731	1.09343	1.09499	14335	0	2
2018.01.19	00:00:00	1.09499	1.09824	1.09490	1.09774	20949	0	2
2018.01.19	04:00:00	1.09773	1.09870	1.09674	1.09771	22239	0	5
2018.01.19	08:00:00	1.09771	1.09920	1.09734	1.09820	28477	0	3
2018.01.19	12:00:00	1.09821	1.10011	1.09778	1.09853	23485	0	1
2018.01.19	16:00:00	1.09853	1.09933	1.09787	1.09818	27234	0	3
2018.01.19	20:00:00	1.09820	1.09898	1.09615	1.09727	11795	0	2
2018.01.22	00:00:00	1.09782	1.09926	1.09719	1.09720	17819	0	7
2018.01.22	04:00:00	1.09720	1.09847	1.09690	1.09789	19644	0	4
2018.01.22	08:00:00	1.09788	1.09810	1.09569	1.09645	19498	0	3
2018.01.22	12:00:00	1.09647	1.09710	1.09576	1.09603	16792	0	4
2018.01.22	16:00:00	1.09604	1.09609	1.09440	1.09524	21715	0	1
2018.01.22	20:00:00	1.09524	1.09552	1.09359	1.09359	8505	0	2
2018.01.23	00:00:00	1.09359	1.09449	1.09159	1.09216	16557	0	6
2018.01.23	04:00:00	1.09215	1.09229	1.08960	1.08998	25932	0	4
2018.01.23	08:00:00	1.08999	1.09036	1.08749	1.08751	27626	0	3
2018.01.23	12:00:00	1.08754	1.08884	1.08688	1.08707	21397	0	2
2018.01.23	16:00:00	1.08708	1.08747	1.08561	1.08733	26875	0	4
2018.01.23	20:00:00	1.08733	1.08808	1.08671	1.08671	10559	0	6
2018.01.24	00:00:00	1.08676	1.08853	1.08589	1.08788	14196	0	5
2018.01.24	04:00:00	1.08787	1.08881	1.08632	1.08814	25862	0	2
2018.01.24	08:00:00	1.08815	1.08997	1.08791	1.08990	28390	0	2
2018.01.24	12:00:00	1.08989	1.09072	1.08870	1.08902	26340	0	3
2018.01.24	16:00:00	1.08900	1.08919	1.08706	1.08789	29202	0	2
2018.01.24	20:00:00	1.08788	1.09964	1.08490	1.09850	18974	0	6
2018.01.25	00:00:00	1.09850	1.09943	1.09593	1.09670	22459	0	3
2018.01.25	04:00:00	1.09667	1.09842	1.09476	1.09834	34722	0	1
2018.01.25	08:00:00	1.09833	1.09943	1.09654	1.09751	42106	0	1
2018.01.25	12:00:00	1.09751	1.09806	1.09429	1.09716	27623	0	1
2018.01.25	16:00:00	1.09716	1.09876	1.09615	1.09700	38670	0	1
2018.01.25	20:00:00	1.09701	1.09724	1.09335	1.09428	31806	0	1
2018.01.26	00:00:00	1.09428	1.09877	1.09428	1.09678	20728	0	2
2018.01.26	04:00:00	1.09679	1.09815	1.09640	1.09768	21926	0	1
2018.01.26	08:00:00	1.09768	1.09822	1.09642	1.09642	29529	0	2
2018.01.26	12:00:00	1.09642	1.10186	1.09638	1.10068	24669	0	1
2018.01.26	16:00:00	1.10072	1.10339	1.10006	1.10289	37631	0	1
2018.01.26	20:00:00	1.10289	1.10387	1.10114	1.10182	15513	0	1
2018.01.29	00:00:00	1.10255	1.10529	1.10173	1.10384	16645	0	7
2018.01.29	04:00:00	1.10383	1.10430	1.10230	1.10337	26057	0	8
2018.01.29	08:00:00	1.10337	1.10473	1.10193	1.10449	26686	0	3
2018.01.29	12:00:00	1.10448	1.10485	1.10248	1.10329	20930	0	2
2018.01.29	16:00:00	1.10329	1.10720	1.10314	1.10666	27830	0	1
2018.01.29	20:00:00	1.10664	1.10676	1.10431	1.10476	11380	0	6
2018.01.30	00:00:00	1.10476	1.10586	1.10381	1.10436	17518	0	3
2018.01.30	04:00:00	1.10435	1.10443	1.10151	1.10185	34612	0	5
2018.01.30	08:00:00	1.10186	1.10541	1.10152	1.10401	29700	0	3
2018.01.30	12:00:00	1.10404	1.10458	1.10188	1.10281	23021	0	2
2018.01.30	16:00:00	1.10279	1.10377	1.10093	1.10174	27502	0	2
2018.01.30	20:00:00	1.10172	1.10310	1.10155	1.10179	10524	0	5
2018.01.31	00:00:00	1.10179	1.10391	1.09542	1.09592	22166	0	1
2018.01.31	04:00:00	1.09591	1.09674	1.09390	1.09448	28675	0	2
2018.01.31	08:00:00	1.09449	1.09584	1.09393	1.09485	25272	0	1
2018.01.31	12:00:00	1.09486	1.09536	1.09199	1.09229	22952	0	3
2018.01.31	16:00:00	1.09225	1.09475	1.09197	1.09319	32926	0	1
2018.01.31	20:00:00	1.09317	1.09453	1.09199	1.09322	25829	0	1
2018.02.01	00:00:00	1.09313	1.09421	1.09144	1.09413	19363	0	5
2018.02.01	04:00:00	1.09410	1.09411	1.09086	1.09124	23434	0	3
2018.02.01	08:00:00	1.09126	1.09193	1.08854	1.09004	34499	0	1
2018.02.01	12:00:00	1.09004	1.09037	1.08668	1.08718	25021	0	2
2018.02.01	16:00:00	1.08720	1.08759	1.08489	1.08662	34352	0	1
2018.02.01	20:00:00	1.08660	1.08812	1.08604	1.08619	16438	0	3
2018.02.02	00:00:00	1.08619	1.08734	1.08552	1.08592	22669	0	5
2018.02.02	04:00:00	1.08593	1.08715	1.08537	1.08557	22200	0	1
2018.02.02	08:00:00	1.08556	1.08709	1.08541	1.08625	26105	0	1
2018.02.02	12:00:00	1.08625	1.08665	1.08322	1.08574	28039	0	2
2018.02.02	16:00:00	1.08574	1.08683	1.08448	1.08652	40128	0	2
2018.02.02	20:00:00	1.08652	1.08767	1.08433	1.08499	20912	0	3
2018.02.05	00:00:00	1.08480	1.08665	1.08396	1.08614	20677	0	1
2018.02.05	04:00:00	1.08615	1.08752	1.08530	1.08632	21989	0	1
2018.02.05	08:00:00	1.08631	1.08655	1.08431	1.08452	25769	0	5
2018.02.05	12:00:00	1.08455	1.08784	1.08450	1.08646	23488	0	4
2018.02.05	16:00:00	1.08645	1.08807	1.08594	1.08685	34891	0	1
2018.02.05	20:00:00	1.08687	1.08730	1.08330	1.08366	38185	0	2
2018.02.06	00:00:00	1.08366	1.08491	1.08042	1.08255	27478	0	1
2018.02.06	04:00:00	1.08255	1.08300	1.07622	1.07644	47616	0	1
2018.02.06	08:00:00	1.07640	1.07902	1.07594	1.07666	41321	0	3
2018.02.06	12:00:00	1.07666	1.07882	1.07560	1.07672	36965	0	1
2018.02.06	16:00:00	1.07672	1.08034	1.07647	1.07839	46486	0	3
2018.02.06	20:00:00	1.07839	1.08117	1.07443	1.07628	23033	0	1
2018.02.07	00:00:00	1.07622	1.07828	1.07571	1.07822	16886	0	5
2018.02.07	04:00:00	1.07823	1.07912	1.07686	1.07730	17964	0	7
2018.02.07	08:00:00	1.07728	1.07770	1.07534	1.07596	22114	0	4
2018.02.07	12:00:00	1.07595	1.07744	1.07472	1.07710	17581	0	4
2018.02.07	16:00:00	1.07711	1.07911	1.07597	1.07740	31026	0	1
2018.02.07	20:00:00	1.07740	1.08477	1.07659	1.07990	28353	0	1
2018.02.08	00:00:00	1.07990	1.08700	1.07986	1.08638	22551	0	1
2018.02.08	04:00:00	1.08638	1.08771	1.08582	1.08712	22168	0	6
2018.02.08	08:00:00	1.08709	1.08936	1.08314	1.08461	29369	0	1
2018.02.08	12:00:00	1.08456	1.08497	1.07899	1.08198	32164	0	1
2018.02.08	16:00:00	1.08198	1.08271	1.07880	1.07909	43935	0	1
2018.02.08	20:00:00	1.07903	1.07964	1.07563	1.07734	23555	0	3
2018.02.09	00:00:00	1.07738	1.07901	1.07628	1.07679	19891	0	7
2018.02.09	04:00:00	1.07680	1.07941	1.07643	1.07864	21510	0	5
2018.02.09	08:00:00	1.07863	1.08005	1.07753	1.07905	22677	0	4
2018.02.09	12:00:00	1.07904	1.08075	1.07694	1.07928	22953	0	3
2018.02.09	16:00:00	1.07926	1.08047	1.07495	1.07573	33162	0	1
2018.02.09	20:00:00	1.07570	1.07738	1.07461	1.07684	18455	0	7
2018.02.12	00:00:00	1.07833	1.07980	1.07749	1.07853	11170	0	6
2018.02.12	04:00:00	1.07856	1.07886	1.07689	1.07794	10909	0	8
2018.02.12	08:00:00	1.07797	1.08008	1.07698	1.07941	15836	0	1
2018.02.12	12:00:00	1.07942	1.08272	1.07908	1.08210	12466	0	1
2018.02.12	16:00:00	1.08212	1.08309	1.08087	1.08277	20297	0	1
2018.02.12	20:00:00	1.08272	1.08318	1.08175	1.08198	9133	0	7
2018.02.13	00:00:00	1.08173	1.08362	1.08116	1.08345	10583	0	5
2018.02.13	04:00:00	1.08340	1.08395	1.08203	1.08249	12802	0	3
2018.02.13	08:00:00	1.08248	1.08248	1.07608	1.07851	22644	0	1
2018.02.13	12:00:00	1.07850	1.07978	1.07748	1.07749	17923	0	1
2018.02.13	16:00:00	1.07749	1.07884	1.07670	1.07869	25543	0	1
2018.02.13	20:00:00	1.07871	1.08041	1.07869	1.08014	9927	0	6
2018.02.14	00:00:00	1.08014	1.08076	1.07920	1.08010	11419	0	1
2018.02.14	04:00:00	1.08015	1.08024	1.07499	1.07740	26330	0	1
2018.02.14	08:00:00	1.07745	1.07779	1.07552	1.07552	19008	0	1
2018.02.14	12:00:00	1.07553	1.07646	1.07145	1.07318	29654	0	1
2018.02.14	16:00:00	1.07316	1.07508	1.07170	1.07479	56891	0	1
2018.02.14	20:00:00	1.07477	1.07597	1.07324	1.07542	21360	0	2
2018.02.15	00:00:00	1.07542	1.07607	1.07149	1.07422	19565	0	5
2018.02.15	04:00:00	1.07421	1.07685	1.07288	1.07551	15543	0	8
2018.02.15	08:00:00	1.07551	1.07696	1.07392	1.07469	28522	0	1
2018.02.15	12:00:00	1.07466	1.07513	1.07282	1.07284	20464	0	1
2018.02.15	16:00:00	1.07282	1.07373	1.07042	1.07185	33477	0	3
2018.02.15	20:00:00	1.07185	1.07257	1.07088	1.07181	15652	0	7
2018.02.16	00:00:00	1.07181	1.07473	1.07181	1.07296	10112	0	5
2018.02.16	04:00:00	1.07293	1.07394	1.07265	1.07376	17572	0	7
2018.02.16	08:00:00	1.07375	1.07580	1.07321	1.07420	19465	0	2
2018.02.16	12:00:00	1.07421	1.07491	1.07186	1.07189	20791	0	1
2018.02.16	16:00:00	1.07190	1.07241	1.07035	1.07069	29122	0	3
2018.02.16	20:00:00	1.07067	1.07129	1.06987	1.07002	16630	0	1
2018.02.19	00:00:00	1.07138	1.07163	1.07016	1.07110	9113	0	1
2018.02.19	04:00:00	1.07105	1.07182	1.07074	1.07163	11068	0	6
2018.02.19	08:00:00	1.07163	1.07374	1.07069	1.07320	16458	0	4
2018.02.19	12:00:00	1.07320	1.07411	1.07213	1.07397	13739	0	4
2018.02.19	16:00:00	1.07395	1.07444	1.07279	1.07287	12833	0	8
2018.02.19	20:00:00	1.07304	1.07369	1.07235	1.07284	6741	0	1
2018.02.20	00:00:00	1.07284	1.07505	1.07284	1.07333	12963	0	6
2018.02.20	04:00:00	1.07332	1.07699	1.07314	1.07580	14849	0	3
2018.02.20	08:00:00	1.07580	1.07649	1.07270	1.07327	22569	0	2
2018.02.20	12:00:00	1.07327	1.07401	1.07120	1.07379	24059	0	2
2018.02.20	16:00:00	1.07378	1.07468	1.07285	1.07388	32368	0	6
2018.02.20	20:00:00	1.07388	1.07407	1.07228	1.07255	12684	0	2
2018.02.21	00:00:00	1.07255	1.07538	1.07139	1.07160	13266	0	3
2018.02.21	04:00:00	1.07159	1.07197	1.07049	1.07075	16801	0	6
2018.02.21	08:00:00	1.07076	1.07103	1.06824	1.06846	20515	0	1
2018.02.21	12:00:00	1.06845	1.06956	1.06772	1.06834	18607	0	1
2018.02.21	16:00:00	1.06833	1.06900	1.06705	1.06721	29739	0	1
2018.02.21	20:00:00	1.06720	1.06746	1.06591	1.06604	30779	0	3
2018.02.22	00:00:00	1.06604	1.06714	1.06537	1.06599	14627	0	3
2018.02.22	04:00:00	1.06598	1.06743	1.06541	1.06681	12376	0	5
2018.02.22	08:00:00	1.06682	1.06757	1.06570	1.06677	18792	0	3
2018.02.22	12:00:00	1.06675	1.06806	1.06592	1.06730	23136	0	1
2018.02.22	16:00:00	1.06731	1.06904	1.06689	1.06820	33501	0	2
2018.02.22	20:00:00	1.06820	1.06983	1.06774	1.06774	14812	0	4
2018.02.23	00:00:00	1.06774	1.07093	1.06757	1.07063	14096	0	1
2018.02.23	04:00:00	1.07065	1.07260	1.07064	1.07219	15357	0	5
2018.02.23	08:00:00	1.07215	1.07262	1.07042	1.07069	18906	0	1
2018.02.23	12:00:00	1.07069	1.07307	1.07045	1.07241	18007	0	1
2018.02.23	16:00:00	1.07241	1.07403	1.07218	1.07400	25246	0	5
2018.02.23	20:00:00	1.07397	1.07545	1.07302	1.07399	12344	0	2
2018.02.26	00:00:00	1.07468	1.07702	1.07353	1.07467	13826	0	2
2018.02.26	04:00:00	1.07466	1.07486	1.07327	1.07382	15298	0	1
2018.02.26	08:00:00	1.07380	1.07480	1.07263	1.07290	20588	0	1
2018.02.26	12:00:00	1.07289	1.07342	1.07158	1.07166	17279	0	3
2018.02.26	16:00:00	1.07166	1.07392	1.07149	1.07376	23805	0	6
2018.02.26	20:00:00	1.07377	1.07542	1.07316	1.07530	7565	0	6
2018.02.27	00:00:00	1.07530	1.07852	1.07487	1.07735	13006	0	2
2018.02.27	04:00:00	1.07737	1.07820	1.07619	1.07692	12706	0	1
2018.02.27	08:00:00	1.07694	1.07729	1.07607	1.07673	18598	0	4
2018.02.27	12:00:00	1.07672	1.07807	1.07610	1.07716	21068	0	3
2018.02.27	16:00:00	1.07716	1.07848	1.07672	1.07801	43975	0	1
2018.02.27	20:00:00	1.07799	1.07817	1.07605	1.07625	10507	0	3
2018.02.28	00:00:00	1.07625	1.07905	1.07582	1.07694	15819	0	1
2018.02.28	04:00:00	1.07694	1.07831	1.07653	1.07738	14277	0	7
2018.02.28	08:00:00	1.07736	1.08213	1.07711	1.08141	22089	0	2
2018.02.28	12:00:00	1.08143	1.08261	1.07999	1.08034	21500	0	2
2018.02.28	16:00:00	1.08032	1.08149	1.07844	1.07958	35880	0	4
2018.02.28	20:00:00	1.07957	1.07980	1.07533	1.07533	11705	0	4
2018.03.01	00:00:00	1.07533	1.07757	1.07423	1.07432	17423	0	2
2018.03.01	04:00:00	1.07431	1.07472	1.07245	1.07292	18154	0	4
2018.03.01	08:00:00	1.07290	1.07298	1.07058	1.07100	23751	0	1
2018.03.01	12:00:00	1.07105	1.07217	1.07016	1.07158	25042	0	4
2018.03.01	16:00:00	1.07158	1.07238	1.06893	1.06971	50884	0	1
2018.03.01	20:00:00	1.06968	1.07019	1.06885	1.06886	23338	0	2
2018.03.02	00:00:00	1.06867	1.07012	1.06720	1.06722	15904	0	4
2018.03.02	04:00:00	1.06725	1.06778	1.06602	1.06696	21862	0	6
2018.03.02	08:00:00	1.06695	1.06892	1.06681	1.06884	28656	0	4
2018.03.02	12:00:00	1.06883	1.07338	1.06853	1.07088	36544	0	1
2018.03.02	16:00:00	1.07089	1.07341	1.06939	1.07329	43816	0	2
2018.03.02	20:00:00	1.07329	1.07348	1.07067	1.07159	18906	0	3
2018.03.05	00:00:00	1.06989	1.07386	1.06975	1.07255	13815	0	1
2018.03.05	04:00:00	1.07257	1.07436	1.07233	1.07344	17909	0	3
2018.03.05	08:00:00	1.07342	1.07451	1.07214	1.07292	27095	0	4
2018.03.05	12:00:00	1.07293	1.07320	1.07082	1.07091	17526	0	1
2018.03.05	16:00:00	1.07090	1.07406	1.07049	1.07384	31719	0	1
2018.03.05	20:00:00	1.07382	1.07471	1.07365	1.07407	9269	0	1
2018.03.06	00:00:00	1.07407	1.07656	1.07375	1.07578	17657	0	1
2018.03.06	04:00:00	1.07579	1.07613	1.07320	1.07329	16786	0	3
2018.03.06	08:00:00	1.07328	1.07406	1.07108	1.07114	21491	0	3
2018.03.06	12:00:00	1.07115	1.07315	1.07052	1.07142	35070	0	2
2018.03.06	16:00:00	1.07143	1.07248	1.07042	1.07166	38100	0	3
2018.03.06	20:00:00	1.07161	1.07382	1.07144	1.07309	10803	0	5
2018.03.07	00:00:00	1.07309	1.07317	1.06645	1.06960	24123	0	8
2018.03.07	04:00:00	1.06960	1.07170	1.06953	1.07048	21985	0	6
2018.03.07	08:00:00	1.07051	1.07245	1.06992	1.07225	25318	0	2
2018.03.07	12:00:00	1.07225	1.07325	1.07172	1.07191	21483	0	5
2018.03.07	16:00:00	1.07191	1.07448	1.07108	1.07290	37508	0	2
2018.03.07	20:00:00	1.07294	1.07424	1.07186	1.07354	17193	0	1
2018.03.08	00:00:00	1.07354	1.07582	1.07330	1.07427	11433	0	8
2018.03.08	04:00:00	1.07427	1.07461	1.07353	1.07399	16762	0	4
2018.03.08	08:00:00	1.07397	1.07449	1.07230	1.07424	23591	0	6
2018.03.08	12:00:00	1.07424	1.07559	1.07348	1.07375	23646	0	1
2018.03.08	16:00:00	1.07373	1.07494	1.07184	1.07253	18797	0	5
2018.03.08	20:00:00	1.07252	1.07290	1.07120	1.07120	11003	0	4
2018.03.09	00:00:00	1.07120	1.07339	1.07120	1.07279	13176	0	8
2018.03.09	04:00:00	1.07278	1.07310	1.07053	1.07138	16812	0	1
2018.03.09	08:00:00	1.07137	1.07279	1.07039	1.07162	20001	0	5
2018.03.09	12:00:00	1.07162	1.07429	1.07089	1.07414	24024	0	5
2018.03.09	16:00:00	1.07413	1.07633	1.07341	1.07580	36812	0	5
2018.03.09	20:00:00	1.07582	1.07750	1.07576	1.07750	14007	0	9
2018.03.12	00:00:00	1.07673	1.07716	1.07465	1.07546	11766	0	1
2018.03.12	04:00:00	1.07547	1.07586	1.07404	1.07555	13576	0	4
2018.03.12	08:00:00	1.07555	1.07655	1.07466	1.07500	13124	0	6
2018.03.12	12:00:00	1.07498	1.07875	1.07495	1.07844	10653	0	1
2018.03.12	16:00:00	1.07845	1.08017	1.07754	1.07956	11547	0	6
2018.03.12	20:00:00	1.07954	1.07982	1.07854	1.07908	5165	0	6
2018.03.13	00:00:00	1.07908	1.07937	1.07770	1.07796	10866	0	8
2018.03.13	04:00:00	1.07796	1.07803	1.07491	1.07519	16548	0	7
2018.03.13	08:00:00	1.07519	1.07592	1.07294	1.07360	21673	0	1
2018.03.13	12:00:00	1.07363	1.07526	1.07306	1.07457	32754	0	4
2018.03.13	16:00:00	1.07460	1.07582	1.07233	1.07338	37856	0	3
2018.03.13	20:00:00	1.07328	1.07340	1.07047	1.07201	11944	0	1
2018.03.14	00:00:00	1.07201	1.07287	1.07057	1.07099	11316	0	9
2018.03.14	04:00:00	1.07101	1.07394	1.07062	1.07386	16305	0	6
2018.03.14	08:00:00	1.07386	1.07674	1.07345	1.07618	24933	0	2
2018.03.14	12:00:00	1.07618	1.07778	1.07554	1.07745	28433	0	1
2018.03.14	16:00:00	1.07745	1.07753	1.07409	1.07544	35361	0	3
2018.03.14	20:00:00	1.07544	1.07824	1.07340	1.07729	9460	0	6
2018.03.15	00:00:00	1.07729	1.07781	1.07445	1.07453	16563	0	1
2018.03.15	04:00:00	1.07452	1.07557	1.07381	1.07435	15595	0	5
2018.03.15	08:00:00	1.07433	1.07528	1.07373	1.07424	21851	0	2
2018.03.15	12:00:00	1.07424	1.07605	1.07270	1.07272	32504	0	2
2018.03.15	16:00:00	1.07271	1.07368	1.07186	1.07246	39280	0	1
2018.03.15	20:00:00	1.07247	1.07292	1.07071	1.07109	8158	0	3
2018.03.16	00:00:00	1.07108	1.07325	1.07095	1.07319	13266	0	1
2018.03.16	04:00:00	1.07324	1.07602	1.07262	1.07526	15251	0	3
2018.03.16	08:00:00	1.07527	1.07581	1.07356	1.07395	19839	0	1
2018.03.16	12:00:00	1.07395	1.07420	1.07089	1.07123	30639	0	5
2018.03.16	16:00:00	1.07118	1.07207	1.07006	1.07019	37514	0	1
2018.03.16	20:00:00	1.07017	1.07028	1.06763	1.06872	8054	0	5
2018.03.19	00:00:00	1.06868	1.06919	1.06693	1.06699	10301	0	1
2018.03.19	04:00:00	1.06698	1.06884	1.06680	1.06863	16685	0	4
2018.03.19	08:00:00	1.06862	1.06909	1.06734	1.06790	26391	0	5
2018.03.19	12:00:00	1.06788	1.06881	1.06549	1.06606	36853	0	1
2018.03.19	16:00:00	1.06606	1.06698	1.06396	1.06471	34379	0	1
2018.03.19	20:00:00	1.06463	1.06627	1.06354	1.06531	10676	0	1
2018.03.20	00:00:00	1.06531	1.06597	1.06389	1.06441	11501	0	1
2018.03.20	04:00:00	1.06444	1.06737	1.06412	1.06704	14435	0	1
2018.03.20	08:00:00	1.06704	1.06745	1.06597	1.06714	25030	0	2
2018.03.20	12:00:00	1.06713	1.06978	1.06708	1.06895	27658	0	3
2018.03.20	16:00:00	1.06895	1.06958	1.06790	1.06905	35053	0	2
2018.03.20	20:00:00	1.06905	1.07144	1.06871	1.07070	9356	0	1
2018.03.21	00:00:00	1.07070	1.07277	1.07009	1.07267	12089	0	3
2018.03.21	04:00:00	1.07269	1.07302	1.07101	1.07190	12391	0	1
2018.03.21	08:00:00	1.07195	1.07332	1.07159	1.07209	22256	0	4
2018.03.21	12:00:00	1.07209	1.07397	1.07170	1.07340	26669	0	1
2018.03.21	16:00:00	1.07340	1.07451	1.07255	1.07274	24113	0	2
2018.03.21	20:00:00	1.07291	1.07555	1.07243	1.07407	35548	0	1
2018.03.22	00:00:00	1.07407	1.07617	1.07023	1.07036	12274	0	4
2018.03.22	04:00:00	1.07036	1.07192	1.06894	1.07129	14518	0	1
2018.03.22	08:00:00	1.07129	1.07169	1.06686	1.06754	30920	0	1
2018.03.22	12:00:00	1.06753	1.06795	1.06572	1.06652	25356	0	5
2018.03.22	16:00:00	1.06649	1.06853	1.06549	1.06814	34728	0	5
2018.03.22	20:00:00	1.06811	1.06835	1.06644	1.06717	11979	0	3
2018.03.23	00:00:00	1.06717	1.06823	1.06505	1.06817	14243	0	2
2018.03.23	04:00:00	1.06818	1.06902	1.06680	1.06751	13088	0	1
2018.03.23	08:00:00	1.06748	1.06786	1.06564	1.06601	21975	0	1
2018.03.23	12:00:00	1.06604	1.06638	1.06312	1.06547	27393	0	1
2018.03.23	16:00:00	1.06552	1.06660	1.06317	1.06360	32292	0	2
2018.03.23	20:00:00	1.06363	1.06389	1.06231	1.06338	10337	0	3
2018.03.26	00:00:00	1.06440	1.06490	1.06213	1.06427	6181	0	1
2018.03.26	04:00:00	1.06427	1.06525	1.06169	1.06249	13550	0	1
2018.03.26	08:00:00	1.06249	1.06294	1.06014	1.06183	19244	0	1
2018.03.26	12:00:00	1.06182	1.06218	1.06039	1.06058	17743	0	1
2018.03.26	16:00:00	1.06057	1.06112	1.05849	1.05911	31624	0	3
2018.03.26	20:00:00	1.05909	1.06169	1.05875	1.06091	11534	0	5
2018.03.27	00:00:00	1.06091	1.06268	1.06072	1.06192	9271	0	1
2018.03.27	04:00:00	1.06193	1.06262	1.06103	1.06118	14570	0	3
2018.03.27	08:00:00	1.06118	1.06150	1.05952	1.06017	22021	0	1
2018.03.27	12:00:00	1.06017	1.06169	1.05968	1.06045	19057	0	4
2018.03.27	16:00:00	1.06045	1.06103	1.05784	1.05803	24888	0	5
2018.03.27	20:00:00	1.05804	1.05842	1.05421	1.05421	10574	0	6
2018.03.28	00:00:00	1.05627	1.05875	1.05592	1.05839	11779	0	5
2018.03.28	04:00:00	1.05839	1.05941	1.05796	1.05869	12148	0	5
2018.03.28	08:00:00	1.05866	1.05869	1.05613	1.05646	22432	0	3
2018.03.28	12:00:00	1.05644	1.05898	1.05601	1.05857	20970	0	1
2018.03.28	16:00:00	1.05857	1.06194	1.05742	1.06098	41255	0	1
2018.03.28	20:00:00	1.06096	1.06364	1.06078	1.06205	17022	0	5
2018.03.29	00:00:00	1.06205	1.06340	1.06153	1.06249	6075	0	1
2018.03.29	04:00:00	1.06253	1.06467	1.06246	1.06441	11196	0	1
2018.03.29	08:00:00	1.06443	1.06689	1.06431	1.06559	14291	0	6
2018.03.29	12:00:00	1.06557	1.06652	1.06519	1.06584	13825	0	1
2018.03.29	16:00:00	1.06584	1.06643	1.06231	1.06261	29298	0	1
2018.03.29	20:00:00	1.06264	1.06339	1.06054	1.06064	8681	0	1
2018.03.30	00:00:00	1.06064	1.06372	1.06046	1.06243	17856	0	9
2018.03.30	04:00:00	1.06243	1.06315	1.06149	1.06212	9469	0	8
2018.03.30	08:00:00	1.06212	1.06470	1.06092	1.06222	19047	0	1
2018.03.30	12:00:00	1.06222	1.06333	1.06102	1.06228	3859	0	15
2018.03.30	16:00:00	1.06231	1.06390	1.06012	1.06168	20793	0	5
2018.03.30	20:00:00	1.06162	1.06251	1.05931	1.06138	26759	0	62
2018.04.02	00:00:00	1.06136	1.06352	1.06069	1.06332	3381	0	8
2018.04.02	04:00:00	1.06335	1.06378	1.06142	1.06175	4559	0	8
2018.04.02	08:00:00	1.06175	1.06261	1.06128	1.06230	5123	0	2
2018.04.02	12:00:00	1.06231	1.06245	1.06053	1.06098	8749	0	6
2018.04.02	16:00:00	1.06098	1.06171	1.06040	1.06166	25671	0	6
2018.04.02	20:00:00	1.06169	1.06220	1.06004	1.06164	10903	0	5
2018.04.03	00:00:00	1.06164	1.06380	1.05993	1.06367	7189	0	3
2018.04.03	04:00:00	1.06366	1.06564	1.06348	1.06400	15963	0	6
2018.04.03	08:00:00	1.06402	1.06430	1.06037	1.06058	19638	0	1
2018.04.03	12:00:00	1.06059	1.06097	1.05892	1.05929	16927	0	1
2018.04.03	16:00:00	1.05930	1.05953	1.05682	1.05739	23878	0	1
2018.04.03	20:00:00	1.05739	1.05949	1.05721	1.05813	5868	0	4
2018.04.04	00:00:00	1.05879	1.05920	1.05723	1.05867	6492	0	4
2018.04.04	04:00:00	1.05867	1.05960	1.05688	1.05696	5823	0	1
2018.04.04	08:00:00	1.05696	1.05749	1.05260	1.05327	15595	0	1
2018.04.04	12:00:00	1.05327	1.05485	1.05282	1.05371	13842	0	1
2018.04.04	16:00:00	1.05371	1.05639	1.05324	1.05462	16902	0	1
2018.04.04	20:00:00	1.05462	1.05613	1.05347	1.05549	6291	0	3
2018.04.05	00:00:00	1.05545	1.05622	1.05388	1.05472	6118	0	1
2018.04.05	04:00:00	1.05469	1.05544	1.05384	1.05482	7206	0	3
2018.04.05	08:00:00	1.05485	1.05603	1.05436	1.05436	8626	0	3
2018.04.05	12:00:00	1.05435	1.05591	1.05250	1.05360	11306	0	1
2018.04.05	16:00:00	1.05360	1.05760	1.05330	1.05677	15385	0	1
2018.04.05	20:00:00	1.05678	1.05724	1.05431	1.05493	5803	0	4
2018.04.06	00:00:00	1.05034	1.05773	1.05029	1.05773	7020	0	3
2018.04.06	04:00:00	1.05776	1.05869	1.05694	1.05749	9045	0	1
2018.04.06	08:00:00	1.05749	1.06059	1.05663	1.06047	10058	0	1
2018.04.06	12:00:00	1.06047	1.06079	1.05760	1.05969	15874	0	4
2018.04.06	16:00:00	1.05969	1.05979	1.05550	1.05624	21965	0	2
2018.04.06	20:00:00	1.05624	1.05674	1.05414	1.05619	11485	0	3
2018.04.09	00:00:00	1.05441	1.05615	1.05390	1.05567	3862	0	1
2018.04.09	04:00:00	1.05567	1.05582	1.05344	1.05408	6796	0	2
2018.04.09	08:00:00	1.05408	1.05417	1.05108	1.05108	14782	0	2
2018.04.09	12:00:00	1.05108	1.05163	1.05042	1.05068	11828	0	1
2018.04.09	16:00:00	1.05069	1.05350	1.05047	1.05261	14763	0	3
2018.04.09	20:00:00	1.05264	1.05386	1.05195	1.05326	6076	0	2
2018.04.10	00:00:00	1.05297	1.05408	1.05179	1.05211	4216	0	5
2018.04.10	04:00:00	1.05211	1.05576	1.05177	1.05467	13933	0	1
2018.04.10	08:00:00	1.05467	1.05474	1.05163	1.05260	15210	0	3
2018.04.10	12:00:00	1.05260	1.05308	1.05133	1.05276	10486	0	4
2018.04.10	16:00:00	1.05277	1.05419	1.05219	1.05344	16732	0	1
2018.04.10	20:00:00	1.05344	1.05436	1.05247	1.05367	6773	0	3
2018.04.11	00:00:00	1.05398	1.05448	1.05267	1.05377	5143	0	1
2018.04.11	04:00:00	1.05377	1.05554	1.05254	1.05469	7681	0	1
2018.04.11	08:00:00	1.05469	1.05487	1.05183	1.05210	10654	0	1
2018.04.11	12:00:00	1.05210	1.05279	1.05111	1.05202	12263	0	3
2018.04.11	16:00:00	1.05202	1.05415	1.05146	1.05402	16662	0	2
2018.04.11	20:00:00	1.05401	1.05492	1.05291	1.05291	7467	0	4
2018.04.12	00:00:00	1.05174	1.05531	1.05165	1.05340	5332	0	2
2018.04.12	04:00:00	1.05340	1.05373	1.05180	1.05253	7230	0	1
2018.04.12	08:00:00	1.05253	1.05285	1.04919	1.04922	9257	0	2
2018.04.12	12:00:00	1.04922	1.05118	1.04885	1.05097	11973	0	1
2018.04.12	16:00:00	1.05097	1.05228	1.05081	1.05194	18301	0	1
2018.04.12	20:00:00	1.05194	1.05194	1.05007	1.05051	6928	0	4
2018.04.13	00:00:00	1.05065	1.05217	1.05055	1.05171	4357	0	6
2018.04.13	04:00:00	1.05172	1.05417	1.05163	1.05378	5840	0	1
2018.04.13	08:00:00	1.05378	1.05590	1.05356	1.05482	10508	0	3
2018.04.13	12:00:00	1.05482	1.05805	1.05462	1.05753	8415	0	1
2018.04.13	16:00:00	1.05753	1.05829	1.05558	1.05657	13644	0	1
2018.04.13	20:00:00	1.05657	1.05698	1.05504	1.05561	6812	0	7
2018.04.16	00:00:00	1.05568	1.05805	1.05511	1.05692	4018	0	1
2018.04.16	04:00:00	1.05693	1.05752	1.05570	1.05657	4547	0	7
2018.04.16	08:00:00	1.05655	1.05757	1.05564	1.05741	8725	0	5
2018.04.16	12:00:00	1.05741	1.05921	1.05708	1.05713	9479	0	4
2018.04.16	16:00:00	1.05713	1.05739	1.05508	1.05624	14409	0	1
2018.04.16	20:00:00	1.05624	1.05759	1.05615	1.05650	5401	0	6
2018.04.17	00:00:00	1.05578	1.05697	1.05512	1.05620	3343	0	5
2018.04.17	04:00:00	1.05620	1.05775	1.05535	1.05765	6279	0	4
2018.04.17	08:00:00	1.05765	1.05998	1.05759	1.05882	8865	0	3
2018.04.17	12:00:00	1.05882	1.05967	1.05810	1.05914	10945	0	2
2018.04.17	16:00:00	1.05914	1.06014	1.05837	1.05861	15060	0	1
2018.04.17	20:00:00	1.05861	1.05909	1.05708	1.05708	6147	0	7
2018.04.18	00:00:00	1.05693	1.05947	1.05693	1.05918	2911	0	3
2018.04.18	04:00:00	1.05918	1.05918	1.05794	1.05833	5649	0	4
2018.04.18	08:00:00	1.05833	1.06100	1.05827	1.06022	10015	0	2
2018.04.18	12:00:00	1.06021	1.06092	1.05986	1.06071	8957	0	1
2018.04.18	16:00:00	1.06071	1.06274	1.05996	1.06260	19000	0	1
2018.04.18	20:00:00	1.06260	1.06328	1.06228	1.06281	4591	0	5
2018.04.19	00:00:00	1.06304	1.06502	1.06053	1.06491	4962	0	5
2018.04.19	04:00:00	1.06493	1.06604	1.06154	1.06589	12941	0	1
2018.04.19	08:00:00	1.06589	1.06631	1.06445	1.06602	12501	0	1
2018.04.19	12:00:00	1.06602	1.06725	1.06471	1.06553	12631	0	1
2018.04.19	16:00:00	1.06553	1.06642	1.06304	1.06373	21354	0	1
2018.04.19	20:00:00	1.06372	1.06409	1.06217	1.06229	10384	0	1
2018.04.20	00:00:00	1.06180	1.06535	1.06180	1.06521	4412	0	6
2018.04.20	04:00:00	1.06520	1.06558	1.06382	1.06542	7888	0	4
2018.04.20	08:00:00	1.06542	1.06617	1.06462	1.06578	10785	0	1
2018.04.20	12:00:00	1.06579	1.06606	1.06444	1.06496	10511	0	1
2018.04.20	16:00:00	1.06496	1.06505	1.06195	1.06404	22782	0	3
2018.04.20	20:00:00	1.06404	1.06497	1.06315	1.06366	7724	0	4
2018.04.23	00:00:00	1.06177	1.06473	1.06170	1.06409	4826	0	3
2018.04.23	04:00:00	1.06407	1.06615	1.06378	1.06578	6319	0	5
2018.04.23	08:00:00	1.06578	1.06604	1.06339	1.06345	11177	0	2
2018.04.23	12:00:00	1.06345	1.06550	1.06325	1.06435	12084	0	2
2018.04.23	16:00:00	1.06435	1.06495	1.06355	1.06401	15545	0	3
2018.04.23	20:00:00	1.06400	1.06406	1.06309	1.06352	7039	0	2
2018.04.24	00:00:00	1.06265	1.06497	1.06237	1.06433	6562	0	4
2018.04.24	04:00:00	1.06430	1.06916	1.06326	1.06866	13356	0	1
2018.04.24	08:00:00	1.06866	1.06963	1.06806	1.06888	12559	0	1
2018.04.24	12:00:00	1.06888	1.06918	1.06694	1.06835	13857	0	2
2018.04.24	16:00:00	1.06835	1.06882	1.06668	1.06772	24065	0	1
2018.04.24	20:00:00	1.06771	1.06843	1.06716	1.06752	10681	0	1
2018.04.25	00:00:00	1.06752	1.06927	1.06730	1.06830	3627	0	3
2018.04.25	04:00:00	1.06830	1.06862	1.06697	1.06777	7430	0	7
2018.04.25	08:00:00	1.06779	1.06962	1.06689	1.06860	12081	0	1
2018.04.25	12:00:00	1.06860	1.06964	1.06854	1.06917	11242	0	1
2018.04.25	16:00:00	1.06915	1.07073	1.06853	1.07042	19731	0	1
2018.04.25	20:00:00	1.07042	1.07140	1.06939	1.06944	9018	0	5
2018.04.26	00:00:00	1.06929	1.07142	1.06920	1.07081	5064	0	5
2018.04.26	04:00:00	1.07081	1.07268	1.07080	1.07251	8027	0	1
2018.04.26	08:00:00	1.07251	1.07287	1.07055	1.07073	12563	0	1
2018.04.26	12:00:00	1.07072	1.07143	1.06936	1.06955	19894	0	1
2018.04.26	16:00:00	1.06952	1.07036	1.06846	1.06889	24804	0	1
2018.04.26	20:00:00	1.06890	1.06962	1.06835	1.06926	4982	0	5
2018.04.27	00:00:00	1.06911	1.07048	1.06907	1.07021	4125	0	1
2018.04.27	04:00:00	1.07021	1.07041	1.06798	1.06847	7549	0	1
2018.04.27	08:00:00	1.06847	1.07118	1.06837	1.07089	11946	0	1
2018.04.27	12:00:00	1.07089	1.07179	1.06914	1.07123	13792	0	3
2018.04.27	16:00:00	1.07125	1.07176	1.06966	1.06986	16697	0	1
2018.04.27	20:00:00	1.06986	1.06998	1.06810	1.06987	6125	0	1
2018.04.30	00:00:00	1.06935	1.07031	1.06881	1.06897	3578	0	3
2018.04.30	04:00:00	1.06900	1.07070	1.06872	1.06874	8135	0	2
2018.04.30	08:00:00	1.06874	1.07010	1.06819	1.06966	11060	0	1
2018.04.30	12:00:00	1.06969	1.07086	1.06955	1.07022	10779	0	2
2018.04.30	16:00:00	1.07022	1.07147	1.06995	1.07016	18351	0	1
2018.04.30	20:00:00	1.07016	1.07077	1.06957	1.06965	7051	0	7
2018.05.01	00:00:00	1.06986	1.07086	1.06924	1.07049	3718	0	8
2018.05.01	04:00:00	1.07049	1.07205	1.07016	1.07152	5209	0	5
2018.05.01	08:00:00	1.07152	1.07162	1.07021	1.07052	7444	0	3
2018.05.01	12:00:00	1.07052	1.07113	1.06981	1.07018	10348	0	2
2018.05.01	16:00:00	1.07017	1.07049	1.06851	1.06909	24133	0	1
2018.05.01	20:00:00	1.06909	1.07015	1.06876	1.06899	10879	0	3
2018.05.02	00:00:00	1.06899	1.07083	1.06496	1.06868	6335	0	5
2018.05.02	04:00:00	1.06868	1.07013	1.06798	1.06982	9059	0	2
2018.05.02	08:00:00	1.06982	1.07148	1.06922	1.06969	14900	0	1
2018.05.02	12:00:00	1.06969	1.07006	1.06900	1.06963	11680	0	1
2018.05.02	16:00:00	1.06965	1.07131	1.06848	1.07103	19403	0	1
2018.05.02	20:00:00	1.07103	1.07255	1.07057	1.07057	24058	0	2
2018.05.03	00:00:00	1.07063	1.07127	1.07005	1.07010	4766	0	5
2018.05.03	04:00:00	1.07010	1.07308	1.06989	1.07221	10615	0	1
2018.05.03	08:00:00	1.07221	1.07234	1.07059	1.07161	15138	0	1
2018.05.03	12:00:00	1.07159	1.07208	1.06947	1.06951	20898	0	1
2018.05.03	16:00:00	1.06951	1.06975	1.06740	1.06922	25753	0	1
2018.05.03	20:00:00	1.06922	1.06998	1.06846	1.06948	11551	0	2
2018.05.04	00:00:00	1.06948	1.07096	1.06869	1.07069	3725	0	5
2018.05.04	04:00:00	1.07069	1.07554	1.07059	1.07454	7499	0	1
2018.05.04	08:00:00	1.07454	1.07473	1.07186	1.07225	9806	0	2
2018.05.04	12:00:00	1.07225	1.07292	1.06984	1.07238	14054	0	1
2018.05.04	16:00:00	1.07238	1.07424	1.07087	1.07324	20215	0	1
2018.05.04	20:00:00	1.07324	1.07397	1.07228	1.07392	6561	0	7
2018.05.07	00:00:00	1.07351	1.07424	1.07083	1.07183	4390	0	4
2018.05.07	04:00:00	1.07183	1.07190	1.07030	1.07090	7501	0	1
2018.05.07	08:00:00	1.07090	1.07203	1.07077	1.07143	8131	0	2
2018.05.07	12:00:00	1.07143	1.07197	1.06997	1.07018	8190	0	2
2018.05.07	16:00:00	1.07018	1.07128	1.06986	1.07091	17405	0	1
2018.05.07	20:00:00	1.07091	1.07147	1.06992	1.06992	7046	0	2
2018.05.08	00:00:00	1.06992	1.07223	1.06888	1.07068	5501	0	4
2018.05.08	04:00:00	1.07065	1.07130	1.06812	1.06875	8216	0	4
2018.05.08	08:00:00	1.06875	1.07009	1.06781	1.06899	13797	0	1
2018.05.08	12:00:00	1.06899	1.06933	1.06795	1.06886	11165	0	1
2018.05.08	16:00:00	1.06886	1.07009	1.06831	1.06891	22511	0	3
2018.05.08	20:00:00	1.06891	1.06972	1.06835	1.06866	11974	0	1
2018.05.09	00:00:00	1.06866	1.06968	1.06819	1.06881	4157	0	1
2018.05.09	04:00:00	1.06881	1.06883	1.06692	1.06731	10585	0	5
2018.05.09	08:00:00	1.06731	1.06811	1.06577	1.06756	14564	0	1
2018.05.09	12:00:00	1.06756	1.06787	1.06631	1.06702	16132	0	1
2018.05.09	16:00:00	1.06702	1.06833	1.06679	1.06739	18596	0	1
2018.05.09	20:00:00	1.06738	1.06862	1.06607	1.06607	6858	0	1
2018.05.10	00:00:00	1.06607	1.07667	1.06607	1.07518	9208	0	1
2018.05.10	04:00:00	1.07518	1.07982	1.07504	1.07932	12988	0	1
2018.05.10	08:00:00	1.07932	1.08102	1.07762	1.07843	20026	0	1
2018.05.10	12:00:00	1.07843	1.08146	1.07813	1.08101	22822	0	1
2018.05.10	16:00:00	1.08101	1.08237	1.08008	1.08178	28018	0	1
2018.05.10	20:00:00	1.08178	1.08239	1.08135	1.08135	8037	0	4
2018.05.11	00:00:00	1.08115	1.08187	1.07946	1.08104	6005	0	1
2018.05.11	04:00:00	1.08105	1.08219	1.08064	1.08190	8588	0	1
2018.05.11	08:00:00	1.08190	1.08328	1.08119	1.08264	14850	0	1
2018.05.11	12:00:00	1.08264	1.08383	1.08170	1.08333	12738	0	1
2018.05.11	16:00:00	1.08333	1.08427	1.08215	1.08260	20596	0	1
2018.05.11	20:00:00	1.08260	1.08328	1.08209	1.08244	5396	0	2
2018.05.14	00:00:00	1.08177	1.08457	1.08097	1.08441	7000	0	1
2018.05.14	04:00:00	1.08440	1.08508	1.08412	1.08475	6718	0	1
2018.05.14	08:00:00	1.08475	1.08681	1.08468	1.08553	14569	0	1
2018.05.14	12:00:00	1.08553	1.08799	1.08534	1.08759	10060	0	2
2018.05.14	16:00:00	1.08761	1.08949	1.08697	1.08879	15061	0	1
2018.05.14	20:00:00	1.08879	1.08921	1.08799	1.08816	6252	0	1
2018.05.15	00:00:00	1.08789	1.08925	1.08771	1.08911	4981	0	5
2018.05.15	04:00:00	1.08911	1.09004	1.08889	1.08910	8187	0	3
2018.05.15	08:00:00	1.08910	1.08942	1.08613	1.08625	12764	0	1
2018.05.15	12:00:00	1.08625	1.08701	1.08529	1.08539	18254	0	1
2018.05.15	16:00:00	1.08539	1.08881	1.08526	1.08867	27824	0	1
2018.05.15	20:00:00	1.08867	1.08949	1.08830	1.08833	13421	0	1
2018.05.16	00:00:00	1.08806	1.08944	1.08748	1.08891	5917	0	1
2018.05.16	04:00:00	1.08894	1.09004	1.08603	1.08853	10454	0	1
2018.05.16	08:00:00	1.08853	1.08913	1.08659	1.08660	16771	0	1
2018.05.16	12:00:00	1.08660	1.08838	1.08507	1.08685	19506	0	1
2018.05.16	16:00:00	1.08683	1.08894	1.08630	1.08848	24295	0	1
2018.05.16	20:00:00	1.08848	1.08995	1.08846	1.08926	7988	0	1
2018.05.17	00:00:00	1.08915	1.09048	1.08845	1.08933	7153	0	1
2018.05.17	04:00:00	1.08933	1.09128	1.08720	1.09112	11459	0	2
2018.05.17	08:00:00	1.09112	1.09394	1.09078	1.09245	17601	0	1
2018.05.17	12:00:00	1.09246	1.09308	1.09081	1.09100	12576	0	3
2018.05.17	16:00:00	1.09100	1.09268	1.09027	1.09130	17731	0	1
2018.05.17	20:00:00	1.09130	1.09248	1.09113	1.09124	4798	0	4
2018.05.18	00:00:00	1.09042	1.09283	1.08939	1.08954	6992	0	1
2018.05.18	04:00:00	1.08954	1.09111	1.08935	1.09102	8095	0	1
2018.05.18	08:00:00	1.09102	1.09112	1.08729	1.08793	11138	0	1
2018.05.18	12:00:00	1.08793	1.08825	1.08579	1.08610	15231	0	1
2018.05.18	16:00:00	1.08610	1.08731	1.08564	1.08623	23756	0	1
2018.05.18	20:00:00	1.08623	1.08653	1.08496	1.08580	4886	0	4
2018.05.21	00:00:00	1.08632	1.09018	1.08547	1.08859	9310	0	4
2018.05.21	04:00:00	1.08859	1.09162	1.08859	1.09012	8786	0	1
2018.05.21	08:00:00	1.09012	1.09127	1.08939	1.09051	12773	0	1
2018.05.21	12:00:00	1.09051	1.09145	1.08914	1.08966	12709	0	1
2018.05.21	16:00:00	1.08966	1.09276	1.08955	1.09198	18109	0	1
2018.05.21	20:00:00	1.09198	1.09275	1.09084	1.09094	7043	0	1
2018.05.22	00:00:00	1.09090	1.09164	1.09009	1.09097	4182	0	1
2018.05.22	04:00:00	1.09097	1.09201	1.08999	1.09037	7968	0	3
2018.05.22	08:00:00	1.09037	1.09152	1.08959	1.09111	18826	0	2
2018.05.22	12:00:00	1.09111	1.09420	1.09097	1.09396	15307	0	1
2018.05.22	16:00:00	1.09395	1.09463	1.09327	1.09345	19563	0	1
2018.05.22	20:00:00	1.09345	1.09402	1.09180	1.09197	5562	0	1
2018.05.23	00:00:00	1.09211	1.09412	1.09092	1.09131	7916	0	1
2018.05.23	04:00:00	1.09127	1.09421	1.09106	1.09253	14672	0	2
2018.05.23	08:00:00	1.09251	1.09316	1.09113	1.09188	22018	0	1
2018.05.23	12:00:00	1.09188	1.09401	1.09093	1.09398	19183	0	1
2018.05.23	16:00:00	1.09396	1.09425	1.09151	1.09303	25714	0	1
2018.05.23	20:00:00	1.09304	1.09355	1.09214	1.09224	12644	0	1
2018.05.24	00:00:00	1.09167	1.09328	1.09116	1.09207	9185	0	1
2018.05.24	04:00:00	1.09207	1.09303	1.09140	1.09234	12725	0	1
2018.05.24	08:00:00	1.09233	1.09396	1.09161	1.09303	20629	0	1
2018.05.24	12:00:00	1.09303	1.09342	1.09120	1.09251	14853	0	2
2018.05.24	16:00:00	1.09250	1.09393	1.09157	1.09351	23745	0	1
2018.05.24	20:00:00	1.09351	1.09402	1.09273	1.09287	5357	0	1
2018.05.25	00:00:00	1.09284	1.09359	1.09195	1.09237	5114	0	3
2018.05.25	04:00:00	1.09237	1.09282	1.09130	1.09272	6880	0	4
2018.05.25	08:00:00	1.09272	1.09467	1.09228	1.09415	15486	0	1
2018.05.25	12:00:00	1.09415	1.09616	1.09340	1.09403	18277	0	1
2018.05.25	16:00:00	1.09403	1.09429	1.09109	1.09137	20440	0	1
2018.05.25	20:00:00	1.09137	1.09196	1.09055	1.09116	4521	0	5
2018.05.28	00:00:00	1.09097	1.09239	1.09075	1.09092	6450	0	2
2018.05.28	04:00:00	1.09092	1.09115	1.08911	1.08995	7740	0	1
2018.05.28	08:00:00	1.08995	1.08999	1.08823	1.08920	12849	0	1
2018.05.28	12:00:00	1.08920	1.08965	1.08674	1.08684	15739	0	1
2018.05.28	16:00:00	1.08684	1.08769	1.08646	1.08729	10987	0	1
2018.05.28	20:00:00	1.08727	1.08767	1.08624	1.08627	2237	0	12
2018.05.29	00:00:00	1.08603	1.08786	1.08603	1.08655	4732	0	2
2018.05.29	04:00:00	1.08654	1.08742	1.08453	1.08635	9083	0	2
2018.05.29	08:00:00	1.08636	1.08894	1.08617	1.08850	18803	0	1
2018.05.29	12:00:00	1.08849	1.08896	1.08571	1.08789	21434	0	1
2018.05.29	16:00:00	1.08789	1.08847	1.08618	1.08830	22687	0	1
2018.05.29	20:00:00	1.08828	1.08882	1.08685	1.08691	12207	0	1
2018.05.30	00:00:00	1.08662	1.08893	1.08539	1.08546	7234	0	1
2018.05.30	04:00:00	1.08549	1.08589	1.08415	1.08477	8797	0	2
2018.05.30	08:00:00	1.08477	1.08686	1.08344	1.08678	19274	0	1
2018.05.30	12:00:00	1.08678	1.08710	1.08159	1.08166	21074	0	1
2018.05.30	16:00:00	1.08168	1.08357	1.08044	1.08255	27261	0	1
2018.05.30	20:00:00	1.08254	1.08456	1.08249	1.08331	6675	0	1
2018.05.31	00:00:00	1.08299	1.08483	1.08299	1.08406	4675	0	1
2018.05.31	04:00:00	1.08403	1.08565	1.08220	1.08266	7481	0	1
2018.05.31	08:00:00	1.08266	1.08462	1.08167	1.08432	18687	0	1
2018.05.31	12:00:00	1.08432	1.08432	1.08031	1.08153	17217	0	1
2018.05.31	16:00:00	1.08152	1.08159	1.07766	1.08088	32070	0	1
2018.05.31	20:00:00	1.08087	1.08133	1.07946	1.08032	9860	0	4
2018.06.01	00:00:00	1.08047	1.08138	1.07768	1.07789	5375	0	3
2018.06.01	04:00:00	1.07789	1.07954	1.07761	1.07934	7979	0	1
2018.06.01	08:00:00	1.07934	1.08054	1.07809	1.07982	13770	0	1
2018.06.01	12:00:00	1.07983	1.08124	1.07885	1.08104	17926	0	1
2018.06.01	16:00:00	1.08104	1.08371	1.08097	1.08296	24070	0	1
2018.06.01	20:00:00	1.08296	1.08378	1.08246	1.08329	6787	0	4
2018.06.04	00:00:00	1.08183	1.08516	1.08183	1.08481	4724	0	3
2018.06.04	04:00:00	1.08481	1.08722	1.08410	1.08659	9264	0	1
2018.06.04	08:00:00	1.08659	1.08877	1.08653	1.08689	15059	0	1
2018.06.04	12:00:00	1.08686	1.08790	1.08662	1.08711	13288	0	1
2018.06.04	16:00:00	1.08712	1.08807	1.08647	1.08735	16491	0	1
2018.06.04	20:00:00	1.08735	1.08853	1.08647	1.08657	5297	0	1
2018.06.05	00:00:00	1.08599	1.08864	1.08598	1.08653	5633	0	9
2018.06.05	04:00:00	1.08653	1.08753	1.08496	1.08729	7607	0	1
2018.06.05	08:00:00	1.08730	1.08731	1.08379	1.08442	12385	0	1
2018.06.05	12:00:00	1.08442	1.08568	1.08360	1.08552	14584	0	1
2018.06.05	16:00:00	1.08552	1.08553	1.08377	1.08395	24097	0	1
2018.06.05	20:00:00	1.08395	1.08435	1.08294	1.08377	5664	0	3
2018.06.06	00:00:00	1.08392	1.08557	1.08321	1.08546	5072	0	1
2018.06.06	04:00:00	1.08549	1.08921	1.08461	1.08735	6914	0	2
2018.06.06	08:00:00	1.08735	1.08864	1.08501	1.08714	15357	0	1
2018.06.06	12:00:00	1.08714	1.08790	1.08623	1.08714	12023	0	1
2018.06.06	16:00:00	1.08714	1.09013	1.08701	1.08937	17111	0	1
2018.06.06	20:00:00	1.08936	1.09012	1.08911	1.08981	4802	0	2
2018.06.07	00:00:00	1.08991	1.09020	1.08814	1.08833	4818	0	4
2018.06.07	04:00:00	1.08833	1.08846	1.08593	1.08659	7126	0	4
2018.06.07	08:00:00	1.08659	1.08710	1.08468	1.08569	9976	0	1
2018.06.07	12:00:00	1.08569	1.08694	1.08460	1.08462	10000	0	5
2018.06.07	16:00:00	1.08464	1.08616	1.08324	1.08506	19173	0	1
2018.06.07	20:00:00	1.08506	1.08542	1.08110	1.08389	10079	0	1
2018.06.08	00:00:00	1.08407	1.08542	1.08404	1.08492	3369	0	6
2018.06.08	04:00:00	1.08492	1.08523	1.08297	1.08307	6120	0	3
2018.06.08	08:00:00	1.08307	1.08371	1.07951	1.07957	15125	0	1
2018.06.08	12:00:00	1.07957	1.08053	1.07779	1.07996	14646	0	1
2018.06.08	16:00:00	1.07996	1.08120	1.07968	1.08044	11898	0	1
2018.06.08	20:00:00	1.08044	1.08097	1.07931	1.08059	3738	0	1
2018.06.11	00:00:00	1.07990	1.08154	1.07903	1.08036	4388	0	3
2018.06.11	04:00:00	1.08036	1.08102	1.07990	1.08053	4193	0	1
2018.06.11	08:00:00	1.08053	1.08204	1.07991	1.08204	7141	0	1
2018.06.11	12:00:00	1.08204	1.08269	1.08007	1.08044	8014	0	2
2018.06.11	16:00:00	1.08044	1.08279	1.07948	1.08269	10769	0	1
2018.06.11	20:00:00	1.08269	1.08396	1.08172	1.08183	3682	0	1
2018.06.12	00:00:00	1.08115	1.08421	1.08115	1.08372	5647	0	1
2018.06.12	04:00:00	1.08375	1.08417	1.08182	1.08224	7620	0	1
2018.06.12	08:00:00	1.08223	1.08286	1.08106	1.08260	9280	0	1
2018.06.12	12:00:00	1.08260	1.08304	1.08103	1.08252	10936	0	1
2018.06.12	16:00:00	1.08252	1.08306	1.08120	1.08148	12387	0	1
2018.06.12	20:00:00	1.08148	1.08182	1.08050	1.08074	7992	0	2
2018.06.13	00:00:00	1.08089	1.08142	1.07997	1.08006	3465	0	6
2018.06.13	04:00:00	1.08006	1.08092	1.07877	1.07941	4687	0	1
2018.06.13	08:00:00	1.07941	1.08038	1.07899	1.07971	8676	0	2
2018.06.13	12:00:00	1.07971	1.08017	1.07665	1.07692	9236	0	1
2018.06.13	16:00:00	1.07691	1.07919	1.07649	1.07851	10011	0	1
2018.06.13	20:00:00	1.07854	1.07994	1.07560	1.07804	24881	0	1
2018.06.14	00:00:00	1.07797	1.07934	1.07642	1.07720	5023	0	3
2018.06.14	04:00:00	1.07720	1.07815	1.07576	1.07621	6635	0	1
2018.06.14	08:00:00	1.07621	1.07621	1.07266	1.07443	9296	0	1
2018.06.14	12:00:00	1.07443	1.07497	1.07223	1.07320	17924	0	1
2018.06.14	16:00:00	1.07320	1.07515	1.07304	1.07335	18841	0	1
2018.06.14	20:00:00	1.07335	1.07359	1.07028	1.07102	9754	0	1
2018.06.15	00:00:00	1.07078	1.07362	1.07010	1.07293	5636	0	4
2018.06.15	04:00:00	1.07293	1.07385	1.07262	1.07329	4577	0	4
2018.06.15	08:00:00	1.07329	1.07591	1.07320	1.07518	13105	0	1
2018.06.15	12:00:00	1.07518	1.07556	1.07400	1.07420	13271	0	1
2018.06.15	16:00:00	1.07420	1.07435	1.07203	1.07360	17221	0	1
2018.06.15	20:00:00	1.07360	1.07403	1.07113	1.07183	4681	0	4
2018.06.18	00:00:00	1.07225	1.07354	1.07192	1.07336	5065	0	3
2018.06.18	04:00:00	1.07333	1.07478	1.07194	1.07240	4842	0	3
2018.06.18	08:00:00	1.07240	1.07312	1.07156	1.07309	8192	0	1
2018.06.18	12:00:00	1.07309	1.07312	1.07016	1.07026	7370	0	4
2018.06.18	16:00:00	1.07026	1.07110	1.06855	1.07070	10235	0	1
2018.06.18	20:00:00	1.07070	1.07132	1.06832	1.06837	4071	0	3
2018.06.19	00:00:00	1.06761	1.07083	1.06729	1.06934	6183	0	2
2018.06.19	04:00:00	1.06932	1.07036	1.06625	1.06639	8813	0	2
2018.06.19	08:00:00	1.06639	1.06944	1.06576	1.06677	18121	0	1
2018.06.19	12:00:00	1.06677	1.06859	1.06618	1.06835	14755	0	1
2018.06.19	16:00:00	1.06835	1.06956	1.06671	1.06934	14959	0	1
2018.06.19	20:00:00	1.06934	1.06987	1.06706	1.06760	5245	0	3
2018.06.20	00:00:00	1.06810	1.07082	1.06687	1.06927	5062	0	2
2018.06.20	04:00:00	1.06927	1.07107	1.06855	1.07083	8663	0	6
2018.06.20	08:00:00	1.07083	1.07293	1.07075	1.07240	15309	0	1
2018.06.20	12:00:00	1.07240	1.07476	1.07197	1.07384	9642	0	1
2018.06.20	16:00:00	1.07384	1.07433	1.07174	1.07410	16287	0	1
2018.06.20	20:00:00	1.07409	1.07429	1.07252	1.07252	5276	0	6
2018.06.21	00:00:00	1.07220	1.07562	1.06943	1.07518	5271	0	1
2018.06.21	04:00:00	1.07517	1.07770	1.07492	1.07655	10806	0	3
2018.06.21	08:00:00	1.07655	1.07751	1.07508	1.07586	17168	0	1
2018.06.21	12:00:00	1.07586	1.07637	1.07434	1.07513	20135	0	1
2018.06.21	16:00:00	1.07513	1.07528	1.07259	1.07304	24885	0	1
2018.06.21	20:00:00	1.07304	1.07415	1.07214	1.07235	6611	0	5
2018.06.22	00:00:00	1.07159	1.07535	1.07152	1.07407	6795	0	1
2018.06.22	04:00:00	1.07407	1.07418	1.07138	1.07142	6426	0	4
2018.06.22	08:00:00	1.07142	1.07553	1.07099	1.07461	12711	0	1
2018.06.22	12:00:00	1.07461	1.07717	1.07441	1.07711	13375	0	1
2018.06.22	16:00:00	1.07711	1.07795	1.07597	1.07598	20963	0	3
2018.06.22	20:00:00	1.07598	1.07685	1.07495	1.07643	5261	0	1
2018.06.25	00:00:00	1.07487	1.07630	1.07417	1.07467	7387	0	1
2018.06.25	04:00:00	1.07468	1.07605	1.07417	1.07596	7297	0	1
2018.06.25	08:00:00	1.07596	1.07686	1.07481	1.07595	12149	0	1
2018.06.25	12:00:00	1.07591	1.07688	1.07554	1.07581	10788	0	4
2018.06.25	16:00:00	1.07581	1.07665	1.07367	1.07423	15145	0	1
2018.06.25	20:00:00	1.07423	1.07484	1.07313	1.07344	5070	0	4
2018.06.26	00:00:00	1.07318	1.07677	1.07301	1.07575	6397	0	3
2018.06.26	04:00:00	1.07575	1.07606	1.07390	1.07512	10375	0	1
2018.06.26	08:00:00	1.07512	1.07740	1.07482	1.07711	13160	0	1
2018.06.26	12:00:00	1.07712	1.07812	1.07657	1.07790	13435	0	4
2018.06.26	16:00:00	1.07790	1.07929	1.07634	1.07924	16038	0	1
2018.06.26	20:00:00	1.07925	1.07942	1.07624	1.07624	6261	0	2
2018.06.27	00:00:00	1.07385	1.08030	1.07385	1.07923	5518	0	1
2018.06.27	04:00:00	1.07919	1.08214	1.07919	1.08205	13285	0	1
2018.06.27	08:00:00	1.08205	1.08280	1.08065	1.08082	14918	0	1
2018.06.27	12:00:00	1.08082	1.08426	1.08055	1.08351	17926	0	1
2018.06.27	16:00:00	1.08351	1.08555	1.08215	1.08303	18087	0	1
2018.06.27	20:00:00	1.08301	1.08330	1.07802	1.07879	9942	0	1
2018.06.28	00:00:00	1.07962	1.08296	1.07816	1.08280	8669	0	1
2018.06.28	04:00:00	1.08282	1.08575	1.08243	1.08468	12491	0	1
2018.06.28	08:00:00	1.08467	1.08593	1.08331	1.08531	17119	0	1
2018.06.28	12:00:00	1.08531	1.08675	1.08442	1.08603	14715	0	1
2018.06.28	16:00:00	1.08603	1.08836	1.08585	1.08807	17302	0	1
2018.06.28	20:00:00	1.08804	1.08876	1.08682	1.08683	7287	0	9
2018.06.29	00:00:00	1.08706	1.08877	1.08696	1.08807	6388	0	2
2018.06.29	04:00:00	1.08807	1.09035	1.08799	1.08976	18363	0	1
2018.06.29	08:00:00	1.08976	1.09261	1.08965	1.09203	16854	0	1
2018.06.29	12:00:00	1.09203	1.09272	1.09059	1.09200	16261	0	1
2018.06.29	16:00:00	1.09200	1.09302	1.09076	1.09210	17036	0	2
2018.06.29	20:00:00	1.09209	1.09345	1.09150	1.09345	6504	0	7
2018.07.02	00:00:00	1.08881	1.09268	1.08877	1.09228	8687	0	1
2018.07.02	04:00:00	1.09228	1.09252	1.08897	1.08936	11095	0	1
2018.07.02	08:00:00	1.08936	1.09221	1.08903	1.09168	12891	0	1
2018.07.02	12:00:00	1.09168	1.09455	1.09166	1.09406	9573	0	1
2018.07.02	16:00:00	1.09406	1.09513	1.09173	1.09285	13359	0	1
2018.07.02	20:00:00	1.09286	1.09347	1.09220	1.09226	5765	0	4
2018.07.03	00:00:00	1.09235	1.09489	1.09211	1.09425	4952	0	1
2018.07.03	04:00:00	1.09425	1.09605	1.09326	1.09539	13753	0	1
2018.07.03	08:00:00	1.09539	1.09919	1.09528	1.09777	21201	0	1
2018.07.03	12:00:00	1.09777	1.09799	1.09627	1.09672	11698	0	1
2018.07.03	16:00:00	1.09672	1.09706	1.09269	1.09278	11090	0	1
2018.07.03	20:00:00	1.09281	1.09371	1.09256	1.09256	2582	0	7
2018.07.04	00:00:00	1.09187	1.09408	1.09185	1.09374	6272	0	2
2018.07.04	04:00:00	1.09371	1.09556	1.09260	1.09388	12945	0	1
2018.07.04	08:00:00	1.09390	1.09440	1.09138	1.09192	13180	0	1
2018.07.04	12:00:00	1.09192	1.09276	1.09014	1.09176	7764	0	1
2018.07.04	16:00:00	1.09176	1.09274	1.09095	1.09190	7597	0	5
2018.07.04	20:00:00	1.09190	1.09271	1.09071	1.09107	5957	0	2
2018.07.05	00:00:00	1.09118	1.09259	1.09059	1.09117	6255	0	6
2018.07.05	04:00:00	1.09117	1.09170	1.08843	1.08844	11535	0	2
2018.07.05	08:00:00	1.08844	1.09021	1.08788	1.08836	14006	0	1
2018.07.05	12:00:00	1.08836	1.09092	1.08800	1.08996	10564	0	1
2018.07.05	16:00:00	1.08996	1.09035	1.08710	1.08749	12064	0	1
2018.07.05	20:00:00	1.08749	1.08851	1.08731	1.08804	5577	0	6
2018.07.06	00:00:00	1.08802	1.08855	1.08640	1.08775	4091	0	1
2018.07.06	04:00:00	1.08777	1.08807	1.08599	1.08626	10125	0	1
2018.07.06	08:00:00	1.08624	1.08789	1.08612	1.08696	14498	0	1
2018.07.06	12:00:00	1.08694	1.08850	1.08542	1.08832	12939	0	1
2018.07.06	16:00:00	1.08831	1.08860	1.08566	1.08578	14505	0	1
2018.07.06	20:00:00	1.08580	1.08645	1.08513	1.08612	3113	0	7
2018.07.09	00:00:00	1.08560	1.08879	1.08560	1.08846	6255	0	2
2018.07.09	04:00:00	1.08848	1.09111	1.08832	1.09071	7478	0	1
2018.07.09	08:00:00	1.09071	1.09313	1.08989	1.09264	11184	0	1
2018.07.09	12:00:00	1.09264	1.09344	1.09050	1.09208	8203	0	1
2018.07.09	16:00:00	1.09208	1.09285	1.09092	1.09117	10949	0	1
2018.07.09	20:00:00	1.09118	1.09196	1.09081	1.09103	4048	0	7
2018.07.10	00:00:00	1.09093	1.09221	1.09050	1.09193	7479	0	2
2018.07.10	04:00:00	1.09193	1.09219	1.09026	1.09104	8207	0	1
2018.07.10	08:00:00	1.09104	1.09220	1.08990	1.09155	11412	0	1
2018.07.10	12:00:00	1.09153	1.09235	1.09090	1.09220	9802	0	1
2018.07.10	16:00:00	1.09220	1.09280	1.09134	1.09175	10121	0	1
2018.07.10	20:00:00	1.09177	1.09231	1.08993	1.08993	4609	0	5
2018.07.11	00:00:00	1.08960	1.09057	1.08742	1.08850	10434	0	1
2018.07.11	04:00:00	1.08850	1.09003	1.08756	1.08813	12068	0	1
2018.07.11	08:00:00	1.08813	1.08880	1.08690	1.08747	12324	0	1
2018.07.11	12:00:00	1.08746	1.08980	1.08682	1.08939	15141	0	1
2018.07.11	16:00:00	1.08940	1.09094	1.08893	1.09061	16665	0	1
2018.07.11	20:00:00	1.09061	1.09088	1.08908	1.08927	10682	0	1
2018.07.12	00:00:00	1.08898	1.09081	1.08898	1.09024	5416	0	1
2018.07.12	04:00:00	1.09024	1.09247	1.09008	1.09165	8594	0	1
2018.07.12	08:00:00	1.09165	1.09220	1.09038	1.09078	11382	0	1
2018.07.12	12:00:00	1.09078	1.09332	1.09066	1.09146	10605	0	1
2018.07.12	16:00:00	1.09146	1.09409	1.09140	1.09281	13124	0	1
2018.07.12	20:00:00	1.09281	1.09354	1.09119	1.09124	6499	0	8
2018.07.13	00:00:00	1.09078	1.09485	1.09078	1.09432	7530	0	1
2018.07.13	04:00:00	1.09432	1.09524	1.09296	1.09522	7212	0	1
2018.07.13	08:00:00	1.09522	1.09605	1.09462	1.09574	12692	0	1
2018.07.13	12:00:00	1.09574	1.09643	1.09448	1.09562	13784	0	1
2018.07.13	16:00:00	1.09562	1.09713	1.09521	1.09627	15842	0	1
2018.07.13	20:00:00	1.09627	1.09684	1.09598	1.09667	4739	0	5
2018.07.16	00:00:00	1.09676	1.09726	1.09554	1.09616	3494	0	7
2018.07.16	04:00:00	1.09616	1.09745	1.09562	1.09582	6006	0	1
2018.07.16	08:00:00	1.09586	1.09723	1.09577	1.09666	10391	0	1
2018.07.16	12:00:00	1.09666	1.09703	1.09372	1.09473	10373	0	1
2018.07.16	16:00:00	1.09473	1.09651	1.09434	1.09534	15688	0	1
2018.07.16	20:00:00	1.09534	1.09607	1.09429	1.09429	4164	0	6
2018.07.17	00:00:00	1.09416	1.09704	1.09223	1.09245	6714	0	1
2018.07.17	04:00:00	1.09245	1.09444	1.08688	1.08809	12868	0	1
2018.07.17	08:00:00	1.08805	1.08889	1.08609	1.08671	11624	0	1
2018.07.17	12:00:00	1.08671	1.08795	1.08603	1.08753	11343	0	1
2018.07.17	16:00:00	1.08752	1.08958	1.08721	1.08922	18868	0	1
2018.07.17	20:00:00	1.08922	1.08956	1.08832	1.08867	5786	0	4
2018.07.18	00:00:00	1.08803	1.09036	1.08777	1.08847	4337	0	1
2018.07.18	04:00:00	1.08844	1.08994	1.08836	1.08953	6904	0	7
2018.07.18	08:00:00	1.08953	1.08976	1.08794	1.08812	13162	0	1
2018.07.18	12:00:00	1.08812	1.08863	1.08642	1.08645	13190	0	2
2018.07.18	16:00:00	1.08646	1.08914	1.08622	1.08836	20690	0	1
2018.07.18	20:00:00	1.08836	1.08925	1.08835	1.08851	4934	0	1
2018.07.19	00:00:00	1.08841	1.08951	1.08782	1.08927	4166	0	5
2018.07.19	04:00:00	1.08927	1.09443	1.08865	1.09335	12668	0	1
2018.07.19	08:00:00	1.09340	1.09423	1.08978	1.09057	21697	0	1
2018.07.19	12:00:00	1.09057	1.09205	1.08995	1.09051	20483	0	1
2018.07.19	16:00:00	1.09051	1.09187	1.08974	1.09061	25042	0	1
2018.07.19	20:00:00	1.09060	1.09184	1.08997	1.09010	28556	0	1
2018.07.20	00:00:00	1.08942	1.09205	1.08898	1.09167	6917	0	5
2018.07.20	04:00:00	1.09170	1.09185	1.08845	1.09038	23476	0	1
2018.07.20	08:00:00	1.09038	1.09143	1.08897	1.08934	20388	0	1
2018.07.20	12:00:00	1.08934	1.09068	1.08891	1.09020	28507	0	1
2018.07.20	16:00:00	1.09020	1.09111	1.08905	1.08953	31682	0	1
2018.07.20	20:00:00	1.08952	1.09008	1.08894	1.08922	6207	0	3
2018.07.23	00:00:00	1.09045	1.09176	1.08820	1.08870	7156	0	40
2018.07.23	04:00:00	1.08870	1.08970	1.08826	1.08864	12797	0	40
2018.07.23	08:00:00	1.08864	1.08931	1.08689	1.08710	12881	0	40
2018.07.23	12:00:00	1.08709	1.08804	1.08673	1.08729	9585	0	40
2018.07.23	16:00:00	1.08730	1.08817	1.08691	1.08729	16279	0	40
2018.07.23	20:00:00	1.08729	1.08821	1.08703	1.08773	6710	0	21
2018.07.24	00:00:00	1.08633	1.08819	1.08633	1.08728	5411	0	18
2018.07.24	04:00:00	1.08728	1.08833	1.08594	1.08821	14161	0	40
2018.07.24	08:00:00	1.08822	1.08858	1.08594	1.08665	13326	0	40
2018.07.24	12:00:00	1.08666	1.08877	1.08652	1.08799	12524	0	40
2018.07.24	16:00:00	1.08814	1.09147	1.08778	1.09120	16603	0	40
2018.07.24	20:00:00	1.09121	1.09150	1.08968	1.09004	6547	0	29
2018.07.25	00:00:00	1.08972	1.09243	1.08938	1.09143	5987	0	40
2018.07.25	04:00:00	1.09143	1.09340	1.08838	1.08883	14096	0	40
2018.07.25	08:00:00	1.08883	1.08941	1.08726	1.08929	13022	0	40
2018.07.25	12:00:00	1.08929	1.08976	1.08798	1.08951	11015	0	40
2018.07.25	16:00:00	1.08951	1.08988	1.08793	1.08848	17846	0	40
2018.07.25	20:00:00	1.08845	1.09083	1.08799	1.08993	13602	0	40
2018.07.26	00:00:00	1.08953	1.09011	1.08850	1.08872	6737	0	40
2018.07.26	04:00:00	1.08874	1.08933	1.08726	1.08806	10315	0	40
2018.07.26	08:00:00	1.08806	1.08860	1.08699	1.08774	11679	0	40
2018.07.26	12:00:00	1.08774	1.08916	1.08742	1.08803	13413	0	40
2018.07.26	16:00:00	1.08804	1.08842	1.08649	1.08737	18934	0	40
2018.07.26	20:00:00	1.08737	1.08747	1.08653	1.08672	6298	0	20
2018.07.27	00:00:00	1.08651	1.08834	1.08649	1.08808	5384	0	27
2018.07.27	04:00:00	1.08807	1.08988	1.08774	1.08887	8328	0	40
2018.07.27	08:00:00	1.08887	1.08982	1.08874	1.08973	10398	0	40
2018.07.27	12:00:00	1.08973	1.09027	1.08896	1.08968	11438	0	40
2018.07.27	16:00:00	1.08968	1.09089	1.08834	1.08835	15442	0	40
2018.07.27	20:00:00	1.08835	1.09001	1.08821	1.08906	5260	0	40
2018.07.30	00:00:00	1.08837	1.08923	1.08787	1.08796	3447	0	40
2018.07.30	04:00:00	1.08796	1.08875	1.08674	1.08761	6554	0	40
2018.07.30	08:00:00	1.08761	1.08770	1.08632	1.08766	9185	0	40
2018.07.30	12:00:00	1.08766	1.08834	1.08530	1.08572	10446	0	40
2018.07.30	16:00:00	1.08572	1.08607	1.08392	1.08442	10594	0	19
2018.07.30	20:00:00	1.08442	1.08568	1.08431	1.08489	3655	0	41
2018.07.31	00:00:00	1.08449	1.08582	1.08412	1.08435	4504	0	28
2018.07.31	04:00:00	1.08435	1.08847	1.08431	1.08807	12733	0	40
2018.07.31	08:00:00	1.08807	1.08905	1.08736	1.08868	15724	0	40
2018.07.31	12:00:00	1.08868	1.08985	1.08794	1.08939	11710	0	40
2018.07.31	16:00:00	1.08941	1.09213	1.08834	1.09097	21206	0	40
2018.07.31	20:00:00	1.09097	1.09115	1.08868	1.08873	6889	0	20
2018.08.01	00:00:00	1.08898	1.09076	1.08849	1.09000	6651	0	39
2018.08.01	04:00:00	1.09004	1.09117	1.08877	1.09086	8685	0	40
2018.08.01	08:00:00	1.09086	1.09122	1.08892	1.08952	13150	0	40
2018.08.01	12:00:00	1.08952	1.09022	1.08854	1.08885	11823	0	40
2018.08.01	16:00:00	1.08885	1.08990	1.08840	1.08902	15369	0	40
2018.08.01	20:00:00	1.08902	1.09022	1.08838	1.08996	9134	0	17
2018.08.02	00:00:00	1.08954	1.09007	1.08931	1.08979	4559	0	17
2018.08.02	04:00:00	1.08979	1.09040	1.08830	1.08861	8553	0	40
2018.08.02	08:00:00	1.08863	1.09064	1.08845	1.09044	10381	0	40
2018.08.02	12:00:00	1.09043	1.09070	1.08894	1.09027	14201	0	40
2018.08.02	16:00:00	1.09027	1.09268	1.08988	1.09264	13207	0	40
2018.08.02	20:00:00	1.09264	1.09279	1.09105	1.09118	5713	0	34
2018.08.03	00:00:00	1.09035	1.09311	1.09021	1.09293	4476	0	40
2018.08.03	04:00:00	1.09293	1.09486	1.09281	1.09468	9276	0	40
2018.08.03	08:00:00	1.09468	1.09484	1.09178	1.09189	11198	0	40
2018.08.03	12:00:00	1.09190	1.09539	1.09187	1.09529	18481	0	40
2018.08.03	16:00:00	1.09530	1.09679	1.09469	1.09568	20795	0	40
2018.08.03	20:00:00	1.09569	1.09686	1.09550	1.09622	5576	0	40
2018.08.06	00:00:00	1.09505	1.09716	1.09489	1.09548	3208	0	19
2018.08.06	04:00:00	1.09548	1.09669	1.09547	1.09642	7590	0	40
2018.08.06	08:00:00	1.09643	1.09735	1.09599	1.09706	10414	0	40
2018.08.06	12:00:00	1.09706	1.09760	1.09641	1.09684	9638	0	40
2018.08.06	16:00:00	1.09684	1.09756	1.09612	1.09751	11318	0	40
2018.08.06	20:00:00	1.09751	1.09769	1.09681	1.09686	4095	0	40
2018.08.07	00:00:00	1.09689	1.09788	1.09659	1.09760	5286	0	24
2018.08.07	04:00:00	1.09760	1.09911	1.09722	1.09876	8165	0	40
2018.08.07	08:00:00	1.09876	1.10148	1.09833	1.10045	13708	0	40
2018.08.07	12:00:00	1.10045	1.10186	1.10039	1.10161	10687	0	40
2018.08.07	16:00:00	1.10161	1.10324	1.10127	1.10180	10436	0	40
2018.08.07	20:00:00	1.10180	1.10249	1.10116	1.10116	5973	0	40
2018.08.08	00:00:00	1.09829	1.10282	1.09829	1.10247	5653	0	40
2018.08.08	04:00:00	1.10247	1.10322	1.09903	1.09931	9301	0	40
2018.08.08	08:00:00	1.09931	1.10023	1.09870	1.09957	13399	0	40
2018.08.08	12:00:00	1.09957	1.09993	1.09795	1.09824	11552	0	40
2018.08.08	16:00:00	1.09824	1.10083	1.09778	1.10029	15120	0	40
2018.08.08	20:00:00	1.10027	1.10145	1.09987	1.09999	6648	0	25
2018.08.09	00:00:00	1.09991	1.11275	1.09991	1.11238	10866	0	40
2018.08.09	04:00:00	1.11236	1.11477	1.11198	1.11358	14335	0	40
2018.08.09	08:00:00	1.11358	1.11732	1.11324	1.11584	18291	0	40
2018.08.09	12:00:00	1.11584	1.11668	1.11433	1.11600	13845	0	40
2018.08.09	16:00:00	1.11599	1.11734	1.11559	1.11602	16540	0	40
2018.08.09	20:00:00	1.11599	1.11633	1.11408	1.11449	8028	0	34
2018.08.10	00:00:00	1.11408	1.11672	1.11386	1.11580	7282	0	40
2018.08.10	04:00:00	1.11580	1.11734	1.11259	1.11268	10136	0	40
2018.08.10	08:00:00	1.11268	1.11297	1.10722	1.10756	32145	0	40
2018.08.10	12:00:00	1.10756	1.10922	1.10615	1.10619	22085	0	40
2018.08.10	16:00:00	1.10619	1.10717	1.10476	1.10714	27067	0	40
2018.08.10	20:00:00	1.10714	1.10991	1.10644	1.10914	9956	0	17
2018.08.13	00:00:00	1.10513	1.10813	1.10455	1.10459	8536	0	40
2018.08.13	04:00:00	1.10459	1.10609	1.10349	1.10533	14364	0	40
2018.08.13	08:00:00	1.10530	1.10721	1.10424	1.10444	22606	0	40
2018.08.13	12:00:00	1.10445	1.10725	1.10441	1.10698	20474	0	40
2018.08.13	16:00:00	1.10698	1.10704	1.10319	1.10389	19847	0	40
2018.08.13	20:00:00	1.10389	1.10555	1.10334	1.10478	8759	0	40
2018.08.14	00:00:00	1.10378	1.10565	1.10372	1.10486	5615	0	40
2018.08.14	04:00:00	1.10486	1.10510	1.10132	1.10174	11687	0	40
2018.08.14	08:00:00	1.10172	1.10365	1.10030	1.10068	20220	0	40
2018.08.14	12:00:00	1.10068	1.10157	1.09854	1.09911	15108	0	40
2018.08.14	16:00:00	1.09911	1.09990	1.09843	1.09946	21573	0	40
2018.08.14	20:00:00	1.09946	1.10135	1.09930	1.10067	11823	0	27
2018.08.15	00:00:00	1.10071	1.10213	1.10016	1.10088	5692	0	30
2018.08.15	04:00:00	1.10089	1.10191	1.09901	1.09935	14045	0	40
2018.08.15	08:00:00	1.09935	1.10323	1.09913	1.10287	19278	0	40
2018.08.15	12:00:00	1.10290	1.10353	1.10114	1.10115	20108	0	40
2018.08.15	16:00:00	1.10115	1.10313	1.10009	1.10290	27074	0	40
2018.08.15	20:00:00	1.10289	1.10312	1.10182	1.10182	9037	0	27
2018.08.16	00:00:00	1.10147	1.10312	1.10081	1.10094	7791	0	28
2018.08.16	04:00:00	1.10094	1.10464	1.09891	1.10363	21588	0	40
2018.08.16	08:00:00	1.10363	1.10433	1.10275	1.10371	22848	0	40
2018.08.16	12:00:00	1.10370	1.10448	1.10115	1.10170	15961	0	40
2018.08.16	16:00:00	1.10170	1.10316	1.10141	1.10215	22137	0	40
2018.08.16	20:00:00	1.10215	1.10296	1.10180	1.10219	8347	0	40
2018.08.17	00:00:00	1.10060	1.10253	1.09976	1.10218	6283	0	40
2018.08.17	04:00:00	1.10218	1.10301	1.10129	1.10187	10744	0	40
2018.08.17	08:00:00	1.10188	1.10294	1.10146	1.10157	15745	0	18
2018.08.17	12:00:00	1.10158	1.10189	1.09976	1.10112	19117	0	19
2018.08.17	16:00:00	1.10113	1.10228	1.10087	1.10183	15769	0	40
2018.08.17	20:00:00	1.10183	1.10376	1.10151	1.10213	10133	0	40
2018.08.20	00:00:00	1.10130	1.10373	1.10115	1.10352	7408	0	23
2018.08.20	04:00:00	1.10351	1.10386	1.10166	1.10297	9857	0	40
2018.08.20	08:00:00	1.10297	1.10475	1.10243	1.10432	15895	0	40
2018.08.20	12:00:00	1.10433	1.10434	1.10244	1.10255	14223	0	40
2018.08.20	16:00:00	1.10255	1.10452	1.10226	1.10441	13203	0	40
2018.08.20	20:00:00	1.10441	1.10556	1.10375	1.10448	7466	0	40
2018.08.21	00:00:00	1.10391	1.10507	1.10353	1.10473	13030	0	38
2018.08.21	04:00:00	1.10472	1.10542	1.10343	1.10366	11586	0	40
2018.08.21	08:00:00	1.10366	1.10392	1.10197	1.10311	16187	0	40
2018.08.21	12:00:00	1.10311	1.10421	1.10188	1.10193	14249	0	40
2018.08.21	16:00:00	1.10193	1.10257	1.10042	1.10157	15232	0	40
2018.08.21	20:00:00	1.10158	1.10226	1.09944	1.09960	11239	0	18
2018.08.22	00:00:00	1.09926	1.10094	1.09473	1.09752	10549	0	40
2018.08.22	04:00:00	1.09754	1.09775	1.09588	1.09719	12975	0	40
2018.08.22	08:00:00	1.09718	1.09846	1.09596	1.09826	13512	0	40
2018.08.22	12:00:00	1.09827	1.09850	1.09563	1.09628	17612	0	40
2018.08.22	16:00:00	1.09628	1.09782	1.09606	1.09703	17405	0	40
2018.08.22	20:00:00	1.09701	1.09801	1.09654	1.09678	10464	0	40
2018.08.23	00:00:00	1.09631	1.09792	1.09241	1.09274	8567	0	19
2018.08.23	04:00:00	1.09274	1.09389	1.09147	1.09287	17869	0	40
2018.08.23	08:00:00	1.09286	1.09360	1.09161	1.09287	13858	0	17
2018.08.23	12:00:00	1.09287	1.09322	1.09099	1.09133	12599	0	40
2018.08.23	16:00:00	1.09134	1.09293	1.09044	1.09190	18518	0	40
2018.08.23	20:00:00	1.09189	1.09223	1.09139	1.09189	7205	0	38
2018.08.24	00:00:00	1.08993	1.09391	1.08941	1.09283	9499	0	26
2018.08.24	04:00:00	1.09284	1.09639	1.09065	1.09566	15972	0	40
2018.08.24	08:00:00	1.09566	1.09575	1.09414	1.09529	14629	0	40
2018.08.24	12:00:00	1.09528	1.09617	1.09368	1.09548	15034	0	40
2018.08.24	16:00:00	1.09548	1.09844	1.09484	1.09500	22489	0	40
2018.08.24	20:00:00	1.09498	1.09533	1.09403	1.09451	7249	0	40
2018.08.27	00:00:00	1.09515	1.09625	1.09477	1.09619	7840	0	40
2018.08.27	04:00:00	1.09619	1.09633	1.09411	1.09447	13192	0	40
2018.08.27	08:00:00	1.09447	1.09550	1.09438	1.09510	13664	0	40
2018.08.27	12:00:00	1.09510	1.09647	1.09499	1.09638	11056	0	40
2018.08.27	16:00:00	1.09638	1.09748	1.09581	1.09739	17928	0	40
2018.08.27	20:00:00	1.09737	1.09754	1.09627	1.09689	6165	0	23
2018.08.28	00:00:00	1.09668	1.09745	1.09517	1.09580	7205	0	30
2018.08.28	04:00:00	1.09579	1.09652	1.09532	1.09612	11586	0	40
2018.08.28	08:00:00	1.09612	1.09767	1.09563	1.09595	16812	0	40
2018.08.28	12:00:00	1.09595	1.09608	1.09409	1.09426	13519	0	40
2018.08.28	16:00:00	1.09426	1.09570	1.09247	1.09282	17767	0	40
2018.08.28	20:00:00	1.09282	1.09373	1.09246	1.09310	9529	0	24
2018.08.29	00:00:00	1.09274	1.09399	1.09116	1.09339	10978	0	22
2018.08.29	04:00:00	1.09339	1.09448	1.09325	1.09432	10392	0	40
2018.08.29	08:00:00	1.09434	1.09452	1.08907	1.08915	20288	0	40
2018.08.29	12:00:00	1.08915	1.08950	1.08831	1.08943	15287	0	40
2018.08.29	16:00:00	1.08943	1.08948	1.08702	1.08859	26399	0	40
2018.08.29	20:00:00	1.08859	1.08887	1.08749	1.08818	9405	0	19
2018.08.30	00:00:00	1.08788	1.08995	1.08758	1.08937	7630	0	27
2018.08.30	04:00:00	1.08951	1.09540	1.08949	1.09421	16705	0	40
2018.08.30	08:00:00	1.09418	1.09598	1.09325	1.09488	17465	0	40
2018.08.30	12:00:00	1.09489	1.09590	1.09369	1.09392	14261	0	40
2018.08.30	16:00:00	1.09393	1.09541	1.09326	1.09356	21278	0	40
2018.08.30	20:00:00	1.09355	1.09398	1.09021	1.09099	10410	0	31
2018.08.31	00:00:00	1.09030	1.09317	1.08992	1.09117	9046	0	13
2018.08.31	04:00:00	1.09117	1.09214	1.09092	1.09115	15186	0	40
2018.08.31	08:00:00	1.09115	1.09158	1.08841	1.08910	17093	0	40
2018.08.31	12:00:00	1.08910	1.08958	1.08822	1.08870	17469	0	40
2018.08.31	16:00:00	1.08870	1.09013	1.08578	1.08612	26262	0	40
2018.08.31	20:00:00	1.08613	1.08662	1.08520	1.08538	10158	0	40
2018.09.03	00:00:00	1.08615	1.08872	1.08347	1.08833	5537	0	40
2018.09.03	04:00:00	1.08833	1.08895	1.08575	1.08832	12554	0	40
2018.09.03	08:00:00	1.08832	1.09044	1.08740	1.09044	14463	0	40
2018.09.03	12:00:00	1.09044	1.09171	1.09003	1.09168	12061	0	40
2018.09.03	16:00:00	1.09168	1.09310	1.09126	1.09151	8106	0	40
2018.09.03	20:00:00	1.09151	1.09271	1.09099	1.09253	6420	0	25
2018.09.04	00:00:00	1.09254	1.09300	1.09045	1.09127	5302	0	19
2018.09.04	04:00:00	1.09127	1.09467	1.08968	1.09446	12624	0	40
2018.09.04	08:00:00	1.09448	1.09589	1.09335	1.09520	19395	0	40
2018.09.04	12:00:00	1.09520	1.09722	1.09429	1.09622	16369	0	40
2018.09.04	16:00:00	1.09623	1.09746	1.09388	1.09543	20353	0	40
2018.09.04	20:00:00	1.09542	1.09593	1.09437	1.09477	7726	0	41
2018.09.05	00:00:00	1.09376	1.09766	1.09334	1.09742	6088	0	40
2018.09.05	04:00:00	1.09742	1.10186	1.09609	1.09630	15147	0	40
2018.09.05	08:00:00	1.09629	1.09707	1.09156	1.09431	17558	0	40
2018.09.05	12:00:00	1.09431	1.09434	1.09208	1.09286	12869	0	40
2018.09.05	16:00:00	1.09286	1.09302	1.09094	1.09105	20812	0	20
2018.09.05	20:00:00	1.09105	1.09157	1.08984	1.09108	6990	0	24
2018.09.06	00:00:00	1.09020	1.09176	1.08893	1.08937	6679	0	40
2018.09.06	04:00:00	1.08937	1.09090	1.08808	1.08919	13548	0	40
2018.09.06	08:00:00	1.08923	1.09106	1.08868	1.09053	16492	0	40
2018.09.06	12:00:00	1.09053	1.09162	1.08977	1.09104	14249	0	40
2018.09.06	16:00:00	1.09104	1.09205	1.09035	1.09105	19470	0	40
2018.09.06	20:00:00	1.09102	1.09270	1.09095	1.09150	9207	0	40
2018.09.07	00:00:00	1.09141	1.09298	1.09076	1.09263	7593	0	40
2018.09.07	04:00:00	1.09264	1.09270	1.08846	1.08877	16088	0	40
2018.09.07	08:00:00	1.08877	1.08962	1.08695	1.08751	15518	0	40
2018.09.07	12:00:00	1.08751	1.08917	1.08634	1.08827	17553	0	40
2018.09.07	16:00:00	1.08827	1.09001	1.08626	1.08732	22837	0	40
2018.09.07	20:00:00	1.08732	1.08834	1.08619	1.08687	8363	0	40
2018.09.10	00:00:00	1.08672	1.08950	1.08647	1.08920	6451	0	40
2018.09.10	04:00:00	1.08919	1.09060	1.08841	1.09039	12628	0	40
2018.09.10	08:00:00	1.09039	1.09043	1.08807	1.09013	13186	0	40
2018.09.10	12:00:00	1.09014	1.09047	1.08845	1.08936	9233	0	40
2018.09.10	16:00:00	1.08936	1.08991	1.08795	1.08874	11498	0	40
2018.09.10	20:00:00	1.08874	1.09044	1.08869	1.08966	4828	0	23
2018.09.11	00:00:00	1.08821	1.09064	1.08821	1.08962	7190	0	31
2018.09.11	04:00:00	1.08961	1.09106	1.08758	1.09068	11882	0	40
2018.09.11	08:00:00	1.09068	1.09096	1.08875	1.08932	13257	0	40
2018.09.11	12:00:00	1.08932	1.09044	1.08862	1.09007	13040	0	40
2018.09.11	16:00:00	1.09007	1.09114	1.08922	1.09089	13512	0	40
2018.09.11	20:00:00	1.09089	1.09167	1.09047	1.09059	5880	0	40
2018.09.12	00:00:00	1.08972	1.09174	1.08903	1.09108	5392	0	21
2018.09.12	04:00:00	1.09108	1.09152	1.08914	1.09010	7537	0	40
2018.09.12	08:00:00	1.09012	1.09193	1.08960	1.09140	13987	0	40
2018.09.12	12:00:00	1.09140	1.09254	1.09089	1.09188	12023	0	40
2018.09.12	16:00:00	1.09188	1.09416	1.09077	1.09298	20833	0	40
2018.09.12	20:00:00	1.09298	1.09404	1.09244	1.09289	7592	0	26
2018.09.13	00:00:00	1.09124	1.09358	1.09111	1.09345	6432	0	40
2018.09.13	04:00:00	1.09344	1.09705	1.09334	1.09600	10991	0	40
2018.09.13	08:00:00	1.09601	1.09671	1.09490	1.09614	10179	0	40
2018.09.13	12:00:00	1.09614	1.09783	1.09604	1.09628	14351	0	40
2018.09.13	16:00:00	1.09627	1.09757	1.09485	1.09564	20319	0	40
2018.09.13	20:00:00	1.09564	1.09601	1.09398	1.09434	6110	0	21
2018.09.14	00:00:00	1.09451	1.09494	1.09242	1.09304	5563	0	31
2018.09.14	04:00:00	1.09303	1.09303	1.09162	1.09242	8427	0	40
2018.09.14	08:00:00	1.09241	1.09399	1.09236	1.09309	11478	0	40
2018.09.14	12:00:00	1.09307	1.09393	1.09181	1.09255	12805	0	40
2018.09.14	16:00:00	1.09254	1.09441	1.09125	1.09325	18218	0	40
2018.09.14	20:00:00	1.09325	1.09398	1.09178	1.09207	7699	0	29
2018.09.17	00:00:00	1.09123	1.09262	1.09094	1.09181	5927	0	40
2018.09.17	04:00:00	1.09181	1.09202	1.09088	1.09148	7684	0	40
2018.09.17	08:00:00	1.09148	1.09272	1.09099	1.09251	10074	0	40
2018.09.17	12:00:00	1.09251	1.09263	1.09065	1.09164	11588	0	40
2018.09.17	16:00:00	1.09168	1.09216	1.09036	1.09121	13359	0	40
2018.09.17	20:00:00	1.09121	1.09169	1.09041	1.09130	6658	0	20
2018.09.18	00:00:00	1.09039	1.09098	1.08756	1.09011	10219	0	40
2018.09.18	04:00:00	1.09010	1.09196	1.08932	1.09105	18019	0	40
2018.09.18	08:00:00	1.09105	1.09350	1.09094	1.09267	21021	0	40
2018.09.18	12:00:00	1.09266	1.09346	1.09179	1.09276	14274	0	40
2018.09.18	16:00:00	1.09277	1.09570	1.09218	1.09505	19133	0	40
2018.09.18	20:00:00	1.09505	1.09632	1.09500	1.09576	9798	0	40
2018.09.19	00:00:00	1.09463	1.09754	1.09412	1.09652	8269	0	40
2018.09.19	04:00:00	1.09652	1.10011	1.09628	1.09731	13467	0	40
2018.09.19	08:00:00	1.09731	1.09780	1.09607	1.09628	16286	0	40
2018.09.19	12:00:00	1.09631	1.09785	1.09578	1.09737	13591	0	40
2018.09.19	16:00:00	1.09737	1.09896	1.09731	1.09799	18898	0	40
2018.09.19	20:00:00	1.09799	1.09871	1.09735	1.09739	5190	0	19
2018.09.20	00:00:00	1.09620	1.09972	1.09190	1.09336	10931	0	40
2018.09.20	04:00:00	1.09336	1.09336	1.09114	1.09194	10381	0	40
2018.09.20	08:00:00	1.09192	1.09248	1.09046	1.09125	13781	0	40
2018.09.20	12:00:00	1.09125	1.09181	1.09042	1.09073	16133	0	40
2018.09.20	16:00:00	1.09072	1.09158	1.08912	1.09007	15099	0	40
2018.09.20	20:00:00	1.09006	1.09025	1.08904	1.08996	6477	0	40
2018.09.21	00:00:00	1.08986	1.09112	1.08891	1.09032	7136	0	40
2018.09.21	04:00:00	1.09032	1.09134	1.08896	1.08925	10381	0	40
2018.09.21	08:00:00	1.08926	1.09035	1.08831	1.08943	16451	0	40
2018.09.21	12:00:00	1.08943	1.09064	1.08821	1.08937	14118	0	40
2018.09.21	16:00:00	1.08937	1.09060	1.08845	1.09040	18231	0	40
2018.09.21	20:00:00	1.09040	1.09071	1.08951	1.08972	3924	0	25
2018.09.24	00:00:00	1.08817	1.08944	1.08803	1.08860	5707	0	40
2018.09.24	04:00:00	1.08860	1.08959	1.08801	1.08929	9088	0	40
2018.09.24	08:00:00	1.08928	1.09064	1.08871	1.08985	13206	0	40
2018.09.24	12:00:00	1.08985	1.09132	1.08949	1.09004	10836	0	27
2018.09.24	16:00:00	1.09005	1.09230	1.08960	1.09153	16903	0	40
2018.09.24	20:00:00	1.09153	1.09226	1.09082	1.09082	4566	0	40
2018.09.25	00:00:00	1.09034	1.09287	1.09034	1.09209	5940	0	30
2018.09.25	04:00:00	1.09209	1.09267	1.09005	1.09020	10722	0	40
2018.09.25	08:00:00	1.09023	1.09090	1.08970	1.08997	15802	0	40
2018.09.25	12:00:00	1.08997	1.09063	1.08972	1.09019	12351	0	40
2018.09.25	16:00:00	1.09019	1.09063	1.08981	1.09011	14476	0	40
2018.09.25	20:00:00	1.09011	1.09062	1.08968	1.09016	5881	0	30
2018.09.26	00:00:00	1.08904	1.09200	1.08883	1.09061	5141	0	40
2018.09.26	04:00:00	1.08971	1.09016	1.08566	1.08954	13686	0	40
2018.09.26	08:00:00	1.08954	1.09010	1.08899	1.09007	10517	0	40
2018.09.26	12:00:00	1.09007	1.09068	1.08961	1.09038	9818	0	40
2018.09.26	16:00:00	1.09038	1.09137	1.08979	1.08986	13312	0	40
2018.09.26	20:00:00	1.08985	1.09250	1.08826	1.08851	19408	0	29
2018.09.27	00:00:00	1.08814	1.09038	1.08653	1.08969	6773	0	40
2018.09.27	04:00:00	1.08969	1.09172	1.08944	1.09049	13886	0	40
2018.09.27	08:00:00	1.09051	1.09056	1.08777	1.08896	22343	0	40
2018.09.27	12:00:00	1.08896	1.08928	1.08790	1.08879	11039	0	40
2018.09.27	16:00:00	1.08879	1.08999	1.08736	1.08977	13528	0	40
2018.09.27	20:00:00	1.08976	1.09014	1.08920	1.08930	6456	0	21
2018.09.28	00:00:00	1.08815	1.09040	1.08772	1.08946	7777	0	40
2018.09.28	04:00:00	1.08949	1.09180	1.08924	1.09171	11580	0	40
2018.09.28	08:00:00	1.09171	1.09265	1.09112	1.09208	11608	0	40
2018.09.28	12:00:00	1.09206	1.09220	1.08969	1.09086	9894	0	40
2018.09.28	16:00:00	1.09086	1.09231	1.09014	1.09050	14067	0	40
2018.09.28	20:00:00	1.09050	1.09086	1.08947	1.09000	4655	0	16
2018.10.01	00:00:00	1.09033	1.09166	1.08971	1.09061	5228	0	40
2018.10.01	04:00:00	1.09058	1.09115	1.08982	1.09066	9221	0	40
2018.10.01	08:00:00	1.09066	1.09187	1.08995	1.09113	10377	0	40
2018.10.01	12:00:00	1.09113	1.09324	1.09105	1.09248	13311	0	40
2018.10.01	16:00:00	1.09248	1.09269	1.09079	1.09138	13225	0	40
2018.10.01	20:00:00	1.09138	1.09253	1.09042	1.09174	4945	0	22
2018.10.02	00:00:00	1.09230	1.09501	1.09111	1.09414	8591	0	40
2018.10.02	04:00:00	1.09414	1.09447	1.09322	1.09368	8831	0	40
2018.10.02	08:00:00	1.09368	1.09376	1.08891	1.08898	19449	0	40
2018.10.02	12:00:00	1.08898	1.09059	1.08883	1.08956	13529	0	40
2018.10.02	16:00:00	1.08956	1.09067	1.08886	1.08940	13545	0	40
2018.10.02	20:00:00	1.08940	1.08994	1.08886	1.08945	4677	0	39
2018.10.03	00:00:00	1.08971	1.09193	1.08914	1.09166	5057	0	40
2018.10.03	04:00:00	1.09166	1.09174	1.09003	1.09107	15687	0	40
2018.10.03	08:00:00	1.09107	1.09176	1.08942	1.08994	14974	0	40
2018.10.03	12:00:00	1.08993	1.09119	1.08879	1.09111	13826	0	40
2018.10.03	16:00:00	1.09113	1.09288	1.09013	1.09044	16229	0	40
2018.10.03	20:00:00	1.09042	1.09128	1.08949	1.08979	7177	0	40
2018.10.04	00:00:00	1.08950	1.09251	1.08923	1.09213	7007	0	40
2018.10.04	04:00:00	1.09213	1.09314	1.09082	1.09109	11076	0	40
2018.10.04	08:00:00	1.09109	1.09160	1.08892	1.09022	19498	0	40
2018.10.04	12:00:00	1.09022	1.09159	1.08975	1.09068	14125	0	40
2018.10.04	16:00:00	1.09069	1.09141	1.08897	1.09119	17018	0	40
2018.10.04	20:00:00	1.09122	1.09261	1.09084	1.09235	5590	0	32
2018.10.05	00:00:00	1.09116	1.09269	1.09056	1.09086	5871	0	40
2018.10.05	04:00:00	1.09086	1.09290	1.09025	1.09256	10607	0	40
2018.10.05	08:00:00	1.09256	1.09307	1.09135	1.09257	12437	0	40
2018.10.05	12:00:00	1.09257	1.09389	1.09113	1.09329	16618	0	40
2018.10.05	16:00:00	1.09329	1.09495	1.09281	1.09474	20160	0	40
2018.10.05	20:00:00	1.09475	1.09507	1.09387	1.09501	6332	0	40
2018.10.08	00:00:00	1.09426	1.09679	1.09417	1.09673	8067	0	40
2018.10.08	04:00:00	1.09673	1.09710	1.09530	1.09537	9942	0	40
2018.10.08	08:00:00	1.09537	1.09583	1.09334	1.09404	12615	0	40
2018.10.08	12:00:00	1.09404	1.09581	1.09366	1.09536	14018	0	40
2018.10.08	16:00:00	1.09537	1.09722	1.09484	1.09632	12928	0	40
2018.10.08	20:00:00	1.09629	1.09737	1.09612	1.09637	5771	0	36
2018.10.09	00:00:00	1.09664	1.09782	1.09367	1.09762	5847	0	36
2018.10.09	04:00:00	1.09762	1.09915	1.09677	1.09817	12857	0	40
2018.10.09	08:00:00	1.09814	1.09918	1.09762	1.09848	12862	0	40
2018.10.09	12:00:00	1.09851	1.09859	1.09678	1.09723	13799	0	40
2018.10.09	16:00:00	1.09723	1.09817	1.09663	1.09749	16995	0	40
2018.10.09	20:00:00	1.09749	1.09784	1.09655	1.09716	6355	0	29
2018.10.10	00:00:00	1.09603	1.09756	1.09542	1.09676	6585	0	40
2018.10.10	04:00:00	1.09676	1.09769	1.09605	1.09769	9975	0	40
2018.10.10	08:00:00	1.09769	1.09868	1.09729	1.09791	12762	0	40
2018.10.10	12:00:00	1.09791	1.09882	1.09726	1.09820	12585	0	40
2018.10.10	16:00:00	1.09820	1.09874	1.09528	1.09672	20123	0	40
2018.10.10	20:00:00	1.09672	1.09711	1.09266	1.09295	11173	0	24
2018.10.11	00:00:00	1.09200	1.09375	1.09111	1.09314	10420	0	40
2018.10.11	04:00:00	1.09314	1.09346	1.09155	1.09182	20065	0	40
2018.10.11	08:00:00	1.09182	1.09460	1.09157	1.09311	19112	0	40
2018.10.11	12:00:00	1.09311	1.09492	1.09176	1.09225	19819	0	40
2018.10.11	16:00:00	1.09225	1.09288	1.09046	1.09096	34606	0	40
2018.10.11	20:00:00	1.09096	1.09168	1.08935	1.09119	15825	0	18
2018.10.12	00:00:00	1.09113	1.09164	1.08990	1.09149	8595	0	40
2018.10.12	04:00:00	1.09149	1.09308	1.09065	1.09233	11533	0	40
2018.10.12	08:00:00	1.09233	1.09304	1.09127	1.09145	15386	0	40
2018.10.12	12:00:00	1.09145	1.09516	1.09136	1.09443	15730	0	40
2018.10.12	16:00:00	1.09442	1.09490	1.09205	1.09222	22381	0	40
2018.10.12	20:00:00	1.09224	1.09320	1.09164	1.09263	8648	0	31
2018.10.15	00:00:00	1.09297	1.09388	1.09137	1.09150	7114	0	40
2018.10.15	04:00:00	1.09150	1.09320	1.09135	1.09258	12490	0	40
2018.10.15	08:00:00	1.09258	1.09343	1.09176	1.09200	17514	0	40
2018.10.15	12:00:00	1.09200	1.09248	1.09090	1.09140	14672	0	40
2018.10.15	16:00:00	1.09140	1.09162	1.08955	1.08975	19582	0	40
2018.10.15	20:00:00	1.08974	1.09017	1.08777	1.08797	7008	0	21
2018.10.16	00:00:00	1.08795	1.08934	1.08171	1.08473	11120	0	40
2018.10.16	04:00:00	1.08473	1.08650	1.08427	1.08487	15067	0	40
2018.10.16	08:00:00	1.08487	1.08513	1.08279	1.08299	16093	0	40
2018.10.16	12:00:00	1.08297	1.08373	1.08250	1.08333	14426	0	40
2018.10.16	16:00:00	1.08333	1.08498	1.08135	1.08265	15735	0	40
2018.10.16	20:00:00	1.08265	1.08445	1.08253	1.08374	4896	0	39
2018.10.17	00:00:00	1.08438	1.08487	1.08271	1.08299	8835	0	40
2018.10.17	04:00:00	1.08299	1.08387	1.08204	1.08370	13651	0	40
2018.10.17	08:00:00	1.08368	1.08549	1.08267	1.08539	19835	0	40
2018.10.17	12:00:00	1.08540	1.08575	1.08382	1.08390	16596	0	40
2018.10.17	16:00:00	1.08390	1.08485	1.08219	1.08470	17820	0	40
2018.10.17	20:00:00	1.08470	1.08576	1.08413	1.08478	8224	0	40
2018.10.18	00:00:00	1.08482	1.08984	1.08413	1.08900	12287	0	40
2018.10.18	04:00:00	1.08900	1.08923	1.08757	1.08764	13952	0	40
2018.10.18	08:00:00	1.08771	1.08806	1.08571	1.08702	17515	0	40
2018.10.18	12:00:00	1.08702	1.08791	1.08605	1.08662	16361	0	40
2018.10.18	16:00:00	1.08661	1.08693	1.08450	1.08564	22018	0	40
2018.10.18	20:00:00	1.08564	1.08601	1.08433	1.08477	11008	0	23
2018.10.19	00:00:00	1.08441	1.08719	1.08349	1.08469	9507	0	40
2018.10.19	04:00:00	1.08468	1.08526	1.08255	1.08320	13103	0	40
2018.10.19	08:00:00	1.08321	1.08366	1.08026	1.08086	21430	0	40
2018.10.19	12:00:00	1.08086	1.08228	1.08015	1.08159	19758	0	40
2018.10.19	16:00:00	1.08157	1.08268	1.08066	1.08074	22624	0	40
2018.10.19	20:00:00	1.08075	1.08163	1.07966	1.07989	8159	0	40
2018.10.22	00:00:00	1.07629	1.07898	1.07602	1.07706	8768	0	40
2018.10.22	04:00:00	1.07705	1.07860	1.07689	1.07798	13771	0	40
2018.10.22	08:00:00	1.07796	1.07966	1.07776	1.07889	20975	0	40
2018.10.22	12:00:00	1.07889	1.08087	1.07888	1.08038	17433	0	18
2018.10.22	16:00:00	1.08029	1.08192	1.07945	1.08098	15616	0	17
2018.10.22	20:00:00	1.08101	1.08121	1.08036	1.08040	5443	0	29
2018.10.23	00:00:00	1.07811	1.08052	1.07811	1.07907	8754	0	28
2018.10.23	04:00:00	1.07907	1.08047	1.07891	1.07951	15642	0	40
2018.10.23	08:00:00	1.07951	1.07988	1.07828	1.07932	25658	0	40
2018.10.23	12:00:00	1.07931	1.07987	1.07740	1.07783	24470	0	40
2018.10.23	16:00:00	1.07782	1.07962	1.07761	1.07919	23549	0	40
2018.10.23	20:00:00	1.07920	1.08141	1.07904	1.08084	7408	0	14
2018.10.24	00:00:00	1.08082	1.08230	1.08038	1.08207	6846	0	40
2018.10.24	04:00:00	1.08207	1.08227	1.08088	1.08156	14265	0	40
2018.10.24	08:00:00	1.08156	1.08281	1.08117	1.08194	24785	0	40
2018.10.24	12:00:00	1.08194	1.08412	1.08167	1.08261	20841	0	40
2018.10.24	16:00:00	1.08261	1.08404	1.08118	1.08313	23242	0	40
2018.10.24	20:00:00	1.08313	1.08380	1.08165	1.08166	11003	0	40
2018.10.25	00:00:00	1.08165	1.08532	1.08016	1.08405	9540	0	33
2018.10.25	04:00:00	1.08406	1.08612	1.08380	1.08484	14455	0	40
2018.10.25	08:00:00	1.08485	1.08515	1.08356	1.08414	22342	0	40
2018.10.25	12:00:00	1.08414	1.08590	1.08414	1.08549	24041	0	40
2018.10.25	16:00:00	1.08549	1.08613	1.08343	1.08574	27183	0	40
2018.10.25	20:00:00	1.08574	1.08685	1.08469	1.08506	9123	0	27
2018.10.26	00:00:00	1.08471	1.08536	1.08362	1.08484	9554	0	31
2018.10.26	04:00:00	1.08484	1.08569	1.08275	1.08538	22861	0	40
2018.10.26	08:00:00	1.08540	1.08726	1.08535	1.08659	28247	0	40
2018.10.26	12:00:00	1.08659	1.08713	1.08515	1.08674	27121	0	40
2018.10.26	16:00:00	1.08674	1.08763	1.08478	1.08734	27342	0	40
2018.10.26	20:00:00	1.08734	1.08778	1.08518	1.08583	10913	0	40
2018.10.29	00:00:00	1.08655	1.08809	1.08600	1.08677	9531	0	40
2018.10.29	04:00:00	1.08677	1.08747	1.08434	1.08446	11194	0	40
2018.10.29	08:00:00	1.08445	1.08524	1.08285	1.08311	17283	0	40
2018.10.29	12:00:00	1.08310	1.08407	1.08272	1.08328	21411	0	40
2018.10.29	16:00:00	1.08328	1.08423	1.08213	1.08251	17012	0	40
2018.10.29	20:00:00	1.08253	1.08254	1.08054	1.08215	9342	0	39
2018.10.30	00:00:00	1.08213	1.08256	1.08134	1.08211	11472	0	40
2018.10.30	04:00:00	1.08211	1.08421	1.08163	1.08232	15019	0	40
2018.10.30	08:00:00	1.08232	1.08355	1.08197	1.08306	17660	0	40
2018.10.30	12:00:00	1.08305	1.08393	1.08219	1.08306	20526	0	40
2018.10.30	16:00:00	1.08306	1.08420	1.08124	1.08297	17938	0	22
2018.10.30	20:00:00	1.08297	1.08449	1.08226	1.08359	7517	0	30
2018.10.31	00:00:00	1.08359	1.08372	1.07970	1.08103	11288	0	40
2018.10.31	04:00:00	1.08100	1.08271	1.08086	1.08231	8749	0	40
2018.10.31	08:00:00	1.08232	1.08383	1.08208	1.08366	16767	0	40
2018.10.31	12:00:00	1.08364	1.08535	1.08349	1.08401	21195	0	40
2018.10.31	16:00:00	1.08402	1.08559	1.08363	1.08488	23564	0	40
2018.10.31	20:00:00	1.08490	1.08568	1.08424	1.08514	8599	0	23
2018.11.01	00:00:00	1.08514	1.08759	1.08407	1.08509	14192	0	40
2018.11.01	04:00:00	1.08509	1.08526	1.08183	1.08232	14167	0	40
2018.11.01	08:00:00	1.08232	1.08323	1.08163	1.08306	22099	0	40
2018.11.01	12:00:00	1.08306	1.08425	1.08219	1.08321	22401	0	40
2018.11.01	16:00:00	1.08322	1.08451	1.08178	1.08223	24201	0	40
2018.11.01	20:00:00	1.08223	1.08394	1.08168	1.08385	6893	0	24
2018.11.02	00:00:00	1.08384	1.08423	1.08100	1.08187	11067	0	40
2018.11.02	04:00:00	1.08187	1.08402	1.08075	1.08387	17887	0	40
2018.11.02	08:00:00	1.08387	1.08579	1.08370	1.08560	24292	0	40
2018.11.02	12:00:00	1.08561	1.08561	1.08216	1.08329	26992	0	40
2018.11.02	16:00:00	1.08330	1.08368	1.08145	1.08232	24257	0	40
2018.11.02	20:00:00	1.08232	1.08287	1.08186	1.08233	7473	0	35
2018.11.05	00:00:00	1.08306	1.08332	1.08062	1.08252	11296	0	37
2018.11.05	04:00:00	1.08251	1.08348	1.08157	1.08229	11101	0	40
2018.11.05	08:00:00	1.08228	1.08260	1.08030	1.08063	19278	0	40
2018.11.05	12:00:00	1.08063	1.08110	1.08009	1.08061	17621	0	40
2018.11.05	16:00:00	1.08061	1.08149	1.08014	1.08062	15167	0	40
2018.11.05	20:00:00	1.08061	1.08177	1.08041	1.08139	6658	0	41
2018.11.06	00:00:00	1.08111	1.08308	1.08064	1.08268	10726	0	40
2018.11.06	04:00:00	1.08270	1.08491	1.08241	1.08405	10096	0	40
2018.11.06	08:00:00	1.08406	1.08441	1.08290	1.08343	21994	0	40
2018.11.06	12:00:00	1.08343	1.08450	1.08241	1.08257	20712	0	40
2018.11.06	16:00:00	1.08257	1.08310	1.08191	1.08211	16300	0	40
2018.11.06	20:00:00	1.08211	1.08312	1.07449	1.07526	7762	0	20
2018.11.07	00:00:00	1.07526	1.07527	1.07196	1.07242	21085	0	40
2018.11.07	04:00:00	1.07240	1.07339	1.07134	1.07142	21410	0	40
2018.11.07	08:00:00	1.07142	1.07465	1.07136	1.07350	24253	0	40
2018.11.07	12:00:00	1.07350	1.07635	1.07342	1.07492	24718	0	40
2018.11.07	16:00:00	1.07491	1.07520	1.07214	1.07247	18306	0	40
2018.11.07	20:00:00	1.07244	1.07443	1.06795	1.07202	12669	0	40
2018.11.08	00:00:00	1.07143	1.07319	1.07103	1.07123	11375	0	40
2018.11.08	04:00:00	1.07123	1.07329	1.07093	1.07225	14327	0	40
2018.11.08	08:00:00	1.07225	1.07490	1.07191	1.07477	23129	0	40
2018.11.08	12:00:00	1.07477	1.07520	1.07371	1.07506	19493	0	40
2018.11.08	16:00:00	1.07507	1.07565	1.07361	1.07441	17699	0	40
2018.11.08	20:00:00	1.07441	1.07558	1.07395	1.07404	12778	0	27
2018.11.09	00:00:00	1.07406	1.07647	1.07263	1.07406	17092	0	40
2018.11.09	04:00:00	1.07408	1.07538	1.07339	1.07431	15142	0	40
2018.11.09	08:00:00	1.07431	1.07483	1.07337	1.07442	22765	0	40
2018.11.09	12:00:00	1.07442	1.07445	1.07266	1.07349	18783	0	40
2018.11.09	16:00:00	1.07351	1.07383	1.07209	1.07261	20151	0	40
2018.11.09	20:00:00	1.07260	1.07290	1.07144	1.07148	7238	0	40
2018.11.12	00:00:00	1.07195	1.07386	1.07175	1.07195	13333	0	40
2018.11.12	04:00:00	1.07195	1.07214	1.07108	1.07151	12890	0	40
2018.11.12	08:00:00	1.07151	1.07188	1.07060	1.07093	22853	0	40
2018.11.12	12:00:00	1.07093	1.07119	1.06816	1.06818	18252	0	40
2018.11.12	16:00:00	1.06820	1.06919	1.06750	1.06894	16325	0	40
2018.11.12	20:00:00	1.06896	1.06943	1.06845	1.06895	6045	0	24
2018.11.13	00:00:00	1.06891	1.06913	1.06724	1.06799	14165	0	40
2018.11.13	04:00:00	1.06803	1.06970	1.06713	1.06857	19780	0	40
2018.11.13	08:00:00	1.06856	1.06910	1.06657	1.06665	20566	0	40
2018.11.13	12:00:00	1.06665	1.06775	1.06636	1.06742	20777	0	40
2018.11.13	16:00:00	1.06742	1.06762	1.06625	1.06695	23728	0	40
2018.11.13	20:00:00	1.06695	1.06718	1.06602	1.06688	9366	0	25
2018.11.14	00:00:00	1.06690	1.06896	1.06593	1.06723	17240	0	40
2018.11.14	04:00:00	1.06726	1.06726	1.06446	1.06489	20018	0	40
2018.11.14	08:00:00	1.06488	1.06528	1.06108	1.06162	21202	0	40
2018.11.14	12:00:00	1.06162	1.06399	1.06115	1.06353	17448	0	40
2018.11.14	16:00:00	1.06353	1.06475	1.06130	1.06185	23731	0	40
2018.11.14	20:00:00	1.06184	1.06534	1.06182	1.06402	18693	0	19
2018.11.15	00:00:00	1.06418	1.07107	1.06286	1.06908	17230	0	40
2018.11.15	04:00:00	1.06907	1.07042	1.06874	1.06885	17580	0	40
2018.11.15	08:00:00	1.06885	1.07008	1.06642	1.06702	25535	0	40
2018.11.15	12:00:00	1.06702	1.06735	1.06505	1.06606	24977	0	40
2018.11.15	16:00:00	1.06607	1.06691	1.06340	1.06472	27332	0	40
2018.11.15	20:00:00	1.06471	1.06721	1.06450	1.06513	11703	0	40
2018.11.16	00:00:00	1.06514	1.06627	1.06377	1.06457	11366	0	40
2018.11.16	04:00:00	1.06457	1.06543	1.06341	1.06423	14037	0	40
2018.11.16	08:00:00	1.06423	1.06724	1.06408	1.06651	16897	0	40
2018.11.16	12:00:00	1.06651	1.06670	1.06502	1.06612	15634	0	40
2018.11.16	16:00:00	1.06612	1.06724	1.06468	1.06554	20876	0	40
2018.11.16	20:00:00	1.06554	1.06639	1.06464	1.06524	7366	0	40
2018.11.19	00:00:00	1.06432	1.06643	1.06379	1.06584	9244	0	40
2018.11.19	04:00:00	1.06584	1.06755	1.06534	1.06727	8552	0	40
2018.11.19	08:00:00	1.06726	1.06901	1.06699	1.06851	12860	0	40
2018.11.19	12:00:00	1.06850	1.06941	1.06785	1.06849	12652	0	40
2018.11.19	16:00:00	1.06849	1.06925	1.06591	1.06642	15537	0	40
2018.11.19	20:00:00	1.06643	1.06691	1.06610	1.06613	5911	0	24
2018.11.20	00:00:00	1.06645	1.06680	1.06471	1.06511	10851	0	40
2018.11.20	04:00:00	1.06511	1.06553	1.06240	1.06298	11530	0	19
2018.11.20	08:00:00	1.06297	1.06317	1.06011	1.06013	17327	0	40
2018.11.20	12:00:00	1.06013	1.06248	1.05871	1.06216	17141	0	40
2018.11.20	16:00:00	1.06216	1.06425	1.06112	1.06187	22711	0	40
2018.11.20	20:00:00	1.06187	1.06300	1.06010	1.06204	10511	0	26
2018.11.21	00:00:00	1.06204	1.06435	1.06132	1.06429	10809	0	40
2018.11.21	04:00:00	1.06429	1.06469	1.06120	1.06134	11208	0	24
2018.11.21	08:00:00	1.06135	1.06207	1.06074	1.06109	14012	0	40
2018.11.21	12:00:00	1.06109	1.06151	1.05986	1.06084	21005	0	40
2018.11.21	16:00:00	1.06085	1.06288	1.06069	1.06248	15768	0	40
2018.11.21	20:00:00	1.06247	1.06322	1.06196	1.06218	5411	0	35
2018.11.22	00:00:00	1.06286	1.06380	1.06194	1.06326	8515	0	40
2018.11.22	04:00:00	1.06329	1.06523	1.06289	1.06502	7298	0	40
2018.11.22	08:00:00	1.06498	1.06603	1.06452	1.06554	10785	0	40
2018.11.22	12:00:00	1.06551	1.06574	1.06439	1.06531	12166	0	40
2018.11.22	16:00:00	1.06531	1.06571	1.06400	1.06427	8591	0	40
2018.11.22	20:00:00	1.06435	1.06517	1.06335	1.06435	10157	0	19
2018.11.23	00:00:00	1.06402	1.06502	1.06380	1.06424	6231	0	40
2018.11.23	04:00:00	1.06425	1.06575	1.06362	1.06362	7385	0	25
2018.11.23	08:00:00	1.06361	1.06541	1.06287	1.06531	11992	0	40
2018.11.23	12:00:00	1.06530	1.06682	1.06425	1.06625	15364	0	40
2018.11.23	16:00:00	1.06625	1.06762	1.06606	1.06696	13758	0	40
2018.11.23	20:00:00	1.06696	1.06728	1.06180	1.06579	8679	0	4
2018.11.26	00:00:00	1.06882	1.06953	1.06713	1.06777	9621	0	40
2018.11.26	04:00:00	1.06776	1.06776	1.06672	1.06705	8182	0	40
2018.11.26	08:00:00	1.06705	1.06838	1.06635	1.06762	13888	0	40
2018.11.26	12:00:00	1.06762	1.06780	1.06517	1.06533	12147	0	40
2018.11.26	16:00:00	1.06533	1.06640	1.06490	1.06504	12257	0	40
2018.11.26	20:00:00	1.06506	1.06614	1.06452	1.06604	6772	0	37
2018.11.27	00:00:00	1.06604	1.06807	1.06491	1.06748	9344	0	40
2018.11.27	04:00:00	1.06748	1.06836	1.06709	1.06719	8020	0	24
2018.11.27	08:00:00	1.06720	1.06898	1.06541	1.06636	23375	0	40
2018.11.27	12:00:00	1.06636	1.06638	1.06417	1.06506	16684	0	40
2018.11.27	16:00:00	1.06506	1.06540	1.06229	1.06239	17767	0	40
2018.11.27	20:00:00	1.06239	1.06431	1.06224	1.06340	7529	0	26
2018.11.28	00:00:00	1.06364	1.06488	1.06301	1.06483	8692	0	40
2018.11.28	04:00:00	1.06482	1.06514	1.06356	1.06450	7587	0	40
2018.11.28	08:00:00	1.06450	1.06509	1.06254	1.06378	14532	0	40
2018.11.28	12:00:00	1.06378	1.06544	1.06356	1.06500	13480	0	40
2018.11.28	16:00:00	1.06498	1.06541	1.06307	1.06358	23994	0	40
2018.11.28	20:00:00	1.06359	1.06426	1.06272	1.06293	11439	0	26
2018.11.29	00:00:00	1.06299	1.06702	1.06243	1.06657	10344	0	21
2018.11.29	04:00:00	1.06659	1.06681	1.06508	1.06541	10491	0	19
2018.11.29	08:00:00	1.06540	1.06598	1.06422	1.06588	18133	0	40
2018.11.29	12:00:00	1.06588	1.06818	1.06513	1.06788	19595	0	20
2018.11.29	16:00:00	1.06786	1.06819	1.06517	1.06602	22257	0	40
2018.11.29	20:00:00	1.06603	1.06728	1.06568	1.06665	9318	0	29
2018.11.30	00:00:00	1.06629	1.06702	1.06391	1.06614	9684	0	25
2018.11.30	04:00:00	1.06614	1.06672	1.06516	1.06636	10015	0	40
2018.11.30	08:00:00	1.06636	1.06639	1.06378	1.06387	16229	0	40
2018.11.30	12:00:00	1.06388	1.06416	1.06289	1.06378	19616	0	40
2018.11.30	16:00:00	1.06378	1.06438	1.06175	1.06203	21151	0	40
2018.11.30	20:00:00	1.06203	1.06331	1.06160	1.06247	5134	0	40
2018.12.03	00:00:00	1.06607	1.06681	1.06474	1.06487	10771	0	40
2018.12.03	04:00:00	1.06487	1.06665	1.06459	1.06550	10307	0	40
2018.12.03	08:00:00	1.06552	1.06683	1.06517	1.06636	14457	0	40
2018.12.03	12:00:00	1.06636	1.06703	1.06425	1.06458	14775	0	40
2018.12.03	16:00:00	1.06458	1.06499	1.06073	1.06173	17868	0	40
2018.12.03	20:00:00	1.06173	1.06254	1.06142	1.06182	6142	0	26
2018.12.04	00:00:00	1.06191	1.06234	1.05986	1.05988	11605	0	40
2018.12.04	04:00:00	1.05988	1.05998	1.05740	1.05940	16865	0	40
2018.12.04	08:00:00	1.05942	1.06092	1.05921	1.06048	19332	0	40
2018.12.04	12:00:00	1.06049	1.06178	1.06023	1.06158	19201	0	40
2018.12.04	16:00:00	1.06158	1.06217	1.05823	1.05915	22689	0	40
2018.12.04	20:00:00	1.05916	1.05962	1.05816	1.05881	9982	0	38
2018.12.05	00:00:00	1.05892	1.05941	1.05229	1.05528	13309	0	40
2018.12.05	04:00:00	1.05528	1.05546	1.05326	1.05400	12167	0	40
2018.12.05	08:00:00	1.05399	1.05449	1.05275	1.05321	13322	0	40
2018.12.05	12:00:00	1.05321	1.05464	1.05256	1.05338	12723	0	40
2018.12.05	16:00:00	1.05339	1.05383	1.05137	1.05375	14465	0	40
2018.12.05	20:00:00	1.05375	1.05430	1.05367	1.05390	4953	0	13
2018.12.06	00:00:00	1.05312	1.05424	1.05071	1.05135	16387	0	24
2018.12.06	04:00:00	1.05133	1.05271	1.05003	1.05166	16448	0	40
2018.12.06	08:00:00	1.05165	1.05267	1.04795	1.04895	24479	0	40
2018.12.06	12:00:00	1.04895	1.04970	1.04756	1.04773	19695	0	40
2018.12.06	16:00:00	1.04773	1.05143	1.04729	1.05104	32251	0	40
2018.12.06	20:00:00	1.05105	1.05199	1.05010	1.05135	9086	0	40
2018.12.07	00:00:00	1.05139	1.05191	1.05009	1.05032	10982	0	40
2018.12.07	04:00:00	1.05032	1.05103	1.04910	1.05065	9012	0	21
2018.12.07	08:00:00	1.05064	1.05070	1.04863	1.04897	14609	0	40
2018.12.07	12:00:00	1.04897	1.05025	1.04807	1.04990	23491	0	40
2018.12.07	16:00:00	1.04992	1.05246	1.04969	1.05131	28277	0	40
2018.12.07	20:00:00	1.05131	1.05150	1.04879	1.04895	6717	0	40
2018.12.10	00:00:00	1.04516	1.04976	1.04511	1.04789	14183	0	40
2018.12.10	04:00:00	1.04789	1.04821	1.04654	1.04690	10967	0	25
2018.12.10	08:00:00	1.04693	1.04845	1.04583	1.04790	17109	0	40
2018.12.10	12:00:00	1.04789	1.04825	1.04632	1.04726	16836	0	40
2018.12.10	16:00:00	1.04726	1.04769	1.04319	1.04551	25082	0	40
2018.12.10	20:00:00	1.04549	1.04641	1.04479	1.04621	7335	0	30
2018.12.11	00:00:00	1.04603	1.04723	1.04510	1.04581	9125	0	40
2018.12.11	04:00:00	1.04581	1.04780	1.04507	1.04748	10226	0	40
2018.12.11	08:00:00	1.04748	1.04842	1.04665	1.04818	15603	0	40
2018.12.11	12:00:00	1.04818	1.04953	1.04503	1.04545	18838	0	40
2018.12.11	16:00:00	1.04545	1.04761	1.04491	1.04698	24994	0	40
2018.12.11	20:00:00	1.04702	1.04791	1.04670	1.04737	9334	0	30
2018.12.12	00:00:00	1.04751	1.04904	1.04678	1.04798	10498	0	40
2018.12.12	04:00:00	1.04797	1.04814	1.04690	1.04783	7430	0	40
2018.12.12	08:00:00	1.04782	1.05242	1.04778	1.05174	19929	0	25
2018.12.12	12:00:00	1.05174	1.05533	1.05128	1.05483	21057	0	40
2018.12.12	16:00:00	1.05483	1.05510	1.05296	1.05395	20247	0	40
2018.12.12	20:00:00	1.05397	1.05452	1.05190	1.05216	8571	0	40
2018.12.13	00:00:00	1.05256	1.05447	1.05118	1.05426	7831	0	40
2018.12.13	04:00:00	1.05426	1.05482	1.05280	1.05328	6940	0	40
2018.12.13	08:00:00	1.05326	1.05406	1.05212	1.05217	14854	0	40
2018.12.13	12:00:00	1.05218	1.05376	1.05180	1.05338	15490	0	40
2018.12.13	16:00:00	1.05340	1.05387	1.05273	1.05354	23476	0	40
2018.12.13	20:00:00	1.05352	1.05384	1.05200	1.05352	7916	0	40
2018.12.14	00:00:00	1.05311	1.05794	1.05182	1.05776	9140	0	28
2018.12.14	04:00:00	1.05776	1.05856	1.05546	1.05735	9654	0	23
2018.12.14	08:00:00	1.05735	1.05780	1.05487	1.05502	17633	0	17
2018.12.14	12:00:00	1.05502	1.05578	1.05298	1.05429	14184	0	17
2018.12.14	16:00:00	1.05430	1.05490	1.05319	1.05395	16558	0	17
2018.12.14	20:00:00	1.05396	1.05585	1.05374	1.05579	6169	0	40
2018.12.17	00:00:00	1.05466	1.05724	1.05460	1.05657	17448	0	40
2018.12.17	04:00:00	1.05655	1.05732	1.05506	1.05521	6212	0	23
2018.12.17	08:00:00	1.05520	1.05553	1.05328	1.05361	9988	0	40
2018.12.17	12:00:00	1.05361	1.05496	1.05349	1.05467	13238	0	40
2018.12.17	16:00:00	1.05467	1.05579	1.05391	1.05544	16670	0	40
2018.12.17	20:00:00	1.05542	1.05558	1.05374	1.05402	7176	0	35
2018.12.18	00:00:00	1.05415	1.05501	1.05073	1.05095	10476	0	27
2018.12.18	04:00:00	1.05095	1.05100	1.04822	1.04937	10284	0	40
2018.12.18	08:00:00	1.04937	1.04938	1.04551	1.04685	17092	0	40
2018.12.18	12:00:00	1.04685	1.04786	1.04646	1.04743	16858	0	40
2018.12.18	16:00:00	1.04743	1.04958	1.04638	1.04717	18796	0	40
2018.12.18	20:00:00	1.04719	1.04914	1.04663	1.04805	9692	0	40
2018.12.19	00:00:00	1.04870	1.04930	1.04746	1.04858	9731	0	40
2018.12.19	04:00:00	1.04858	1.04908	1.04719	1.04765	10238	0	40
2018.12.19	08:00:00	1.04765	1.04911	1.04731	1.04831	14431	0	40
2018.12.19	12:00:00	1.04831	1.04926	1.04679	1.04699	13729	0	23
2018.12.19	16:00:00	1.04699	1.04778	1.04590	1.04613	18401	0	40
2018.12.19	20:00:00	1.04614	1.05085	1.04412	1.04998	26731	0	40
2018.12.20	00:00:00	1.04997	1.05229	1.04831	1.05172	13461	0	40
2018.12.20	04:00:00	1.05172	1.05461	1.05161	1.05325	16019	0	28
2018.12.20	08:00:00	1.05325	1.05527	1.05256	1.05324	23455	0	40
2018.12.20	12:00:00	1.05323	1.05373	1.05135	1.05271	20833	0	40
2018.12.20	16:00:00	1.05272	1.05325	1.04896	1.04945	31133	0	40
2018.12.20	20:00:00	1.04947	1.05043	1.04832	1.04918	12850	0	30
2018.12.21	00:00:00	1.04932	1.05152	1.04772	1.04823	9571	0	40
2018.12.21	04:00:00	1.04823	1.05035	1.04821	1.05004	13363	0	41
2018.12.21	08:00:00	1.05004	1.05264	1.04954	1.05153	17653	0	40
2018.12.21	12:00:00	1.05155	1.05356	1.05086	1.05255	17937	0	24
2018.12.21	16:00:00	1.05255	1.05358	1.05044	1.05080	29869	0	40
2018.12.21	20:00:00	1.05082	1.05109	1.04779	1.04795	9661	0	43
2018.12.24	00:00:00	1.04633	1.04995	1.04588	1.04700	8424	0	40
2018.12.24	04:00:00	1.04700	1.04866	1.04631	1.04846	8248	0	41
2018.12.24	08:00:00	1.04844	1.04893	1.04748	1.04780	12518	0	40
2018.12.24	12:00:00	1.04780	1.04904	1.04761	1.04876	16492	0	40
2018.12.24	16:00:00	1.04876	1.04988	1.04769	1.04815	27990	0	40
2018.12.24	20:00:00	1.04818	1.04905	1.04688	1.04747	768	0	41
2018.12.26	04:00:00	1.04609	1.04676	1.04580	1.04625	2212	0	18
2018.12.26	08:00:00	1.04623	1.04785	1.04603	1.04776	4548	0	27
2018.12.26	12:00:00	1.04776	1.04902	1.04753	1.04770	6142	0	42
2018.12.26	16:00:00	1.04770	1.04910	1.04742	1.04892	14787	0	40
2018.12.26	20:00:00	1.04891	1.05084	1.04861	1.04940	12461	0	45
2018.12.27	00:00:00	1.04976	1.05152	1.04851	1.05047	14784	0	41
2018.12.27	04:00:00	1.05047	1.05096	1.04881	1.05069	17285	0	40
2018.12.27	08:00:00	1.05069	1.05156	1.04900	1.04907	19892	0	40
2018.12.27	12:00:00	1.04907	1.05044	1.04880	1.04928	21202	0	40
2018.12.27	16:00:00	1.04929	1.04956	1.04623	1.04787	23274	0	40
2018.12.27	20:00:00	1.04782	1.04982	1.04696	1.04870	10310	0	25
2018.12.28	00:00:00	1.04891	1.05028	1.04838	1.04946	10560	0	40
2018.12.28	04:00:00	1.04946	1.05111	1.04946	1.05013	9976	0	40
2018.12.28	08:00:00	1.05011	1.05194	1.05006	1.05140	13648	0	40
2018.12.28	12:00:00	1.05140	1.05237	1.05112	1.05184	14851	0	40
2018.12.28	16:00:00	1.05184	1.05234	1.04910	1.05067	21112	0	40
2018.12.28	20:00:00	1.05067	1.05078	1.04850	1.04850	7238	0	30
2018.12.31	00:00:00	1.04817	1.05102	1.04807	1.05035	10608	0	43
2018.12.31	04:00:00	1.05035	1.05249	1.05022	1.05149	10168	0	41
2018.12.31	08:00:00	1.05150	1.05224	1.05082	1.05193	16498	0	43
2018.12.31	12:00:00	1.05193	1.05217	1.05067	1.05145	17021	0	40
2018.12.31	16:00:00	1.05145	1.05218	1.04892	1.04910	20768	0	40
2018.12.31	20:00:00	1.04910	1.05016	1.04896	1.04916	4222	0	45
2019.01.02	04:00:00	1.04844	1.04859	1.04733	1.04740	5192	0	18
2019.01.02	08:00:00	1.04743	1.04827	1.04519	1.04531	29367	0	17
2019.01.02	12:00:00	1.04531	1.04857	1.04499	1.04802	20461	0	40
2019.01.02	16:00:00	1.04802	1.05064	1.04670	1.05013	24556	0	40
2019.01.02	20:00:00	1.05012	1.05077	1.04893	1.04937	9247	0	34
2019.01.03	00:00:00	1.04934	1.04967	1.01500	1.04571	21853	0	40
2019.01.03	04:00:00	1.04571	1.04774	1.04458	1.04725	15682	0	40
2019.01.03	08:00:00	1.04725	1.04856	1.04609	1.04809	31483	0	40
2019.01.03	12:00:00	1.04809	1.05062	1.04804	1.05034	21576	0	40
2019.01.03	16:00:00	1.05034	1.05043	1.04625	1.04767	31646	0	40
2019.01.03	20:00:00	1.04767	1.04781	1.04563	1.04642	10599	0	32
2019.01.04	00:00:00	1.04651	1.04815	1.04575	1.04794	14794	0	40
2019.01.04	04:00:00	1.04794	1.04995	1.04739	1.04909	14386	0	40
2019.01.04	08:00:00	1.04909	1.05164	1.04894	1.05133	19837	0	40
2019.01.04	12:00:00	1.05134	1.05353	1.05111	1.05312	21614	0	40
2019.01.04	16:00:00	1.05315	1.05507	1.05243	1.05403	30374	0	22
2019.01.04	20:00:00	1.05403	1.05657	1.05389	1.05587	9935	0	40
2019.01.07	00:00:00	1.05419	1.05790	1.05406	1.05663	12167	0	40
2019.01.07	04:00:00	1.05664	1.05707	1.05516	1.05651	12654	0	40
2019.01.07	08:00:00	1.05652	1.05732	1.05456	1.05472	15963	0	40
2019.01.07	12:00:00	1.05476	1.05553	1.05395	1.05422	13707	0	40
2019.01.07	16:00:00	1.05422	1.05737	1.05392	1.05708	17643	0	40
2019.01.07	20:00:00	1.05710	1.05842	1.05677	1.05783	5298	0	27
2019.01.08	00:00:00	1.05811	1.05876	1.05701	1.05744	10567	0	38
2019.01.08	04:00:00	1.05745	1.05791	1.05648	1.05670	12400	0	40
2019.01.08	08:00:00	1.05670	1.05851	1.05613	1.05802	18496	0	40
2019.01.08	12:00:00	1.05802	1.06192	1.05720	1.06138	20087	0	40
2019.01.08	16:00:00	1.06138	1.06291	1.06008	1.06115	19647	0	40
2019.01.08	20:00:00	1.06115	1.06223	1.06086	1.06177	5766	0	38
2019.01.09	00:00:00	1.06174	1.06376	1.05927	1.06036	18201	0	17
2019.01.09	04:00:00	1.06035	1.06097	1.05873	1.05882	15677	0	15
2019.01.09	08:00:00	1.05878	1.05970	1.05799	1.05958	12797	0	17
2019.01.09	12:00:00	1.05958	1.05975	1.05645	1.05673	12351	0	18
2019.01.09	16:00:00	1.05672	1.05725	1.05495	1.05604	21908	0	17
2019.01.09	20:00:00	1.05603	1.05660	1.05492	1.05584	11248	0	13
2019.01.10	00:00:00	1.05582	1.05738	1.05445	1.05655	15066	0	17
2019.01.10	04:00:00	1.05655	1.05935	1.05590	1.05910	14142	0	17
2019.01.10	08:00:00	1.05910	1.05946	1.05749	1.05833	15529	0	18
2019.01.10	12:00:00	1.05833	1.05937	1.05808	1.05912	12099	0	15
2019.01.10	16:00:00	1.05912	1.05921	1.05762	1.05867	15369	0	17
2019.01.10	20:00:00	1.05859	1.05981	1.05762	1.05931	8075	0	17
2019.01.11	00:00:00	1.05953	1.06061	1.05843	1.05851	16126	0	13
2019.01.11	04:00:00	1.05851	1.05894	1.05707	1.05758	16562	0	17
2019.01.11	08:00:00	1.05758	1.05782	1.05536	1.05622	15802	0	24
2019.01.11	12:00:00	1.05621	1.05761	1.05578	1.05579	18743	0	40
2019.01.11	16:00:00	1.05579	1.05641	1.05420	1.05442	20040	0	40
2019.01.11	20:00:00	1.05442	1.05558	1.05409	1.05532	5260	0	25
2019.01.14	00:00:00	1.05589	1.05643	1.05519	1.05619	6964	0	40
2019.01.14	04:00:00	1.05619	1.05622	1.05439	1.05525	8815	0	40
2019.01.14	08:00:00	1.05524	1.05722	1.05511	1.05550	14338	0	40
2019.01.14	12:00:00	1.05550	1.05570	1.05423	1.05466	15334	0	40
2019.01.14	16:00:00	1.05466	1.05566	1.05367	1.05497	13938	0	40
2019.01.14	20:00:00	1.05497	1.05528	1.05442	1.05460	4177	0	24
2019.01.15	00:00:00	1.05458	1.05576	1.05365	1.05496	8705	0	29
2019.01.15	04:00:00	1.05496	1.05552	1.05388	1.05399	8543	0	40
2019.01.15	08:00:00	1.05400	1.05555	1.05346	1.05514	13821	0	40
2019.01.15	12:00:00	1.05515	1.05545	1.05417	1.05484	15932	0	40
2019.01.15	16:00:00	1.05483	1.05609	1.05338	1.05547	18513	0	40
2019.01.15	20:00:00	1.05546	1.05643	1.05478	1.05579	9723	0	41
2019.01.16	00:00:00	1.05624	1.05682	1.05457	1.05633	8966	0	28
2019.01.16	04:00:00	1.05633	1.05713	1.05487	1.05522	9113	0	40
2019.01.16	08:00:00	1.05522	1.05903	1.05502	1.05902	12627	0	40
2019.01.16	12:00:00	1.05902	1.06077	1.05870	1.05892	12542	0	40
2019.01.16	16:00:00	1.05891	1.05964	1.05741	1.05758	13815	0	40
2019.01.16	20:00:00	1.05760	1.05814	1.05688	1.05729	6347	0	31
2019.01.17	00:00:00	1.05745	1.05986	1.05677	1.05944	9731	0	40
2019.01.17	04:00:00	1.05944	1.06047	1.05863	1.06019	9382	0	40
2019.01.17	08:00:00	1.06021	1.06339	1.06017	1.06270	13754	0	40
2019.01.17	12:00:00	1.06270	1.06452	1.06234	1.06305	12622	0	40
2019.01.17	16:00:00	1.06305	1.06335	1.06194	1.06292	14715	0	40
2019.01.17	20:00:00	1.06292	1.06475	1.06226	1.06323	11782	0	29
2019.01.18	00:00:00	1.06315	1.06503	1.06217	1.06427	11566	0	39
2019.01.18	04:00:00	1.06427	1.06442	1.06274	1.06317	8516	0	40
2019.01.18	08:00:00	1.06317	1.06362	1.06153	1.06313	10018	0	40
2019.01.18	12:00:00	1.06313	1.06328	1.06182	1.06219	8333	0	40
2019.01.18	16:00:00	1.06219	1.06322	1.06135	1.06282	18246	0	40
2019.01.18	20:00:00	1.06281	1.06357	1.06110	1.06110	5312	0	36
2019.01.21	00:00:00	1.05867	1.06444	1.05867	1.06350	8029	0	34
2019.01.21	04:00:00	1.06363	1.06680	1.06350	1.06613	9085	0	40
2019.01.21	08:00:00	1.06614	1.06629	1.06353	1.06356	8494	0	40
2019.01.21	12:00:00	1.06356	1.06439	1.06276	1.06331	7453	0	40
2019.01.21	16:00:00	1.06332	1.06351	1.06264	1.06337	7742	0	40
2019.01.21	20:00:00	1.06341	1.06412	1.06293	1.06310	17372	0	42
2019.01.22	00:00:00	1.06291	1.06438	1.06262	1.06286	9095	0	26
2019.01.22	04:00:00	1.06288	1.06295	1.06052	1.06128	11892	0	40
2019.01.22	08:00:00	1.06130	1.06288	1.06006	1.06175	14017	0	40
2019.01.22	12:00:00	1.06175	1.06201	1.05993	1.06079	10084	0	40
2019.01.22	16:00:00	1.06084	1.06112	1.05980	1.06046	13541	0	40
2019.01.22	20:00:00	1.06045	1.06049	1.05422	1.05488	7403	0	20
2019.01.23	00:00:00	1.05487	1.05577	1.05204	1.05267	15613	0	40
2019.01.23	04:00:00	1.05267	1.05436	1.05193	1.05207	13498	0	40
2019.01.23	08:00:00	1.05208	1.05226	1.05044	1.05172	11053	0	40
2019.01.23	12:00:00	1.05172	1.05191	1.05001	1.05061	11349	0	40
2019.01.23	16:00:00	1.05061	1.05152	1.05016	1.05129	15174	0	40
2019.01.23	20:00:00	1.05129	1.05204	1.05100	1.05164	4334	0	26
2019.01.24	00:00:00	1.05163	1.05397	1.04992	1.05206	15793	0	40
2019.01.24	04:00:00	1.05206	1.05216	1.04790	1.04799	16873	0	40
2019.01.24	08:00:00	1.04799	1.04847	1.04685	1.04769	13949	0	40
2019.01.24	12:00:00	1.04769	1.04858	1.04700	1.04726	15539	0	40
2019.01.24	16:00:00	1.04725	1.04870	1.04637	1.04783	18593	0	40
2019.01.24	20:00:00	1.04783	1.04871	1.04695	1.04844	6257	0	22
2019.01.25	00:00:00	1.04842	1.04978	1.04735	1.04865	18093	0	21
2019.01.25	04:00:00	1.04864	1.04967	1.04807	1.04846	19647	0	40
2019.01.25	08:00:00	1.04845	1.04873	1.04727	1.04803	14306	0	40
2019.01.25	12:00:00	1.04803	1.04959	1.04784	1.04848	12215	0	40
2019.01.25	16:00:00	1.04848	1.04960	1.04781	1.04887	18082	0	40
2019.01.25	20:00:00	1.04887	1.04993	1.04801	1.04946	6017	0	40
2019.01.28	00:00:00	1.04981	1.05072	1.04881	1.04970	13685	0	40
2019.01.28	04:00:00	1.04970	1.04998	1.04720	1.04772	12131	0	40
2019.01.28	08:00:00	1.04772	1.04895	1.04752	1.04830	10865	0	40
2019.01.28	12:00:00	1.04830	1.04927	1.04738	1.04834	9207	0	40
2019.01.28	16:00:00	1.04834	1.04904	1.04719	1.04831	13400	0	40
2019.01.28	20:00:00	1.04832	1.04937	1.04802	1.04864	4380	0	25
2019.01.29	00:00:00	1.04869	1.04927	1.04613	1.04740	13837	0	40
2019.01.29	04:00:00	1.04739	1.04825	1.04621	1.04656	14022	0	40
2019.01.29	08:00:00	1.04657	1.04675	1.04480	1.04585	11856	0	19
2019.01.29	12:00:00	1.04585	1.04693	1.04579	1.04643	9991	0	40
2019.01.29	16:00:00	1.04645	1.04716	1.04577	1.04701	15752	0	40
2019.01.29	20:00:00	1.04701	1.04721	1.04633	1.04673	6648	0	20
2019.01.30	00:00:00	1.04672	1.05231	1.04627	1.05106	15747	0	40
2019.01.30	04:00:00	1.05107	1.05189	1.04996	1.04999	14551	0	40
2019.01.30	08:00:00	1.05000	1.05276	1.04955	1.05270	18732	0	40
2019.01.30	12:00:00	1.05270	1.05283	1.05202	1.05204	13082	0	40
2019.01.30	16:00:00	1.05204	1.05274	1.05176	1.05251	12729	0	26
2019.01.30	20:00:00	1.05251	1.05361	1.05032	1.05061	18276	0	40
2019.01.31	00:00:00	1.05067	1.05188	1.04867	1.05147	14526	0	40
2019.01.31	04:00:00	1.05147	1.05191	1.05013	1.05145	12863	0	40
2019.01.31	08:00:00	1.05143	1.05243	1.05086	1.05209	20056	0	40
2019.01.31	12:00:00	1.05209	1.05311	1.05046	1.05059	17792	0	40
2019.01.31	16:00:00	1.05059	1.05201	1.05000	1.05127	18667	0	40
2019.01.31	20:00:00	1.05127	1.05176	1.05103	1.05105	6171	0	40
2019.02.01	00:00:00	1.05113	1.05169	1.04840	1.04867	12333	0	30
2019.02.01	04:00:00	1.04867	1.04924	1.04688	1.04751	15410	0	40
2019.02.01	08:00:00	1.04751	1.04861	1.04737	1.04826	14556	0	40
2019.02.01	12:00:00	1.04826	1.04958	1.04785	1.04902	15762	0	40
2019.02.01	16:00:00	1.04902	1.05114	1.04859	1.05089	18816	0	40
2019.02.01	20:00:00	1.05089	1.05118	1.05029	1.05117	4691	0	40
2019.02.04	00:00:00	1.05030	1.05086	1.04806	1.04885	10148	0	31
2019.02.04	04:00:00	1.04883	1.04953	1.04827	1.04919	11227	0	40
2019.02.04	08:00:00	1.04920	1.04975	1.04828	1.04888	12278	0	40
2019.02.04	12:00:00	1.04888	1.04960	1.04850	1.04958	10607	0	40
2019.02.04	16:00:00	1.04958	1.04978	1.04833	1.04931	13457	0	40
2019.02.04	20:00:00	1.04933	1.04966	1.04869	1.04905	4449	0	29
2019.02.05	00:00:00	1.04922	1.04928	1.04550	1.04562	13165	0	40
2019.02.05	04:00:00	1.04561	1.05280	1.04539	1.05235	16065	0	40
2019.02.05	08:00:00	1.05236	1.05258	1.05075	1.05113	11453	0	40
2019.02.05	12:00:00	1.05113	1.05136	1.04919	1.04933	10271	0	40
2019.02.05	16:00:00	1.04933	1.05012	1.04897	1.04910	12775	0	40
2019.02.05	20:00:00	1.04912	1.04929	1.04871	1.04907	3544	0	25
2019.02.06	00:00:00	1.04923	1.04970	1.04137	1.04230	15932	0	40
2019.02.06	04:00:00	1.04228	1.04249	1.04001	1.04108	16454	0	40
2019.02.06	08:00:00	1.04107	1.04129	1.03968	1.04067	16135	0	40
2019.02.06	12:00:00	1.04068	1.04173	1.03971	1.04053	11962	0	40
2019.02.06	16:00:00	1.04053	1.04268	1.04018	1.04126	12645	0	40
2019.02.06	20:00:00	1.04126	1.04989	1.04072	1.04804	7237	0	18
2019.02.07	00:00:00	1.04844	1.05143	1.04791	1.05078	14798	0	25
2019.02.07	04:00:00	1.05078	1.05262	1.05067	1.05164	11917	0	40
2019.02.07	08:00:00	1.05164	1.05206	1.05040	1.05096	14030	0	40
2019.02.07	12:00:00	1.05096	1.05220	1.05021	1.05169	14910	0	40
2019.02.07	16:00:00	1.05169	1.05202	1.04874	1.05008	15779	0	40
2019.02.07	20:00:00	1.05007	1.05224	1.04992	1.05205	5193	0	40
2019.02.08	00:00:00	1.05206	1.05334	1.04807	1.04895	15820	0	40
2019.02.08	04:00:00	1.04896	1.04980	1.04683	1.04758	12110	0	26
2019.02.08	08:00:00	1.04761	1.04901	1.04731	1.04876	12730	0	40
2019.02.08	12:00:00	1.04876	1.05094	1.04846	1.05075	11568	0	40
2019.02.08	16:00:00	1.05075	1.05174	1.04901	1.05011	13728	0	40
2019.02.08	20:00:00	1.05011	1.05087	1.04943	1.05054	4090	0	36
2019.02.11	00:00:00	1.05066	1.05104	1.04823	1.04855	7736	0	40
2019.02.11	04:00:00	1.04855	1.05020	1.04832	1.04915	7636	0	40
2019.02.11	08:00:00	1.04915	1.05017	1.04841	1.04931	11304	0	40
2019.02.11	12:00:00	1.04931	1.04969	1.04810	1.04873	11309	0	40
2019.02.11	16:00:00	1.04872	1.04957	1.04803	1.04925	12815	0	18
2019.02.11	20:00:00	1.04925	1.04954	1.04819	1.04848	3919	0	28
2019.02.12	00:00:00	1.04861	1.05160	1.04770	1.05151	15593	0	40
2019.02.12	04:00:00	1.05165	1.05234	1.05063	1.05199	16485	0	40
2019.02.12	08:00:00	1.05200	1.05254	1.05115	1.05236	14163	0	40
2019.02.12	12:00:00	1.05238	1.05298	1.05186	1.05244	10676	0	40
2019.02.12	16:00:00	1.05245	1.05380	1.05162	1.05369	13558	0	40
2019.02.12	20:00:00	1.05368	1.05438	1.05269	1.05274	5076	0	40
2019.02.13	00:00:00	1.05280	1.05420	1.04265	1.04493	14972	0	28
2019.02.13	04:00:00	1.04493	1.04564	1.03943	1.04174	17761	0	40
2019.02.13	08:00:00	1.04175	1.04359	1.04127	1.04307	12593	0	40
2019.02.13	12:00:00	1.04307	1.04410	1.04249	1.04355	13716	0	40
2019.02.13	16:00:00	1.04355	1.04382	1.04203	1.04253	12874	0	40
2019.02.13	20:00:00	1.04251	1.04359	1.04221	1.04249	5199	0	28
2019.02.14	00:00:00	1.04266	1.04304	1.04074	1.04123	10305	0	40
2019.02.14	04:00:00	1.04123	1.04265	1.04049	1.04230	14444	0	40
2019.02.14	08:00:00	1.04230	1.04278	1.03958	1.03986	17018	0	40
2019.02.14	12:00:00	1.03986	1.04025	1.03802	1.03842	18329	0	40
2019.02.14	16:00:00	1.03838	1.03887	1.03664	1.03802	21138	0	40
2019.02.14	20:00:00	1.03804	1.03950	1.03790	1.03868	6667	0	18
2019.02.15	00:00:00	1.03872	1.04059	1.03821	1.03948	12283	0	28
2019.02.15	04:00:00	1.03948	1.03982	1.03817	1.03877	10686	0	40
2019.02.15	08:00:00	1.03877	1.03918	1.03772	1.03804	13163	0	40
2019.02.15	12:00:00	1.03806	1.03852	1.03674	1.03755	14911	0	18
2019.02.15	16:00:00	1.03755	1.03940	1.03684	1.03925	18175	0	40
2019.02.15	20:00:00	1.03925	1.04026	1.03911	1.03911	5678	0	27
2019.02.18	00:00:00	1.04007	1.04110	1.03819	1.03830	10881	0	40
2019.02.18	04:00:00	1.03830	1.03918	1.03784	1.03910	12237	0	40
2019.02.18	08:00:00	1.03910	1.04148	1.03887	1.04076	11272	0	40
2019.02.18	12:00:00	1.04076	1.04116	1.04001	1.04064	7358	0	40
2019.02.18	16:00:00	1.04062	1.04171	1.04056	1.04110	8778	0	40
2019.02.18	20:00:00	1.04111	1.04128	1.03990	1.04069	7271	0	28
2019.02.19	00:00:00	1.04068	1.04116	1.03847	1.04011	10683	0	40
2019.02.19	04:00:00	1.04011	1.04151	1.03985	1.04056	10257	0	40
2019.02.19	08:00:00	1.04056	1.04272	1.04023	1.04146	12996	0	40
2019.02.19	12:00:00	1.04146	1.04248	1.04088	1.04104	12682	0	40
2019.02.19	16:00:00	1.04104	1.04280	1.03990	1.04197	19283	0	40
2019.02.19	20:00:00	1.04197	1.04202	1.04023	1.04047	6621	0	40
2019.02.20	00:00:00	1.04026	1.04251	1.03980	1.04217	13807	0	31
2019.02.20	04:00:00	1.04217	1.04316	1.04174	1.04278	11936	0	40
2019.02.20	08:00:00	1.04279	1.04348	1.04129	1.04129	13796	0	40
2019.02.20	12:00:00	1.04130	1.04283	1.04128	1.04164	13096	0	40
2019.02.20	16:00:00	1.04164	1.04404	1.04127	1.04392	14954	0	40
2019.02.20	20:00:00	1.04393	1.04467	1.04327	1.04429	9588	0	40
2019.02.21	00:00:00	1.04462	1.04874	1.04348	1.04467	20128	0	33
2019.02.21	04:00:00	1.04467	1.04606	1.04032	1.04112	20278	0	40
2019.02.21	08:00:00	1.04112	1.04358	1.03959	1.04189	23448	0	40
2019.02.21	12:00:00	1.04189	1.04350	1.04150	1.04197	17445	0	40
2019.02.21	16:00:00	1.04197	1.04210	1.03946	1.04035	19648	0	40
2019.02.21	20:00:00	1.04035	1.04271	1.03961	1.04178	7760	0	41
2019.02.22	00:00:00	1.04199	1.04395	1.04033	1.04200	12801	0	40
2019.02.22	04:00:00	1.04201	1.04882	1.04154	1.04705	18833	0	40
2019.02.22	08:00:00	1.04705	1.04762	1.04573	1.04577	15910	0	40
2019.02.22	12:00:00	1.04577	1.04590	1.04353	1.04408	15946	0	40
2019.02.22	16:00:00	1.04409	1.04446	1.04187	1.04201	20573	0	40
2019.02.22	20:00:00	1.04201	1.04278	1.04069	1.04069	7353	0	43
2019.02.25	00:00:00	1.03935	1.04244	1.03842	1.04041	12285	0	40
2019.02.25	04:00:00	1.04043	1.04147	1.03903	1.04116	16996	0	40
2019.02.25	08:00:00	1.04119	1.04170	1.04050	1.04083	15600	0	40
2019.02.25	12:00:00	1.04083	1.04087	1.03947	1.04033	15006	0	40
2019.02.25	16:00:00	1.04033	1.04210	1.04022	1.04184	18086	0	41
2019.02.25	20:00:00	1.04188	1.04238	1.04083	1.04083	5316	0	41
2019.02.26	00:00:00	1.04108	1.04188	1.03940	1.04014	14103	0	30
2019.02.26	04:00:00	1.04014	1.04077	1.03928	1.03953	11961	0	40
2019.02.26	08:00:00	1.03953	1.04003	1.03879	1.03973	15415	0	40
2019.02.26	12:00:00	1.03973	1.03985	1.03872	1.03925	14904	0	40
2019.02.26	16:00:00	1.03925	1.04233	1.03881	1.04229	19891	0	40
2019.02.26	20:00:00	1.04226	1.04312	1.04175	1.04242	6368	0	24
2019.02.27	00:00:00	1.04237	1.04348	1.04094	1.04135	13086	0	40
2019.02.27	04:00:00	1.04135	1.04282	1.04094	1.04241	23872	0	40
2019.02.27	08:00:00	1.04240	1.04271	1.04128	1.04189	18279	0	40
2019.02.27	12:00:00	1.04189	1.04360	1.04150	1.04243	15429	0	40
2019.02.27	16:00:00	1.04242	1.04337	1.04182	1.04276	20974	0	40
2019.02.27	20:00:00	1.04276	1.04372	1.04226	1.04226	5386	0	30
2019.02.28	00:00:00	1.04258	1.04592	1.04083	1.04321	16912	0	40
2019.02.28	04:00:00	1.04323	1.04395	1.04256	1.04325	13830	0	40
2019.02.28	08:00:00	1.04325	1.04374	1.04170	1.04333	18844	0	40
2019.02.28	12:00:00	1.04333	1.04460	1.04245	1.04442	18334	0	40
2019.02.28	16:00:00	1.04442	1.04491	1.04188	1.04224	23698	0	40
2019.02.28	20:00:00	1.04223	1.04233	1.04103	1.04164	7101	0	27
2019.03.01	00:00:00	1.04120	1.04230	1.04071	1.04208	11311	0	27
2019.03.01	04:00:00	1.04208	1.04217	1.03997	1.04040	10107	0	40
2019.03.01	08:00:00	1.04039	1.04160	1.03997	1.04155	14004	0	40
2019.03.01	12:00:00	1.04155	1.04201	1.04000	1.04050	15764	0	40
2019.03.01	16:00:00	1.04050	1.04171	1.03931	1.03958	19803	0	40
2019.03.01	20:00:00	1.03956	1.04126	1.03923	1.04119	6874	0	40
2019.03.04	00:00:00	1.04049	1.04130	1.03914	1.04022	15450	0	40
2019.03.04	04:00:00	1.04021	1.04172	1.03984	1.04103	13895	0	40
2019.03.04	08:00:00	1.04104	1.04135	1.03967	1.04081	18027	0	12
2019.03.04	12:00:00	1.04081	1.04174	1.04027	1.04052	13709	0	40
2019.03.04	16:00:00	1.04052	1.04212	1.03953	1.03965	17563	0	40
2019.03.04	20:00:00	1.03967	1.03972	1.03855	1.03899	4912	0	40
2019.03.05	00:00:00	1.03855	1.04025	1.03794	1.03860	13303	0	33
2019.03.05	04:00:00	1.03860	1.04168	1.03856	1.04098	14128	0	40
2019.03.05	08:00:00	1.04098	1.04220	1.04085	1.04152	14426	0	40
2019.03.05	12:00:00	1.04152	1.04201	1.04046	1.04177	11187	0	40
2019.03.05	16:00:00	1.04178	1.04349	1.04147	1.04215	16028	0	40
2019.03.05	20:00:00	1.04216	1.04237	1.04138	1.04170	3848	0	33
2019.03.06	00:00:00	1.04187	1.04271	1.03874	1.04065	15162	0	40
2019.03.06	04:00:00	1.04065	1.04113	1.03937	1.04008	15362	0	40
2019.03.06	08:00:00	1.04008	1.04012	1.03568	1.03585	16341	0	40
2019.03.06	12:00:00	1.03584	1.03788	1.03584	1.03770	13001	0	40
2019.03.06	16:00:00	1.03770	1.03863	1.03634	1.03702	16132	0	40
2019.03.06	20:00:00	1.03705	1.03874	1.03688	1.03847	4515	0	40
2019.03.07	00:00:00	1.03860	1.03900	1.03652	1.03747	9562	0	27
2019.03.07	04:00:00	1.03746	1.03895	1.03671	1.03846	9898	0	40
2019.03.07	08:00:00	1.03846	1.03904	1.03734	1.03902	10123	0	40
2019.03.07	12:00:00	1.03902	1.03959	1.03755	1.03895	15816	0	40
2019.03.07	16:00:00	1.03896	1.03959	1.03759	1.03879	20458	0	40
2019.03.07	20:00:00	1.03879	1.03944	1.03779	1.03819	7697	0	30
2019.03.08	00:00:00	1.03825	1.03902	1.03655	1.03700	10400	0	32
2019.03.08	04:00:00	1.03700	1.03845	1.03597	1.03629	15018	0	40
2019.03.08	08:00:00	1.03629	1.03685	1.03466	1.03475	12324	0	40
2019.03.08	12:00:00	1.03475	1.03569	1.03409	1.03460	15522	0	40
2019.03.08	16:00:00	1.03459	1.03595	1.03410	1.03515	19928	0	40
2019.03.08	20:00:00	1.03515	1.03544	1.03458	1.03485	5591	0	43
2019.03.11	00:00:00	1.03461	1.03555	1.03391	1.03530	11501	0	40
2019.03.11	04:00:00	1.03530	1.03575	1.03435	1.03444	8470	0	40
2019.03.11	08:00:00	1.03444	1.03497	1.03389	1.03432	10097	0	40
2019.03.11	12:00:00	1.03432	1.03537	1.03391	1.03444	12488	0	40
2019.03.11	16:00:00	1.03445	1.03454	1.03299	1.03351	13841	0	40
2019.03.11	20:00:00	1.03349	1.03546	1.03295	1.03411	5161	0	26
2019.03.12	00:00:00	1.03413	1.03521	1.03338	1.03373	10091	0	40
2019.03.12	04:00:00	1.03373	1.03387	1.03223	1.03258	5807	0	40
2019.03.12	08:00:00	1.03258	1.03400	1.03234	1.03340	10752	0	40
2019.03.12	12:00:00	1.03341	1.03363	1.03126	1.03157	16096	0	40
2019.03.12	16:00:00	1.03157	1.03225	1.03119	1.03127	12715	0	40
2019.03.12	20:00:00	1.03129	1.03227	1.03081	1.03169	7499	0	28
2019.03.13	00:00:00	1.03172	1.03193	1.02918	1.03126	10738	0	25
2019.03.13	04:00:00	1.03126	1.03186	1.03065	1.03145	7466	0	40
2019.03.13	08:00:00	1.03146	1.03296	1.03111	1.03256	10453	0	26
2019.03.13	12:00:00	1.03256	1.03365	1.03181	1.03321	12372	0	40
2019.03.13	16:00:00	1.03321	1.03440	1.03283	1.03433	11355	0	40
2019.03.13	20:00:00	1.03433	1.03472	1.03354	1.03428	8369	0	40
2019.03.14	00:00:00	1.03428	1.03468	1.03203	1.03268	7888	0	40
2019.03.14	04:00:00	1.03268	1.03281	1.03183	1.03234	10916	0	40
2019.03.14	08:00:00	1.03234	1.03422	1.03213	1.03415	11764	0	40
2019.03.14	12:00:00	1.03415	1.03479	1.03329	1.03465	18154	0	40
2019.03.14	16:00:00	1.03465	1.03552	1.03441	1.03524	15988	0	40
2019.03.14	20:00:00	1.03524	1.03577	1.03340	1.03352	5606	0	22
2019.03.15	00:00:00	1.03356	1.03492	1.03311	1.03406	11442	0	40
2019.03.15	04:00:00	1.03406	1.03552	1.03395	1.03420	12150	0	40
2019.03.15	08:00:00	1.03420	1.03512	1.03352	1.03438	11639	0	40
2019.03.15	12:00:00	1.03438	1.03440	1.03340	1.03402	10345	0	40
2019.03.15	16:00:00	1.03402	1.03501	1.03373	1.03474	13473	0	40
2019.03.15	20:00:00	1.03474	1.03490	1.03427	1.03430	3420	0	37
2019.03.18	00:00:00	1.03444	1.03559	1.03415	1.03537	9023	0	31
2019.03.18	04:00:00	1.03537	1.03699	1.03537	1.03588	11258	0	40
2019.03.18	08:00:00	1.03587	1.03619	1.03421	1.03440	10482	0	40
2019.03.18	12:00:00	1.03440	1.03532	1.03384	1.03433	8602	0	40
2019.03.18	16:00:00	1.03435	1.03624	1.03395	1.03573	11990	0	40
2019.03.18	20:00:00	1.03570	1.03645	1.03556	1.03617	4563	0	25
2019.03.19	00:00:00	1.03618	1.03722	1.03595	1.03685	11719	0	40
2019.03.19	04:00:00	1.03686	1.03705	1.03486	1.03498	14186	0	40
2019.03.19	08:00:00	1.03499	1.03537	1.03434	1.03441	9339	0	40
2019.03.19	12:00:00	1.03441	1.03499	1.03385	1.03388	10982	0	40
2019.03.19	16:00:00	1.03388	1.03447	1.03349	1.03368	14051	0	40
2019.03.19	20:00:00	1.03367	1.03430	1.03322	1.03416	4924	0	28
2019.03.20	00:00:00	1.03416	1.03435	1.03277	1.03384	12252	0	20
2019.03.20	04:00:00	1.03384	1.03526	1.03383	1.03523	7616	0	40
2019.03.20	08:00:00	1.03522	1.03622	1.03498	1.03557	11407	0	40
2019.03.20	12:00:00	1.03557	1.03604	1.03478	1.03595	10341	0	40
2019.03.20	16:00:00	1.03595	1.03628	1.03459	1.03577	14067	0	40
2019.03.20	20:00:00	1.03577	1.03711	1.02983	1.02998	19873	0	40
2019.03.21	00:00:00	1.02998	1.03423	1.02970	1.03329	20541	0	40
2019.03.21	04:00:00	1.03329	1.03365	1.03237	1.03260	12601	0	40
2019.03.21	08:00:00	1.03260	1.03307	1.03143	1.03268	14601	0	40
2019.03.21	12:00:00	1.03267	1.03380	1.03252	1.03370	17803	0	40
2019.03.21	16:00:00	1.03370	1.03416	1.03281	1.03359	20832	0	40
2019.03.21	20:00:00	1.03359	1.03430	1.03288	1.03353	10491	0	40
2019.03.22	00:00:00	1.03353	1.03386	1.03034	1.03109	12396	0	35
2019.03.22	04:00:00	1.03109	1.03157	1.03067	1.03146	10344	0	40
2019.03.22	08:00:00	1.03146	1.03264	1.03089	1.03233	21780	0	40
2019.03.22	12:00:00	1.03232	1.03253	1.03071	1.03093	22221	0	21
2019.03.22	16:00:00	1.03093	1.03135	1.02879	1.03047	25451	0	40
2019.03.22	20:00:00	1.03047	1.03061	1.02898	1.02931	6372	0	32
2019.03.25	00:00:00	1.02810	1.02964	1.02737	1.02874	11082	0	26
2019.03.25	04:00:00	1.02874	1.02945	1.02834	1.02898	11411	0	40
2019.03.25	08:00:00	1.02898	1.03130	1.02830	1.03070	17050	0	40
2019.03.25	12:00:00	1.03069	1.03126	1.02936	1.02938	16849	0	40
2019.03.25	16:00:00	1.02938	1.02956	1.02813	1.02857	17560	0	40
2019.03.25	20:00:00	1.02857	1.02936	1.02792	1.02869	5807	0	22
2019.03.26	00:00:00	1.02875	1.02954	1.02834	1.02884	12250	0	26
2019.03.26	04:00:00	1.02884	1.03147	1.02858	1.03108	13744	0	40
2019.03.26	08:00:00	1.03108	1.03308	1.03091	1.03263	14151	0	40
2019.03.26	12:00:00	1.03259	1.03315	1.03169	1.03176	16922	0	40
2019.03.26	16:00:00	1.03176	1.03325	1.03119	1.03262	15624	0	40
2019.03.26	20:00:00	1.03261	1.03335	1.03112	1.03322	5607	0	22
2019.03.27	00:00:00	1.03322	1.04424	1.03058	1.04387	15124	0	40
2019.03.27	04:00:00	1.04387	1.04507	1.04344	1.04449	13296	0	40
2019.03.27	08:00:00	1.04450	1.04450	1.04218	1.04232	15923	0	40
2019.03.27	12:00:00	1.04232	1.04317	1.04090	1.04158	22622	0	40
2019.03.27	16:00:00	1.04158	1.04256	1.04076	1.04132	21506	0	40
2019.03.27	20:00:00	1.04135	1.04242	1.04086	1.04185	7411	0	40
2019.03.28	00:00:00	1.04186	1.04343	1.04099	1.04228	12765	0	40
2019.03.28	04:00:00	1.04228	1.04301	1.03999	1.04055	14916	0	40
2019.03.28	08:00:00	1.04055	1.04178	1.03998	1.04171	17681	0	40
2019.03.28	12:00:00	1.04169	1.04221	1.04052	1.04112	18148	0	40
2019.03.28	16:00:00	1.04111	1.04274	1.04070	1.04205	19369	0	40
2019.03.28	20:00:00	1.04204	1.04425	1.04201	1.04401	6259	0	27
2019.03.29	00:00:00	1.04405	1.04494	1.04298	1.04442	11230	0	31
2019.03.29	04:00:00	1.04442	1.04498	1.04330	1.04346	10802	0	40
2019.03.29	08:00:00	1.04346	1.04390	1.04252	1.04282	13283	0	40
2019.03.29	12:00:00	1.04282	1.04364	1.04167	1.04169	15527	0	40
2019.03.29	16:00:00	1.04172	1.04305	1.04002	1.04202	17006	0	21
2019.03.29	20:00:00	1.04201	1.04304	1.04178	1.04221	4152	0	30
2019.04.01	00:00:00	1.04292	1.04357	1.04196	1.04320	8408	0	29
2019.04.01	04:00:00	1.04320	1.04368	1.04203	1.04242	10913	0	40
2019.04.01	08:00:00	1.04240	1.04414	1.04197	1.04324	13089	0	40
2019.04.01	12:00:00	1.04324	1.04329	1.04199	1.04310	13043	0	40
2019.04.01	16:00:00	1.04310	1.04465	1.04275	1.04420	14693	0	40
2019.04.01	20:00:00	1.04420	1.04506	1.04402	1.04458	4590	0	25
2019.04.02	00:00:00	1.04495	1.04802	1.04495	1.04689	8821	0	40
2019.04.02	04:00:00	1.04689	1.04948	1.04476	1.04491	14127	0	40
2019.04.02	08:00:00	1.04491	1.04510	1.04311	1.04433	14240	0	40
2019.04.02	12:00:00	1.04433	1.04649	1.04403	1.04647	12773	0	40
2019.04.02	16:00:00	1.04645	1.04774	1.04585	1.04715	18335	0	40
2019.04.02	20:00:00	1.04713	1.04726	1.04591	1.04609	6747	0	25
2019.04.03	00:00:00	1.04627	1.04878	1.04459	1.04828	10482	0	25
2019.04.03	04:00:00	1.04828	1.04917	1.04750	1.04812	11553	0	40
2019.04.03	08:00:00	1.04812	1.04923	1.04767	1.04836	15030	0	40
2019.04.03	12:00:00	1.04834	1.04836	1.04699	1.04806	11964	0	40
2019.04.03	16:00:00	1.04807	1.04940	1.04776	1.04865	15808	0	40
2019.04.03	20:00:00	1.04865	1.04927	1.04843	1.04882	5298	0	26
2019.04.04	00:00:00	1.04895	1.04956	1.04766	1.04799	6276	0	28
2019.04.04	04:00:00	1.04798	1.04859	1.04733	1.04826	7805	0	40
2019.04.04	08:00:00	1.04826	1.04893	1.04768	1.04861	9768	0	40
2019.04.04	12:00:00	1.04861	1.05170	1.04834	1.05133	12925	0	40
2019.04.04	16:00:00	1.05133	1.05310	1.05111	1.05287	14968	0	40
2019.04.04	20:00:00	1.05288	1.05386	1.05263	1.05264	5078	0	24
2019.04.05	00:00:00	1.05302	1.05376	1.05087	1.05374	7324	0	24
2019.04.05	04:00:00	1.05374	1.05456	1.05367	1.05416	5557	0	40
2019.04.05	08:00:00	1.05416	1.05728	1.05311	1.05693	10637	0	40
2019.04.05	12:00:00	1.05693	1.05709	1.05410	1.05637	12859	0	40
2019.04.05	16:00:00	1.05637	1.05652	1.05503	1.05540	17766	0	40
2019.04.05	20:00:00	1.05540	1.05604	1.05454	1.05454	4137	0	42
2019.04.08	00:00:00	1.05451	1.05548	1.05364	1.05424	6987	0	39
2019.04.08	04:00:00	1.05424	1.05458	1.05310	1.05322	9667	0	40
2019.04.08	08:00:00	1.05320	1.05496	1.05313	1.05473	9856	0	40
2019.04.08	12:00:00	1.05474	1.05561	1.05408	1.05498	11373	0	24
2019.04.08	16:00:00	1.05497	1.05677	1.05483	1.05670	15425	0	40
2019.04.08	20:00:00	1.05672	1.05711	1.05646	1.05671	4135	0	24
2019.04.09	00:00:00	1.05663	1.05699	1.05510	1.05647	6312	0	24
2019.04.09	04:00:00	1.05647	1.05770	1.05597	1.05766	8787	0	40
2019.04.09	08:00:00	1.05767	1.05856	1.05743	1.05806	12152	0	40
2019.04.09	12:00:00	1.05806	1.05946	1.05775	1.05884	12366	0	40
2019.04.09	16:00:00	1.05884	1.05894	1.05655	1.05666	14135	0	40
2019.04.09	20:00:00	1.05664	1.05704	1.05574	1.05636	5183	0	25
2019.04.10	00:00:00	1.05654	1.05654	1.05505	1.05530	6299	0	20
2019.04.10	04:00:00	1.05530	1.05747	1.05403	1.05693	12430	0	40
2019.04.10	08:00:00	1.05694	1.05936	1.05675	1.05782	12368	0	40
2019.04.10	12:00:00	1.05783	1.05843	1.05710	1.05816	15831	0	19
2019.04.10	16:00:00	1.05815	1.05959	1.05731	1.05947	17186	0	40
2019.04.10	20:00:00	1.05945	1.06039	1.05864	1.05908	8423	0	25
2019.04.11	00:00:00	1.05977	1.06040	1.05814	1.05864	6038	0	41
2019.04.11	04:00:00	1.05866	1.05882	1.05783	1.05856	8471	0	40
2019.04.11	08:00:00	1.05855	1.06014	1.05834	1.05853	16397	0	40
2019.04.11	12:00:00	1.05853	1.06067	1.05816	1.06038	14574	0	40
2019.04.11	16:00:00	1.06038	1.06094	1.05862	1.05888	14867	0	40
2019.04.11	20:00:00	1.05887	1.05915	1.05795	1.05810	6489	0	42
2019.04.12	00:00:00	1.05801	1.06009	1.05718	1.05974	8227	0	24
2019.04.12	04:00:00	1.05975	1.06034	1.05786	1.05883	9941	0	40
2019.04.12	08:00:00	1.05883	1.06122	1.05833	1.06115	15178	0	40
2019.04.12	12:00:00	1.06114	1.06234	1.06082	1.06189	16487	0	40
2019.04.12	16:00:00	1.06190	1.06221	1.05988	1.06018	16102	0	40
2019.04.12	20:00:00	1.06018	1.06048	1.05930	1.06011	4932	0	26
2019.04.15	00:00:00	1.06040	1.06090	1.05892	1.05895	7593	0	24
2019.04.15	04:00:00	1.05896	1.05907	1.05798	1.05831	11244	0	40
2019.04.15	08:00:00	1.05832	1.05970	1.05799	1.05942	12275	0	40
2019.04.15	12:00:00	1.05940	1.06134	1.05932	1.06119	11553	0	40
2019.04.15	16:00:00	1.06119	1.06204	1.06092	1.06115	11054	0	40
2019.04.15	20:00:00	1.06115	1.06135	1.06013	1.06018	4645	0	29
2019.04.16	00:00:00	1.06025	1.06038	1.05909	1.05915	6357	0	18
2019.04.16	04:00:00	1.05914	1.05975	1.05705	1.05727	13646	0	40
2019.04.16	08:00:00	1.05727	1.05837	1.05693	1.05824	14146	0	40
2019.04.16	12:00:00	1.05824	1.06041	1.05739	1.06034	17597	0	40
2019.04.16	16:00:00	1.06034	1.06157	1.05996	1.06142	14042	0	40
2019.04.16	20:00:00	1.06142	1.06165	1.06029	1.06029	4595	0	23
2019.04.17	00:00:00	1.06057	1.07290	1.05858	1.06751	10848	0	40
2019.04.17	04:00:00	1.06751	1.07051	1.06695	1.06784	14779	0	21
2019.04.17	08:00:00	1.06786	1.06874	1.06690	1.06826	13710	0	40
2019.04.17	12:00:00	1.06827	1.06856	1.06773	1.06821	11343	0	40
2019.04.17	16:00:00	1.06823	1.06867	1.06656	1.06703	16577	0	40
2019.04.17	20:00:00	1.06702	1.06725	1.06645	1.06673	5793	0	25
2019.04.18	00:00:00	1.06657	1.06754	1.06480	1.06670	6990	0	17
2019.04.18	04:00:00	1.06668	1.06972	1.06636	1.06836	11805	0	40
2019.04.18	08:00:00	1.06836	1.06917	1.06743	1.06786	13958	0	40
2019.04.18	12:00:00	1.06786	1.07061	1.06769	1.07021	13215	0	40
2019.04.18	16:00:00	1.07021	1.07129	1.06929	1.06934	13972	0	40
2019.04.18	20:00:00	1.06936	1.06988	1.06889	1.06889	6866	0	26
2019.04.19	00:00:00	1.06918	1.06992	1.06717	1.06920	6703	0	40
2019.04.19	04:00:00	1.06921	1.06939	1.06871	1.06907	5126	0	25
2019.04.19	08:00:00	1.06907	1.06986	1.06853	1.06880	6572	0	36
2019.04.19	12:00:00	1.06882	1.06946	1.06833	1.06894	5024	0	42
2019.04.19	16:00:00	1.06893	1.06948	1.06835	1.06854	9913	0	41
2019.04.19	20:00:00	1.06850	1.06899	1.06797	1.06873	4324	0	27
2019.04.22	00:00:00	1.06827	1.06990	1.06819	1.06916	5358	0	40
2019.04.22	04:00:00	1.06916	1.06966	1.06868	1.06887	7599	0	40
2019.04.22	08:00:00	1.06887	1.06950	1.06825	1.06829	5470	0	23
2019.04.22	12:00:00	1.06827	1.06885	1.06800	1.06805	3640	0	19
2019.04.22	16:00:00	1.06801	1.06848	1.06789	1.06831	5463	0	22
2019.04.22	20:00:00	1.06831	1.06866	1.06743	1.06743	3021	0	22
2019.04.23	00:00:00	1.06798	1.06839	1.06669	1.06738	7225	0	27
2019.04.23	04:00:00	1.06739	1.06804	1.06704	1.06765	8244	0	40
2019.04.23	08:00:00	1.06765	1.06834	1.06721	1.06745	10637	0	40
2019.04.23	12:00:00	1.06748	1.06815	1.06704	1.06772	8141	0	25
2019.04.23	16:00:00	1.06772	1.06825	1.06679	1.06707	12282	0	40
2019.04.23	20:00:00	1.06708	1.06721	1.06634	1.06641	4184	0	20
2019.04.24	00:00:00	1.06628	1.06703	1.06616	1.06660	6978	0	41
2019.04.24	04:00:00	1.06660	1.06688	1.06153	1.06224	19729	0	40
2019.04.24	08:00:00	1.06226	1.06338	1.06164	1.06310	11226	0	40
2019.04.24	12:00:00	1.06310	1.06349	1.06167	1.06311	10828	0	40
2019.04.24	16:00:00	1.06311	1.06424	1.06291	1.06349	17517	0	18
2019.04.24	20:00:00	1.06348	1.06424	1.06322	1.06322	8114	0	30
2019.04.25	00:00:00	1.06358	1.06380	1.06122	1.06343	6286	0	21
2019.04.25	04:00:00	1.06342	1.06406	1.06315	1.06383	8125	0	40
2019.04.25	08:00:00	1.06383	1.06399	1.06231	1.06329	12800	0	22
2019.04.25	12:00:00	1.06329	1.06339	1.05967	1.05989	12165	0	40
2019.04.25	16:00:00	1.05989	1.06027	1.05751	1.05921	14974	0	40
2019.04.25	20:00:00	1.05921	1.05931	1.05799	1.05843	4517	0	22
2019.04.26	00:00:00	1.05853	1.05881	1.05593	1.05744	6802	0	22
2019.04.26	04:00:00	1.05744	1.05800	1.05691	1.05693	11469	0	24
2019.04.26	08:00:00	1.05693	1.05749	1.05650	1.05720	11463	0	40
2019.04.26	12:00:00	1.05719	1.05821	1.05635	1.05643	12526	0	40
2019.04.26	16:00:00	1.05644	1.05661	1.05572	1.05615	16289	0	20
2019.04.26	20:00:00	1.05614	1.05716	1.05600	1.05688	4158	0	29
2019.04.29	00:00:00	1.05663	1.05767	1.05582	1.05595	4646	0	14
2019.04.29	04:00:00	1.05595	1.05663	1.05536	1.05632	5924	0	26
2019.04.29	08:00:00	1.05632	1.05777	1.05620	1.05727	6900	0	26
2019.04.29	12:00:00	1.05727	1.05769	1.05669	1.05732	6470	0	19
2019.04.29	16:00:00	1.05732	1.05871	1.05697	1.05835	10147	0	40
2019.04.29	20:00:00	1.05835	1.05855	1.05757	1.05766	4203	0	19
2019.04.30	00:00:00	1.05777	1.05867	1.05623	1.05708	4963	0	15
2019.04.30	04:00:00	1.05711	1.05753	1.05627	1.05694	11201	0	40
2019.04.30	08:00:00	1.05694	1.05718	1.05613	1.05653	9860	0	40
2019.04.30	12:00:00	1.05653	1.05703	1.05560	1.05590	9097	0	40
2019.04.30	16:00:00	1.05590	1.05606	1.05485	1.05548	13732	0	40
2019.04.30	20:00:00	1.05548	1.05598	1.05502	1.05540	8379	0	27
2019.05.01	00:00:00	1.05546	1.06140	1.05396	1.05976	7212	0	26
2019.05.01	04:00:00	1.05974	1.06061	1.05949	1.05992	4862	0	26
2019.05.01	08:00:00	1.05992	1.06036	1.05937	1.05948	5304	0	27
2019.05.01	12:00:00	1.05949	1.05955	1.05872	1.05879	7102	0	26
2019.05.01	16:00:00	1.05878	1.05888	1.05780	1.05802	11572	0	40
2019.05.01	20:00:00	1.05802	1.05961	1.05708	1.05862	17802	0	28
2019.05.02	00:00:00	1.05900	1.05968	1.05754	1.05808	5566	0	28
2019.05.02	04:00:00	1.05808	1.05917	1.05803	1.05883	8457	0	40
2019.05.02	08:00:00	1.05883	1.05925	1.05840	1.05877	10045	0	40
2019.05.02	12:00:00	1.05877	1.05940	1.05815	1.05854	10349	0	40
2019.05.02	16:00:00	1.05854	1.05928	1.05720	1.05765	17626	0	40
2019.05.02	20:00:00	1.05767	1.05817	1.05700	1.05734	6385	0	42
2019.05.03	00:00:00	1.05730	1.05776	1.05668	1.05706	5240	0	22
2019.05.03	04:00:00	1.05706	1.05737	1.05614	1.05618	6699	0	40
2019.05.03	08:00:00	1.05618	1.05722	1.05605	1.05718	7843	0	40
2019.05.03	12:00:00	1.05718	1.05757	1.05624	1.05632	11138	0	40
2019.05.03	16:00:00	1.05632	1.05693	1.05492	1.05681	19676	0	40
2019.05.03	20:00:00	1.05681	1.05720	1.05660	1.05670	6400	0	37
2019.05.06	00:00:00	1.05373	1.05626	1.05304	1.05449	17842	0	40
2019.05.06	04:00:00	1.05448	1.05566	1.05415	1.05500	12633	0	40
2019.05.06	08:00:00	1.05505	1.05594	1.05443	1.05583	12748	0	40
2019.05.06	12:00:00	1.05583	1.05745	1.05555	1.05737	11746	0	40
2019.05.06	16:00:00	1.05738	1.05894	1.05694	1.05842	13996	0	40
2019.05.06	20:00:00	1.05844	1.05930	1.05683	1.05796	6334	0	27
2019.05.07	00:00:00	1.05807	1.05872	1.05597	1.05832	6262	0	24
2019.05.07	04:00:00	1.05831	1.06404	1.05766	1.06393	14930	0	40
2019.05.07	08:00:00	1.06391	1.06403	1.06235	1.06246	15500	0	40
2019.05.07	12:00:00	1.06246	1.06413	1.06193	1.06305	10685	0	40
2019.05.07	16:00:00	1.06305	1.06354	1.06179	1.06231	16128	0	40
2019.05.07	20:00:00	1.06232	1.06245	1.06086	1.06174	8798	0	40
2019.05.08	00:00:00	1.06191	1.06290	1.06028	1.06258	5117	0	25
2019.05.08	04:00:00	1.06258	1.07221	1.06241	1.06542	16974	0	40
2019.05.08	08:00:00	1.06543	1.06590	1.06378	1.06421	12670	0	40
2019.05.08	12:00:00	1.06421	1.06428	1.06243	1.06282	15714	0	40
2019.05.08	16:00:00	1.06282	1.06426	1.06237	1.06335	18225	0	40
2019.05.08	20:00:00	1.06334	1.06380	1.06219	1.06227	7519	0	40
2019.05.09	00:00:00	1.06229	1.06283	1.06007	1.06095	8174	0	24
2019.05.09	04:00:00	1.06097	1.06122	1.06020	1.06075	10297	0	27
2019.05.09	08:00:00	1.06075	1.06082	1.05925	1.06023	11917	0	40
2019.05.09	12:00:00	1.06024	1.06131	1.05945	1.05973	11811	0	40
2019.05.09	16:00:00	1.05973	1.06086	1.05846	1.06041	21446	0	40
2019.05.09	20:00:00	1.06041	1.06086	1.05987	1.05991	9336	0	42
2019.05.10	00:00:00	1.06025	1.06124	1.05925	1.06046	16539	0	40
2019.05.10	04:00:00	1.06046	1.06161	1.05981	1.06038	25090	0	40
2019.05.10	08:00:00	1.06034	1.06125	1.05997	1.06047	15098	0	40
2019.05.10	12:00:00	1.06047	1.06094	1.05945	1.05959	13179	0	22
2019.05.10	16:00:00	1.05960	1.06051	1.05952	1.06030	19691	0	40
2019.05.10	20:00:00	1.06030	1.06101	1.06013	1.06019	9529	0	25
2019.05.13	00:00:00	1.05987	1.06032	1.05886	1.05987	7430	0	35
2019.05.13	04:00:00	1.05988	1.06046	1.05939	1.06006	9525	0	25
2019.05.13	08:00:00	1.06006	1.06029	1.05923	1.05954	10723	0	40
2019.05.13	12:00:00	1.05954	1.05982	1.05793	1.05807	12354	0	40
2019.05.13	16:00:00	1.05806	1.05809	1.05664	1.05706	18425	0	40
2019.05.13	20:00:00	1.05706	1.05764	1.05648	1.05689	9173	0	18
2019.05.14	00:00:00	1.05709	1.05732	1.05576	1.05618	6196	0	28
2019.05.14	04:00:00	1.05617	1.05658	1.05497	1.05557	8799	0	40
2019.05.14	08:00:00	1.05557	1.05642	1.05495	1.05501	9913	0	40
2019.05.14	12:00:00	1.05501	1.05563	1.05437	1.05507	10221	0	40
2019.05.14	16:00:00	1.05507	1.05624	1.05441	1.05619	14203	0	40
2019.05.14	20:00:00	1.05619	1.05637	1.05557	1.05557	5142	0	41
2019.05.15	00:00:00	1.05553	1.05596	1.05439	1.05486	6291	0	25
2019.05.15	04:00:00	1.05486	1.05542	1.05416	1.05530	13243	0	40
2019.05.15	08:00:00	1.05531	1.05542	1.05413	1.05507	10641	0	40
2019.05.15	12:00:00	1.05508	1.05588	1.05452	1.05585	12657	0	40
2019.05.15	16:00:00	1.05585	1.05664	1.05487	1.05528	20537	0	40
2019.05.15	20:00:00	1.05527	1.05602	1.05494	1.05504	6095	0	19
2019.05.16	00:00:00	1.05545	1.05588	1.05388	1.05519	7515	0	28
2019.05.16	04:00:00	1.05519	1.05592	1.05229	1.05521	14373	0	40
2019.05.16	08:00:00	1.05518	1.05573	1.05284	1.05304	10486	0	40
2019.05.16	12:00:00	1.05304	1.05324	1.05193	1.05255	13487	0	40
2019.05.16	16:00:00	1.05255	1.05455	1.05228	1.05448	11705	0	22
2019.05.16	20:00:00	1.05448	1.05456	1.05371	1.05377	6493	0	28
2019.05.17	00:00:00	1.05405	1.05483	1.05326	1.05460	7590	0	40
2019.05.17	04:00:00	1.05461	1.05494	1.05252	1.05294	10779	0	40
2019.05.17	08:00:00	1.05296	1.05302	1.05209	1.05261	12637	0	40
2019.05.17	12:00:00	1.05260	1.05374	1.05244	1.05368	11226	0	26
2019.05.17	16:00:00	1.05368	1.05414	1.05312	1.05381	16193	0	40
2019.05.17	20:00:00	1.05380	1.05397	1.05319	1.05362	6286	0	22
2019.05.20	00:00:00	1.05796	1.05796	1.05513	1.05727	8463	0	21
2019.05.20	04:00:00	1.05727	1.05859	1.05707	1.05838	9120	0	40
2019.05.20	08:00:00	1.05838	1.05917	1.05788	1.05843	10517	0	40
2019.05.20	12:00:00	1.05843	1.05858	1.05679	1.05712	9298	0	40
2019.05.20	16:00:00	1.05709	1.05780	1.05677	1.05728	11761	0	40
2019.05.20	20:00:00	1.05728	1.05757	1.05671	1.05673	4812	0	30
2019.05.21	00:00:00	1.05673	1.05889	1.05629	1.05815	8392	0	20
2019.05.21	04:00:00	1.05813	1.05847	1.05530	1.05641	14799	0	40
2019.05.21	08:00:00	1.05640	1.05676	1.05547	1.05609	9856	0	40
2019.05.21	12:00:00	1.05611	1.05762	1.05604	1.05654	11077	0	40
2019.05.21	16:00:00	1.05653	1.05762	1.05592	1.05761	15854	0	40
2019.05.21	20:00:00	1.05761	1.05813	1.05746	1.05746	4199	0	26
2019.05.22	00:00:00	1.05745	1.05794	1.05695	1.05722	5178	0	23
2019.05.22	04:00:00	1.05721	1.05848	1.05719	1.05832	7713	0	23
2019.05.22	08:00:00	1.05832	1.05891	1.05789	1.05830	9841	0	25
2019.05.22	12:00:00	1.05830	1.05927	1.05809	1.05880	10071	0	40
2019.05.22	16:00:00	1.05880	1.05919	1.05838	1.05895	12399	0	40
2019.05.22	20:00:00	1.05895	1.05959	1.05852	1.05913	5238	0	30
2019.05.23	00:00:00	1.05922	1.05938	1.05848	1.05916	5354	0	30
2019.05.23	04:00:00	1.05915	1.05946	1.05850	1.05900	6956	0	22
2019.05.23	08:00:00	1.05900	1.05923	1.05815	1.05845	11452	0	40
2019.05.23	12:00:00	1.05845	1.05927	1.05845	1.05871	10433	0	40
2019.05.23	16:00:00	1.05872	1.05896	1.05695	1.05726	20966	0	40
2019.05.23	20:00:00	1.05726	1.05803	1.05679	1.05775	7511	0	21
2019.05.24	00:00:00	1.05784	1.05823	1.05722	1.05786	7225	0	22
2019.05.24	04:00:00	1.05786	1.05848	1.05619	1.05645	9432	0	40
2019.05.24	08:00:00	1.05645	1.05672	1.05566	1.05635	9718	0	40
2019.05.24	12:00:00	1.05635	1.05646	1.05501	1.05544	11409	0	40
2019.05.24	16:00:00	1.05544	1.05606	1.05524	1.05600	12989	0	40
2019.05.24	20:00:00	1.05604	1.05785	1.05586	1.05704	4820	0	40
2019.05.27	00:00:00	1.05762	1.05772	1.05650	1.05766	4972	0	26
2019.05.27	04:00:00	1.05769	1.05785	1.05721	1.05738	7821	0	26
2019.05.27	08:00:00	1.05738	1.05778	1.05720	1.05739	9733	0	41
2019.05.27	12:00:00	1.05740	1.05785	1.05709	1.05752	5379	0	26
2019.05.27	16:00:00	1.05752	1.05756	1.05647	1.05664	4681	0	26
2019.05.27	20:00:00	1.05664	1.05720	1.05620	1.05654	1386	0	21
2019.05.28	00:00:00	1.05666	1.05724	1.05580	1.05710	5026	0	24
2019.05.28	04:00:00	1.05709	1.05753	1.05653	1.05690	6638	0	40
2019.05.28	08:00:00	1.05689	1.05717	1.05547	1.05585	10574	0	25
2019.05.28	12:00:00	1.05585	1.05756	1.05585	1.05738	10871	0	40
2019.05.28	16:00:00	1.05738	1.05850	1.05732	1.05808	15424	0	40
2019.05.28	20:00:00	1.05807	1.05825	1.05753	1.05754	6404	0	30
2019.05.29	00:00:00	1.05777	1.05833	1.05723	1.05747	6154	0	24
2019.05.29	04:00:00	1.05747	1.05864	1.05704	1.05847	8047	0	40
2019.05.29	08:00:00	1.05847	1.06083	1.05808	1.06078	12763	0	28
2019.05.29	12:00:00	1.06079	1.06178	1.06049	1.06160	11809	0	40
2019.05.29	16:00:00	1.06160	1.06275	1.06089	1.06155	16310	0	40
2019.05.29	20:00:00	1.06154	1.06225	1.06121	1.06196	6435	0	40
2019.05.30	00:00:00	1.06211	1.06233	1.06132	1.06178	6644	0	34
2019.05.30	04:00:00	1.06178	1.06255	1.06148	1.06212	9064	0	40
2019.05.30	08:00:00	1.06215	1.06295	1.06202	1.06229	8758	0	26
2019.05.30	12:00:00	1.06230	1.06247	1.06112	1.06208	9199	0	40
2019.05.30	16:00:00	1.06209	1.06271	1.06152	1.06188	11381	0	21
2019.05.30	20:00:00	1.06188	1.06212	1.06117	1.06121	5910	0	27
2019.05.31	00:00:00	1.06154	1.06197	1.06043	1.06120	7256	0	30
2019.05.31	04:00:00	1.06120	1.06232	1.06085	1.06200	13674	0	40
2019.05.31	08:00:00	1.06201	1.06232	1.06081	1.06115	13315	0	40
2019.05.31	12:00:00	1.06115	1.06254	1.06052	1.06203	17045	0	40
2019.05.31	16:00:00	1.06204	1.06284	1.06077	1.06086	19916	0	40
2019.05.31	20:00:00	1.06087	1.06118	1.05977	1.06023	9524	0	40
2019.06.03	00:00:00	1.06118	1.06189	1.06000	1.06073	10928	0	21
2019.06.03	04:00:00	1.06071	1.06144	1.06006	1.06079	11152	0	40
2019.06.03	08:00:00	1.06079	1.06137	1.05934	1.05969	12721	0	40
2019.06.03	12:00:00	1.05970	1.06033	1.05920	1.06014	13100	0	40
2019.06.03	16:00:00	1.06014	1.06040	1.05741	1.05770	16973	0	40
2019.06.03	20:00:00	1.05770	1.05807	1.05674	1.05705	12858	0	28
2019.06.04	00:00:00	1.05703	1.05773	1.05663	1.05743	5497	0	27
2019.06.04	04:00:00	1.05743	1.06062	1.05678	1.05871	12484	0	40
2019.06.04	08:00:00	1.05871	1.05968	1.05813	1.05901	16442	0	40
2019.06.04	12:00:00	1.05900	1.05921	1.05737	1.05854	19463	0	40
2019.06.04	16:00:00	1.05854	1.05912	1.05680	1.05856	23283	0	40
2019.06.04	20:00:00	1.05857	1.05883	1.05714	1.05769	8238	0	25
2019.06.05	00:00:00	1.05757	1.05857	1.05691	1.05718	4746	0	26
2019.06.05	04:00:00	1.05718	1.05739	1.05289	1.05475	11132	0	40
2019.06.05	08:00:00	1.05474	1.05483	1.05313	1.05360	13268	0	21
2019.06.05	12:00:00	1.05364	1.05407	1.04975	1.05121	20900	0	40
2019.06.05	16:00:00	1.05121	1.05310	1.05071	1.05255	27445	0	40
2019.06.05	20:00:00	1.05256	1.05323	1.05240	1.05299	7286	0	40
2019.06.06	00:00:00	1.05300	1.05314	1.05080	1.05184	9919	0	33
2019.06.06	04:00:00	1.05184	1.05201	1.05075	1.05185	13777	0	19
2019.06.06	08:00:00	1.05185	1.05286	1.05094	1.05285	13940	0	40
2019.06.06	12:00:00	1.05281	1.05317	1.05172	1.05298	19344	0	40
2019.06.06	16:00:00	1.05297	1.05342	1.05155	1.05212	21658	0	40
2019.06.06	20:00:00	1.05212	1.05396	1.05199	1.05297	8197	0	40
2019.06.07	00:00:00	1.05328	1.05397	1.05228	1.05364	11436	0	23
2019.06.07	04:00:00	1.05366	1.05426	1.05314	1.05327	13885	0	40
2019.06.07	08:00:00	1.05329	1.05351	1.05219	1.05235	9136	0	40
2019.06.07	12:00:00	1.05235	1.05242	1.05028	1.05070	14043	0	26
2019.06.07	16:00:00	1.05069	1.05118	1.04992	1.05006	22273	0	40
2019.06.07	20:00:00	1.05006	1.05104	1.05002	1.05033	6280	0	31
2019.06.10	00:00:00	1.05085	1.05202	1.04968	1.04979	7053	0	25
2019.06.10	04:00:00	1.04979	1.05080	1.04975	1.05047	14247	0	40
2019.06.10	08:00:00	1.05047	1.05235	1.05045	1.05226	11529	0	40
2019.06.10	12:00:00	1.05223	1.05309	1.05151	1.05158	10331	0	40
2019.06.10	16:00:00	1.05159	1.05313	1.05141	1.05259	14874	0	40
2019.06.10	20:00:00	1.05259	1.05331	1.05189	1.05270	6825	0	28
2019.06.11	00:00:00	1.05293	1.05333	1.05226	1.05268	7222	0	26
2019.06.11	04:00:00	1.05270	1.05506	1.05269	1.05451	13483	0	40
2019.06.11	08:00:00	1.05451	1.05542	1.05360	1.05518	12584	0	40
2019.06.11	12:00:00	1.05518	1.05784	1.05513	1.05751	16307	0	40
2019.06.11	16:00:00	1.05752	1.05752	1.05620	1.05658	17918	0	40
2019.06.11	20:00:00	1.05659	1.05744	1.05640	1.05717	6512	0	31
2019.06.12	00:00:00	1.05716	1.05784	1.05670	1.05772	8216	0	28
2019.06.12	04:00:00	1.05772	1.05791	1.05708	1.05744	12199	0	40
2019.06.12	08:00:00	1.05745	1.05746	1.05541	1.05565	13634	0	40
2019.06.12	12:00:00	1.05565	1.05690	1.05491	1.05614	17613	0	40
2019.06.12	16:00:00	1.05614	1.05635	1.05414	1.05434	18439	0	22
2019.06.12	20:00:00	1.05434	1.05451	1.05369	1.05377	5165	0	29
2019.06.13	00:00:00	1.05395	1.05409	1.05303	1.05316	5728	0	30
2019.06.13	04:00:00	1.05318	1.05366	1.05034	1.05116	18880	0	40
2019.06.13	08:00:00	1.05115	1.05195	1.05049	1.05184	12943	0	26
2019.06.13	12:00:00	1.05184	1.05331	1.05134	1.05324	11216	0	25
2019.06.13	16:00:00	1.05324	1.05361	1.05176	1.05193	12788	0	40
2019.06.13	20:00:00	1.05192	1.05329	1.05176	1.05243	6025	0	24
2019.06.14	00:00:00	1.05315	1.05537	1.05210	1.05531	6654	0	33
2019.06.14	04:00:00	1.05531	1.05611	1.05443	1.05570	11398	0	40
2019.06.14	08:00:00	1.05570	1.05650	1.05368	1.05454	13397	0	40
2019.06.14	12:00:00	1.05454	1.05729	1.05454	1.05723	13648	0	40
2019.06.14	16:00:00	1.05723	1.05724	1.05577	1.05654	15891	0	40
2019.06.14	20:00:00	1.05654	1.05862	1.05653	1.05810	5492	0	40
2019.06.17	00:00:00	1.05658	1.05868	1.05602	1.05787	5249	0	25
2019.06.17	04:00:00	1.05789	1.05815	1.05643	1.05680	7271	0	40
2019.06.17	08:00:00	1.05681	1.05697	1.05499	1.05511	8121	0	40
2019.06.17	12:00:00	1.05510	1.05577	1.05484	1.05539	9185	0	40
2019.06.17	16:00:00	1.05538	1.05590	1.05360	1.05454	10856	0	40
2019.06.17	20:00:00	1.05458	1.05528	1.05436	1.05486	5082	0	26
2019.06.18	00:00:00	1.05493	1.05501	1.05425	1.05461	4267	0	26
2019.06.18	04:00:00	1.05462	1.05485	1.05213	1.05283	10324	0	40
2019.06.18	08:00:00	1.05283	1.05312	1.05045	1.05111	14018	0	40
2019.06.18	12:00:00	1.05110	1.05208	1.05052	1.05176	14018	0	40
2019.06.18	16:00:00	1.05173	1.05342	1.05156	1.05292	19773	0	40
2019.06.18	20:00:00	1.05292	1.05367	1.05275	1.05276	5833	0	32
2019.06.19	00:00:00	1.05290	1.05336	1.05216	1.05285	5217	0	25
2019.06.19	04:00:00	1.05285	1.05346	1.05224	1.05259	11545	0	40
2019.06.19	08:00:00	1.05259	1.05331	1.05240	1.05303	9722	0	40
2019.06.19	12:00:00	1.05303	1.05334	1.05244	1.05282	9491	0	40
2019.06.19	16:00:00	1.05282	1.05290	1.05196	1.05229	12184	0	40
2019.06.19	20:00:00	1.05229	1.05306	1.05075	1.05220	18589	0	29
2019.06.20	00:00:00	1.05257	1.05323	1.04872	1.04897	9507	0	32
2019.06.20	04:00:00	1.04895	1.04981	1.04769	1.04875	17587	0	40
2019.06.20	08:00:00	1.04875	1.05063	1.04853	1.05007	17395	0	40
2019.06.20	12:00:00	1.05009	1.05183	1.04955	1.05147	15568	0	40
2019.06.20	16:00:00	1.05145	1.05233	1.04969	1.05004	18826	0	23
2019.06.20	20:00:00	1.05004	1.05136	1.04974	1.05068	7506	0	24
2019.06.21	00:00:00	1.05113	1.05166	1.04972	1.05052	7999	0	29
2019.06.21	04:00:00	1.05053	1.05083	1.04956	1.05062	13375	0	40
2019.06.21	08:00:00	1.05062	1.05356	1.05035	1.05242	14711	0	40
2019.06.21	12:00:00	1.05246	1.05328	1.05221	1.05271	12679	0	40
2019.06.21	16:00:00	1.05273	1.05344	1.05207	1.05309	20897	0	40
2019.06.21	20:00:00	1.05309	1.05334	1.05058	1.05064	8609	0	34
2019.06.24	00:00:00	1.05085	1.05399	1.05061	1.05391	9080	0	27
2019.06.24	04:00:00	1.05389	1.05482	1.05352	1.05363	11826	0	40
2019.06.24	08:00:00	1.05362	1.05367	1.05070	1.05085	10774	0	40
2019.06.24	12:00:00	1.05085	1.05316	1.05066	1.05298	8181	0	26
2019.06.24	16:00:00	1.05299	1.05314	1.05094	1.05169	13263	0	40
2019.06.24	20:00:00	1.05168	1.05242	1.05132	1.05168	5107	0	28
2019.06.25	00:00:00	1.05185	1.05235	1.04792	1.04868	8654	0	30
2019.06.25	04:00:00	1.04869	1.04906	1.04599	1.04670	19191	0	40
2019.06.25	08:00:00	1.04670	1.04859	1.04663	1.04848	13874	0	40
2019.06.25	12:00:00	1.04848	1.04937	1.04783	1.04798	8999	0	40
2019.06.25	16:00:00	1.04797	1.04903	1.04676	1.04698	14671	0	40
2019.06.25	20:00:00	1.04698	1.04862	1.04629	1.04815	15618	0	23
2019.06.26	00:00:00	1.04795	1.04981	1.04782	1.04926	8556	0	29
2019.06.26	04:00:00	1.04927	1.05305	1.04580	1.04671	15780	0	40
2019.06.26	08:00:00	1.04670	1.04773	1.04606	1.04703	12095	0	40
2019.06.26	12:00:00	1.04703	1.04768	1.04426	1.04437	13576	0	40
2019.06.26	16:00:00	1.04437	1.04533	1.04398	1.04456	14004	0	40
2019.06.26	20:00:00	1.04455	1.04617	1.04448	1.04496	5295	0	21
2019.06.27	00:00:00	1.04551	1.04621	1.04496	1.04603	7177	0	26
2019.06.27	04:00:00	1.04603	1.04758	1.04603	1.04642	14483	0	40
2019.06.27	08:00:00	1.04642	1.04725	1.04551	1.04568	11759	0	40
2019.06.27	12:00:00	1.04568	1.04584	1.04447	1.04512	10816	0	40
2019.06.27	16:00:00	1.04512	1.04561	1.04423	1.04464	12000	0	40
2019.06.27	20:00:00	1.04465	1.04591	1.04457	1.04575	4035	0	27
2019.06.28	00:00:00	1.04578	1.04600	1.04438	1.04470	5439	0	21
2019.06.28	04:00:00	1.04470	1.04653	1.04434	1.04610	11036	0	40
2019.06.28	08:00:00	1.04610	1.04618	1.04493	1.04510	9681	0	40
2019.06.28	12:00:00	1.04510	1.04533	1.04349	1.04412	9341	0	40
2019.06.28	16:00:00	1.04412	1.04477	1.04345	1.04467	13785	0	40
2019.06.28	20:00:00	1.04468	1.04514	1.04448	1.04491	4947	0	31
2019.07.01	00:00:00	1.04486	1.04614	1.04349	1.04388	8727	0	28
2019.07.01	04:00:00	1.04387	1.04483	1.04341	1.04379	11092	0	40
2019.07.01	08:00:00	1.04379	1.04445	1.04302	1.04312	13512	0	40
2019.07.01	12:00:00	1.04312	1.04438	1.04286	1.04385	9724	0	40
2019.07.01	16:00:00	1.04385	1.04420	1.04250	1.04295	11727	0	40
2019.07.01	20:00:00	1.04295	1.04360	1.04265	1.04329	5068	0	24
2019.07.02	00:00:00	1.04293	1.04442	1.04293	1.04373	6204	0	34
2019.07.02	04:00:00	1.04373	1.04588	1.04231	1.04566	10004	0	40
2019.07.02	08:00:00	1.04567	1.04857	1.04513	1.04773	9557	0	40
2019.07.02	12:00:00	1.04773	1.04988	1.04759	1.04922	10179	0	40
2019.07.02	16:00:00	1.04920	1.04934	1.04673	1.04691	11271	0	40
2019.07.02	20:00:00	1.04691	1.04824	1.04634	1.04769	6169	0	23
2019.07.03	00:00:00	1.04768	1.04802	1.04616	1.04622	5134	0	22
2019.07.03	04:00:00	1.04621	1.04743	1.04570	1.04737	11896	0	40
2019.07.03	08:00:00	1.04737	1.04784	1.04655	1.04783	11087	0	40
2019.07.03	12:00:00	1.04784	1.04959	1.04780	1.04846	10613	0	40
2019.07.03	16:00:00	1.04846	1.04881	1.04703	1.04860	13602	0	40
2019.07.03	20:00:00	1.04858	1.04949	1.04731	1.04745	2274	0	20
2019.07.04	00:00:00	1.04821	1.04884	1.04645	1.04861	5209	0	14
2019.07.04	04:00:00	1.04861	1.04914	1.04794	1.04897	5809	0	22
2019.07.04	08:00:00	1.04897	1.05100	1.04852	1.05051	6211	0	23
2019.07.04	12:00:00	1.05051	1.05089	1.04984	1.05049	4591	0	21
2019.07.04	16:00:00	1.05048	1.05074	1.04893	1.04932	4342	0	18
2019.07.04	20:00:00	1.04931	1.05009	1.04915	1.04958	1740	0	19
2019.07.05	00:00:00	1.04973	1.05001	1.04920	1.04998	5050	0	20
2019.07.05	04:00:00	1.04998	1.05167	1.04958	1.05161	4617	0	23
2019.07.05	08:00:00	1.05160	1.05183	1.05063	1.05182	8014	0	40
2019.07.05	12:00:00	1.05176	1.05391	1.05166	1.05368	11391	0	40
2019.07.05	16:00:00	1.05367	1.05426	1.05261	1.05345	17385	0	40
2019.07.05	20:00:00	1.05345	1.05374	1.05201	1.05239	4391	0	30
2019.07.08	00:00:00	1.05249	1.05371	1.05197	1.05202	1556	0	18
2019.07.08	04:00:00	1.05209	1.05277	1.05170	1.05219	1580	0	19
2019.07.08	08:00:00	1.05201	1.05240	1.05082	1.05120	1040	0	18
2019.07.08	12:00:00	1.05114	1.05199	1.05068	1.05119	5018	0	13
2019.07.08	16:00:00	1.05117	1.05212	1.05117	1.05190	10885	0	14
2019.07.08	20:00:00	1.05190	1.05295	1.05158	1.05219	4163	0	14
2019.07.09	00:00:00	1.05202	1.05264	1.05145	1.05189	6010	0	14
2019.07.09	04:00:00	1.05189	1.05189	1.04917	1.04993	6467	0	14
2019.07.09	08:00:00	1.04993	1.05055	1.04906	1.04942	10500	0	13
2019.07.09	12:00:00	1.04942	1.04954	1.04782	1.04876	11053	0	14
2019.07.09	16:00:00	1.04876	1.04908	1.04785	1.04831	11785	0	13
2019.07.09	20:00:00	1.04831	1.04897	1.04795	1.04830	6015	0	14
2019.07.10	00:00:00	1.04832	1.04935	1.04817	1.04922	5491	0	14
2019.07.10	04:00:00	1.04923	1.05328	1.04864	1.04875	9477	0	14
2019.07.10	08:00:00	1.04875	1.04884	1.04758	1.04834	11366	0	13
2019.07.10	12:00:00	1.04834	1.04908	1.04591	1.04647	13863	0	13
2019.07.10	16:00:00	1.04646	1.04758	1.04616	1.04677	22473	0	13
2019.07.10	20:00:00	1.04675	1.04802	1.04665	1.04700	7589	0	14
2019.07.11	00:00:00	1.04630	1.04750	1.04630	1.04685	5384	0	14
2019.07.11	04:00:00	1.04683	1.04695	1.04597	1.04626	8480	0	14
2019.07.11	08:00:00	1.04626	1.04641	1.04549	1.04586	10165	0	13
2019.07.11	12:00:00	1.04586	1.04663	1.04447	1.04521	15200	0	14
2019.07.11	16:00:00	1.04521	1.04725	1.04501	1.04701	18408	0	14
2019.07.11	20:00:00	1.04698	1.04728	1.04614	1.04644	9199	0	14
2019.07.12	00:00:00	1.04647	1.04732	1.04614	1.04701	4458	0	14
2019.07.12	04:00:00	1.04700	1.04754	1.04596	1.04663	6263	0	14
2019.07.12	08:00:00	1.04662	1.04769	1.04637	1.04722	11982	0	13
2019.07.12	12:00:00	1.04724	1.04838	1.04705	1.04820	16014	0	13
2019.07.12	16:00:00	1.04820	1.04897	1.04767	1.04847	16551	0	14
2019.07.12	20:00:00	1.04847	1.04917	1.04799	1.04805	6361	0	14
2019.07.15	00:00:00	1.04873	1.04926	1.04695	1.04701	3864	0	14
2019.07.15	04:00:00	1.04701	1.04708	1.04557	1.04631	9255	0	13
2019.07.15	08:00:00	1.04631	1.04652	1.04551	1.04552	7228	0	14
2019.07.15	12:00:00	1.04552	1.04622	1.04459	1.04592	10008	0	14
2019.07.15	16:00:00	1.04591	1.04734	1.04581	1.04704	10391	0	13
2019.07.15	20:00:00	1.04704	1.04769	1.04678	1.04723	3735	0	14
2019.07.16	00:00:00	1.04722	1.04852	1.04535	1.04631	4921	0	14
2019.07.16	04:00:00	1.04631	1.04654	1.04431	1.04514	8272	0	16
2019.07.16	08:00:00	1.04513	1.04559	1.04429	1.04518	8682	0	15
2019.07.16	12:00:00	1.04518	1.04665	1.04505	1.04637	12506	0	14
2019.07.16	16:00:00	1.04633	1.04831	1.04610	1.04709	14997	0	13
2019.07.16	20:00:00	1.04710	1.04732	1.04572	1.04591	8320	0	16
2019.07.17	00:00:00	1.04592	1.04694	1.04515	1.04631	3536	0	14
2019.07.17	04:00:00	1.04630	1.04630	1.04418	1.04459	7310	0	13
2019.07.17	08:00:00	1.04457	1.04495	1.04260	1.04280	9512	0	13
2019.07.17	12:00:00	1.04277	1.04285	1.04127	1.04141	8615	0	13
2019.07.17	16:00:00	1.04138	1.04191	1.04085	1.04116	13676	0	13
2019.07.17	20:00:00	1.04116	1.04158	1.04062	1.04105	5790	0	16
2019.07.18	00:00:00	1.04106	1.04160	1.04040	1.04069	4574	0	15
2019.07.18	04:00:00	1.04069	1.04348	1.03993	1.04262	6978	0	13
2019.07.18	08:00:00	1.04262	1.04417	1.04249	1.04343	8017	0	13
2019.07.18	12:00:00	1.04343	1.04450	1.04257	1.04354	14028	0	13
2019.07.18	16:00:00	1.04353	1.04371	1.04197	1.04214	12014	0	13
2019.07.18	20:00:00	1.04214	1.04326	1.04139	1.04282	14713	0	15
2019.07.19	00:00:00	1.04280	1.04342	1.04175	1.04242	9043	0	13
2019.07.19	04:00:00	1.04241	1.04298	1.04169	1.04244	6336	0	15
2019.07.19	08:00:00	1.04242	1.04302	1.04177	1.04277	8204	0	13
2019.07.19	12:00:00	1.04277	1.04284	1.04125	1.04168	10199	0	14
2019.07.19	16:00:00	1.04168	1.04258	1.04002	1.04062	16251	0	13
2019.07.19	20:00:00	1.04061	1.04177	1.04060	1.04143	10280	0	13
2019.07.22	00:00:00	1.04056	1.04221	1.04033	1.04138	6175	0	15
2019.07.22	04:00:00	1.04137	1.04149	1.03856	1.03891	7135	0	14
2019.07.22	08:00:00	1.03892	1.03938	1.03849	1.03890	7883	0	13
2019.07.22	12:00:00	1.03890	1.03989	1.03865	1.03942	9421	0	13
2019.07.22	16:00:00	1.03942	1.03990	1.03889	1.03936	12156	0	14
2019.07.22	20:00:00	1.03936	1.04058	1.03933	1.04038	5467	0	14
2019.07.23	00:00:00	1.04043	1.04347	1.04015	1.04269	6551	0	13
2019.07.23	04:00:00	1.04267	1.04346	1.04234	1.04294	4836	0	14
2019.07.23	08:00:00	1.04294	1.04486	1.04197	1.04431	7340	0	13
2019.07.23	12:00:00	1.04432	1.04519	1.04354	1.04385	8304	0	13
2019.07.23	16:00:00	1.04385	1.04444	1.04332	1.04413	11211	0	13
2019.07.23	20:00:00	1.04412	1.04479	1.04346	1.04457	4361	0	16
2019.07.24	00:00:00	1.04460	1.04535	1.04261	1.04300	4790	0	14
2019.07.24	04:00:00	1.04300	1.04301	1.04204	1.04260	3760	0	15
2019.07.24	08:00:00	1.04260	1.04293	1.04132	1.04179	8757	0	13
2019.07.24	12:00:00	1.04179	1.04268	1.04041	1.04062	6497	0	13
2019.07.24	16:00:00	1.04061	1.04085	1.03940	1.03978	8496	0	14
2019.07.24	20:00:00	1.03978	1.04071	1.03965	1.04018	5070	0	14
2019.07.25	00:00:00	1.04018	1.04184	1.03989	1.04104	4272	0	14
2019.07.25	04:00:00	1.04104	1.04154	1.03968	1.04064	5713	0	15
2019.07.25	08:00:00	1.04067	1.04177	1.04014	1.04167	5632	0	14
2019.07.25	12:00:00	1.04168	1.04244	1.04036	1.04147	14221	0	13
2019.07.25	16:00:00	1.04149	1.04372	1.04051	1.04341	15770	0	13
2019.07.25	20:00:00	1.04341	1.04370	1.04243	1.04264	6647	0	16
2019.07.26	00:00:00	1.04269	1.04395	1.04194	1.04387	4259	0	14
2019.07.26	04:00:00	1.04387	1.04395	1.04285	1.04335	4438	0	13
2019.07.26	08:00:00	1.04335	1.04340	1.04214	1.04254	5529	0	13
2019.07.26	12:00:00	1.04254	1.04306	1.04187	1.04204	6913	0	13
2019.07.26	16:00:00	1.04204	1.04242	1.04113	1.04142	10544	0	13
2019.07.26	20:00:00	1.04142	1.04172	1.04092	1.04129	2018	0	16
2019.07.29	00:00:00	1.04066	1.04149	1.04034	1.04111	2552	0	13
2019.07.29	04:00:00	1.04110	1.04229	1.04091	1.04157	3451	0	15
2019.07.29	08:00:00	1.04157	1.04264	1.04138	1.04194	3759	0	14
2019.07.29	12:00:00	1.04194	1.04289	1.04181	1.04270	4125	0	15
2019.07.29	16:00:00	1.04270	1.04344	1.04142	1.04180	7393	0	13
2019.07.29	20:00:00	1.04181	1.04184	1.04026	1.04040	3277	0	13
2019.07.30	00:00:00	1.04039	1.04105	1.04014	1.04096	2963	0	16
2019.07.30	04:00:00	1.04093	1.04160	1.04031	1.04085	6134	0	13
2019.07.30	08:00:00	1.04085	1.04166	1.04046	1.04064	8655	0	13
2019.07.30	12:00:00	1.04062	1.04123	1.04017	1.04084	8563	0	13
2019.07.30	16:00:00	1.04084	1.04173	1.03932	1.03943	9702	0	14
2019.07.30	20:00:00	1.03943	1.03958	1.03867	1.03883	4457	0	14
2019.07.31	00:00:00	1.03882	1.03957	1.03855	1.03896	3914	0	14
2019.07.31	04:00:00	1.03896	1.04561	1.03896	1.04527	9141	0	14
2019.07.31	08:00:00	1.04528	1.04540	1.04271	1.04306	9621	0	14
2019.07.31	12:00:00	1.04306	1.04415	1.04236	1.04357	9591	0	14
2019.07.31	16:00:00	1.04355	1.04471	1.04353	1.04380	11167	0	13
2019.07.31	20:00:00	1.04380	1.04468	1.04137	1.04269	31605	0	14
2019.08.01	00:00:00	1.04302	1.04534	1.04241	1.04443	9617	0	13
2019.08.01	04:00:00	1.04443	1.04531	1.04418	1.04441	12014	0	14
2019.08.01	08:00:00	1.04442	1.04477	1.04418	1.04437	13887	0	15
2019.08.01	12:00:00	1.04436	1.04486	1.04306	1.04435	17693	0	13
2019.08.01	16:00:00	1.04432	1.04509	1.04349	1.04429	21240	0	14
2019.08.01	20:00:00	1.04429	1.04453	1.03618	1.03752	27105	0	13
2019.08.02	00:00:00	1.03659	1.03895	1.03599	1.03813	11591	0	14
2019.08.02	04:00:00	1.03819	1.04125	1.03794	1.04100	19100	0	14
2019.08.02	08:00:00	1.04100	1.04190	1.03978	1.03987	19039	0	14
2019.08.02	12:00:00	1.03985	1.04081	1.03849	1.04033	18049	0	13
2019.08.02	16:00:00	1.04033	1.04153	1.03845	1.04012	25261	0	14
2019.08.02	20:00:00	1.04011	1.04091	1.03946	1.03979	14010	0	14
2019.08.05	00:00:00	1.03969	1.04273	1.03958	1.04262	10145	0	15
2019.08.05	04:00:00	1.04261	1.04261	1.03844	1.03968	21733	0	14
2019.08.05	08:00:00	1.03967	1.03980	1.03717	1.03730	15031	0	13
2019.08.05	12:00:00	1.03730	1.03837	1.03696	1.03721	13002	0	14
2019.08.05	16:00:00	1.03721	1.03804	1.03563	1.03568	21187	0	13
2019.08.05	20:00:00	1.03568	1.03618	1.03410	1.03431	12739	0	14
2019.08.06	00:00:00	1.03556	1.03744	1.02614	1.03240	16352	0	13
2019.08.06	04:00:00	1.03240	1.03903	1.03211	1.03761	21320	0	13
2019.08.06	08:00:00	1.03761	1.03937	1.03649	1.03683	17183	0	14
2019.08.06	12:00:00	1.03683	1.03785	1.03592	1.03782	12826	0	14
2019.08.06	16:00:00	1.03782	1.03889	1.03564	1.03654	19123	0	14
2019.08.06	20:00:00	1.03654	1.03655	1.03487	1.03580	12034	0	13
2019.08.07	00:00:00	1.03570	1.03638	1.03467	1.03500	6394	0	14
2019.08.07	04:00:00	1.03500	1.04820	1.03366	1.04695	22853	0	13
2019.08.07	08:00:00	1.04690	1.04954	1.04653	1.04706	16699	0	13
2019.08.07	12:00:00	1.04706	1.04747	1.04529	1.04650	14766	0	13
2019.08.07	16:00:00	1.04651	1.04698	1.04461	1.04687	28362	0	13
2019.08.07	20:00:00	1.04688	1.04930	1.04607	1.04874	17964	0	14
2019.08.08	00:00:00	1.04796	1.04953	1.04589	1.04780	11021	0	13
2019.08.08	04:00:00	1.04780	1.04938	1.04737	1.04856	18747	0	14
2019.08.08	08:00:00	1.04856	1.04962	1.04820	1.04952	9279	0	14
2019.08.08	12:00:00	1.04952	1.05204	1.04948	1.05115	11526	0	13
2019.08.08	16:00:00	1.05115	1.05171	1.04986	1.05065	25119	0	13
2019.08.08	20:00:00	1.05064	1.05073	1.04914	1.04933	13901	0	15
2019.08.09	00:00:00	1.04910	1.05121	1.04724	1.05039	11498	0	13
2019.08.09	04:00:00	1.05039	1.05069	1.04813	1.04894	12828	0	13
2019.08.09	08:00:00	1.04894	1.04997	1.04836	1.04948	7977	0	13
2019.08.09	12:00:00	1.04950	1.04968	1.04826	1.04923	12852	0	13
2019.08.09	16:00:00	1.04922	1.05049	1.04840	1.04985	18879	0	13
2019.08.09	20:00:00	1.04985	1.05092	1.04897	1.04905	14707	0	18
2019.08.12	00:00:00	1.04829	1.05130	1.04825	1.04892	13536	0	15
2019.08.12	04:00:00	1.04892	1.04970	1.04855	1.04905	16502	0	15
2019.08.12	08:00:00	1.04907	1.04953	1.04779	1.04793	13546	0	15
2019.08.12	12:00:00	1.04793	1.04811	1.04544	1.04623	14446	0	13
2019.08.12	16:00:00	1.04623	1.04773	1.04528	1.04743	15696	0	13
2019.08.12	20:00:00	1.04743	1.04772	1.04671	1.04681	9789	0	13
2019.08.13	00:00:00	1.04674	1.04822	1.04600	1.04792	13587	0	15
2019.08.13	04:00:00	1.04793	1.04856	1.04716	1.04831	17445	0	14
2019.08.13	08:00:00	1.04831	1.04916	1.04773	1.04885	12195	0	14
2019.08.13	12:00:00	1.04886	1.05154	1.04789	1.05115	17444	0	13
2019.08.13	16:00:00	1.05113	1.05444	1.05067	1.05232	31427	0	13
2019.08.13	20:00:00	1.05232	1.05353	1.05188	1.05240	12351	0	14
2019.08.14	00:00:00	1.05232	1.05349	1.05139	1.05197	9598	0	15
2019.08.14	04:00:00	1.05197	1.05262	1.05038	1.05137	16826	0	15
2019.08.14	08:00:00	1.05137	1.05202	1.04995	1.05072	13363	0	13
2019.08.14	12:00:00	1.05072	1.05136	1.04889	1.04916	20104	0	14
2019.08.14	16:00:00	1.04916	1.04961	1.04791	1.04878	24005	0	14
2019.08.14	20:00:00	1.04878	1.04991	1.04751	1.04818	15549	0	16
2019.08.15	00:00:00	1.04798	1.04974	1.04757	1.04932	13454	0	14
2019.08.15	04:00:00	1.04932	1.05359	1.04901	1.05267	16200	0	13
2019.08.15	08:00:00	1.05266	1.05336	1.05168	1.05175	17511	0	13
2019.08.15	12:00:00	1.05175	1.05312	1.05127	1.05290	28881	0	13
2019.08.15	16:00:00	1.05294	1.05306	1.05090	1.05129	20158	0	14
2019.08.15	20:00:00	1.05129	1.05185	1.05042	1.05095	15749	0	15
2019.08.16	00:00:00	1.05020	1.05363	1.05018	1.05304	13150	0	14
2019.08.16	04:00:00	1.05304	1.05484	1.05300	1.05401	16700	0	13
2019.08.16	08:00:00	1.05401	1.05513	1.05334	1.05496	13817	0	13
2019.08.16	12:00:00	1.05494	1.05503	1.05376	1.05426	16339	0	13
2019.08.16	16:00:00	1.05425	1.05524	1.05229	1.05517	22217	0	14
2019.08.16	20:00:00	1.05517	1.05556	1.05425	1.05440	7586	0	17
2019.08.19	00:00:00	1.05387	1.05657	1.05226	1.05645	11975	0	13
2019.08.19	04:00:00	1.05646	1.05685	1.05558	1.05644	13439	0	15
2019.08.19	08:00:00	1.05644	1.05684	1.05489	1.05582	9735	0	13
2019.08.19	12:00:00	1.05581	1.05648	1.05539	1.05600	7690	0	14
2019.08.19	16:00:00	1.05600	1.05654	1.05390	1.05534	9808	0	14
2019.08.19	20:00:00	1.05534	1.05615	1.05502	1.05508	9412	0	17
2019.08.20	00:00:00	1.05489	1.05565	1.05434	1.05441	12123	0	15
2019.08.20	04:00:00	1.05441	1.05625	1.05406	1.05592	18267	0	13
2019.08.20	08:00:00	1.05592	1.05817	1.05588	1.05711	21260	0	14
2019.08.20	12:00:00	1.05710	1.05780	1.05696	1.05748	8433	0	14
2019.08.20	16:00:00	1.05748	1.05768	1.05515	1.05612	13228	0	14
2019.08.20	20:00:00	1.05612	1.05630	1.05550	1.05594	6850	0	16
2019.08.21	00:00:00	1.05597	1.05744	1.05590	1.05696	15064	0	13
2019.08.21	04:00:00	1.05696	1.05791	1.05668	1.05764	13130	0	14
2019.08.21	08:00:00	1.05764	1.05969	1.05758	1.05965	10782	0	13
2019.08.21	12:00:00	1.05966	1.05994	1.05835	1.05907	6010	0	14
2019.08.21	16:00:00	1.05907	1.06004	1.05874	1.05969	7986	0	13
2019.08.21	20:00:00	1.05969	1.06008	1.05850	1.05855	11068	0	14
2019.08.22	00:00:00	1.05855	1.05961	1.05835	1.05850	14790	0	15
2019.08.22	04:00:00	1.05850	1.06096	1.05769	1.06049	14664	0	14
2019.08.22	08:00:00	1.06051	1.06067	1.05919	1.05985	16295	0	13
2019.08.22	12:00:00	1.05985	1.06134	1.05939	1.06088	19131	0	14
2019.08.22	16:00:00	1.06089	1.06136	1.05992	1.06064	22323	0	15
2019.08.22	20:00:00	1.06064	1.06158	1.06057	1.06081	7617	0	14
2019.08.23	00:00:00	1.06075	1.06138	1.05672	1.05730	11185	0	13
2019.08.23	04:00:00	1.05730	1.05824	1.05709	1.05743	14002	0	14
2019.08.23	08:00:00	1.05743	1.05890	1.05686	1.05871	10323	0	14
2019.08.23	12:00:00	1.05871	1.05992	1.05734	1.05764	14946	0	13
2019.08.23	16:00:00	1.05762	1.05834	1.05468	1.05521	26848	0	14
2019.08.23	20:00:00	1.05522	1.05667	1.05483	1.05499	13652	0	13
2019.08.26	00:00:00	1.05465	1.05584	1.05314	1.05317	26410	0	13
2019.08.26	04:00:00	1.05318	1.05630	1.05306	1.05551	25963	0	13
2019.08.26	08:00:00	1.05552	1.06039	1.05489	1.06024	26201	0	13
2019.08.26	12:00:00	1.06024	1.06124	1.05980	1.06084	20352	0	14
2019.08.26	16:00:00	1.06086	1.06105	1.05953	1.06025	20988	0	15
2019.08.26	20:00:00	1.06025	1.06126	1.05924	1.05931	12394	0	14
2019.08.27	00:00:00	1.06036	1.06126	1.05885	1.06100	9836	0	14
2019.08.27	04:00:00	1.06100	1.06158	1.05996	1.06146	14456	0	13
2019.08.27	08:00:00	1.06146	1.06149	1.05926	1.05969	13621	0	13
2019.08.27	12:00:00	1.05969	1.06130	1.05950	1.06041	10047	0	12
2019.08.27	16:00:00	1.06041	1.06210	1.06033	1.06142	17645	0	12
2019.08.27	20:00:00	1.06142	1.06196	1.06084	1.06091	8764	0	14
2019.08.28	00:00:00	1.06090	1.06241	1.06056	1.06132	13674	0	13
2019.08.28	04:00:00	1.06132	1.06331	1.06039	1.06320	18743	0	12
2019.08.28	08:00:00	1.06320	1.06458	1.06268	1.06314	15563	0	16
2019.08.28	12:00:00	1.06314	1.06386	1.06114	1.06292	11803	0	14
2019.08.28	16:00:00	1.06292	1.06494	1.06276	1.06424	22070	0	13
2019.08.28	20:00:00	1.06424	1.06436	1.06235	1.06246	11605	0	13
2019.08.29	00:00:00	1.06231	1.06447	1.06161	1.06352	14856	0	13
2019.08.29	04:00:00	1.06352	1.06631	1.06352	1.06620	15367	0	12
2019.08.29	08:00:00	1.06620	1.06623	1.06344	1.06370	20868	0	12
2019.08.29	12:00:00	1.06370	1.06457	1.06277	1.06375	15682	0	12
2019.08.29	16:00:00	1.06375	1.06630	1.06319	1.06590	14878	0	12
2019.08.29	20:00:00	1.06590	1.06697	1.06536	1.06549	7737	0	12
2019.08.30	00:00:00	1.06548	1.06671	1.06548	1.06607	12008	0	13
2019.08.30	04:00:00	1.06605	1.06751	1.06546	1.06621	16802	0	13
2019.08.30	08:00:00	1.06621	1.06691	1.06542	1.06637	17152	0	12
2019.08.30	12:00:00	1.06632	1.06761	1.06580	1.06711	12949	0	14
2019.08.30	16:00:00	1.06711	1.06899	1.06551	1.06871	17059	0	12
2019.08.30	20:00:00	1.06871	1.06928	1.06705	1.06734	6922	0	14
2019.09.02	00:00:00	1.06605	1.06852	1.06597	1.06793	12366	0	13
2019.09.02	04:00:00	1.06794	1.06854	1.06591	1.06641	16724	0	12
2019.09.02	08:00:00	1.06641	1.06745	1.06555	1.06559	11550	0	13
2019.09.02	12:00:00	1.06559	1.06575	1.06421	1.06475	7996	0	13
2019.09.02	16:00:00	1.06475	1.06539	1.06388	1.06449	6192	0	14
2019.09.02	20:00:00	1.06447	1.06511	1.06376	1.06426	1641	0	14
2019.09.03	00:00:00	1.06422	1.06572	1.06364	1.06562	15585	0	12
2019.09.03	04:00:00	1.06562	1.06812	1.06443	1.06757	18917	0	12
2019.09.03	08:00:00	1.06757	1.06914	1.06683	1.06894	17514	0	12
2019.09.03	12:00:00	1.06895	1.07080	1.06864	1.07049	15887	0	12
2019.09.03	16:00:00	1.07049	1.07058	1.06807	1.06888	16171	0	12
2019.09.03	20:00:00	1.06888	1.06888	1.06639	1.06639	7486	0	13
2019.09.04	00:00:00	1.06631	1.06803	1.06614	1.06788	16765	0	12
2019.09.04	04:00:00	1.06788	1.06944	1.06694	1.06937	17446	0	12
2019.09.04	08:00:00	1.06936	1.07056	1.06717	1.06768	16269	0	12
2019.09.04	12:00:00	1.06768	1.06927	1.06730	1.06882	14115	0	14
2019.09.04	16:00:00	1.06882	1.06980	1.06851	1.06893	12141	0	13
2019.09.04	20:00:00	1.06892	1.06926	1.06785	1.06829	5297	0	12
2019.09.05	00:00:00	1.06823	1.06964	1.06780	1.06841	10447	0	12
2019.09.05	04:00:00	1.06841	1.07075	1.06808	1.06938	20095	0	12
2019.09.05	08:00:00	1.06939	1.06998	1.06758	1.06779	17477	0	12
2019.09.05	12:00:00	1.06779	1.06821	1.06637	1.06784	15151	0	12
2019.09.05	16:00:00	1.06785	1.07004	1.06746	1.06954	14403	0	13
2019.09.05	20:00:00	1.06954	1.06963	1.06846	1.06869	6682	0	15
2019.09.06	00:00:00	1.06874	1.07052	1.06858	1.06876	9703	0	13
2019.09.06	04:00:00	1.06876	1.06880	1.06705	1.06792	12267	0	13
2019.09.06	08:00:00	1.06792	1.06846	1.06585	1.06597	14673	0	13
2019.09.06	12:00:00	1.06597	1.06693	1.06495	1.06549	17598	0	14
2019.09.06	16:00:00	1.06549	1.06561	1.06317	1.06419	14862	0	12
2019.09.06	20:00:00	1.06419	1.06599	1.06411	1.06528	7358	0	13
2019.09.09	00:00:00	1.06519	1.06631	1.06386	1.06416	15006	0	13
2019.09.09	04:00:00	1.06415	1.06693	1.06311	1.06675	17331	0	13
2019.09.09	08:00:00	1.06678	1.06887	1.06643	1.06789	13204	0	13
2019.09.09	12:00:00	1.06788	1.06795	1.06583	1.06671	8520	0	13
2019.09.09	16:00:00	1.06670	1.06928	1.06657	1.06800	11901	0	14
2019.09.09	20:00:00	1.06801	1.06834	1.06722	1.06744	6456	0	15
2019.09.10	00:00:00	1.06734	1.06843	1.06684	1.06700	8612	0	13
2019.09.10	04:00:00	1.06702	1.06712	1.06436	1.06589	12903	0	13
2019.09.10	08:00:00	1.06589	1.06821	1.06587	1.06808	9164	0	13
2019.09.10	12:00:00	1.06806	1.06844	1.06711	1.06784	6796	0	13
2019.09.10	16:00:00	1.06784	1.06942	1.06774	1.06924	7940	0	12
2019.09.10	20:00:00	1.06924	1.06935	1.06748	1.06762	4190	0	14
2019.09.11	00:00:00	1.06779	1.06910	1.06757	1.06873	5600	0	12
2019.09.11	04:00:00	1.06874	1.06936	1.06805	1.06878	11721	0	12
2019.09.11	08:00:00	1.06878	1.07028	1.06816	1.06977	8623	0	13
2019.09.11	12:00:00	1.06975	1.07044	1.06924	1.06988	5765	0	12
2019.09.11	16:00:00	1.06988	1.07027	1.06854	1.06906	7431	0	13
2019.09.11	20:00:00	1.06906	1.07019	1.06887	1.06984	3762	0	14
2019.09.12	00:00:00	1.06987	1.07058	1.06936	1.06957	10443	0	12
2019.09.12	04:00:00	1.06954	1.06970	1.06842	1.06911	9982	0	12
2019.09.12	08:00:00	1.06911	1.06927	1.06755	1.06867	8378	0	13
2019.09.12	12:00:00	1.06867	1.06985	1.06809	1.06930	10003	0	13
2019.09.12	16:00:00	1.06930	1.07149	1.06885	1.07121	16653	0	12
2019.09.12	20:00:00	1.07121	1.07228	1.07054	1.07091	6933	0	12
2019.09.13	00:00:00	1.07118	1.07243	1.07075	1.07235	7830	0	12
2019.09.13	04:00:00	1.07235	1.07291	1.07202	1.07279	7625	0	12
2019.09.13	08:00:00	1.07279	1.07408	1.07210	1.07369	11510	0	13
2019.09.13	12:00:00	1.07368	1.07674	1.07368	1.07628	9668	0	15
2019.09.13	16:00:00	1.07629	1.07883	1.07606	1.07872	9475	0	14
2019.09.13	20:00:00	1.07872	1.07954	1.07832	1.07834	6824	0	17
2019.09.16	00:00:00	1.07799	1.07909	1.07603	1.07743	13240	0	12
2019.09.16	04:00:00	1.07740	1.07741	1.07585	1.07683	18864	0	12
2019.09.16	08:00:00	1.07683	1.07764	1.07588	1.07755	7774	0	13
2019.09.16	12:00:00	1.07755	1.07935	1.07710	1.07825	10112	0	13
2019.09.16	16:00:00	1.07825	1.08161	1.07798	1.08140	10899	0	12
2019.09.16	20:00:00	1.08141	1.08285	1.08109	1.08159	8681	0	13
2019.09.17	00:00:00	1.08173	1.08269	1.08146	1.08172	10577	0	13
2019.09.17	04:00:00	1.08174	1.08182	1.07940	1.07951	11681	0	12
2019.09.17	08:00:00	1.07951	1.08103	1.07873	1.08063	8819	0	12
2019.09.17	12:00:00	1.08063	1.08116	1.07953	1.08069	8564	0	15
2019.09.17	16:00:00	1.08069	1.08114	1.07950	1.08038	15045	0	12
2019.09.17	20:00:00	1.08038	1.08063	1.07916	1.07922	4238	0	15
2019.09.18	00:00:00	1.07914	1.08021	1.07852	1.07992	8734	0	13
2019.09.18	04:00:00	1.07989	1.08124	1.07947	1.08015	13759	0	12
2019.09.18	08:00:00	1.08014	1.08071	1.07825	1.07935	8644	0	13
2019.09.18	12:00:00	1.07935	1.07954	1.07833	1.07940	7870	0	12
2019.09.18	16:00:00	1.07940	1.08090	1.07898	1.08056	7203	0	13
2019.09.18	20:00:00	1.08056	1.08143	1.07960	1.08073	13244	0	12
2019.09.19	00:00:00	1.08019	1.08138	1.07834	1.08032	11487	0	12
2019.09.19	04:00:00	1.08032	1.08068	1.07475	1.07536	14702	0	13
2019.09.19	08:00:00	1.07536	1.07666	1.07472	1.07534	15532	0	13
2019.09.19	12:00:00	1.07536	1.07719	1.07524	1.07719	11802	0	16
2019.09.19	16:00:00	1.07719	1.07845	1.07705	1.07812	11238	0	17
2019.09.19	20:00:00	1.07813	1.07873	1.07725	1.07728	8324	0	17
2019.09.20	00:00:00	1.07693	1.07928	1.07648	1.07811	15489	0	13
2019.09.20	04:00:00	1.07809	1.08016	1.07776	1.07931	15951	0	12
2019.09.20	08:00:00	1.07929	1.08236	1.07924	1.08167	8705	0	13
2019.09.20	12:00:00	1.08167	1.08377	1.08137	1.08198	9117	0	12
2019.09.20	16:00:00	1.08198	1.08250	1.08073	1.08095	9274	0	12
2019.09.20	20:00:00	1.08095	1.08111	1.07981	1.08043	6053	0	13
2019.09.23	00:00:00	1.08037	1.08084	1.07934	1.07983	7862	0	12
2019.09.23	04:00:00	1.07982	1.08055	1.07948	1.07991	13514	0	13
2019.09.23	08:00:00	1.07992	1.08188	1.07972	1.08020	11690	0	14
2019.09.23	12:00:00	1.08021	1.08035	1.07812	1.07830	6179	0	13
2019.09.23	16:00:00	1.07829	1.07876	1.07640	1.07650	6756	0	13
2019.09.23	20:00:00	1.07649	1.07677	1.07551	1.07551	7707	0	13
2019.09.24	00:00:00	1.07589	1.07680	1.07528	1.07630	8061	0	12
2019.09.24	04:00:00	1.07630	1.07637	1.07545	1.07572	5161	0	12
2019.09.24	08:00:00	1.07572	1.07746	1.07555	1.07738	12234	0	15
2019.09.24	12:00:00	1.07739	1.07924	1.07532	1.07554	8070	0	13
2019.09.24	16:00:00	1.07554	1.07606	1.07398	1.07431	14427	0	13
2019.09.24	20:00:00	1.07431	1.07523	1.07394	1.07504	6093	0	17
2019.09.25	00:00:00	1.07528	1.07636	1.07431	1.07496	13832	0	12
2019.09.25	04:00:00	1.07496	1.07626	1.07015	1.07257	17548	0	12
2019.09.25	08:00:00	1.07256	1.07276	1.07087	1.07211	10817	0	12
2019.09.25	12:00:00	1.07212	1.07478	1.07180	1.07470	11821	0	12
2019.09.25	16:00:00	1.07470	1.07645	1.07316	1.07584	12477	0	12
2019.09.25	20:00:00	1.07584	1.07678	1.07551	1.07606	4331	0	14
2019.09.26	00:00:00	1.07598	1.07701	1.07548	1.07575	9347	0	14
2019.09.26	04:00:00	1.07575	1.07593	1.07102	1.07207	13406	0	12
2019.09.26	08:00:00	1.07207	1.07323	1.07132	1.07274	13498	0	12
2019.09.26	12:00:00	1.07274	1.07365	1.07090	1.07124	9909	0	13
2019.09.26	16:00:00	1.07123	1.07277	1.07056	1.07135	8828	0	13
2019.09.26	20:00:00	1.07135	1.07212	1.07084	1.07167	4879	0	13
2019.09.27	00:00:00	1.07106	1.07377	1.07106	1.07305	8035	0	13
2019.09.27	04:00:00	1.07305	1.07442	1.07206	1.07403	13753	0	12
2019.09.27	08:00:00	1.07403	1.07459	1.07343	1.07452	13352	0	14
2019.09.27	12:00:00	1.07452	1.07461	1.07258	1.07325	8378	0	12
2019.09.27	16:00:00	1.07325	1.07515	1.07278	1.07430	10158	0	12
2019.09.27	20:00:00	1.07430	1.07545	1.07384	1.07423	6095	0	15
2019.09.30	00:00:00	1.07401	1.07715	1.07391	1.07656	4565	0	12
2019.09.30	04:00:00	1.07657	1.07963	1.07644	1.07778	13952	0	12
2019.09.30	08:00:00	1.07778	1.07974	1.07710	1.07796	9464	0	13
2019.09.30	12:00:00	1.07796	1.07847	1.07664	1.07683	7417	0	13
2019.09.30	16:00:00	1.07683	1.07801	1.07507	1.07775	9781	0	12
2019.09.30	20:00:00	1.07775	1.07843	1.07684	1.07724	4214	0	13
2019.10.01	00:00:00	1.07728	1.07916	1.07720	1.07853	6162	0	15
2019.10.01	04:00:00	1.07852	1.08043	1.07692	1.07754	10606	0	13
2019.10.01	08:00:00	1.07754	1.07763	1.07512	1.07591	9969	0	12
2019.10.01	12:00:00	1.07591	1.07761	1.07547	1.07699	10708	0	14
2019.10.01	16:00:00	1.07699	1.07704	1.07261	1.07334	14627	0	12
2019.10.01	20:00:00	1.07334	1.07405	1.07287	1.07347	6486	0	13
2019.10.02	00:00:00	1.07319	1.07473	1.07268	1.07295	8809	0	13
2019.10.02	04:00:00	1.07294	1.07497	1.07292	1.07416	12801	0	13
2019.10.02	08:00:00	1.07414	1.07452	1.07183	1.07344	12527	0	12
2019.10.02	12:00:00	1.07344	1.07355	1.07019	1.07022	11538	0	13
2019.10.02	16:00:00	1.07020	1.07115	1.06956	1.07028	12015	0	12
2019.10.02	20:00:00	1.07028	1.07083	1.06898	1.06920	7502	0	13
2019.10.03	00:00:00	1.06897	1.07092	1.06863	1.07043	8802	0	12
2019.10.03	04:00:00	1.07043	1.07245	1.07019	1.07209	13074	0	13
2019.10.03	08:00:00	1.07210	1.07227	1.06791	1.06842	11467	0	13
2019.10.03	12:00:00	1.06842	1.06943	1.06749	1.06925	9668	0	12
2019.10.03	16:00:00	1.06925	1.07009	1.06760	1.06964	11958	0	12
2019.10.03	20:00:00	1.06966	1.07059	1.06909	1.06972	5645	0	13
2019.10.04	00:00:00	1.06899	1.07089	1.06791	1.06900	9182	0	13
2019.10.04	04:00:00	1.06900	1.06911	1.06757	1.06846	14267	0	16
2019.10.04	08:00:00	1.06846	1.06928	1.06743	1.06773	9661	0	13
2019.10.04	12:00:00	1.06775	1.06952	1.06744	1.06932	12856	0	13
2019.10.04	16:00:00	1.06932	1.07198	1.06809	1.07154	12735	0	14
2019.10.04	20:00:00	1.07154	1.07237	1.07073	1.07093	6645	0	13
2019.10.07	00:00:00	1.07099	1.07197	1.06944	1.06994	6538	0	12
2019.10.07	04:00:00	1.06994	1.07005	1.06852	1.06930	13540	0	12
2019.10.07	08:00:00	1.06931	1.07122	1.06841	1.07034	14639	0	13
2019.10.07	12:00:00	1.07034	1.07187	1.06958	1.07076	7069	0	13
2019.10.07	16:00:00	1.07076	1.07203	1.07000	1.07019	7773	0	13
2019.10.07	20:00:00	1.07019	1.07085	1.06954	1.07016	6083	0	13
2019.10.08	00:00:00	1.06942	1.07080	1.06942	1.06997	10413	0	13
2019.10.08	04:00:00	1.06997	1.07004	1.06756	1.06840	9316	0	13
2019.10.08	08:00:00	1.06840	1.06929	1.06757	1.06811	7991	0	13
2019.10.08	12:00:00	1.06810	1.06814	1.06644	1.06704	10451	0	12
2019.10.08	16:00:00	1.06704	1.06920	1.06692	1.06888	14082	0	12
2019.10.08	20:00:00	1.06889	1.06926	1.06799	1.06801	8449	0	12
2019.10.09	00:00:00	1.06803	1.06882	1.06704	1.06752	8455	0	12
2019.10.09	04:00:00	1.06752	1.06836	1.06704	1.06784	5415	0	13
2019.10.09	08:00:00	1.06784	1.06816	1.06713	1.06741	5637	0	13
2019.10.09	12:00:00	1.06740	1.06857	1.06660	1.06748	8271	0	13
2019.10.09	16:00:00	1.06748	1.06918	1.06693	1.06890	7252	0	12
2019.10.09	20:00:00	1.06890	1.06946	1.06773	1.06864	6953	0	12
2019.10.10	00:00:00	1.06859	1.06974	1.06755	1.06784	15271	0	12
2019.10.10	04:00:00	1.06786	1.07025	1.06750	1.06844	11942	0	12
2019.10.10	08:00:00	1.06844	1.06887	1.06685	1.06817	8500	0	14
2019.10.10	12:00:00	1.06817	1.06918	1.06761	1.06891	7323	0	14
2019.10.10	16:00:00	1.06891	1.07050	1.06856	1.06978	10025	0	12
2019.10.10	20:00:00	1.06978	1.07051	1.06862	1.06911	5062	0	13
2019.10.11	00:00:00	1.06911	1.07083	1.06828	1.07081	6471	0	13
2019.10.11	04:00:00	1.07084	1.07220	1.07022	1.07211	5244	0	13
2019.10.11	08:00:00	1.07209	1.07263	1.07081	1.07165	11414	0	13
2019.10.11	12:00:00	1.07165	1.07268	1.07082	1.07124	15527	0	12
2019.10.11	16:00:00	1.07124	1.07306	1.07094	1.07230	12304	0	12
2019.10.11	20:00:00	1.07230	1.07323	1.07092	1.07135	7091	0	12
2019.10.14	00:00:00	1.07113	1.07399	1.07083	1.07332	6202	0	12
2019.10.14	04:00:00	1.07332	1.07618	1.07295	1.07466	9185	0	13
2019.10.14	08:00:00	1.07466	1.07500	1.07320	1.07392	10167	0	13
2019.10.14	12:00:00	1.07392	1.07475	1.07263	1.07447	12769	0	13
2019.10.14	16:00:00	1.07447	1.07573	1.07437	1.07564	10087	0	15
2019.10.14	20:00:00	1.07564	1.07624	1.07515	1.07535	3779	0	16
2019.10.15	00:00:00	1.07502	1.07595	1.07419	1.07478	5805	0	12
2019.10.15	04:00:00	1.07478	1.07553	1.07394	1.07535	8415	0	13
2019.10.15	08:00:00	1.07535	1.07716	1.07486	1.07685	10812	0	12
2019.10.15	12:00:00	1.07685	1.07801	1.07586	1.07761	8709	0	12
2019.10.15	16:00:00	1.07761	1.07779	1.07458	1.07587	13620	0	13
2019.10.15	20:00:00	1.07587	1.07613	1.07232	1.07245	6202	0	12
2019.10.16	00:00:00	1.07216	1.07411	1.06819	1.07249	11296	0	12
2019.10.16	04:00:00	1.07250	1.07391	1.07141	1.07353	7287	0	15
2019.10.16	08:00:00	1.07353	1.07482	1.07184	1.07474	12639	0	13
2019.10.16	12:00:00	1.07474	1.07766	1.07443	1.07679	9661	0	12
2019.10.16	16:00:00	1.07679	1.07749	1.07533	1.07540	9115	0	12
2019.10.16	20:00:00	1.07539	1.07593	1.07396	1.07404	5452	0	12
2019.10.17	00:00:00	1.07502	1.07836	1.07284	1.07793	7085	0	13
2019.10.17	04:00:00	1.07793	1.07924	1.07699	1.07807	8533	0	13
2019.10.17	08:00:00	1.07809	1.07901	1.07512	1.07670	8430	0	12
2019.10.17	12:00:00	1.07668	1.07895	1.07643	1.07716	16349	0	14
2019.10.17	16:00:00	1.07716	1.07721	1.07423	1.07463	12112	0	13
2019.10.17	20:00:00	1.07464	1.07566	1.07440	1.07459	7034	0	14
2019.10.18	00:00:00	1.07461	1.07593	1.07224	1.07270	6195	0	13
2019.10.18	04:00:00	1.07272	1.07294	1.07158	1.07248	6769	0	14
2019.10.18	08:00:00	1.07248	1.07375	1.07195	1.07293	5757	0	13
2019.10.18	12:00:00	1.07292	1.07494	1.07276	1.07397	5931	0	13
2019.10.18	16:00:00	1.07396	1.07476	1.07311	1.07412	8302	0	13
2019.10.18	20:00:00	1.07412	1.07497	1.07261	1.07301	4714	0	15
2019.10.21	00:00:00	1.07160	1.07437	1.07160	1.07257	7158	0	12
2019.10.21	04:00:00	1.07256	1.07267	1.07162	1.07256	5940	0	13
2019.10.21	08:00:00	1.07256	1.07432	1.07184	1.07353	9591	0	14
2019.10.21	12:00:00	1.07352	1.07381	1.07210	1.07306	8532	0	13
2019.10.21	16:00:00	1.07304	1.07472	1.07220	1.07336	9145	0	13
2019.10.21	20:00:00	1.07335	1.07344	1.07153	1.07172	4986	0	14
2019.10.22	00:00:00	1.07111	1.07259	1.06964	1.07004	6650	0	13
2019.10.22	04:00:00	1.07004	1.07017	1.06822	1.06921	7775	0	13
2019.10.22	08:00:00	1.06921	1.06980	1.06813	1.06925	6732	0	13
2019.10.22	12:00:00	1.06925	1.06974	1.06849	1.06939	5233	0	14
2019.10.22	16:00:00	1.06939	1.07123	1.06913	1.07065	8752	0	12
2019.10.22	20:00:00	1.07065	1.07098	1.06890	1.06945	8645	0	13
2019.10.23	00:00:00	1.06984	1.07083	1.06917	1.07017	7100	0	13
2019.10.23	04:00:00	1.07017	1.07047	1.06902	1.06965	9239	0	13
2019.10.23	08:00:00	1.06965	1.07000	1.06840	1.06862	8937	0	13
2019.10.23	12:00:00	1.06862	1.06910	1.06746	1.06787	8021	0	13
2019.10.23	16:00:00	1.06787	1.06805	1.06639	1.06681	7666	0	14
2019.10.23	20:00:00	1.06681	1.06740	1.06650	1.06657	7078	0	13
2019.10.24	00:00:00	1.06665	1.06731	1.06592	1.06683	4087	0	13
2019.10.24	04:00:00	1.06684	1.06893	1.06641	1.06854	4858	0	13
2019.10.24	08:00:00	1.06856	1.06903	1.06800	1.06817	8117	0	13
2019.10.24	12:00:00	1.06817	1.06921	1.06800	1.06912	8768	0	16
2019.10.24	16:00:00	1.06911	1.06928	1.06744	1.06860	12029	0	13
2019.10.24	20:00:00	1.06859	1.06941	1.06758	1.06812	3453	0	15
2019.10.25	00:00:00	1.06768	1.06899	1.06701	1.06896	4814	0	13
2019.10.25	04:00:00	1.06896	1.07071	1.06852	1.07042	4254	0	14
2019.10.25	08:00:00	1.07042	1.07281	1.06993	1.07211	7820	0	13
2019.10.25	12:00:00	1.07212	1.07376	1.07188	1.07236	4935	0	15
2019.10.25	16:00:00	1.07236	1.07376	1.07202	1.07343	8510	0	14
2019.10.25	20:00:00	1.07339	1.07428	1.07333	1.07375	3548	0	14
2019.10.28	00:00:00	1.07360	1.07380	1.07286	1.07341	4517	0	12
2019.10.28	04:00:00	1.07341	1.07382	1.07306	1.07367	3718	0	14
2019.10.28	08:00:00	1.07367	1.07483	1.07324	1.07423	8520	0	13
2019.10.28	12:00:00	1.07423	1.07682	1.07418	1.07674	6885	0	14
2019.10.28	16:00:00	1.07674	1.07854	1.07661	1.07784	8016	0	14
2019.10.28	20:00:00	1.07787	1.07813	1.07581	1.07673	4182	0	16
2019.10.29	00:00:00	1.07673	1.07709	1.07430	1.07525	6493	0	12
2019.10.29	04:00:00	1.07525	1.07721	1.07435	1.07671	6478	0	13
2019.10.29	08:00:00	1.07671	1.07938	1.07657	1.07931	7302	0	13
2019.10.29	12:00:00	1.07931	1.08042	1.07885	1.08000	8487	0	12
2019.10.29	16:00:00	1.08000	1.08036	1.07909	1.08018	8367	0	13
2019.10.29	20:00:00	1.08022	1.08032	1.07916	1.07942	2946	0	13
2019.10.30	00:00:00	1.07942	1.07995	1.07835	1.07888	8202	0	14
2019.10.30	04:00:00	1.07884	1.08100	1.07863	1.08078	6368	0	12
2019.10.30	08:00:00	1.08076	1.08236	1.08044	1.08142	8929	0	15
2019.10.30	12:00:00	1.08140	1.08141	1.07869	1.07918	10099	0	13
2019.10.30	16:00:00	1.07922	1.08079	1.07858	1.07921	10150	0	13
2019.10.30	20:00:00	1.07921	1.08201	1.07669	1.07764	12841	0	12
2019.10.31	00:00:00	1.07764	1.07849	1.07514	1.07780	11701	0	12
2019.10.31	04:00:00	1.07780	1.07859	1.07685	1.07803	8262	0	15
2019.10.31	08:00:00	1.07803	1.07844	1.07694	1.07742	10442	0	13
2019.10.31	12:00:00	1.07742	1.07757	1.07436	1.07436	11811	0	13
2019.10.31	16:00:00	1.07436	1.07611	1.07351	1.07508	11255	0	12
2019.10.31	20:00:00	1.07508	1.07529	1.07362	1.07402	4162	0	14
2019.11.01	00:00:00	1.07402	1.07478	1.07214	1.07243	5703	0	12
2019.11.01	04:00:00	1.07243	1.07376	1.07214	1.07346	6377	0	16
2019.11.01	08:00:00	1.07346	1.07495	1.07294	1.07390	11045	0	15
2019.11.01	12:00:00	1.07390	1.07396	1.07136	1.07187	12549	0	13
2019.11.01	16:00:00	1.07187	1.07426	1.07136	1.07362	9707	0	13
2019.11.01	20:00:00	1.07362	1.07544	1.07335	1.07497	3694	0	12
2019.11.04	00:00:00	1.07424	1.07503	1.07143	1.07191	4795	0	12
2019.11.04	04:00:00	1.07191	1.07210	1.07076	1.07163	4568	0	14
2019.11.04	08:00:00	1.07163	1.07241	1.07069	1.07229	12073	0	13
2019.11.04	12:00:00	1.07229	1.07462	1.07207	1.07429	8715	0	13
2019.11.04	16:00:00	1.07429	1.07538	1.07407	1.07474	9033	0	13
2019.11.04	20:00:00	1.07474	1.07676	1.07464	1.07466	5605	0	13
2019.11.05	00:00:00	1.07465	1.07682	1.07439	1.07492	7840	0	12
2019.11.05	04:00:00	1.07492	1.07782	1.07447	1.07661	7922	0	12
2019.11.05	08:00:00	1.07661	1.07797	1.07626	1.07714	9065	0	13
2019.11.05	12:00:00	1.07711	1.07841	1.07683	1.07816	10590	0	13
2019.11.05	16:00:00	1.07816	1.08123	1.07769	1.08036	12345	0	12
2019.11.05	20:00:00	1.08001	1.08158	1.07852	1.08089	5794	0	12
2019.11.06	00:00:00	1.08080	1.08194	1.07967	1.08127	5465	0	13
2019.11.06	04:00:00	1.08127	1.08234	1.08124	1.08207	5313	0	12
2019.11.06	08:00:00	1.08207	1.08274	1.08117	1.08140	9568	0	13
2019.11.06	12:00:00	1.08140	1.08243	1.08019	1.08023	8994	0	12
2019.11.06	16:00:00	1.08023	1.08109	1.07968	1.08001	11104	0	12
2019.11.06	20:00:00	1.08001	1.08108	1.07967	1.08050	4673	0	12
2019.11.07	00:00:00	1.08045	1.08141	1.08003	1.08120	6892	0	12
2019.11.07	04:00:00	1.08120	1.08199	1.08082	1.08175	6915	0	13
2019.11.07	08:00:00	1.08175	1.08281	1.08103	1.08160	11275	0	12
2019.11.07	12:00:00	1.08157	1.08297	1.08155	1.08219	8517	0	15
2019.11.07	16:00:00	1.08221	1.08649	1.08195	1.08572	12039	0	12
2019.11.07	20:00:00	1.08572	1.08620	1.08230	1.08265	7569	0	12
2019.11.08	00:00:00	1.08290	1.08338	1.08043	1.08099	8337	0	12
2019.11.08	04:00:00	1.08096	1.08182	1.08028	1.08126	7499	0	13
2019.11.08	08:00:00	1.08126	1.08232	1.08056	1.08200	6521	0	13
2019.11.08	12:00:00	1.08200	1.08491	1.08190	1.08375	7212	0	13
2019.11.08	16:00:00	1.08375	1.08402	1.08210	1.08344	8237	0	13
2019.11.08	20:00:00	1.08344	1.08398	1.08296	1.08334	3856	0	15
2019.11.11	00:00:00	1.08325	1.08371	1.07989	1.08081	7130	0	13
2019.11.11	04:00:00	1.08081	1.08082	1.07944	1.07988	6144	0	12
2019.11.11	08:00:00	1.07988	1.08017	1.07784	1.07818	8175	0	13
2019.11.11	12:00:00	1.07818	1.07819	1.07651	1.07683	7062	0	12
2019.11.11	16:00:00	1.07682	1.07735	1.07620	1.07651	8220	0	13
2019.11.11	20:00:00	1.07653	1.07703	1.07572	1.07661	3268	0	12
2019.11.12	00:00:00	1.07651	1.07726	1.07542	1.07639	4584	0	14
2019.11.12	04:00:00	1.07638	1.08137	1.07634	1.08114	6026	0	12
2019.11.12	08:00:00	1.08114	1.08203	1.07930	1.08007	7524	0	12
2019.11.12	12:00:00	1.08005	1.08097	1.07944	1.08081	7544	0	13
2019.11.12	16:00:00	1.08081	1.08115	1.07952	1.08045	8412	0	13
2019.11.12	20:00:00	1.08048	1.08144	1.08009	1.08013	4958	0	15
2019.11.13	00:00:00	1.08014	1.08057	1.06786	1.06931	8048	0	12
2019.11.13	04:00:00	1.06931	1.07022	1.06689	1.06915	9453	0	13
2019.11.13	08:00:00	1.06915	1.06989	1.06709	1.06744	9513	0	13
2019.11.13	12:00:00	1.06744	1.06915	1.06645	1.06650	7994	0	17
2019.11.13	16:00:00	1.06650	1.06786	1.06616	1.06624	9930	0	15
2019.11.13	20:00:00	1.06627	1.06653	1.06503	1.06626	6551	0	12
2019.11.14	00:00:00	1.06625	1.06663	1.06267	1.06303	6997	0	12
2019.11.14	04:00:00	1.06303	1.06408	1.06244	1.06391	7740	0	12
2019.11.14	08:00:00	1.06392	1.06399	1.06241	1.06244	7729	0	13
2019.11.14	12:00:00	1.06243	1.06294	1.06050	1.06182	8983	0	13
2019.11.14	16:00:00	1.06182	1.06439	1.06176	1.06427	9149	0	12
2019.11.14	20:00:00	1.06426	1.06654	1.06296	1.06316	4784	0	12
2019.11.15	00:00:00	1.06315	1.06432	1.06257	1.06355	7441	0	12
2019.11.15	04:00:00	1.06355	1.06432	1.06285	1.06348	4587	0	12
2019.11.15	08:00:00	1.06348	1.06460	1.06239	1.06367	6870	0	12
2019.11.15	12:00:00	1.06367	1.06488	1.06252	1.06345	8380	0	14
2019.11.15	16:00:00	1.06345	1.06416	1.06282	1.06390	8956	0	15
2019.11.15	20:00:00	1.06390	1.06536	1.06361	1.06480	4045	0	16
2019.11.18	00:00:00	1.06306	1.06546	1.06298	1.06523	8144	0	16
2019.11.18	04:00:00	1.06525	1.06560	1.06371	1.06422	5234	0	12
2019.11.18	08:00:00	1.06422	1.06447	1.06329	1.06365	6163	0	13
2019.11.18	12:00:00	1.06365	1.06420	1.06286	1.06406	7561	0	12
2019.11.18	16:00:00	1.06404	1.06515	1.06296	1.06413	7838	0	12
2019.11.18	20:00:00	1.06402	1.06446	1.06346	1.06386	4231	0	12
2019.11.19	00:00:00	1.06387	1.06441	1.06206	1.06314	7963	0	12
2019.11.19	04:00:00	1.06314	1.06409	1.06285	1.06329	3344	0	12
2019.11.19	08:00:00	1.06329	1.06347	1.06254	1.06304	5249	0	13
2019.11.19	12:00:00	1.06303	1.06445	1.06257	1.06297	8199	0	13
2019.11.19	16:00:00	1.06297	1.06342	1.06211	1.06242	8379	0	12
2019.11.19	20:00:00	1.06244	1.06259	1.06105	1.06145	4015	0	15
2019.11.20	00:00:00	1.06141	1.06221	1.06041	1.06166	8022	0	12
2019.11.20	04:00:00	1.06166	1.06228	1.06104	1.06153	4554	0	12
2019.11.20	08:00:00	1.06153	1.06238	1.06024	1.06035	7539	0	13
2019.11.20	12:00:00	1.06031	1.06199	1.05989	1.06133	6276	0	12
2019.11.20	16:00:00	1.06133	1.06146	1.05924	1.05954	8373	0	13
2019.11.20	20:00:00	1.05956	1.06017	1.05920	1.05985	5596	0	14
2019.11.21	00:00:00	1.05984	1.06092	1.05900	1.06084	9730	0	15
2019.11.21	04:00:00	1.06085	1.06115	1.05936	1.05977	9186	0	14
2019.11.21	08:00:00	1.05977	1.06009	1.05827	1.05847	9620	0	12
2019.11.21	12:00:00	1.05849	1.05922	1.05789	1.05885	9320	0	13
2019.11.21	16:00:00	1.05885	1.06069	1.05852	1.05925	10049	0	13
2019.11.21	20:00:00	1.05925	1.06038	1.05919	1.05954	4175	0	12
2019.11.22	00:00:00	1.05953	1.06042	1.05901	1.06015	4854	0	14
2019.11.22	04:00:00	1.06015	1.06034	1.05880	1.05902	4220	0	14
2019.11.22	08:00:00	1.05902	1.05934	1.05797	1.05827	8391	0	13
2019.11.22	12:00:00	1.05827	1.05880	1.05718	1.05869	7898	0	13
2019.11.22	16:00:00	1.05869	1.05958	1.05833	1.05870	8733	0	13
2019.11.22	20:00:00	1.05866	1.05953	1.05846	1.05871	4290	0	13
2019.11.25	00:00:00	1.05853	1.05995	1.05841	1.05871	5511	0	13
2019.11.25	04:00:00	1.05871	1.05879	1.05759	1.05803	4915	0	14
2019.11.25	08:00:00	1.05800	1.05845	1.05745	1.05784	8088	0	12
2019.11.25	12:00:00	1.05784	1.05937	1.05764	1.05872	7044	0	13
2019.11.25	16:00:00	1.05872	1.05889	1.05690	1.05832	9561	0	13
2019.11.25	20:00:00	1.05831	1.05843	1.05389	1.05573	4384	0	12
2019.11.26	00:00:00	1.05624	1.05738	1.05519	1.05568	7202	0	13
2019.11.26	04:00:00	1.05568	1.05642	1.05533	1.05604	5677	0	13
2019.11.26	08:00:00	1.05604	1.05875	1.05548	1.05617	8280	0	15
2019.11.26	12:00:00	1.05617	1.05693	1.05524	1.05538	8543	0	13
2019.11.26	16:00:00	1.05535	1.05733	1.05521	1.05634	11660	0	15
2019.11.26	20:00:00	1.05633	1.05659	1.05523	1.05553	4348	0	15
2019.11.27	00:00:00	1.05552	1.05621	1.05472	1.05581	7510	0	13
2019.11.27	04:00:00	1.05581	1.05632	1.05387	1.05457	6525	0	13
2019.11.27	08:00:00	1.05458	1.05517	1.05395	1.05506	6723	0	13
2019.11.27	12:00:00	1.05506	1.05594	1.05463	1.05583	8130	0	14
2019.11.27	16:00:00	1.05578	1.05686	1.05437	1.05513	11161	0	12
2019.11.27	20:00:00	1.05514	1.05555	1.05453	1.05523	5125	0	14
2019.11.28	00:00:00	1.05530	1.05589	1.05256	1.05344	9452	0	12
2019.11.28	04:00:00	1.05339	1.05362	1.05246	1.05320	5866	0	16
2019.11.28	08:00:00	1.05320	1.05365	1.05223	1.05242	9456	0	14
2019.11.28	12:00:00	1.05238	1.05430	1.05222	1.05386	10546	0	13
2019.11.28	16:00:00	1.05386	1.05543	1.05356	1.05464	9801	0	13
2019.11.28	20:00:00	1.05465	1.05474	1.05369	1.05414	6354	0	17
2019.11.29	00:00:00	1.05414	1.05491	1.05344	1.05383	10302	0	15
2019.11.29	04:00:00	1.05383	1.05503	1.05375	1.05493	9666	0	15
2019.11.29	08:00:00	1.05493	1.05499	1.05285	1.05312	6002	0	14
2019.11.29	12:00:00	1.05310	1.05396	1.05223	1.05357	8253	0	12
2019.11.29	16:00:00	1.05357	1.05433	1.05275	1.05323	9545	0	13
2019.11.29	20:00:00	1.05319	1.05405	1.05128	1.05249	3513	0	16
2019.12.02	00:00:00	1.05195	1.05258	1.05029	1.05106	7313	0	13
2019.12.02	04:00:00	1.05107	1.05138	1.05032	1.05060	8903	0	12
2019.12.02	08:00:00	1.05060	1.05067	1.04907	1.04963	6785	0	14
2019.12.02	12:00:00	1.04963	1.04990	1.04769	1.04840	10804	0	13
2019.12.02	16:00:00	1.04839	1.04936	1.04721	1.04870	12050	0	14
2019.12.02	20:00:00	1.04870	1.04910	1.04790	1.04828	5298	0	15
2019.12.03	00:00:00	1.04823	1.04960	1.04812	1.04839	6840	0	12
2019.12.03	04:00:00	1.04838	1.05173	1.04786	1.05140	7396	0	14
2019.12.03	08:00:00	1.05140	1.05151	1.04911	1.04997	8137	0	13
2019.12.03	12:00:00	1.04997	1.05068	1.04923	1.04931	11767	0	13
2019.12.03	16:00:00	1.04931	1.05034	1.04879	1.04983	13333	0	14
2019.12.03	20:00:00	1.04982	1.05029	1.04927	1.04982	5200	0	12
2019.12.04	00:00:00	1.04982	1.05101	1.04712	1.04929	9207	0	12
2019.12.04	04:00:00	1.04930	1.04945	1.04718	1.04733	8243	0	14
2019.12.04	08:00:00	1.04735	1.04913	1.04698	1.04893	12022	0	13
2019.12.04	12:00:00	1.04893	1.04947	1.04681	1.04721	11949	0	14
2019.12.04	16:00:00	1.04721	1.04956	1.04685	1.04896	12943	0	13
2019.12.04	20:00:00	1.04903	1.04985	1.04848	1.04885	4324	0	14
2019.12.05	00:00:00	1.04867	1.04950	1.04240	1.04538	11060	0	12
2019.12.05	04:00:00	1.04538	1.04668	1.04498	1.04628	5741	0	13
2019.12.05	08:00:00	1.04628	1.04731	1.04553	1.04566	6985	0	13
2019.12.05	12:00:00	1.04562	1.04654	1.04527	1.04611	6831	0	13
2019.12.05	16:00:00	1.04611	1.04631	1.04373	1.04432	8698	0	14
2019.12.05	20:00:00	1.04432	1.04460	1.04288	1.04321	5227	0	14
2019.12.06	00:00:00	1.04401	1.04479	1.04304	1.04453	6053	0	14
2019.12.06	04:00:00	1.04453	1.04455	1.04256	1.04313	12320	0	14
2019.12.06	08:00:00	1.04311	1.04355	1.04196	1.04258	11113	0	14
2019.12.06	12:00:00	1.04254	1.04397	1.04170	1.04202	10193	0	12
2019.12.06	16:00:00	1.04202	1.04295	1.04051	1.04069	12097	0	14
2019.12.06	20:00:00	1.04069	1.04157	1.04028	1.04120	3884	0	15
2019.12.09	00:00:00	1.04142	1.04252	1.04088	1.04166	6045	0	15
2019.12.09	04:00:00	1.04167	1.04274	1.04166	1.04186	4378	0	13
2019.12.09	08:00:00	1.04186	1.04215	1.04108	1.04112	7071	0	13
2019.12.09	12:00:00	1.04112	1.04150	1.04051	1.04075	7975	0	14
2019.12.09	16:00:00	1.04075	1.04265	1.04046	1.04247	7854	0	12
2019.12.09	20:00:00	1.04246	1.04266	1.04147	1.04147	4752	0	16
2019.12.10	00:00:00	1.04149	1.04302	1.04057	1.04087	5384	0	12
2019.12.10	04:00:00	1.04087	1.04123	1.03991	1.03991	6019	0	14
2019.12.10	08:00:00	1.03991	1.04123	1.03956	1.04108	7674	0	12
2019.12.10	12:00:00	1.04108	1.04162	1.04030	1.04030	10821	0	14
2019.12.10	16:00:00	1.04030	1.04190	1.03975	1.04151	8861	0	14
2019.12.10	20:00:00	1.04151	1.04175	1.03992	1.03992	5574	0	13
2019.12.11	00:00:00	1.03975	1.04356	1.03874	1.04343	11064	0	12
2019.12.11	04:00:00	1.04343	1.04457	1.04306	1.04441	7480	0	13
2019.12.11	08:00:00	1.04441	1.04485	1.04340	1.04381	6557	0	12
2019.12.11	12:00:00	1.04381	1.04487	1.04352	1.04440	7645	0	14
2019.12.11	16:00:00	1.04440	1.04490	1.04358	1.04485	9596	0	13
2019.12.11	20:00:00	1.04480	1.04548	1.04294	1.04382	9312	0	13
2019.12.12	00:00:00	1.04353	1.04502	1.04315	1.04485	6793	0	13
2019.12.12	04:00:00	1.04483	1.04581	1.04458	1.04528	5615	0	13
2019.12.12	08:00:00	1.04527	1.04636	1.04488	1.04587	6720	0	13
2019.12.12	12:00:00	1.04587	1.04660	1.04508	1.04583	9423	0	13
2019.12.12	16:00:00	1.04581	1.04774	1.04557	1.04696	16224	0	12
2019.12.12	20:00:00	1.04696	1.04830	1.04604	1.04660	8661	0	13
2019.12.13	00:00:00	1.04660	1.04871	1.04497	1.04612	15068	0	12
2019.12.13	04:00:00	1.04613	1.04739	1.04559	1.04568	14094	0	16
2019.12.13	08:00:00	1.04570	1.04652	1.04455	1.04473	11474	0	14
2019.12.13	12:00:00	1.04468	1.04543	1.04386	1.04441	9154	0	13
2019.12.13	16:00:00	1.04441	1.04503	1.04190	1.04260	21120	0	13
2019.12.13	20:00:00	1.04260	1.04326	1.04171	1.04258	5187	0	13
2019.12.16	00:00:00	1.04200	1.04322	1.04133	1.04258	10111	0	13
2019.12.16	04:00:00	1.04261	1.04300	1.04177	1.04197	10000	0	13
2019.12.16	08:00:00	1.04197	1.04245	1.04112	1.04138	8702	0	12
2019.12.16	12:00:00	1.04136	1.04298	1.04109	1.04292	7291	0	13
2019.12.16	16:00:00	1.04292	1.04419	1.04241	1.04381	9455	0	13
2019.12.16	20:00:00	1.04385	1.04435	1.04316	1.04328	4157	0	13
2019.12.17	00:00:00	1.04328	1.04343	1.04071	1.04116	8445	0	12
2019.12.17	04:00:00	1.04118	1.04118	1.04004	1.04087	7124	0	13
2019.12.17	08:00:00	1.04087	1.04215	1.04006	1.04113	10013	0	14
2019.12.17	12:00:00	1.04113	1.04253	1.04080	1.04167	8363	0	12
2019.12.17	16:00:00	1.04166	1.04275	1.04134	1.04198	10041	0	14
2019.12.17	20:00:00	1.04199	1.04303	1.04164	1.04164	5013	0	17
2019.12.18	00:00:00	1.04161	1.04343	1.04122	1.04299	6180	0	14
2019.12.18	04:00:00	1.04299	1.04369	1.04260	1.04332	8280	0	14
2019.12.18	08:00:00	1.04329	1.04398	1.04241	1.04331	9110	0	17
2019.12.18	12:00:00	1.04324	1.04386	1.04210	1.04282	9450	0	15
2019.12.18	16:00:00	1.04282	1.04293	1.04101	1.04242	9588	0	13
2019.12.18	20:00:00	1.04243	1.04271	1.03625	1.03971	4078	0	13
2019.12.19	00:00:00	1.03971	1.04458	1.03952	1.04285	10867	0	14
2019.12.19	04:00:00	1.04282	1.04348	1.04228	1.04348	7395	0	12
2019.12.19	08:00:00	1.04347	1.04415	1.04295	1.04307	7528	0	13
2019.12.19	12:00:00	1.04305	1.04512	1.04305	1.04324	8383	0	13
2019.12.19	16:00:00	1.04324	1.04335	1.04194	1.04207	10482	0	16
2019.12.19	20:00:00	1.04208	1.04257	1.04168	1.04202	6296	0	17
2019.12.20	00:00:00	1.04202	1.04373	1.04117	1.04372	6617	0	14
2019.12.20	04:00:00	1.04368	1.04439	1.04334	1.04419	8372	0	20
2019.12.20	08:00:00	1.04419	1.04503	1.04386	1.04473	7448	0	16
2019.12.20	12:00:00	1.04474	1.04632	1.04435	1.04528	7732	0	13
2019.12.20	16:00:00	1.04528	1.04556	1.04420	1.04513	9650	0	15
2019.12.20	20:00:00	1.04514	1.04532	1.04403	1.04473	4056	0	13
2019.12.23	00:00:00	1.04458	1.04533	1.04404	1.04494	7342	0	13
2019.12.23	04:00:00	1.04494	1.04584	1.04450	1.04548	6120	0	14
2019.12.23	08:00:00	1.04548	1.04586	1.04406	1.04457	8147	0	16
2019.12.23	12:00:00	1.04455	1.04644	1.04414	1.04488	8258	0	15
2019.12.23	16:00:00	1.04488	1.04551	1.04310	1.04335	11061	0	18
2019.12.23	20:00:00	1.04335	1.04373	1.04231	1.04263	4654	0	13
2019.12.24	00:00:00	1.04264	1.04489	1.04185	1.04312	10186	0	12
2019.12.24	04:00:00	1.04312	1.04406	1.04295	1.04383	7538	0	17
2019.12.24	08:00:00	1.04386	1.04418	1.04211	1.04218	9069	0	15
2019.12.24	12:00:00	1.04218	1.04387	1.04186	1.04379	7595	0	13
2019.12.24	16:00:00	1.04379	1.04423	1.04135	1.04163	7446	0	15
2019.12.24	20:00:00	1.04160	1.04263	1.04137	1.04241	911	0	20
2019.12.26	04:00:00	1.04188	1.04199	1.04128	1.04191	908	0	21
2019.12.26	08:00:00	1.04191	1.04228	1.04142	1.04171	3415	0	17
2019.12.26	12:00:00	1.04171	1.04205	1.04104	1.04132	4598	0	16
2019.12.26	16:00:00	1.04132	1.04167	1.04033	1.04059	4966	0	14
2019.12.26	20:00:00	1.04059	1.04176	1.03991	1.04120	3791	0	13
2019.12.27	00:00:00	1.04125	1.04146	1.03997	1.04051	6909	0	16
2019.12.27	04:00:00	1.04051	1.04166	1.03996	1.04158	7566	0	15
2019.12.27	08:00:00	1.04158	1.04214	1.04021	1.04053	8994	0	13
2019.12.27	12:00:00	1.04057	1.04134	1.03999	1.04117	10429	0	16
2019.12.27	16:00:00	1.04115	1.04198	1.04044	1.04062	12950	0	16
2019.12.27	20:00:00	1.04062	1.04200	1.04022	1.04140	4692	0	14
2019.12.30	00:00:00	1.04027	1.04226	1.04008	1.04113	7174	0	12
2019.12.30	04:00:00	1.04113	1.04177	1.04071	1.04149	10902	0	13
2019.12.30	08:00:00	1.04149	1.04155	1.04072	1.04123	9806	0	17
2019.12.30	12:00:00	1.04123	1.04141	1.03977	1.03978	8127	0	13
2019.12.30	16:00:00	1.03978	1.04054	1.03909	1.03986	11897	0	13
2019.12.30	20:00:00	1.03993	1.04022	1.03908	1.03933	7139	0	18
2019.12.31	00:00:00	1.03933	1.04073	1.03908	1.04004	9348	0	13
2019.12.31	04:00:00	1.04004	1.04116	1.03989	1.04096	11247	0	13
2019.12.31	08:00:00	1.04095	1.04234	1.04070	1.04112	7774	0	13
2019.12.31	12:00:00	1.04112	1.04150	1.03984	1.04066	7970	0	13
2019.12.31	16:00:00	1.04059	1.04299	1.04011	1.04134	13127	0	17
2019.12.31	20:00:00	1.04134	1.04257	1.04121	1.04200	2264	0	16
2020.01.02	04:00:00	1.04205	1.04250	1.04125	1.04140	4126	0	17
2020.01.02	08:00:00	1.04140	1.04297	1.04109	1.04293	8517	0	15
2020.01.02	12:00:00	1.04293	1.04482	1.04270	1.04390	9563	0	15
2020.01.02	16:00:00	1.04390	1.04433	1.04218	1.04401	11249	0	13
2020.01.02	20:00:00	1.04397	1.04413	1.04290	1.04330	5244	0	18
2020.01.03	00:00:00	1.04330	1.04371	1.04195	1.04333	5472	0	15
2020.01.03	04:00:00	1.04333	1.04431	1.04228	1.04362	12562	0	14
2020.01.03	08:00:00	1.04362	1.04452	1.04267	1.04307	12855	0	12
2020.01.03	12:00:00	1.04307	1.04370	1.04142	1.04263	10702	0	16
2020.01.03	16:00:00	1.04261	1.04382	1.04148	1.04353	10213	0	16
2020.01.03	20:00:00	1.04353	1.04369	1.04186	1.04222	4988	0	17
2020.01.06	00:00:00	1.04219	1.04378	1.04167	1.04248	14207	0	14
2020.01.06	04:00:00	1.04248	1.04398	1.04226	1.04297	13254	0	16
2020.01.06	08:00:00	1.04297	1.04397	1.04192	1.04240	9605	0	16
2020.01.06	12:00:00	1.04233	1.04253	1.04025	1.04065	8119	0	15
2020.01.06	16:00:00	1.04064	1.04136	1.03920	1.03946	10984	0	14
2020.01.06	20:00:00	1.03943	1.04059	1.03941	1.03955	4713	0	16
2020.01.07	00:00:00	1.03933	1.04089	1.03886	1.03891	10742	0	17
2020.01.07	04:00:00	1.03891	1.03911	1.03786	1.03794	7269	0	12
2020.01.07	08:00:00	1.03794	1.03914	1.03606	1.03616	12056	0	12
2020.01.07	12:00:00	1.03615	1.03624	1.03394	1.03514	10377	0	14
2020.01.07	16:00:00	1.03514	1.03597	1.03456	1.03469	10054	0	15
2020.01.07	20:00:00	1.03469	1.03475	1.03371	1.03384	6461	0	13
2020.01.08	00:00:00	1.03384	1.03598	1.03314	1.03488	19405	0	13
2020.01.08	04:00:00	1.03486	1.03550	1.03374	1.03423	18964	0	17
2020.01.08	08:00:00	1.03424	1.03462	1.03147	1.03193	13881	0	13
2020.01.08	12:00:00	1.03193	1.03418	1.03188	1.03416	11065	0	17
2020.01.08	16:00:00	1.03416	1.03467	1.03255	1.03354	11881	0	15
2020.01.08	20:00:00	1.03355	1.03370	1.03197	1.03214	7992	0	16
2020.01.09	00:00:00	1.03240	1.03401	1.03175	1.03340	9638	0	13
2020.01.09	04:00:00	1.03340	1.03400	1.03311	1.03384	7686	0	20
2020.01.09	08:00:00	1.03384	1.03567	1.03339	1.03506	8488	0	13
2020.01.09	12:00:00	1.03505	1.03758	1.03489	1.03746	7551	0	14
2020.01.09	16:00:00	1.03746	1.03848	1.03646	1.03667	8210	0	16
2020.01.09	20:00:00	1.03668	1.03715	1.03597	1.03657	4430	0	20
2020.01.10	00:00:00	1.03657	1.03940	1.03572	1.03760	10754	0	14
2020.01.10	04:00:00	1.03760	1.03910	1.03722	1.03864	8793	0	17
2020.01.10	08:00:00	1.03867	1.03940	1.03769	1.03909	10018	0	18
2020.01.10	12:00:00	1.03909	1.04004	1.03873	1.03979	9470	0	17
2020.01.10	16:00:00	1.03979	1.04061	1.03906	1.04020	10064	0	17
2020.01.10	20:00:00	1.04018	1.04066	1.03923	1.03928	5585	0	14
2020.01.13	00:00:00	1.03860	1.04094	1.03817	1.04066	5414	0	16
2020.01.13	04:00:00	1.04066	1.04135	1.03945	1.04023	7655	0	20
2020.01.13	08:00:00	1.04023	1.04181	1.03995	1.04093	11210	0	16
2020.01.13	12:00:00	1.04094	1.04125	1.04006	1.04073	8019	0	16
2020.01.13	16:00:00	1.04072	1.04228	1.04018	1.04148	10012	0	13
2020.01.13	20:00:00	1.04149	1.04153	1.04056	1.04084	4862	0	15
2020.01.14	00:00:00	1.04087	1.04198	1.04027	1.04031	6518	0	13
2020.01.14	04:00:00	1.04034	1.04166	1.03986	1.04099	6466	0	15
2020.01.14	08:00:00	1.04099	1.04195	1.04047	1.04184	8353	0	15
2020.01.14	12:00:00	1.04180	1.04362	1.04180	1.04339	9209	0	15
2020.01.14	16:00:00	1.04340	1.04453	1.04294	1.04335	8499	0	13
2020.01.14	20:00:00	1.04335	1.04422	1.04248	1.04315	5348	0	15
2020.01.15	00:00:00	1.04313	1.04416	1.04288	1.04358	5712	0	14
2020.01.15	04:00:00	1.04361	1.04393	1.04266	1.04293	11928	0	16
2020.01.15	08:00:00	1.04293	1.04344	1.04149	1.04257	9115	0	18
2020.01.15	12:00:00	1.04254	1.04447	1.04115	1.04387	7941	0	13
2020.01.15	16:00:00	1.04385	1.04580	1.04327	1.04455	10105	0	13
2020.01.15	20:00:00	1.04454	1.04484	1.04284	1.04284	4618	0	17
2020.01.16	00:00:00	1.04284	1.04366	1.04128	1.04147	6816	0	15
2020.01.16	04:00:00	1.04143	1.04167	1.04070	1.04125	8167	0	16
2020.01.16	08:00:00	1.04126	1.04170	1.04050	1.04095	8929	0	13
2020.01.16	12:00:00	1.04095	1.04168	1.03946	1.04023	8479	0	14
2020.01.16	16:00:00	1.04024	1.04024	1.03824	1.03918	11502	0	16
2020.01.16	20:00:00	1.03912	1.03985	1.03836	1.03915	5207	0	18
2020.01.17	00:00:00	1.03861	1.03997	1.03763	1.03775	7408	0	13
2020.01.17	04:00:00	1.03774	1.03869	1.03720	1.03818	6946	0	17
2020.01.17	08:00:00	1.03820	1.04036	1.03798	1.03995	8876	0	15
2020.01.17	12:00:00	1.03994	1.04148	1.03984	1.04060	8008	0	14
2020.01.17	16:00:00	1.04059	1.04067	1.03944	1.03969	11574	0	17
2020.01.17	20:00:00	1.03969	1.03989	1.03885	1.03898	4812	0	16
2020.01.20	00:00:00	1.03824	1.04020	1.03821	1.03960	5799	0	17
2020.01.20	04:00:00	1.03958	1.04006	1.03913	1.03990	6234	0	15
2020.01.20	08:00:00	1.03991	1.03999	1.03916	1.03935	9635	0	16
2020.01.20	12:00:00	1.03935	1.04004	1.03847	1.03913	7766	0	16
2020.01.20	16:00:00	1.03912	1.04074	1.03887	1.04007	7891	0	13
2020.01.20	20:00:00	1.04007	1.04061	1.03852	1.03947	2188	0	22
2020.01.21	00:00:00	1.03944	1.04073	1.03914	1.03960	8073	0	13
2020.01.21	04:00:00	1.03960	1.03975	1.03802	1.03913	9599	0	14
2020.01.21	08:00:00	1.03913	1.03964	1.03824	1.03878	10328	0	18
2020.01.21	12:00:00	1.03877	1.04018	1.03841	1.03881	11617	0	14
2020.01.21	16:00:00	1.03883	1.03929	1.03681	1.03757	12394	0	13
2020.01.21	20:00:00	1.03757	1.03838	1.03713	1.03730	5819	0	14
2020.01.22	00:00:00	1.03730	1.03832	1.03692	1.03733	6747	0	14
2020.01.22	04:00:00	1.03733	1.03827	1.03721	1.03769	6596	0	13
2020.01.22	08:00:00	1.03769	1.03820	1.03703	1.03768	10246	0	17
2020.01.22	12:00:00	1.03767	1.03832	1.03664	1.03670	9665	0	18
2020.01.22	16:00:00	1.03667	1.03806	1.03633	1.03802	12988	0	16
2020.01.22	20:00:00	1.03804	1.03831	1.03717	1.03769	3814	0	17
2020.01.23	00:00:00	1.03775	1.04298	1.03710	1.04253	8315	0	16
2020.01.23	04:00:00	1.04256	1.04283	1.04079	1.04115	6277	0	17
2020.01.23	08:00:00	1.04115	1.04294	1.04071	1.04137	11443	0	16
2020.01.23	12:00:00	1.04137	1.04191	1.03962	1.03967	12298	0	18
2020.01.23	16:00:00	1.03967	1.04039	1.03660	1.03722	17257	0	14
2020.01.23	20:00:00	1.03722	1.03771	1.03320	1.03440	5903	0	13
2020.01.24	00:00:00	1.03446	1.03510	1.03353	1.03445	6576	0	12
2020.01.24	04:00:00	1.03445	1.03493	1.03361	1.03481	5531	0	12
2020.01.24	08:00:00	1.03481	1.03486	1.03376	1.03394	7472	0	14
2020.01.24	12:00:00	1.03394	1.03514	1.03357	1.03414	9270	0	17
2020.01.24	16:00:00	1.03414	1.03462	1.03268	1.03341	12261	0	15
2020.01.24	20:00:00	1.03339	1.03343	1.03176	1.03235	4724	0	14
2020.01.27	00:00:00	1.03332	1.03499	1.03196	1.03487	15501	0	12
2020.01.27	04:00:00	1.03486	1.03555	1.03420	1.03441	9052	0	20
2020.01.27	08:00:00	1.03441	1.03441	1.03196	1.03267	8650	0	14
2020.01.27	12:00:00	1.03267	1.03297	1.03128	1.03265	13672	0	17
2020.01.27	16:00:00	1.03265	1.03295	1.03068	1.03165	14472	0	13
2020.01.27	20:00:00	1.03163	1.03303	1.03149	1.03234	5265	0	13
2020.01.28	00:00:00	1.03271	1.03341	1.03198	1.03253	7201	0	14
2020.01.28	04:00:00	1.03253	1.03310	1.03199	1.03261	7550	0	19
2020.01.28	08:00:00	1.03261	1.03425	1.03215	1.03316	12080	0	14
2020.01.28	12:00:00	1.03316	1.03436	1.03288	1.03429	9440	0	14
2020.01.28	16:00:00	1.03429	1.03497	1.03344	1.03353	11352	0	15
2020.01.28	20:00:00	1.03354	1.03398	1.03244	1.03256	5721	0	19
2020.01.29	00:00:00	1.03250	1.03531	1.03102	1.03476	12371	0	14
2020.01.29	04:00:00	1.03473	1.03686	1.03452	1.03576	9166	0	13
2020.01.29	08:00:00	1.03575	1.03591	1.03378	1.03386	9153	0	13
2020.01.29	12:00:00	1.03385	1.03559	1.03378	1.03526	11043	0	16
2020.01.29	16:00:00	1.03526	1.03608	1.03320	1.03453	11991	0	16
2020.01.29	20:00:00	1.03457	1.03474	1.03271	1.03432	6649	0	15
2020.01.30	00:00:00	1.03428	1.03449	1.03306	1.03401	5918	0	14
2020.01.30	04:00:00	1.03401	1.03496	1.03388	1.03467	7388	0	14
2020.01.30	08:00:00	1.03467	1.03534	1.03341	1.03522	9225	0	13
2020.01.30	12:00:00	1.03522	1.03538	1.03351	1.03395	10587	0	14
2020.01.30	16:00:00	1.03395	1.03493	1.03291	1.03404	15860	0	13
2020.01.30	20:00:00	1.03404	1.03565	1.03404	1.03565	8739	0	14
2020.01.31	00:00:00	1.03530	1.03611	1.03417	1.03530	11033	0	14
2020.01.31	04:00:00	1.03530	1.03649	1.03494	1.03601	9726	0	15
2020.01.31	08:00:00	1.03599	1.03645	1.03510	1.03576	10322	0	14
2020.01.31	12:00:00	1.03576	1.03636	1.03509	1.03607	10121	0	14
2020.01.31	16:00:00	1.03607	1.03636	1.03398	1.03525	14021	0	13
2020.01.31	20:00:00	1.03525	1.03604	1.03369	1.03392	7285	0	17
2020.02.03	00:00:00	1.03237	1.03717	1.03232	1.03639	14658	0	13
2020.02.03	04:00:00	1.03639	1.03665	1.03466	1.03569	13347	0	17
2020.02.03	08:00:00	1.03569	1.03626	1.03459	1.03604	14127	0	14
2020.02.03	12:00:00	1.03603	1.03614	1.03460	1.03556	10604	0	17
2020.02.03	16:00:00	1.03556	1.03624	1.03440	1.03506	13428	0	16
2020.02.03	20:00:00	1.03508	1.03558	1.03408	1.03514	4549	0	16
2020.02.04	00:00:00	1.03507	1.03642	1.03474	1.03602	11450	0	13
2020.02.04	04:00:00	1.03602	1.03939	1.03511	1.03846	13511	0	12
2020.02.04	08:00:00	1.03845	1.03975	1.03816	1.03861	10390	0	13
2020.02.04	12:00:00	1.03860	1.04069	1.03831	1.04055	9642	0	13
2020.02.04	16:00:00	1.04055	1.04109	1.03781	1.03831	8855	0	14
2020.02.04	20:00:00	1.03831	1.03909	1.03634	1.03797	5566	0	14
2020.02.05	00:00:00	1.03797	1.03919	1.03644	1.03906	10861	0	14
2020.02.05	04:00:00	1.03906	1.03952	1.03843	1.03931	7649	0	14
2020.02.05	08:00:00	1.03931	1.04238	1.03906	1.04205	12003	0	13
2020.02.05	12:00:00	1.04204	1.04421	1.04144	1.04344	11991	0	15
2020.02.05	16:00:00	1.04342	1.04389	1.04098	1.04213	12359	0	14
2020.02.05	20:00:00	1.04213	1.04256	1.04119	1.04178	6231	0	18
2020.02.06	00:00:00	1.04182	1.04347	1.04094	1.04301	10743	0	17
2020.02.06	04:00:00	1.04301	1.04442	1.04264	1.04412	10378	0	14
2020.02.06	08:00:00	1.04412	1.04461	1.04278	1.04301	11080	0	16
2020.02.06	12:00:00	1.04301	1.04389	1.04244	1.04313	7534	0	13
2020.02.06	16:00:00	1.04312	1.04355	1.04152	1.04264	10638	0	18
2020.02.06	20:00:00	1.04266	1.04291	1.04112	1.04148	4909	0	15
2020.02.07	00:00:00	1.04148	1.04238	1.04061	1.04072	6069	0	13
2020.02.07	04:00:00	1.04073	1.04126	1.03970	1.04109	7463	0	18
2020.02.07	08:00:00	1.04110	1.04221	1.04089	1.04138	12133	0	13
2020.02.07	12:00:00	1.04138	1.04174	1.04015	1.04113	10275	0	13
2020.02.07	16:00:00	1.04113	1.04330	1.03928	1.04287	13134	0	13
2020.02.07	20:00:00	1.04287	1.04343	1.04224	1.04230	4259	0	18
2020.02.10	00:00:00	1.04059	1.04429	1.04033	1.04363	11699	0	14
2020.02.10	04:00:00	1.04363	1.04601	1.04353	1.04538	12925	0	14
2020.02.10	08:00:00	1.04540	1.04601	1.04358	1.04388	12965	0	15
2020.02.10	12:00:00	1.04386	1.04522	1.04372	1.04484	9760	0	13
2020.02.10	16:00:00	1.04485	1.04669	1.04450	1.04531	9739	0	13
2020.02.10	20:00:00	1.04530	1.04724	1.04488	1.04696	4214	0	15
2020.02.11	00:00:00	1.04697	1.04961	1.04634	1.04886	9459	0	12
2020.02.11	04:00:00	1.04886	1.05014	1.04881	1.04992	8389	0	14
2020.02.11	08:00:00	1.04994	1.05042	1.04847	1.04882	8260	0	16
2020.02.11	12:00:00	1.04881	1.04951	1.04841	1.04874	7892	0	14
2020.02.11	16:00:00	1.04873	1.04977	1.04811	1.04844	11522	0	14
2020.02.11	20:00:00	1.04847	1.04906	1.04793	1.04809	5420	0	13
2020.02.12	00:00:00	1.04814	1.04885	1.04076	1.04127	9717	0	12
2020.02.12	04:00:00	1.04128	1.04209	1.03961	1.04151	9851	0	12
2020.02.12	08:00:00	1.04150	1.04248	1.04073	1.04153	13902	0	14
2020.02.12	12:00:00	1.04153	1.04211	1.03985	1.04101	8825	0	14
2020.02.12	16:00:00	1.04101	1.04312	1.04072	1.04270	10950	0	13
2020.02.12	20:00:00	1.04270	1.04304	1.04107	1.04148	5318	0	13
2020.02.13	00:00:00	1.04111	1.04338	1.04030	1.04252	10991	0	12
2020.02.13	04:00:00	1.04253	1.04302	1.04145	1.04186	6266	0	15
2020.02.13	08:00:00	1.04186	1.04244	1.04139	1.04203	11209	0	16
2020.02.13	12:00:00	1.04203	1.04369	1.04169	1.04346	9925	0	14
2020.02.13	16:00:00	1.04347	1.04455	1.04253	1.04360	10307	0	17
2020.02.13	20:00:00	1.04362	1.04395	1.04267	1.04367	5081	0	18
2020.02.14	00:00:00	1.04367	1.04491	1.04251	1.04446	6363	0	15
2020.02.14	04:00:00	1.04446	1.04518	1.04399	1.04426	6461	0	12
2020.02.14	08:00:00	1.04426	1.04538	1.04406	1.04458	6575	0	19
2020.02.14	12:00:00	1.04456	1.04481	1.04353	1.04387	5977	0	18
2020.02.14	16:00:00	1.04388	1.04428	1.04304	1.04319	6942	0	16
2020.02.14	20:00:00	1.04319	1.04381	1.04279	1.04291	3519	0	21
2020.02.17	00:00:00	1.04214	1.04465	1.04181	1.04445	5242	0	14
2020.02.17	04:00:00	1.04442	1.04619	1.04414	1.04605	4711	0	16
2020.02.17	08:00:00	1.04606	1.04651	1.04485	1.04499	7062	0	21
2020.02.17	12:00:00	1.04499	1.04581	1.04424	1.04519	5186	0	15
2020.02.17	16:00:00	1.04519	1.04533	1.04253	1.04306	4641	0	14
2020.02.17	20:00:00	1.04308	1.04335	1.04194	1.04249	1984	0	20
2020.02.18	00:00:00	1.04239	1.04371	1.04134	1.04341	8400	0	16
2020.02.18	04:00:00	1.04341	1.04406	1.04229	1.04229	5837	0	16
2020.02.18	08:00:00	1.04229	1.04369	1.04224	1.04347	7493	0	12
2020.02.18	12:00:00	1.04347	1.04531	1.04339	1.04530	7435	0	14
2020.02.18	16:00:00	1.04530	1.04739	1.04522	1.04727	9259	0	16
2020.02.18	20:00:00	1.04727	1.04759	1.04643	1.04650	3754	0	19
2020.02.19	00:00:00	1.04649	1.04708	1.04535	1.04618	6607	0	17
2020.02.19	04:00:00	1.04620	1.04732	1.04613	1.04727	8142	0	13
2020.02.19	08:00:00	1.04727	1.04781	1.04588	1.04618	7671	0	17
2020.02.19	12:00:00	1.04618	1.04626	1.04530	1.04609	6291	0	16
2020.02.19	16:00:00	1.04609	1.04685	1.04528	1.04676	11827	0	17
2020.02.19	20:00:00	1.04676	1.04690	1.04520	1.04538	5665	0	14
2020.02.20	00:00:00	1.04535	1.04675	1.04280	1.04456	9008	0	13
2020.02.20	04:00:00	1.04456	1.04574	1.04336	1.04559	8909	0	12
2020.02.20	08:00:00	1.04558	1.04627	1.04430	1.04531	11445	0	18
2020.02.20	12:00:00	1.04530	1.04655	1.04481	1.04521	10446	0	15
2020.02.20	16:00:00	1.04521	1.04540	1.04332	1.04429	12428	0	12
2020.02.20	20:00:00	1.04429	1.04473	1.04337	1.04383	3735	0	15
2020.02.21	00:00:00	1.04387	1.04540	1.04324	1.04507	8919	0	18
2020.02.21	04:00:00	1.04507	1.04643	1.04427	1.04573	10268	0	14
2020.02.21	08:00:00	1.04573	1.04656	1.04412	1.04477	10404	0	14
2020.02.21	12:00:00	1.04479	1.04565	1.04437	1.04548	10270	0	18
2020.02.21	16:00:00	1.04547	1.04556	1.04391	1.04399	13836	0	17
2020.02.21	20:00:00	1.04394	1.04419	1.04238	1.04300	4106	0	17
2020.02.24	00:00:00	1.04255	1.04588	1.04254	1.04530	12605	0	13
2020.02.24	04:00:00	1.04530	1.04564	1.04437	1.04480	9388	0	16
2020.02.24	08:00:00	1.04479	1.04572	1.04314	1.04391	13456	0	14
2020.02.24	12:00:00	1.04391	1.04436	1.04310	1.04363	11745	0	17
2020.02.24	16:00:00	1.04362	1.04364	1.04127	1.04127	15212	0	17
2020.02.24	20:00:00	1.04128	1.04191	1.04085	1.04131	6591	0	17
2020.02.25	00:00:00	1.04131	1.04330	1.04078	1.04152	10135	0	14
2020.02.25	04:00:00	1.04152	1.04382	1.04112	1.04329	7579	0	14
2020.02.25	08:00:00	1.04335	1.04410	1.04198	1.04311	10877	0	13
2020.02.25	12:00:00	1.04312	1.04433	1.04285	1.04351	9976	0	14
2020.02.25	16:00:00	1.04349	1.04396	1.04259	1.04337	13024	0	18
2020.02.25	20:00:00	1.04337	1.04439	1.04238	1.04439	7478	0	16
2020.02.26	00:00:00	1.04439	1.04517	1.04292	1.04449	12048	0	15
2020.02.26	04:00:00	1.04451	1.04550	1.04277	1.04283	8209	0	14
2020.02.26	08:00:00	1.04283	1.04291	1.04100	1.04252	12612	0	16
2020.02.26	12:00:00	1.04252	1.04355	1.04194	1.04217	12867	0	14
2020.02.26	16:00:00	1.04218	1.04291	1.04028	1.04118	14449	0	12
2020.02.26	20:00:00	1.04119	1.04142	1.03984	1.03984	7663	0	16
2020.02.27	00:00:00	1.03993	1.04176	1.03957	1.04139	13487	0	12
2020.02.27	04:00:00	1.04139	1.04255	1.04086	1.04098	12499	0	13
2020.02.27	08:00:00	1.04100	1.04197	1.03927	1.03979	13663	0	15
2020.02.27	12:00:00	1.03979	1.04055	1.03846	1.03909	12961	0	17
2020.02.27	16:00:00	1.03902	1.04247	1.03894	1.04191	17996	0	17
2020.02.27	20:00:00	1.04191	1.04321	1.04096	1.04130	8986	0	14
2020.02.28	00:00:00	1.04130	1.04497	1.03987	1.04467	13145	0	12
2020.02.28	04:00:00	1.04468	1.04606	1.04410	1.04548	15422	0	15
2020.02.28	08:00:00	1.04549	1.04619	1.04347	1.04410	22464	0	16
2020.02.28	12:00:00	1.04411	1.04552	1.04161	1.04236	20203	0	14
2020.02.28	16:00:00	1.04235	1.04379	1.03876	1.04139	25125	0	12
2020.02.28	20:00:00	1.04136	1.04341	1.04057	1.04088	17210	0	14
2020.03.02	00:00:00	1.04303	1.04695	1.04166	1.04557	10054	0	14
2020.03.02	04:00:00	1.04557	1.04790	1.04539	1.04720	10589	0	15
2020.03.02	08:00:00	1.04719	1.04838	1.04552	1.04580	17174	0	17
2020.03.02	12:00:00	1.04579	1.04583	1.04265	1.04410	16722	0	13
2020.03.02	16:00:00	1.04406	1.04497	1.04200	1.04356	19422	0	14
2020.03.02	20:00:00	1.04358	1.04562	1.04352	1.04432	7768	0	3
2020.03.03	00:00:00	1.04417	1.04569	1.04108	1.04142	9325	0	7
2020.03.03	04:00:00	1.04143	1.04608	1.04073	1.04540	11764	0	15
2020.03.03	08:00:00	1.04540	1.04730	1.04511	1.04685	11740	0	13
2020.03.03	12:00:00	1.04682	1.04845	1.04646	1.04785	12299	0	18
2020.03.03	16:00:00	1.04785	1.05064	1.04725	1.04951	20849	0	12
2020.03.03	20:00:00	1.04950	1.05009	1.04771	1.04904	10616	0	1
2020.03.04	00:00:00	1.04902	1.05168	1.04664	1.04986	10022	0	12
2020.03.04	04:00:00	1.04988	1.05213	1.04984	1.05074	8248	0	14
2020.03.04	08:00:00	1.05074	1.05162	1.05009	1.05080	10864	0	13
2020.03.04	12:00:00	1.05079	1.05246	1.04991	1.05231	9644	0	12
2020.03.04	16:00:00	1.05231	1.05309	1.05065	1.05189	13380	0	17
2020.03.04	20:00:00	1.05189	1.05286	1.05136	1.05189	4454	0	10
2020.03.05	00:00:00	1.05122	1.05283	1.05022	1.05199	7046	0	14
2020.03.05	04:00:00	1.05198	1.05229	1.05029	1.05071	4649	0	10
2020.03.05	08:00:00	1.05070	1.05149	1.04865	1.04875	6829	0	18
2020.03.05	12:00:00	1.04875	1.04912	1.04647	1.04865	11016	0	13
2020.03.05	16:00:00	1.04865	1.04888	1.04635	1.04646	12187	0	17
2020.03.05	20:00:00	1.04644	1.05022	1.04631	1.04939	6211	0	8
2020.03.06	00:00:00	1.04882	1.04981	1.04529	1.04588	9652	0	15
2020.03.06	04:00:00	1.04586	1.04645	1.04437	1.04457	8477	0	16
2020.03.06	08:00:00	1.04455	1.04566	1.04272	1.04353	13682	0	14
2020.03.06	12:00:00	1.04349	1.04583	1.04195	1.04381	15671	0	14
2020.03.06	16:00:00	1.04380	1.04499	1.04228	1.04357	18719	0	14
2020.03.06	20:00:00	1.04350	1.04521	1.04312	1.04484	6283	0	9
2020.03.09	00:00:00	1.04352	1.05104	1.03716	1.04141	17094	0	13
2020.03.09	04:00:00	1.04137	1.04420	1.03676	1.04371	23080	0	12
2020.03.09	08:00:00	1.04371	1.04519	1.04122	1.04140	32716	0	20
2020.03.09	12:00:00	1.04141	1.04311	1.03783	1.03977	31825	0	40
2020.03.09	16:00:00	1.03977	1.04036	1.03614	1.03777	42402	0	40
2020.03.09	20:00:00	1.03770	1.04025	1.03603	1.03941	13324	0	40
2020.03.10	00:00:00	1.03943	1.04277	1.03784	1.03836	25901	0	40
2020.03.10	04:00:00	1.03836	1.04150	1.03744	1.04091	19170	0	40
2020.03.10	08:00:00	1.04091	1.04097	1.03856	1.03933	24154	0	40
2020.03.10	12:00:00	1.03932	1.03990	1.03516	1.03679	25181	0	40
2020.03.10	16:00:00	1.03680	1.03680	1.03272	1.03604	32918	0	40
2020.03.10	20:00:00	1.03604	1.03787	1.03470	1.03525	11212	0	41
2020.03.11	00:00:00	1.03525	1.03739	1.03399	1.03489	10852	0	40
2020.03.11	04:00:00	1.03489	1.03698	1.03334	1.03338	14092	0	40
2020.03.11	08:00:00	1.03336	1.03471	1.03133	1.03181	21272	0	17
2020.03.11	12:00:00	1.03182	1.03383	1.03016	1.03363	15190	0	12
2020.03.11	16:00:00	1.03360	1.03474	1.03187	1.03358	15807	0	14
2020.03.11	20:00:00	1.03358	1.03526	1.03137	1.03400	8903	0	13
2020.03.12	00:00:00	1.03400	1.03533	1.03173	1.03235	18989	0	14
2020.03.12	04:00:00	1.03236	1.03424	1.03119	1.03157	19377	0	14
2020.03.12	08:00:00	1.03157	1.03179	1.02759	1.02788	14395	0	16
2020.03.12	12:00:00	1.02786	1.02868	1.02555	1.02586	18478	0	13
2020.03.12	16:00:00	1.02586	1.03043	1.02560	1.02856	30516	0	13
2020.03.12	20:00:00	1.02856	1.02911	1.02032	1.02616	13803	0	13
2020.03.13	00:00:00	1.02594	1.02827	1.02255	1.02728	19348	0	13
2020.03.13	04:00:00	1.02720	1.02821	1.02382	1.02692	19108	0	14
2020.03.13	08:00:00	1.02701	1.02799	1.02437	1.02440	22820	0	13
2020.03.13	12:00:00	1.02440	1.02536	1.02297	1.02517	20723	0	14
2020.03.13	16:00:00	1.02518	1.02524	1.01531	1.01882	28925	0	13
2020.03.13	20:00:00	1.01885	1.02095	1.01604	1.01691	10038	0	17
2020.03.16	00:00:00	1.02195	1.02616	1.01175	1.01503	17362	0	13
2020.03.16	04:00:00	1.01490	1.02062	1.01465	1.02032	18136	0	16
2020.03.16	08:00:00	1.02029	1.02275	1.01657	1.02090	22475	0	15
2020.03.16	12:00:00	1.02093	1.02193	1.01163	1.01198	26937	0	13
2020.03.16	16:00:00	1.01197	1.01386	1.00182	1.00950	22251	0	14
2020.03.16	20:00:00	1.00947	1.01297	1.00665	1.00902	12171	0	13
2020.03.17	00:00:00	1.00913	1.01205	1.00495	1.00829	18101	0	13
2020.03.17	04:00:00	1.00820	1.01251	1.00793	1.00926	14445	0	15
2020.03.17	08:00:00	1.00926	1.01088	1.00611	1.00873	21811	0	20
2020.03.17	12:00:00	1.00873	1.01077	1.00385	1.00468	22612	0	14
2020.03.17	16:00:00	1.00466	1.00805	1.00305	1.00604	22151	0	16
2020.03.17	20:00:00	1.00432	1.01068	1.00425	1.00750	11113	0	19
2020.03.18	00:00:00	1.00743	1.00978	1.00610	1.00825	19663	0	14
2020.03.18	04:00:00	1.00821	1.01053	1.00796	1.00960	16997	0	18
2020.03.18	08:00:00	1.00960	1.01510	1.00765	1.01290	21265	0	14
2020.03.18	12:00:00	1.01292	1.01360	1.00555	1.00588	21806	0	18
2020.03.18	16:00:00	1.00593	1.00992	0.99934	1.00282	30773	0	13
2020.03.18	20:00:00	1.00261	1.00836	1.00095	1.00736	18366	0	16
2020.03.19	00:00:00	1.00736	1.01600	1.00423	1.00732	27037	0	12
2020.03.19	04:00:00	1.00751	1.01140	1.00204	1.00466	27453	0	13
2020.03.19	08:00:00	1.00466	1.01629	1.00451	1.01168	35299	0	12
2020.03.19	12:00:00	1.01168	1.01855	1.00530	1.00641	33150	0	20
2020.03.19	16:00:00	1.00642	1.01281	1.00337	1.00486	33283	0	21
2020.03.19	20:00:00	1.00456	1.01364	1.00341	1.00849	14884	0	7
2020.03.20	00:00:00	1.00735	1.01484	1.00701	1.01383	25578	0	15
2020.03.20	04:00:00	1.01383	1.02047	1.01260	1.01674	16228	0	12
2020.03.20	08:00:00	1.01674	1.01986	1.01487	1.01687	26872	0	23
2020.03.20	12:00:00	1.01686	1.01943	1.01349	1.01482	22530	0	17
2020.03.20	16:00:00	1.01479	1.02120	1.01468	1.01885	31165	0	12
2020.03.20	20:00:00	1.01871	1.02191	1.01561	1.01648	15037	0	27
2020.03.23	00:00:00	1.02161	1.02276	1.01659	1.01984	31885	0	12
2020.03.23	04:00:00	1.01961	1.02256	1.01764	1.01948	27200	0	15
2020.03.23	08:00:00	1.01954	1.02435	1.01871	1.01896	34883	0	18
2020.03.23	12:00:00	1.01896	1.02014	1.01538	1.01714	31764	0	19
2020.03.23	16:00:00	1.01702	1.01931	1.01358	1.01458	31980	0	18
2020.03.23	20:00:00	1.01466	1.02196	1.01421	1.01852	14249	0	18
2020.03.24	00:00:00	1.01852	1.02558	1.01772	1.02347	26514	0	15
2020.03.24	04:00:00	1.02340	1.02532	1.02099	1.02274	24336	0	12
2020.03.24	08:00:00	1.02271	1.02598	1.01929	1.02166	23361	0	14
2020.03.24	12:00:00	1.02166	1.02415	1.01848	1.02043	26476	0	17
2020.03.24	16:00:00	1.02045	1.02671	1.02004	1.02163	25938	0	17
2020.03.24	20:00:00	1.02152	1.02338	1.01909	1.02129	13384	0	33
2020.03.25	00:00:00	1.02165	1.02639	1.01967	1.02523	18793	0	16
2020.03.25	04:00:00	1.02525	1.02636	1.02296	1.02577	22048	0	22
2020.03.25	08:00:00	1.02565	1.02929	1.02534	1.02760	23189	0	17
2020.03.25	12:00:00	1.02760	1.02993	1.02542	1.02559	22360	0	14
2020.03.25	16:00:00	1.02561	1.02633	1.02104	1.02177	24923	0	23
2020.03.25	20:00:00	1.02151	1.02279	1.01634	1.01706	11374	0	21
2020.03.26	00:00:00	1.01705	1.01939	1.01491	1.01528	23440	0	14
2020.03.26	04:00:00	1.01528	1.01645	1.01184	1.01619	20694	0	19
2020.03.26	08:00:00	1.01631	1.01874	1.01596	1.01863	23482	0	26
2020.03.26	12:00:00	1.01863	1.02194	1.01814	1.02051	24052	0	18
2020.03.26	16:00:00	1.02034	1.02173	1.01378	1.01484	26547	0	24
2020.03.26	20:00:00	1.01471	1.01751	1.01311	1.01531	11636	0	12
2020.03.27	00:00:00	1.01531	1.01926	1.01482	1.01662	16979	0	20
2020.03.27	04:00:00	1.01662	1.02480	1.01646	1.02252	23794	0	25
2020.03.27	08:00:00	1.02258	1.02317	1.01867	1.01894	26426	0	20
2020.03.27	12:00:00	1.01894	1.02178	1.01647	1.01750	24595	0	19
2020.03.27	16:00:00	1.01763	1.02164	1.01618	1.02097	26814	0	22
2020.03.27	20:00:00	1.02098	1.02244	1.01952	1.01976	10545	0	25
2020.03.30	00:00:00	1.01866	1.02168	1.01582	1.01944	20918	0	26
2020.03.30	04:00:00	1.01944	1.02022	1.01786	1.01924	21146	0	23
2020.03.30	08:00:00	1.01911	1.02268	1.01839	1.02213	24196	0	19
2020.03.30	12:00:00	1.02214	1.02332	1.01953	1.02215	20430	0	16
2020.03.30	16:00:00	1.02217	1.02767	1.02196	1.02591	21937	0	13
2020.03.30	20:00:00	1.02595	1.02621	1.02473	1.02543	9469	0	13
2020.03.31	00:00:00	1.02477	1.02729	1.01798	1.02645	12699	0	14
2020.03.31	04:00:00	1.02655	1.02786	1.02286	1.02564	19585	0	27
2020.03.31	08:00:00	1.02560	1.02949	1.02535	1.02854	23717	0	13
2020.03.31	12:00:00	1.02853	1.02899	1.02429	1.02621	22627	0	19
2020.03.31	16:00:00	1.02622	1.03337	1.02419	1.02860	24724	0	17
2020.03.31	20:00:00	1.02862	1.03205	1.02822	1.02876	14603	0	15
2020.04.01	00:00:00	1.02842	1.03193	1.02586	1.02969	12366	0	14
2020.04.01	04:00:00	1.02968	1.03060	1.02850	1.02854	12158	0	20
2020.04.01	08:00:00	1.02854	1.02932	1.02631	1.02793	18576	0	18
2020.04.01	12:00:00	1.02793	1.02856	1.02534	1.02581	16943	0	19
2020.04.01	16:00:00	1.02591	1.03459	1.02477	1.02694	19454	0	12
2020.04.01	20:00:00	1.02695	1.02789	1.02498	1.02644	10186	0	21
2020.04.02	00:00:00	1.02644	1.02710	1.02336	1.02567	7736	0	15
2020.04.02	04:00:00	1.02571	1.02674	1.02476	1.02481	8412	0	15
2020.04.02	08:00:00	1.02482	1.02579	1.02285	1.02376	15602	0	17
2020.04.02	12:00:00	1.02377	1.02465	1.02082	1.02121	15134	0	20
2020.04.02	16:00:00	1.02114	1.02457	1.02048	1.02347	23146	0	18
2020.04.02	20:00:00	1.02345	1.02459	1.02197	1.02371	13091	0	16
2020.04.03	00:00:00	1.02371	1.02592	1.02137	1.02584	8651	0	14
2020.04.03	04:00:00	1.02577	1.02673	1.02473	1.02653	9217	0	13
2020.04.03	08:00:00	1.02653	1.02734	1.02298	1.02356	14101	0	14
2020.04.03	12:00:00	1.02355	1.02457	1.02252	1.02362	19196	0	17
2020.04.03	16:00:00	1.02362	1.02613	1.02301	1.02417	16472	0	14
2020.04.03	20:00:00	1.02416	1.02494	1.02219	1.02260	8131	0	15
2020.04.06	00:00:00	1.02190	1.02702	1.02050	1.02541	14045	0	15
2020.04.06	04:00:00	1.02533	1.02574	1.02305	1.02362	10996	0	13
2020.04.06	08:00:00	1.02362	1.02491	1.02298	1.02422	14227	0	13
2020.04.06	12:00:00	1.02423	1.02441	1.02235	1.02309	11937	0	13
2020.04.06	16:00:00	1.02307	1.02586	1.02219	1.02562	13766	0	13
2020.04.06	20:00:00	1.02559	1.02688	1.02534	1.02583	7725	0	13
2020.04.07	00:00:00	1.02583	1.02866	1.02257	1.02698	7964	0	12
2020.04.07	04:00:00	1.02701	1.02816	1.02554	1.02720	13380	0	14
2020.04.07	08:00:00	1.02720	1.03275	1.02563	1.03155	16690	0	13
2020.04.07	12:00:00	1.03155	1.03351	1.03062	1.03246	13661	0	13
2020.04.07	16:00:00	1.03246	1.03444	1.03129	1.03440	15783	0	13
2020.04.07	20:00:00	1.03436	1.03499	1.03166	1.03183	9130	0	13
2020.04.08	00:00:00	1.03178	1.03320	1.02903	1.03192	8093	0	12
2020.04.08	04:00:00	1.03192	1.03228	1.02892	1.02913	10229	0	13
2020.04.08	08:00:00	1.02913	1.03172	1.02857	1.03140	14000	0	13
2020.04.08	12:00:00	1.03140	1.03445	1.03083	1.03334	11390	0	13
2020.04.08	16:00:00	1.03334	1.03516	1.03292	1.03448	12608	0	13
2020.04.08	20:00:00	1.03447	1.03708	1.03433	1.03682	6976	0	13
2020.04.09	00:00:00	1.03682	1.03755	1.03325	1.03703	5232	0	12
2020.04.09	04:00:00	1.03700	1.03702	1.03430	1.03533	9283	0	13
2020.04.09	08:00:00	1.03533	1.03625	1.03416	1.03565	10355	0	13
2020.04.09	12:00:00	1.03565	1.03989	1.03534	1.03929	9178	0	12
2020.04.09	16:00:00	1.03927	1.04087	1.03820	1.04038	14846	0	12
2020.04.09	20:00:00	1.04027	1.04384	1.04019	1.04162	10259	0	12
2020.04.10	00:00:00	1.04162	1.04337	1.03967	1.04197	3004	0	12
2020.04.10	04:00:00	1.04200	1.04299	1.04058	1.04213	5382	0	12
2020.04.10	08:00:00	1.04213	1.04488	1.04203	1.04390	4503	0	13
2020.04.10	12:00:00	1.04390	1.04481	1.04199	1.04239	3013	0	25
2020.04.10	16:00:00	1.04239	1.04424	1.04184	1.04395	2991	0	15
2020.04.10	20:00:00	1.04395	1.04557	1.04002	1.04140	1776	0	34
2020.04.13	00:00:00	1.04261	1.04372	1.04055	1.04253	5765	0	13
2020.04.13	04:00:00	1.04253	1.04445	1.04245	1.04401	5930	0	17
2020.04.13	08:00:00	1.04401	1.04464	1.04339	1.04428	5813	0	15
2020.04.13	12:00:00	1.04428	1.04774	1.04402	1.04717	7811	0	14
2020.04.13	16:00:00	1.04720	1.04879	1.04634	1.04757	9226	0	15
2020.04.13	20:00:00	1.04755	1.04867	1.04748	1.04806	6353	0	13
2020.04.14	00:00:00	1.04806	1.04940	1.04556	1.04829	5306	0	15
2020.04.14	04:00:00	1.04832	1.05003	1.04824	1.04901	7779	0	13
2020.04.14	08:00:00	1.04901	1.05061	1.04778	1.04866	9473	0	13
2020.04.14	12:00:00	1.04865	1.05170	1.04810	1.05152	8898	0	14
2020.04.14	16:00:00	1.05152	1.05596	1.05130	1.05563	10737	0	16
2020.04.14	20:00:00	1.05556	1.05656	1.05461	1.05481	6492	0	13
2020.04.15	00:00:00	1.05477	1.05544	1.05349	1.05468	3413	0	13
2020.04.15	04:00:00	1.05467	1.05702	1.05458	1.05561	6250	0	12
2020.04.15	08:00:00	1.05564	1.05662	1.05118	1.05185	11293	0	16
2020.04.15	12:00:00	1.05183	1.05490	1.05183	1.05475	10415	0	12
2020.04.15	16:00:00	1.05469	1.05623	1.05288	1.05612	13725	0	12
2020.04.15	20:00:00	1.05612	1.05626	1.05303	1.05320	7769	0	18
2020.04.16	00:00:00	1.05441	1.05719	1.05133	1.05602	7242	0	14
2020.04.16	04:00:00	1.05596	1.05635	1.05333	1.05390	9433	0	13
2020.04.16	08:00:00	1.05390	1.05621	1.05389	1.05544	12406	0	17
2020.04.16	12:00:00	1.05544	1.05596	1.05234	1.05552	11153	0	14
2020.04.16	16:00:00	1.05552	1.05991	1.05508	1.05876	13313	0	17
2020.04.16	20:00:00	1.05880	1.06095	1.05847	1.05989	8066	0	16
2020.04.17	00:00:00	1.06028	1.06222	1.05704	1.05957	10339	0	13
2020.04.17	04:00:00	1.05957	1.06027	1.05697	1.05715	7438	0	14
2020.04.17	08:00:00	1.05715	1.05888	1.05660	1.05728	12490	0	17
2020.04.17	12:00:00	1.05721	1.05785	1.05423	1.05462	13398	0	18
2020.04.17	16:00:00	1.05459	1.05517	1.05284	1.05350	13719	0	19
2020.04.17	20:00:00	1.05350	1.05519	1.05333	1.05414	6342	0	19
2020.04.20	00:00:00	1.05113	1.05545	1.04910	1.05482	6305	0	13
2020.04.20	04:00:00	1.05474	1.05514	1.04876	1.04922	7561	0	13
2020.04.20	08:00:00	1.04922	1.05214	1.04921	1.05174	10527	0	17
2020.04.20	12:00:00	1.05177	1.05214	1.05022	1.05098	11670	0	20
2020.04.20	16:00:00	1.05093	1.05166	1.04954	1.05068	11094	0	13
2020.04.20	20:00:00	1.05068	1.05096	1.04872	1.04914	8346	0	12
2020.04.21	00:00:00	1.04902	1.05015	1.04698	1.05001	5038	0	16
2020.04.21	04:00:00	1.05007	1.05267	1.04875	1.05240	9345	0	14
2020.04.21	08:00:00	1.05242	1.05453	1.05178	1.05306	10573	0	20
2020.04.21	12:00:00	1.05306	1.05441	1.05230	1.05396	13769	0	16
2020.04.21	16:00:00	1.05401	1.05502	1.05255	1.05448	16416	0	19
2020.04.21	20:00:00	1.05448	1.05484	1.05221	1.05245	8646	0	17
2020.04.22	00:00:00	1.05245	1.05594	1.05091	1.05480	6130	0	15
2020.04.22	04:00:00	1.05480	1.05888	1.05423	1.05682	8182	0	13
2020.04.22	08:00:00	1.05682	1.05851	1.05615	1.05837	10950	0	14
2020.04.22	12:00:00	1.05843	1.05879	1.05635	1.05747	10596	0	18
2020.04.22	16:00:00	1.05747	1.06247	1.05681	1.06145	10491	0	15
2020.04.22	20:00:00	1.06144	1.06249	1.06104	1.06165	5964	0	19
2020.04.23	00:00:00	1.06186	1.06401	1.06023	1.06284	5703	0	12
2020.04.23	04:00:00	1.06284	1.06302	1.06033	1.06101	7819	0	13
2020.04.23	08:00:00	1.06103	1.06234	1.05995	1.06057	12991	0	14
2020.04.23	12:00:00	1.06057	1.06170	1.05856	1.05872	11334	0	14
2020.04.23	16:00:00	1.05872	1.06120	1.05844	1.06064	15382	0	13
2020.04.23	20:00:00	1.06063	1.06109	1.05955	1.06001	8632	0	15
2020.04.24	00:00:00	1.06006	1.06212	1.05842	1.06098	5910	0	5
2020.04.24	04:00:00	1.06096	1.06171	1.05995	1.06036	5850	0	15
2020.04.24	08:00:00	1.06036	1.06123	1.05970	1.06095	9903	0	15
2020.04.24	12:00:00	1.06095	1.06197	1.06045	1.06162	7135	0	14
2020.04.24	16:00:00	1.06162	1.06323	1.06129	1.06204	8514	0	19
2020.04.24	20:00:00	1.06201	1.06303	1.06172	1.06222	3969	0	22
2020.04.27	00:00:00	1.05958	1.06370	1.05919	1.06285	4825	0	15
2020.04.27	04:00:00	1.06284	1.06493	1.06280	1.06430	7393	0	12
2020.04.27	08:00:00	1.06430	1.06524	1.06388	1.06510	8148	0	15
2020.04.27	12:00:00	1.06509	1.06598	1.06451	1.06549	7190	0	19
2020.04.27	16:00:00	1.06549	1.06781	1.06541	1.06663	7276	0	15
2020.04.27	20:00:00	1.06663	1.06886	1.06660	1.06866	3893	0	12
2020.04.28	00:00:00	1.06857	1.07136	1.06745	1.07122	4638	0	12
2020.04.28	04:00:00	1.07119	1.07449	1.07103	1.07408	6043	0	13
2020.04.28	08:00:00	1.07408	1.07503	1.07290	1.07399	7189	0	14
2020.04.28	12:00:00	1.07399	1.07424	1.07175	1.07217	8111	0	17
2020.04.28	16:00:00	1.07217	1.07243	1.07097	1.07192	8543	0	12
2020.04.28	20:00:00	1.07192	1.07263	1.07076	1.07117	4469	0	22
2020.04.29	00:00:00	1.07127	1.07225	1.06929	1.06950	3983	0	19
2020.04.29	04:00:00	1.06947	1.07204	1.06716	1.07139	6106	0	13
2020.04.29	08:00:00	1.07142	1.07202	1.06995	1.07017	7080	0	16
2020.04.29	12:00:00	1.07017	1.07163	1.06888	1.07096	6930	0	13
2020.04.29	16:00:00	1.07095	1.07117	1.06950	1.06980	7900	0	16
2020.04.29	20:00:00	1.06979	1.07008	1.06711	1.06855	6319	0	20
2020.04.30	00:00:00	1.06871	1.06911	1.06696	1.06742	3991	0	14
2020.04.30	04:00:00	1.06744	1.06850	1.06708	1.06762	5969	0	12
2020.04.30	08:00:00	1.06762	1.06933	1.06714	1.06894	6601	0	19
2020.04.30	12:00:00	1.06894	1.06929	1.06324	1.06351	8202	0	13
2020.04.30	16:00:00	1.06355	1.06374	1.06018	1.06161	14941	0	13
2020.04.30	20:00:00	1.06164	1.06288	1.06067	1.06215	7900	0	21
2020.05.01	00:00:00	1.06215	1.06330	1.06070	1.06168	6427	0	12
2020.05.01	04:00:00	1.06164	1.06219	1.06006	1.06120	6127	0	15
2020.05.01	08:00:00	1.06124	1.06128	1.05828	1.05998	6924	0	13
2020.05.01	12:00:00	1.05997	1.06215	1.05949	1.06139	6041	0	15
2020.05.01	16:00:00	1.06136	1.06257	1.06021	1.06051	10102	0	14
2020.05.01	20:00:00	1.06052	1.06098	1.05814	1.05859	4385	0	20
2020.05.04	00:00:00	1.05790	1.06075	1.05711	1.06035	7531	0	14
2020.05.04	04:00:00	1.06024	1.06072	1.05947	1.06006	7732	0	21
2020.05.04	08:00:00	1.06006	1.06045	1.05842	1.05948	10309	0	19
2020.05.04	12:00:00	1.05948	1.06309	1.05923	1.06237	7615	0	21
2020.05.04	16:00:00	1.06236	1.06420	1.06229	1.06337	11050	0	20
2020.05.04	20:00:00	1.06338	1.06429	1.06115	1.06153	6023	0	20
2020.05.05	00:00:00	1.06126	1.06296	1.06010	1.06274	3306	0	14
2020.05.05	04:00:00	1.06274	1.06404	1.06209	1.06324	4838	0	18
2020.05.05	08:00:00	1.06324	1.06415	1.06247	1.06341	9572	0	18
2020.05.05	12:00:00	1.06381	1.06502	1.06299	1.06448	8904	0	15
2020.05.05	16:00:00	1.06448	1.06568	1.06350	1.06390	10003	0	18
2020.05.05	20:00:00	1.06390	1.06398	1.06152	1.06203	4418	0	19
2020.05.06	00:00:00	1.06212	1.06468	1.06008	1.06209	4860	0	14
2020.05.06	04:00:00	1.06209	1.06285	1.06141	1.06262	6589	0	13
2020.05.06	08:00:00	1.06262	1.06317	1.06171	1.06258	8040	0	22
2020.05.06	12:00:00	1.06256	1.06477	1.06246	1.06409	6925	0	13
2020.05.06	16:00:00	1.06409	1.06635	1.06352	1.06578	11637	0	13
2020.05.06	20:00:00	1.06578	1.06616	1.06423	1.06451	5617	0	16
2020.05.07	00:00:00	1.06451	1.06557	1.06309	1.06420	5532	0	14
2020.05.07	04:00:00	1.06421	1.06653	1.06387	1.06629	5766	0	19
2020.05.07	08:00:00	1.06629	1.06960	1.06600	1.06846	9450	0	12
2020.05.07	12:00:00	1.06846	1.06875	1.06612	1.06639	7627	0	15
2020.05.07	16:00:00	1.06639	1.06948	1.06614	1.06755	9525	0	13
2020.05.07	20:00:00	1.06752	1.06770	1.06633	1.06665	5020	0	14
2020.05.08	00:00:00	1.06665	1.06854	1.06602	1.06820	6968	0	15
2020.05.08	04:00:00	1.06817	1.06865	1.06660	1.06711	6757	0	19
2020.05.08	08:00:00	1.06713	1.06734	1.06395	1.06442	5464	0	18
2020.05.08	12:00:00	1.06442	1.06460	1.06314	1.06398	6217	0	16
2020.05.08	16:00:00	1.06398	1.06469	1.06339	1.06422	9131	0	21
2020.05.08	20:00:00	1.06422	1.06454	1.06328	1.06349	3821	0	24
2020.05.11	00:00:00	1.06201	1.06491	1.06111	1.06456	7008	0	13
2020.05.11	04:00:00	1.06460	1.06699	1.06440	1.06649	6560	0	16
2020.05.11	08:00:00	1.06646	1.06783	1.06596	1.06721	7804	0	19
2020.05.11	12:00:00	1.06720	1.06781	1.06439	1.06513	9900	0	17
2020.05.11	16:00:00	1.06512	1.06794	1.06428	1.06764	11872	0	15
2020.05.11	20:00:00	1.06766	1.06853	1.06751	1.06794	6332	0	16
2020.05.12	00:00:00	1.06778	1.06796	1.06301	1.06304	4731	0	19
2020.05.12	04:00:00	1.06301	1.06391	1.06153	1.06365	6239	0	15
2020.05.12	08:00:00	1.06365	1.06670	1.06360	1.06629	9271	0	18
2020.05.12	12:00:00	1.06628	1.06793	1.06587	1.06587	8865	0	18
2020.05.12	16:00:00	1.06586	1.06695	1.06531	1.06590	8663	0	14
2020.05.12	20:00:00	1.06586	1.06609	1.06428	1.06428	3778	0	12
2020.05.13	00:00:00	1.06428	1.06489	1.06251	1.06359	4287	0	12
2020.05.13	04:00:00	1.06359	1.07755	1.06133	1.07670	7126	0	12
2020.05.13	08:00:00	1.07669	1.07791	1.07466	1.07725	6111	0	12
2020.05.13	12:00:00	1.07725	1.07767	1.07597	1.07750	5929	0	12
2020.05.13	16:00:00	1.07750	1.07771	1.07506	1.07599	12230	0	12
2020.05.13	20:00:00	1.07601	1.07719	1.07541	1.07709	5283	0	12
2020.05.14	00:00:00	1.07709	1.07718	1.07519	1.07670	4483	0	12
2020.05.14	04:00:00	1.07669	1.07711	1.07414	1.07494	5580	0	12
2020.05.14	08:00:00	1.07494	1.07643	1.07430	1.07525	5399	0	12
2020.05.14	12:00:00	1.07523	1.07705	1.07426	1.07511	7003	0	12
2020.05.14	16:00:00	1.07516	1.07688	1.07411	1.07643	8578	0	12
2020.05.14	20:00:00	1.07643	1.07758	1.07604	1.07607	4473	0	12
2020.05.15	00:00:00	1.07607	1.07711	1.07404	1.07534	4651	0	12
2020.05.15	04:00:00	1.07534	1.07799	1.07523	1.07720	3841	0	12
2020.05.15	08:00:00	1.07720	1.07904	1.07705	1.07783	4465	0	13
2020.05.15	12:00:00	1.07784	1.08011	1.07754	1.07875	7924	0	12
2020.05.15	16:00:00	1.07875	1.08168	1.07809	1.08124	9143	0	12
2020.05.15	20:00:00	1.08124	1.08234	1.08012	1.08064	2904	0	13
2020.05.18	00:00:00	1.08060	1.08282	1.08010	1.08189	10396	0	12
2020.05.18	04:00:00	1.08189	1.08290	1.08136	1.08172	3006	0	12
2020.05.18	08:00:00	1.08172	1.08282	1.08022	1.08266	4151	0	13
2020.05.18	12:00:00	1.08266	1.08297	1.08022	1.08080	4718	0	12
2020.05.18	16:00:00	1.08083	1.08127	1.07757	1.07916	8077	0	12
2020.05.18	20:00:00	1.07911	1.08036	1.07911	1.07949	3232	0	17
2020.05.19	00:00:00	1.07949	1.08266	1.07650	1.08259	4183	0	12
2020.05.19	04:00:00	1.08259	1.08280	1.07864	1.07939	3846	0	12
2020.05.19	08:00:00	1.07939	1.07943	1.07605	1.07652	7522	0	12
2020.05.19	12:00:00	1.07652	1.07676	1.07393	1.07508	5081	0	12
2020.05.19	16:00:00	1.07512	1.07657	1.07415	1.07549	5858	0	14
2020.05.19	20:00:00	1.07549	1.07634	1.07433	1.07558	4768	0	14
2020.05.20	00:00:00	1.07548	1.07662	1.07220	1.07306	3890	0	16
2020.05.20	04:00:00	1.07309	1.07358	1.07149	1.07209	3246	0	13
2020.05.20	08:00:00	1.07209	1.07326	1.07153	1.07229	4744	0	14
2020.05.20	12:00:00	1.07224	1.07349	1.07132	1.07253	4961	0	13
2020.05.20	16:00:00	1.07253	1.07464	1.07132	1.07378	6649	0	15
2020.05.20	20:00:00	1.07379	1.07421	1.07271	1.07310	5212	0	18
2020.05.21	00:00:00	1.07310	1.07404	1.07168	1.07281	4603	0	13
2020.05.21	04:00:00	1.07274	1.07278	1.07016	1.07212	5877	0	19
2020.05.21	08:00:00	1.07212	1.07335	1.07158	1.07293	6337	0	14
2020.05.21	12:00:00	1.07293	1.07424	1.07250	1.07386	8623	0	17
2020.05.21	16:00:00	1.07384	1.07494	1.07243	1.07345	13032	0	13
2020.05.21	20:00:00	1.07347	1.07355	1.07189	1.07305	6321	0	15
2020.05.22	00:00:00	1.07305	1.07327	1.07063	1.07279	3582	0	13
2020.05.22	04:00:00	1.07279	1.07317	1.07112	1.07180	6282	0	13
2020.05.22	08:00:00	1.07180	1.07192	1.06669	1.06816	8995	0	13
2020.05.22	12:00:00	1.06816	1.07038	1.06815	1.06985	8197	0	13
2020.05.22	16:00:00	1.06985	1.07237	1.06966	1.07229	7167	0	13
2020.05.22	20:00:00	1.07229	1.07292	1.07174	1.07217	3771	0	13
2020.05.25	00:00:00	1.07070	1.07284	1.07055	1.07233	3811	0	13
2020.05.25	04:00:00	1.07235	1.07253	1.07115	1.07137	5547	0	20
2020.05.25	08:00:00	1.07137	1.07203	1.07108	1.07196	5407	0	18
2020.05.25	12:00:00	1.07200	1.07261	1.07176	1.07253	6046	0	15
2020.05.25	16:00:00	1.07252	1.07347	1.07247	1.07265	4354	0	13
2020.05.25	20:00:00	1.07265	1.07294	1.07189	1.07189	1450	0	13
2020.05.26	00:00:00	1.07189	1.07344	1.07106	1.07280	3891	0	13
2020.05.26	04:00:00	1.07280	1.07386	1.07135	1.07218	5168	0	13
2020.05.26	08:00:00	1.07219	1.07273	1.07130	1.07214	7712	0	16
2020.05.26	12:00:00	1.07216	1.07230	1.07008	1.07116	8824	0	15
2020.05.26	16:00:00	1.07117	1.07200	1.06921	1.07140	10878	0	13
2020.05.26	20:00:00	1.07140	1.07334	1.07084	1.07277	6369	0	13
2020.05.27	00:00:00	1.07258	1.07332	1.07171	1.07292	4593	0	13
2020.05.27	04:00:00	1.07291	1.07383	1.07265	1.07289	5985	0	13
2020.05.27	08:00:00	1.07289	1.07324	1.07042	1.07091	7613	0	13
2020.05.27	12:00:00	1.07091	1.07200	1.06900	1.06902	13692	0	13
2020.05.27	16:00:00	1.06902	1.06946	1.06695	1.06881	17400	0	13
2020.05.27	20:00:00	1.06881	1.07117	1.06866	1.07094	6134	0	13
2020.05.28	00:00:00	1.07094	1.07094	1.06847	1.07032	3880	0	19
2020.05.28	04:00:00	1.07031	1.07135	1.06667	1.06728	6129	0	13
2020.05.28	08:00:00	1.06727	1.06947	1.06719	1.06888	9755	0	13
2020.05.28	12:00:00	1.06887	1.07073	1.06591	1.06938	9422	0	13
2020.05.28	16:00:00	1.06938	1.07131	1.06918	1.07082	11019	0	13
2020.05.28	20:00:00	1.07082	1.07113	1.06808	1.06821	5484	0	24
2020.05.29	00:00:00	1.06821	1.07096	1.06650	1.07049	5791	0	13
2020.05.29	04:00:00	1.07049	1.07104	1.06945	1.07063	7190	0	13
2020.05.29	08:00:00	1.07063	1.07199	1.07042	1.07194	8807	0	17
2020.05.29	12:00:00	1.07200	1.07224	1.06979	1.07189	9465	0	13
2020.05.29	16:00:00	1.07189	1.07402	1.06968	1.07317	18832	0	13
2020.05.29	20:00:00	1.07320	1.07518	1.07244	1.07364	11839	0	20
2020.06.01	00:00:00	1.07419	1.07569	1.07350	1.07471	6744	0	21
2020.06.01	04:00:00	1.07466	1.07878	1.07444	1.07783	7118	0	13
2020.06.01	08:00:00	1.07783	1.08146	1.07766	1.07979	10896	0	13
2020.06.01	12:00:00	1.07977	1.08101	1.07904	1.07910	9461	0	15
2020.06.01	16:00:00	1.07910	1.08033	1.07687	1.07965	13205	0	13
2020.06.01	20:00:00	1.07965	1.08010	1.07882	1.07961	6191	0	25
2020.06.02	00:00:00	1.07978	1.08114	1.07851	1.07939	6237	0	21
2020.06.02	04:00:00	1.07943	1.08100	1.07899	1.08065	8668	0	15
2020.06.02	08:00:00	1.08066	1.08725	1.08063	1.08647	13830	0	18
2020.06.02	12:00:00	1.08646	1.08793	1.08358	1.08519	11781	0	13
2020.06.02	16:00:00	1.08517	1.08522	1.08146	1.08386	13395	0	13
2020.06.02	20:00:00	1.08386	1.08387	1.08154	1.08214	7407	0	13
2020.06.03	00:00:00	1.08214	1.08496	1.08109	1.08484	6433	0	15
2020.06.03	04:00:00	1.08484	1.08587	1.08140	1.08145	9294	0	13
2020.06.03	08:00:00	1.08145	1.08237	1.07897	1.07903	10091	0	13
2020.06.03	12:00:00	1.07897	1.07927	1.07596	1.07624	11659	0	13
2020.06.03	16:00:00	1.07619	1.07997	1.07557	1.07885	17007	0	13
2020.06.03	20:00:00	1.07885	1.07918	1.07631	1.07713	5650	0	13
2020.06.04	00:00:00	1.07713	1.07807	1.07542	1.07594	4432	0	13
2020.06.04	04:00:00	1.07594	1.07632	1.07411	1.07525	7007	0	13
2020.06.04	08:00:00	1.07525	1.07593	1.07394	1.07430	8855	0	13
2020.06.04	12:00:00	1.07430	1.07690	1.07328	1.07661	12782	0	13
2020.06.04	16:00:00	1.07662	1.07891	1.07522	1.07538	16100	0	13
2020.06.04	20:00:00	1.07534	1.07604	1.07362	1.07407	8563	0	13
2020.06.05	00:00:00	1.07411	1.07496	1.07217	1.07238	4482	0	18
2020.06.05	04:00:00	1.07238	1.07513	1.07189	1.07503	8654	0	13
2020.06.05	08:00:00	1.07502	1.07694	1.07297	1.07331	11159	0	13
2020.06.05	12:00:00	1.07337	1.07411	1.07078	1.07206	11454	0	13
2020.06.05	16:00:00	1.07206	1.07344	1.06995	1.07180	15368	0	17
2020.06.05	20:00:00	1.07177	1.07209	1.06967	1.07055	7270	0	13
2020.06.08	00:00:00	1.06994	1.07174	1.06930	1.07135	4952	0	13
2020.06.08	04:00:00	1.07129	1.07159	1.06907	1.06946	6492	0	18
2020.06.08	08:00:00	1.06946	1.07169	1.06870	1.07066	9847	0	13
2020.06.08	12:00:00	1.07066	1.07095	1.06962	1.06989	9067	0	13
2020.06.08	16:00:00	1.06989	1.07034	1.06794	1.06863	12461	0	13
2020.06.08	20:00:00	1.06863	1.07045	1.06859	1.06990	5634	0	13
2020.06.09	00:00:00	1.06990	1.07039	1.06899	1.06912	4180	0	23
2020.06.09	04:00:00	1.06907	1.06955	1.06746	1.06826	7014	0	13
2020.06.09	08:00:00	1.06826	1.06849	1.06361	1.06632	12560	0	13
2020.06.09	12:00:00	1.06630	1.06932	1.06613	1.06926	11630	0	13
2020.06.09	16:00:00	1.06924	1.06938	1.06675	1.06703	11397	0	13
2020.06.09	20:00:00	1.06700	1.06921	1.06681	1.06829	6121	0	13
2020.06.10	00:00:00	1.06795	1.06925	1.06650	1.06753	5566	0	13
2020.06.10	04:00:00	1.06753	1.06868	1.06698	1.06746	7112	0	21
2020.06.10	08:00:00	1.06746	1.06888	1.06671	1.06838	11057	0	17
2020.06.10	12:00:00	1.06836	1.07147	1.06792	1.07099	9365	0	13
2020.06.10	16:00:00	1.07099	1.07271	1.06981	1.07008	12056	0	13
2020.06.10	20:00:00	1.07018	1.07258	1.06900	1.07030	15752	0	16
2020.06.11	00:00:00	1.07030	1.07094	1.06887	1.06982	5744	0	16
2020.06.11	04:00:00	1.06981	1.07014	1.06669	1.06769	8868	0	13
2020.06.11	08:00:00	1.06766	1.06866	1.06627	1.06772	13964	0	13
2020.06.11	12:00:00	1.06772	1.06827	1.06586	1.06618	13503	0	20
2020.06.11	16:00:00	1.06618	1.06677	1.06339	1.06586	19481	0	13
2020.06.11	20:00:00	1.06583	1.06721	1.06521	1.06535	13656	0	18
2020.06.12	00:00:00	1.06535	1.06634	1.06355	1.06390	7799	0	19
2020.06.12	04:00:00	1.06386	1.06627	1.06287	1.06539	9910	0	21
2020.06.12	08:00:00	1.06543	1.06735	1.06492	1.06665	13964	0	13
2020.06.12	12:00:00	1.06665	1.06803	1.06613	1.06691	11798	0	13
2020.06.12	16:00:00	1.06687	1.06761	1.06396	1.06404	20287	0	13
2020.06.12	20:00:00	1.06406	1.06507	1.06331	1.06465	13512	0	13
2020.06.15	00:00:00	1.06191	1.06410	1.05993	1.06282	6534	0	16
2020.06.15	04:00:00	1.06282	1.06448	1.06255	1.06323	6549	0	17
2020.06.15	08:00:00	1.06323	1.06359	1.05809	1.06023	14387	0	15
2020.06.15	12:00:00	1.06025	1.06065	1.05830	1.05998	12341	0	13
2020.06.15	16:00:00	1.05999	1.06539	1.05999	1.06530	17664	0	14
2020.06.15	20:00:00	1.06530	1.06897	1.06471	1.06841	11772	0	13
2020.06.16	00:00:00	1.06841	1.07147	1.06669	1.07054	7531	0	13
2020.06.16	04:00:00	1.07054	1.07276	1.06987	1.07190	11841	0	14
2020.06.16	08:00:00	1.07191	1.07262	1.07045	1.07133	15952	0	13
2020.06.16	12:00:00	1.07132	1.07192	1.06941	1.07049	11456	0	20
2020.06.16	16:00:00	1.07050	1.07199	1.06547	1.06745	22398	0	12
2020.06.16	20:00:00	1.06747	1.06901	1.06695	1.06768	8928	0	22
2020.06.17	00:00:00	1.06731	1.06832	1.06482	1.06596	6745	0	23
2020.06.17	04:00:00	1.06597	1.06648	1.06503	1.06603	7551	0	18
2020.06.17	08:00:00	1.06603	1.06937	1.06553	1.06848	11403	0	13
2020.06.17	12:00:00	1.06844	1.06861	1.06649	1.06750	12743	0	18
2020.06.17	16:00:00	1.06747	1.06872	1.06636	1.06701	15566	0	12
2020.06.17	20:00:00	1.06701	1.06746	1.06512	1.06558	5347	0	15
2020.06.18	00:00:00	1.06558	1.06725	1.06307	1.06651	5751	0	17
2020.06.18	04:00:00	1.06656	1.06804	1.06431	1.06668	8454	0	13
2020.06.18	08:00:00	1.06668	1.06848	1.06570	1.06754	11797	0	16
2020.06.18	12:00:00	1.06753	1.06768	1.06325	1.06452	13532	0	20
2020.06.18	16:00:00	1.06452	1.06621	1.06329	1.06518	11224	0	14
2020.06.18	20:00:00	1.06517	1.06612	1.06490	1.06546	5738	0	22
2020.06.19	00:00:00	1.06546	1.06754	1.06463	1.06733	5360	0	16
2020.06.19	04:00:00	1.06733	1.06897	1.06694	1.06765	7152	0	15
2020.06.19	08:00:00	1.06765	1.06999	1.06762	1.06846	8888	0	20
2020.06.19	12:00:00	1.06846	1.07061	1.06826	1.06983	8615	0	14
2020.06.19	16:00:00	1.06982	1.06990	1.06616	1.06743	12578	0	18
2020.06.19	20:00:00	1.06739	1.06847	1.06620	1.06623	9839	0	24
2020.06.22	00:00:00	1.06631	1.06731	1.06522	1.06536	4782	0	14
2020.06.22	04:00:00	1.06536	1.06829	1.06517	1.06787	4524	0	14
2020.06.22	08:00:00	1.06787	1.06814	1.06640	1.06686	7658	0	16
2020.06.22	12:00:00	1.06686	1.06752	1.06397	1.06401	6914	0	20
2020.06.22	16:00:00	1.06404	1.06589	1.06291	1.06566	9823	0	16
2020.06.22	20:00:00	1.06567	1.06648	1.06525	1.06554	5953	0	17
2020.06.23	00:00:00	1.06554	1.06810	1.06508	1.06792	5345	0	17
2020.06.23	04:00:00	1.06792	1.06943	1.06514	1.06776	13545	0	12
2020.06.23	08:00:00	1.06776	1.06799	1.06643	1.06705	8856	0	16
2020.06.23	12:00:00	1.06705	1.06879	1.06680	1.06822	8308	0	20
2020.06.23	16:00:00	1.06809	1.06846	1.06659	1.06740	9936	0	18
2020.06.23	20:00:00	1.06739	1.06777	1.06644	1.06727	5286	0	15
2020.06.24	00:00:00	1.06725	1.06850	1.06642	1.06843	4001	0	5
2020.06.24	04:00:00	1.06844	1.07553	1.06822	1.07377	7120	0	14
2020.06.24	08:00:00	1.07376	1.07459	1.07237	1.07397	8751	0	16
2020.06.24	12:00:00	1.07397	1.07480	1.07289	1.07361	10749	0	22
2020.06.24	16:00:00	1.07363	1.07428	1.07053	1.07244	13296	0	14
2020.06.24	20:00:00	1.07245	1.07247	1.07134	1.07158	8810	0	22
2020.06.25	00:00:00	1.07148	1.07258	1.06993	1.07008	5290	0	5
2020.06.25	04:00:00	1.07008	1.07064	1.06892	1.06943	6208	0	17
2020.06.25	08:00:00	1.06943	1.07007	1.06736	1.06880	9214	0	14
2020.06.25	12:00:00	1.06880	1.07145	1.06850	1.07000	10044	0	15
2020.06.25	16:00:00	1.07000	1.07056	1.06799	1.06910	12825	0	20
2020.06.25	20:00:00	1.06911	1.07139	1.06882	1.07084	7840	0	16
2020.06.26	00:00:00	1.07086	1.07157	1.06953	1.07061	4697	0	19
2020.06.26	04:00:00	1.07061	1.07112	1.06874	1.06902	3036	0	17
2020.06.26	08:00:00	1.06902	1.06928	1.06782	1.06819	4151	0	14
2020.06.26	12:00:00	1.06807	1.06884	1.06739	1.06863	4192	0	17
2020.06.26	16:00:00	1.06864	1.06907	1.06711	1.06829	8071	0	17
2020.06.26	20:00:00	1.06824	1.06895	1.06785	1.06797	5372	0	20
2020.06.29	00:00:00	1.06730	1.07009	1.06730	1.07006	3451	0	15
2020.06.29	04:00:00	1.07006	1.07021	1.06831	1.06921	4018	0	15
2020.06.29	08:00:00	1.06921	1.06986	1.06764	1.06775	5064	0	19
2020.06.29	12:00:00	1.06777	1.06897	1.06724	1.06839	8185	0	18
2020.06.29	16:00:00	1.06839	1.06960	1.06705	1.06908	10806	0	20
2020.06.29	20:00:00	1.06907	1.06979	1.06849	1.06862	5012	0	22
2020.06.30	00:00:00	1.06862	1.07040	1.06815	1.06950	3869	0	25
2020.06.30	04:00:00	1.06951	1.07128	1.06948	1.07123	4181	0	14
2020.06.30	08:00:00	1.07123	1.07126	1.06892	1.06985	10095	0	21
2020.06.30	12:00:00	1.06985	1.07077	1.06886	1.06990	9287	0	23
2020.06.30	16:00:00	1.06989	1.07166	1.06865	1.06917	14734	0	15
2020.06.30	20:00:00	1.06919	1.06971	1.06790	1.06925	7397	0	13
2020.07.01	00:00:00	1.06931	1.07034	1.06862	1.07025	3575	0	21
2020.07.01	04:00:00	1.07025	1.07033	1.06857	1.06925	5980	0	22
2020.07.01	08:00:00	1.06927	1.06988	1.06873	1.06913	8600	0	21
2020.07.01	12:00:00	1.06914	1.06920	1.06622	1.06818	9763	0	14
2020.07.01	16:00:00	1.06817	1.07030	1.06704	1.06772	12303	0	17
2020.07.01	20:00:00	1.06772	1.06825	1.06636	1.06736	8639	0	26
2020.07.02	00:00:00	1.06737	1.06787	1.06324	1.06672	4567	0	23
2020.07.02	04:00:00	1.06672	1.06721	1.06502	1.06543	6021	0	22
2020.07.02	08:00:00	1.06546	1.06581	1.06341	1.06343	7752	0	23
2020.07.02	12:00:00	1.06342	1.06360	1.06052	1.06177	7933	0	17
2020.07.02	16:00:00	1.06176	1.06407	1.06135	1.06323	12435	0	19
2020.07.02	20:00:00	1.06323	1.06383	1.06237	1.06302	5630	0	19
2020.07.03	00:00:00	1.06334	1.06392	1.06243	1.06316	2667	0	15
2020.07.03	04:00:00	1.06320	1.06374	1.06234	1.06299	4937	0	22
2020.07.03	08:00:00	1.06301	1.06358	1.06229	1.06240	8315	0	23
2020.07.03	12:00:00	1.06239	1.06357	1.06239	1.06315	6401	0	21
2020.07.03	16:00:00	1.06315	1.06319	1.06164	1.06210	6162	0	21
2020.07.03	20:00:00	1.06212	1.06632	1.06109	1.06221	3381	0	25
2020.07.06	00:00:00	1.06164	1.06299	1.06088	1.06189	3928	0	21
2020.07.06	04:00:00	1.06184	1.06316	1.06163	1.06281	4790	0	23
2020.07.06	08:00:00	1.06281	1.06483	1.06258	1.06417	9219	0	19
2020.07.06	12:00:00	1.06419	1.06567	1.06368	1.06524	7484	0	24
2020.07.06	16:00:00	1.06523	1.06611	1.06436	1.06471	8054	0	20
2020.07.06	20:00:00	1.06471	1.06494	1.06224	1.06328	4491	0	15
2020.07.07	00:00:00	1.06374	1.06453	1.06191	1.06295	4145	0	21
2020.07.07	04:00:00	1.06295	1.06317	1.06184	1.06290	5641	0	22
2020.07.07	08:00:00	1.06290	1.06329	1.06144	1.06179	8479	0	23
2020.07.07	12:00:00	1.06177	1.06213	1.06061	1.06124	7916	0	21
2020.07.07	16:00:00	1.06121	1.06195	1.06066	1.06163	11585	0	22
2020.07.07	20:00:00	1.06162	1.06257	1.06028	1.06098	6626	0	23
2020.07.08	00:00:00	1.06073	1.06198	1.05877	1.05958	3289	0	16
2020.07.08	04:00:00	1.05957	1.06134	1.05956	1.06051	4587	0	20
2020.07.08	08:00:00	1.06051	1.06108	1.05976	1.06085	8241	0	19
2020.07.08	12:00:00	1.06087	1.06170	1.06026	1.06144	9043	0	22
2020.07.08	16:00:00	1.06144	1.06220	1.06062	1.06119	12597	0	22
2020.07.08	20:00:00	1.06115	1.06225	1.06075	1.06150	5915	0	16
2020.07.09	00:00:00	1.06155	1.06272	1.06105	1.06200	3169	0	20
2020.07.09	04:00:00	1.06203	1.06235	1.06074	1.06128	5574	0	19
2020.07.09	08:00:00	1.06126	1.06212	1.06045	1.06163	9525	0	22
2020.07.09	12:00:00	1.06162	1.06252	1.06027	1.06039	6749	0	21
2020.07.09	16:00:00	1.06038	1.06097	1.05886	1.05983	14487	0	19
2020.07.09	20:00:00	1.05982	1.06024	1.05913	1.05980	7808	0	25
2020.07.10	00:00:00	1.05985	1.05993	1.05871	1.05962	3106	0	14
2020.07.10	04:00:00	1.05964	1.05987	1.05803	1.05841	5624	0	26
2020.07.10	08:00:00	1.05840	1.05861	1.05689	1.05826	8004	0	19
2020.07.10	12:00:00	1.05826	1.05875	1.05723	1.05772	8141	0	20
2020.07.10	16:00:00	1.05772	1.05831	1.05652	1.05691	12670	0	19
2020.07.10	20:00:00	1.05692	1.05739	1.05647	1.05680	5276	0	25
2020.07.13	00:00:00	1.05734	1.05783	1.05603	1.05700	4235	0	28
2020.07.13	04:00:00	1.05700	1.06069	1.05699	1.06038	5705	0	13
2020.07.13	08:00:00	1.06038	1.06207	1.06030	1.06145	8628	0	21
2020.07.13	12:00:00	1.06147	1.06163	1.05949	1.05952	9019	0	17
2020.07.13	16:00:00	1.05952	1.06148	1.05931	1.06128	9888	0	20
2020.07.13	20:00:00	1.06128	1.06224	1.06078	1.06100	10990	0	17
2020.07.14	00:00:00	1.06100	1.06208	1.06003	1.06200	3863	0	21
2020.07.14	04:00:00	1.06196	1.06265	1.06163	1.06244	6472	0	21
2020.07.14	08:00:00	1.06244	1.06433	1.06221	1.06414	9245	0	15
2020.07.14	12:00:00	1.06406	1.06578	1.06378	1.06555	9191	0	20
2020.07.14	16:00:00	1.06554	1.06777	1.06461	1.06699	18945	0	17
2020.07.14	20:00:00	1.06698	1.06831	1.06695	1.06779	8045	0	21
2020.07.15	00:00:00	1.06767	1.06849	1.06615	1.06773	5056	0	26
2020.07.15	04:00:00	1.06779	1.06905	1.06724	1.06782	6496	0	26
2020.07.15	08:00:00	1.06787	1.06875	1.06705	1.06826	8960	0	20
2020.07.15	12:00:00	1.06825	1.06847	1.06712	1.06830	7804	0	20
2020.07.15	16:00:00	1.06830	1.06910	1.06511	1.06523	12671	0	19
2020.07.15	20:00:00	1.06523	1.06643	1.06502	1.06623	6019	0	21
2020.07.16	00:00:00	1.06622	1.06661	1.06481	1.06623	4347	0	17
2020.07.16	04:00:00	1.06620	1.06768	1.06514	1.06518	5569	0	15
2020.07.16	08:00:00	1.06517	1.06686	1.06502	1.06568	8828	0	20
2020.07.16	12:00:00	1.06568	1.06773	1.06538	1.06671	7711	0	18
2020.07.16	16:00:00	1.06671	1.06773	1.06631	1.06658	10333	0	17
2020.07.16	20:00:00	1.06658	1.06746	1.06615	1.06666	5874	0	23
2020.07.17	00:00:00	1.06616	1.06684	1.06544	1.06616	3833	0	23
2020.07.17	04:00:00	1.06618	1.06788	1.06617	1.06719	3683	0	25
2020.07.17	08:00:00	1.06720	1.06748	1.06625	1.06700	5871	0	13
2020.07.17	12:00:00	1.06699	1.06774	1.06643	1.06727	6318	0	20
2020.07.17	16:00:00	1.06728	1.06765	1.06665	1.06691	6455	0	19
2020.07.17	20:00:00	1.06691	1.06761	1.06644	1.06674	3501	0	22
2020.07.20	00:00:00	1.06556	1.06747	1.06464	1.06729	3036	0	13
2020.07.20	04:00:00	1.06731	1.06752	1.06602	1.06647	3809	0	19
2020.07.20	08:00:00	1.06647	1.06648	1.06546	1.06560	6463	0	15
2020.07.20	12:00:00	1.06558	1.06643	1.06556	1.06643	5176	0	17
2020.07.20	16:00:00	1.06643	1.06756	1.06620	1.06652	6864	0	15
2020.07.20	20:00:00	1.06652	1.06708	1.06618	1.06676	2769	0	20
2020.07.21	00:00:00	1.06636	1.06754	1.06570	1.06735	2848	0	25
2020.07.21	04:00:00	1.06735	1.06962	1.06728	1.06954	5130	0	14
2020.07.21	08:00:00	1.06954	1.07172	1.06933	1.07146	8635	0	21
2020.07.21	12:00:00	1.07145	1.07228	1.07056	1.07101	8402	0	17
2020.07.21	16:00:00	1.07101	1.07329	1.07065	1.07322	12152	0	16
2020.07.21	20:00:00	1.07322	1.07532	1.07239	1.07289	6699	0	16
2020.07.22	00:00:00	1.07290	1.07435	1.07194	1.07322	3969	0	5
2020.07.22	04:00:00	1.07321	1.07438	1.07287	1.07377	4004	0	15
2020.07.22	08:00:00	1.07376	1.07460	1.07178	1.07224	11004	0	15
2020.07.22	12:00:00	1.07224	1.07440	1.07196	1.07251	9817	0	21
2020.07.22	16:00:00	1.07251	1.07265	1.07076	1.07147	10425	0	0
2020.07.22	20:00:00	1.07147	1.07185	1.07086	1.07153	4352	0	21
2020.07.23	00:00:00	1.07150	1.07295	1.07050	1.07155	3789	0	5
2020.07.23	04:00:00	1.07155	1.07215	1.07026	1.07076	5525	0	26
2020.07.23	08:00:00	1.07076	1.07082	1.06936	1.06961	8618	0	17
2020.07.23	12:00:00	1.06965	1.07039	1.06885	1.06928	8426	0	21
2020.07.23	16:00:00	1.06930	1.07265	1.06910	1.07097	13097	0	15
2020.07.23	20:00:00	1.07097	1.07145	1.06927	1.06964	10456	0	19
2020.07.24	00:00:00	1.06961	1.07124	1.06871	1.07022	5053	0	25
2020.07.24	04:00:00	1.07022	1.07125	1.06897	1.06931	6077	0	27
2020.07.24	08:00:00	1.06925	1.06950	1.06718	1.06830	10693	0	13
2020.07.24	12:00:00	1.06829	1.06929	1.06760	1.06886	7157	0	21
2020.07.24	16:00:00	1.06883	1.06998	1.06848	1.06933	10488	0	14
2020.07.24	20:00:00	1.06928	1.06973	1.06862	1.06929	6382	0	27
2020.07.27	00:00:00	1.06792	1.06997	1.06766	1.06897	5689	0	24
2020.07.27	04:00:00	1.06895	1.06981	1.06812	1.06866	6293	0	25
2020.07.27	08:00:00	1.06864	1.07016	1.06798	1.06909	8975	0	20
2020.07.27	12:00:00	1.06908	1.06944	1.06776	1.06827	9811	0	21
2020.07.27	16:00:00	1.06828	1.06863	1.06705	1.06771	10631	0	14
2020.07.27	20:00:00	1.06770	1.06978	1.06741	1.06923	4064	0	16
2020.07.28	00:00:00	1.06921	1.07098	1.06852	1.06970	4243	0	10
2020.07.28	04:00:00	1.06970	1.07225	1.06964	1.07205	6348	0	22
2020.07.28	08:00:00	1.07206	1.07343	1.07159	1.07311	10379	0	21
2020.07.28	12:00:00	1.07311	1.07493	1.07300	1.07432	8580	0	14
2020.07.28	16:00:00	1.07432	1.07535	1.07277	1.07514	11320	0	13
2020.07.28	20:00:00	1.07514	1.07576	1.07414	1.07414	6428	0	21
2020.07.29	00:00:00	1.07414	1.07603	1.07172	1.07571	3742	0	20
2020.07.29	04:00:00	1.07571	1.07727	1.07526	1.07629	5005	0	16
2020.07.29	08:00:00	1.07626	1.07710	1.07598	1.07695	7039	0	21
2020.07.29	12:00:00	1.07697	1.07923	1.07668	1.07824	7113	0	13
2020.07.29	16:00:00	1.07824	1.07865	1.07606	1.07760	9880	0	13
2020.07.29	20:00:00	1.07760	1.07793	1.07591	1.07747	11114	0	16
2020.07.30	00:00:00	1.07708	1.07822	1.07597	1.07758	3212	0	12
2020.07.30	04:00:00	1.07759	1.07998	1.07755	1.07903	4013	0	19
2020.07.30	08:00:00	1.07903	1.07944	1.07661	1.07692	9064	0	22
2020.07.30	12:00:00	1.07693	1.07844	1.07648	1.07709	8483	0	21
2020.07.30	16:00:00	1.07708	1.07739	1.07370	1.07494	13676	0	15
2020.07.30	20:00:00	1.07493	1.07574	1.07346	1.07374	7064	0	19
2020.07.31	00:00:00	1.07373	1.07702	1.07284	1.07648	6476	0	8
2020.07.31	04:00:00	1.07636	1.07730	1.07604	1.07683	8880	0	19
2020.07.31	08:00:00	1.07678	1.07683	1.07441	1.07623	9401	0	17
2020.07.31	12:00:00	1.07623	1.07827	1.07571	1.07770	8532	0	23
2020.07.31	16:00:00	1.07768	1.07813	1.07502	1.07690	15228	0	19
2020.07.31	20:00:00	1.07690	1.07784	1.07594	1.07711	8610	0	19
2020.08.03	00:00:00	1.07398	1.07706	1.07383	1.07634	8429	0	24
2020.08.03	04:00:00	1.07635	1.07692	1.07486	1.07552	7301	0	25
2020.08.03	08:00:00	1.07552	1.07612	1.07286	1.07373	8587	0	19
2020.08.03	12:00:00	1.07366	1.07441	1.07165	1.07411	8306	0	20
2020.08.03	16:00:00	1.07410	1.07850	1.07398	1.07664	9377	0	13
2020.08.03	20:00:00	1.07664	1.07731	1.07608	1.07712	4839	0	11
2020.08.04	00:00:00	1.07705	1.07764	1.07491	1.07540	3649	0	18
2020.08.04	04:00:00	1.07540	1.07817	1.07516	1.07817	5940	0	19
2020.08.04	08:00:00	1.07817	1.08099	1.07704	1.08030	10436	0	15
2020.08.04	12:00:00	1.08027	1.08076	1.07903	1.07999	9935	0	19
2020.08.04	16:00:00	1.07999	1.08235	1.07948	1.08202	10419	0	15
2020.08.04	20:00:00	1.08203	1.08272	1.08095	1.08098	5411	0	21
2020.08.05	00:00:00	1.08097	1.08172	1.07769	1.07954	5205	0	20
2020.08.05	04:00:00	1.07954	1.08206	1.07953	1.08165	5238	0	17
2020.08.05	08:00:00	1.08164	1.08243	1.08140	1.08214	8144	0	19
2020.08.05	12:00:00	1.08211	1.08569	1.08193	1.08493	10653	0	15
2020.08.05	16:00:00	1.08493	1.08602	1.08262	1.08285	11358	0	16
2020.08.05	20:00:00	1.08286	1.08312	1.08134	1.08169	4795	0	13
2020.08.06	00:00:00	1.08131	1.08356	1.08020	1.08294	3369	0	14
2020.08.06	04:00:00	1.08293	1.08455	1.08277	1.08402	6267	0	18
2020.08.06	08:00:00	1.08405	1.08491	1.08167	1.08217	11435	0	19
2020.08.06	12:00:00	1.08216	1.08261	1.08043	1.08113	9694	0	19
2020.08.06	16:00:00	1.08113	1.08513	1.08096	1.08387	13663	0	14
2020.08.06	20:00:00	1.08387	1.08399	1.08167	1.08178	6602	0	15
2020.08.07	00:00:00	1.08137	1.08285	1.08057	1.08205	3727	0	24
2020.08.07	04:00:00	1.08200	1.08211	1.07978	1.08049	7500	0	17
2020.08.07	08:00:00	1.08050	1.08388	1.07974	1.08388	8403	0	18
2020.08.07	12:00:00	1.08388	1.08500	1.08260	1.08393	10153	0	20
2020.08.07	16:00:00	1.08393	1.08531	1.08352	1.08460	13207	0	14
2020.08.07	20:00:00	1.08460	1.08460	1.08343	1.08423	7065	0	14
2020.08.10	00:00:00	1.08211	1.08520	1.08160	1.08514	4638	0	21
2020.08.10	04:00:00	1.08513	1.08596	1.08378	1.08385	5236	0	23
2020.08.10	08:00:00	1.08385	1.08635	1.08376	1.08510	6168	0	13
2020.08.10	12:00:00	1.08508	1.08648	1.08453	1.08469	3989	0	21
2020.08.10	16:00:00	1.08476	1.08729	1.08471	1.08658	8597	0	21
2020.08.10	20:00:00	1.08658	1.08667	1.08399	1.08444	5147	0	21
2020.08.11	00:00:00	1.08437	1.08558	1.08326	1.08476	3560	0	20
2020.08.11	04:00:00	1.08476	1.08570	1.08375	1.08416	5381	0	21
2020.08.11	08:00:00	1.08416	1.08543	1.08330	1.08372	7996	0	18
2020.08.11	12:00:00	1.08363	1.08951	1.08342	1.08744	10520	0	18
2020.08.11	16:00:00	1.08743	1.08879	1.08565	1.08705	13151	0	13
2020.08.11	20:00:00	1.08704	1.08711	1.08469	1.08590	8475	0	18
2020.08.12	00:00:00	1.08590	1.08852	1.08480	1.08681	4554	0	17
2020.08.12	04:00:00	1.08681	1.09195	1.08323	1.08741	9270	0	15
2020.08.12	08:00:00	1.08741	1.08944	1.08667	1.08905	9408	0	18
2020.08.12	12:00:00	1.08905	1.09011	1.08794	1.08914	8905	0	18
2020.08.12	16:00:00	1.08923	1.08955	1.08662	1.08835	11216	0	16
2020.08.12	20:00:00	1.08835	1.08951	1.08763	1.08850	5541	0	17
2020.08.13	00:00:00	1.08876	1.08949	1.08737	1.08922	4105	0	19
2020.08.13	04:00:00	1.08922	1.09129	1.08917	1.09126	5911	0	5
2020.08.13	08:00:00	1.09120	1.09155	1.08982	1.09109	8083	0	10
2020.08.13	12:00:00	1.09111	1.09205	1.09089	1.09177	7185	0	16
2020.08.13	16:00:00	1.09177	1.09205	1.09142	1.09176	9245	0	13
2020.08.13	20:00:00	1.09176	1.09201	1.09095	1.09162	7511	0	8
2020.08.14	00:00:00	1.09148	1.09207	1.09066	1.09198	2210	0	9
2020.08.14	04:00:00	1.09198	1.09433	1.09179	1.09328	2118	0	16
2020.08.14	08:00:00	1.09328	1.09519	1.09305	1.09321	5464	0	17
2020.08.14	12:00:00	1.09319	1.09399	1.09287	1.09336	4283	0	18
2020.08.14	16:00:00	1.09336	1.09515	1.09270	1.09500	5984	0	19
2020.08.14	20:00:00	1.09500	1.09619	1.09454	1.09574	3092	0	19
2020.08.17	00:00:00	1.09412	1.10171	1.09340	1.10155	3038	0	14
2020.08.17	04:00:00	1.10155	1.10155	1.09830	1.09855	2735	0	20
2020.08.17	08:00:00	1.09855	1.09964	1.09775	1.09949	5383	0	15
2020.08.17	12:00:00	1.09950	1.10266	1.09906	1.10171	7695	0	17
2020.08.17	16:00:00	1.10171	1.10268	1.10079	1.10157	7959	0	19
2020.08.17	20:00:00	1.10156	1.10218	1.09814	1.09970	4710	0	19
2020.08.18	00:00:00	1.09912	1.10137	1.09870	1.10019	3194	0	20
2020.08.18	04:00:00	1.10019	1.10387	1.09972	1.10305	5776	0	20
2020.08.18	08:00:00	1.10305	1.10425	1.10275	1.10311	8430	0	17
2020.08.18	12:00:00	1.10317	1.10339	1.10028	1.10110	7984	0	16
2020.08.18	16:00:00	1.10111	1.10131	1.09728	1.09856	11778	0	17
2020.08.18	20:00:00	1.09854	1.09854	1.09588	1.09695	6230	0	16
2020.08.19	00:00:00	1.09702	1.09791	1.09575	1.09761	3863	0	14
2020.08.19	04:00:00	1.09761	1.09763	1.09553	1.09586	4965	0	22
2020.08.19	08:00:00	1.09579	1.09622	1.09428	1.09514	9619	0	19
2020.08.19	12:00:00	1.09516	1.09543	1.09287	1.09358	7625	0	18
2020.08.19	16:00:00	1.09359	1.09497	1.09310	1.09407	10337	0	20
2020.08.19	20:00:00	1.09406	1.09556	1.09315	1.09459	9759	0	23
2020.08.20	00:00:00	1.09451	1.09594	1.09379	1.09459	4720	0	19
2020.08.20	04:00:00	1.09459	1.09495	1.09346	1.09415	5536	0	13
2020.08.20	08:00:00	1.09415	1.09543	1.09323	1.09513	9864	0	22
2020.08.20	12:00:00	1.09516	1.09980	1.09468	1.09954	9555	0	17
2020.08.20	16:00:00	1.09955	1.10296	1.09895	1.10295	12274	0	17
2020.08.20	20:00:00	1.10292	1.10321	1.09974	1.10019	7338	0	22
2020.08.21	00:00:00	1.10003	1.10309	1.09959	1.10253	4572	0	20
2020.08.21	04:00:00	1.10252	1.10269	1.10046	1.10060	5380	0	18
2020.08.21	08:00:00	1.10060	1.10130	1.09864	1.09904	8632	0	18
2020.08.21	12:00:00	1.09903	1.09903	1.09606	1.09632	10811	0	17
2020.08.21	16:00:00	1.09633	1.09695	1.09466	1.09486	11347	0	15
2020.08.21	20:00:00	1.09484	1.09541	1.09369	1.09380	4967	0	22
2020.08.24	00:00:00	1.09374	1.09578	1.09374	1.09542	3086	0	17
2020.08.24	04:00:00	1.09542	1.09804	1.09535	1.09652	4989	0	17
2020.08.24	08:00:00	1.09651	1.10013	1.09647	1.09935	7632	0	19
2020.08.24	12:00:00	1.09935	1.09941	1.09630	1.09731	6116	0	16
2020.08.24	16:00:00	1.09730	1.09819	1.09565	1.09645	10457	0	16
2020.08.24	20:00:00	1.09645	1.09729	1.09619	1.09706	4682	0	24
2020.08.25	00:00:00	1.09696	1.09940	1.09588	1.09900	3577	0	19
2020.08.25	04:00:00	1.09900	1.09911	1.09746	1.09858	4697	0	23
2020.08.25	08:00:00	1.09855	1.09994	1.09624	1.09672	6571	0	16
2020.08.25	12:00:00	1.09671	1.09800	1.09636	1.09745	7307	0	19
2020.08.25	16:00:00	1.09742	1.09992	1.09588	1.09781	10005	0	13
2020.08.25	20:00:00	1.09782	1.09881	1.09741	1.09854	3897	0	24
2020.08.26	00:00:00	1.09854	1.09958	1.09785	1.09810	4154	0	22
2020.08.26	04:00:00	1.09812	1.09858	1.09719	1.09793	4183	0	25
2020.08.26	08:00:00	1.09793	1.09870	1.09636	1.09689	7175	0	18
2020.08.26	12:00:00	1.09690	1.09832	1.09640	1.09771	7761	0	17
2020.08.26	16:00:00	1.09772	1.09837	1.09325	1.09378	10210	0	19
2020.08.26	20:00:00	1.09378	1.09483	1.09201	1.09236	5360	0	13
2020.08.27	00:00:00	1.09275	1.09304	1.09059	1.09065	3554	0	14
2020.08.27	04:00:00	1.09063	1.09254	1.08972	1.09235	4399	0	14
2020.08.27	08:00:00	1.09235	1.09316	1.09178	1.09298	7210	0	16
2020.08.27	12:00:00	1.09297	1.09357	1.09178	1.09238	7454	0	14
2020.08.27	16:00:00	1.09239	1.09422	1.09191	1.09346	20809	0	12
2020.08.27	20:00:00	1.09346	1.09392	1.09242	1.09313	7688	0	23
2020.08.28	00:00:00	1.09310	1.09422	1.09159	1.09334	4151	0	19
2020.08.28	04:00:00	1.09334	1.09470	1.09303	1.09427	6319	0	14
2020.08.28	08:00:00	1.09427	1.09568	1.09343	1.09379	11336	0	18
2020.08.28	12:00:00	1.09379	1.09519	1.09182	1.09206	9822	0	15
2020.08.28	16:00:00	1.09205	1.09239	1.09024	1.09089	10955	0	13
2020.08.28	20:00:00	1.09088	1.09264	1.09084	1.09256	5488	0	18
2020.08.31	00:00:00	1.09279	1.09369	1.09155	1.09157	5304	0	23
2020.08.31	04:00:00	1.09156	1.09352	1.09087	1.09283	5424	0	22
2020.08.31	08:00:00	1.09282	1.09316	1.09123	1.09283	7994	0	14
2020.08.31	12:00:00	1.09279	1.09410	1.09227	1.09366	7456	0	14
2020.08.31	16:00:00	1.09357	1.09516	1.09282	1.09456	12628	0	14
2020.08.31	20:00:00	1.09455	1.09536	1.09411	1.09521	5724	0	24
2020.09.01	00:00:00	1.09521	1.09584	1.09339	1.09445	4805	0	15
2020.09.01	04:00:00	1.09445	1.09581	1.09436	1.09501	9479	0	23
2020.09.01	08:00:00	1.09503	1.09558	1.09080	1.09081	10853	0	15
2020.09.01	12:00:00	1.09080	1.09236	1.09002	1.09107	9380	0	13
2020.09.01	16:00:00	1.09106	1.09171	1.08869	1.09036	14936	0	17
2020.09.01	20:00:00	1.09031	1.09277	1.09020	1.09065	7071	0	14
2020.09.02	00:00:00	1.09058	1.09120	1.08726	1.08822	4390	0	13
2020.09.02	04:00:00	1.08823	1.08933	1.08325	1.08467	6250	0	18
2020.09.02	08:00:00	1.08467	1.08790	1.08398	1.08617	9342	0	14
2020.09.02	12:00:00	1.08617	1.08695	1.08396	1.08439	8115	0	17
2020.09.02	16:00:00	1.08439	1.08479	1.08185	1.08212	13148	0	13
2020.09.02	20:00:00	1.08212	1.08442	1.08202	1.08364	6443	0	14
2020.09.03	00:00:00	1.08359	1.08406	1.08235	1.08348	3175	0	22
2020.09.03	04:00:00	1.08349	1.08367	1.08137	1.08298	5178	0	17
2020.09.03	08:00:00	1.08296	1.08388	1.08229	1.08312	8998	0	13
2020.09.03	12:00:00	1.08312	1.08425	1.08260	1.08380	8593	0	21
2020.09.03	16:00:00	1.08377	1.08547	1.08253	1.08498	15291	0	15
2020.09.03	20:00:00	1.08498	1.08580	1.08307	1.08337	8302	0	16
2020.09.04	00:00:00	1.08338	1.08496	1.08285	1.08427	3918	0	25
2020.09.04	04:00:00	1.08427	1.08522	1.08366	1.08433	4987	0	22
2020.09.04	08:00:00	1.08433	1.08550	1.08389	1.08433	6521	0	12
2020.09.04	12:00:00	1.08432	1.08463	1.08237	1.08356	9452	0	16
2020.09.04	16:00:00	1.08347	1.08464	1.08229	1.08394	16632	0	17
2020.09.04	20:00:00	1.08395	1.08480	1.08298	1.08350	6769	0	25
2020.09.07	00:00:00	1.08440	1.08669	1.08316	1.08563	3854	0	20
2020.09.07	04:00:00	1.08563	1.08643	1.08538	1.08622	3456	0	23
2020.09.07	08:00:00	1.08623	1.08725	1.08554	1.08606	7598	0	16
2020.09.07	12:00:00	1.08606	1.08714	1.08540	1.08681	4687	0	17
2020.09.07	16:00:00	1.08683	1.08770	1.08656	1.08730	4463	0	20
2020.09.07	20:00:00	1.08729	1.08769	1.08616	1.08697	5423	0	27
2020.09.08	00:00:00	1.08699	1.08827	1.08609	1.08795	2917	0	20
2020.09.08	04:00:00	1.08795	1.08878	1.08704	1.08875	3188	0	15
2020.09.08	08:00:00	1.08875	1.09001	1.08837	1.08861	8946	0	13
2020.09.08	12:00:00	1.08861	1.08963	1.08711	1.08854	11274	0	16
2020.09.08	16:00:00	1.08852	1.09184	1.08772	1.09056	15168	0	15
2020.09.08	20:00:00	1.09056	1.09141	1.08927	1.08951	6025	0	17
2020.09.09	00:00:00	1.08951	1.09056	1.08821	1.08945	4615	0	25
2020.09.09	04:00:00	1.08938	1.09084	1.08916	1.09043	4314	0	19
2020.09.09	08:00:00	1.09042	1.09085	1.08875	1.09056	8135	0	18
2020.09.09	12:00:00	1.09056	1.09125	1.08793	1.08891	9112	0	14
2020.09.09	16:00:00	1.08890	1.09001	1.08849	1.08920	11226	0	14
2020.09.09	20:00:00	1.08920	1.09087	1.08888	1.08927	4915	0	15
2020.09.10	00:00:00	1.08892	1.09026	1.08824	1.08844	3670	0	19
2020.09.10	04:00:00	1.08845	1.08874	1.08746	1.08781	3855	0	22
2020.09.10	08:00:00	1.08785	1.09003	1.08767	1.08878	7683	0	15
2020.09.10	12:00:00	1.08880	1.09005	1.08790	1.08951	10116	0	22
2020.09.10	16:00:00	1.08946	1.09346	1.08935	1.09213	14083	0	15
2020.09.10	20:00:00	1.09216	1.09272	1.09083	1.09099	7810	0	26
2020.09.11	00:00:00	1.09079	1.09274	1.09057	1.09198	4396	0	14
2020.09.11	04:00:00	1.09195	1.09238	1.09127	1.09172	3727	0	23
2020.09.11	08:00:00	1.09172	1.09291	1.09114	1.09185	6096	0	21
2020.09.11	12:00:00	1.09186	1.09297	1.09058	1.09284	8499	0	16
2020.09.11	16:00:00	1.09284	1.09286	1.09036	1.09172	9683	0	14
2020.09.11	20:00:00	1.09172	1.09294	1.09156	1.09187	7057	0	23
2020.09.14	00:00:00	1.09166	1.09239	1.08754	1.08859	3536	0	21
2020.09.14	04:00:00	1.08859	1.08943	1.08685	1.08745	3811	0	20
2020.09.14	08:00:00	1.08745	1.08855	1.08615	1.08634	6117	0	18
2020.09.14	12:00:00	1.08634	1.08715	1.08565	1.08624	6104	0	22
2020.09.14	16:00:00	1.08625	1.08782	1.08609	1.08638	8367	0	17
2020.09.14	20:00:00	1.08638	1.08767	1.08602	1.08745	3764	0	16
2020.09.15	00:00:00	1.08742	1.08769	1.08608	1.08611	1972	0	14
2020.09.15	04:00:00	1.08611	1.09098	1.08585	1.08897	3917	0	13
2020.09.15	08:00:00	1.08898	1.09006	1.08714	1.08717	4189	0	13
2020.09.15	12:00:00	1.08716	1.09047	1.08713	1.09021	4300	0	13
2020.09.15	16:00:00	1.09021	1.09068	1.08625	1.08723	7374	0	14
2020.09.15	20:00:00	1.08723	1.08778	1.08670	1.08733	3188	0	23
2020.09.16	00:00:00	1.08730	1.08808	1.08641	1.08714	2143	0	23
2020.09.16	04:00:00	1.08713	1.08811	1.08672	1.08758	2526	0	20
2020.09.16	08:00:00	1.08758	1.08812	1.08616	1.08663	3181	0	18
2020.09.16	12:00:00	1.08660	1.08798	1.08611	1.08674	3805	0	18
2020.09.16	16:00:00	1.08673	1.08742	1.08545	1.08560	6007	0	15
2020.09.16	20:00:00	1.08560	1.08592	1.08316	1.08489	10341	0	17
2020.09.17	00:00:00	1.08472	1.08545	1.08303	1.08341	3393	0	15
2020.09.17	04:00:00	1.08341	1.08858	1.08326	1.08621	5607	0	17
2020.09.17	08:00:00	1.08621	1.08810	1.08435	1.08517	6732	0	13
2020.09.17	12:00:00	1.08517	1.08598	1.08436	1.08459	6138	0	18
2020.09.17	16:00:00	1.08459	1.08460	1.08177	1.08192	6964	0	15
2020.09.17	20:00:00	1.08192	1.08295	1.08171	1.08214	3997	0	12
2020.09.18	00:00:00	1.08213	1.08310	1.08066	1.08068	3092	0	12
2020.09.18	04:00:00	1.08068	1.08092	1.07705	1.07761	3528	0	15
2020.09.18	08:00:00	1.07761	1.07913	1.07663	1.07743	5177	0	15
2020.09.18	12:00:00	1.07743	1.07861	1.07651	1.07856	6190	0	13
2020.09.18	16:00:00	1.07856	1.07922	1.07682	1.07880	7854	0	13
2020.09.18	20:00:00	1.07882	1.07953	1.07806	1.07814	4683	0	22
2020.09.21	00:00:00	1.07873	1.07980	1.07802	1.07959	2514	0	16
2020.09.21	04:00:00	1.07959	1.08086	1.07827	1.08065	3403	0	19
2020.09.21	08:00:00	1.08065	1.08145	1.07985	1.08130	6242	0	16
2020.09.21	12:00:00	1.08130	1.08344	1.08070	1.08253	8189	0	14
2020.09.21	16:00:00	1.08253	1.08309	1.08101	1.08180	9812	0	18
2020.09.21	20:00:00	1.08180	1.08366	1.08142	1.08312	4198	0	22
2020.09.22	00:00:00	1.08311	1.08492	1.08179	1.08239	3810	0	12
2020.09.22	04:00:00	1.08239	1.08257	1.08015	1.08195	3629	0	14
2020.09.22	08:00:00	1.08195	1.08239	1.07972	1.08074	6587	0	16
2020.09.22	12:00:00	1.08074	1.08323	1.08049	1.08223	6487	0	14
2020.09.22	16:00:00	1.08222	1.08368	1.07995	1.08033	9686	0	13
2020.09.22	20:00:00	1.08033	1.08072	1.07943	1.08050	3207	0	15
2020.09.23	00:00:00	1.08050	1.08206	1.07888	1.07897	3788	0	14
2020.09.23	04:00:00	1.07898	1.08126	1.07470	1.07775	5548	0	14
2020.09.23	08:00:00	1.07774	1.08021	1.07756	1.07963	6954	0	14
2020.09.23	12:00:00	1.07963	1.08205	1.07920	1.07985	6359	0	13
2020.09.23	16:00:00	1.07985	1.08142	1.07900	1.08133	8379	0	13
2020.09.23	20:00:00	1.08133	1.08201	1.07836	1.07900	5945	0	7
2020.09.24	00:00:00	1.07939	1.08042	1.07868	1.07993	4173	0	14
2020.09.24	04:00:00	1.07993	1.08018	1.07795	1.07810	3426	0	17
2020.09.24	08:00:00	1.07810	1.07965	1.07732	1.07943	6917	0	14
2020.09.24	12:00:00	1.07944	1.08018	1.07745	1.07752	7021	0	15
2020.09.24	16:00:00	1.07752	1.07835	1.07530	1.07744	12263	0	17
2020.09.24	20:00:00	1.07742	1.07770	1.07551	1.07555	7693	0	19
2020.09.25	00:00:00	1.07647	1.07740	1.07536	1.07735	3043	0	20
2020.09.25	04:00:00	1.07735	1.07768	1.07613	1.07652	2896	0	15
2020.09.25	08:00:00	1.07652	1.07741	1.07370	1.07532	6297	0	17
2020.09.25	12:00:00	1.07532	1.07579	1.07216	1.07224	6011	0	17
2020.09.25	16:00:00	1.07224	1.07405	1.07162	1.07394	8811	0	13
2020.09.25	20:00:00	1.07394	1.07403	1.07268	1.07354	4238	0	17
2020.09.28	00:00:00	1.07336	1.07609	1.07255	1.07476	3799	0	13
2020.09.28	04:00:00	1.07476	1.07665	1.07449	1.07664	2631	0	22
2020.09.28	08:00:00	1.07664	1.07676	1.07476	1.07557	5343	0	17
2020.09.28	12:00:00	1.07558	1.07787	1.07515	1.07757	5885	0	16
2020.09.28	16:00:00	1.07760	1.07855	1.07677	1.07811	6968	0	18
2020.09.28	20:00:00	1.07811	1.07933	1.07694	1.07834	3758	0	20
2020.09.29	00:00:00	1.07829	1.08035	1.07779	1.07963	2412	0	18
2020.09.29	04:00:00	1.07963	1.07969	1.07821	1.07857	2303	0	21
2020.09.29	08:00:00	1.07857	1.08107	1.07835	1.07979	4830	0	16
2020.09.29	12:00:00	1.07980	1.08211	1.07951	1.08104	5302	0	16
2020.09.29	16:00:00	1.08104	1.08166	1.07977	1.08062	10907	0	15
2020.09.29	20:00:00	1.08062	1.08213	1.08056	1.08153	5976	0	14
2020.09.30	00:00:00	1.08159	1.08280	1.08041	1.08059	3167	0	13
2020.09.30	04:00:00	1.08062	1.08086	1.07862	1.08021	4841	0	20
2020.09.30	08:00:00	1.08021	1.08223	1.07932	1.08170	8741	0	18
2020.09.30	12:00:00	1.08172	1.08378	1.08131	1.08335	8248	0	15
2020.09.30	16:00:00	1.08341	1.08490	1.08199	1.08272	13729	0	19
2020.09.30	20:00:00	1.08268	1.08341	1.08161	1.08176	10685	0	17
2020.10.01	00:00:00	1.08193	1.08261	1.08103	1.08104	2468	0	19
2020.10.01	04:00:00	1.08105	1.08323	1.08092	1.08159	3169	0	23
2020.10.01	08:00:00	1.08159	1.08466	1.08148	1.08238	8262	0	21
2020.10.01	12:00:00	1.08238	1.08330	1.08157	1.08244	7637	0	19
2020.10.01	16:00:00	1.08238	1.08255	1.08018	1.08063	11415	0	19
2020.10.01	20:00:00	1.08063	1.08136	1.07963	1.07963	5963	0	22
2020.10.02	00:00:00	1.07963	1.08052	1.07891	1.07951	2832	0	16
2020.10.02	04:00:00	1.07951	1.07965	1.07731	1.07778	3976	0	23
2020.10.02	08:00:00	1.07782	1.07947	1.07694	1.07835	13706	0	20
2020.10.02	12:00:00	1.07835	1.07986	1.07764	1.07922	9519	0	19
2020.10.02	16:00:00	1.07918	1.08042	1.07877	1.07987	12189	0	16
2020.10.02	20:00:00	1.07987	1.08021	1.07847	1.07888	3828	0	25
2020.10.05	00:00:00	1.07765	1.08077	1.07704	1.08056	4929	0	13
2020.10.05	04:00:00	1.08056	1.08106	1.07963	1.08015	4393	0	20
2020.10.05	08:00:00	1.08015	1.08088	1.07907	1.08071	6611	0	15
2020.10.05	12:00:00	1.08071	1.08116	1.07992	1.08096	7584	0	18
2020.10.05	16:00:00	1.08097	1.08204	1.08048	1.08193	8857	0	18
2020.10.05	20:00:00	1.08194	1.08202	1.08062	1.08063	5219	0	16
2020.10.06	00:00:00	1.08065	1.08188	1.07919	1.08089	4403	0	14
2020.10.06	04:00:00	1.08089	1.08291	1.08033	1.08155	8128	0	16
2020.10.06	08:00:00	1.08155	1.08183	1.07776	1.07800	8108	0	20
2020.10.06	12:00:00	1.07802	1.07816	1.07586	1.07630	7582	0	16
2020.10.06	16:00:00	1.07630	1.07833	1.07625	1.07800	11176	0	13
2020.10.06	20:00:00	1.07801	1.07964	1.07719	1.07726	11727	0	13
2020.10.07	00:00:00	1.07735	1.07964	1.07635	1.07957	5429	0	20
2020.10.07	04:00:00	1.07957	1.08077	1.07917	1.08019	4243	0	15
2020.10.07	08:00:00	1.08017	1.08256	1.07987	1.08172	7899	0	16
2020.10.07	12:00:00	1.08170	1.08333	1.08073	1.08233	7572	0	17
2020.10.07	16:00:00	1.08233	1.08421	1.08218	1.08421	8775	0	19
2020.10.07	20:00:00	1.08423	1.08624	1.08407	1.08454	5788	0	14
2020.10.08	00:00:00	1.08413	1.08846	1.08394	1.08844	3494	0	14
2020.10.08	04:00:00	1.08844	1.08873	1.08591	1.08601	3996	0	21
2020.10.08	08:00:00	1.08604	1.08808	1.08587	1.08700	7646	0	20
2020.10.08	12:00:00	1.08693	1.08840	1.08568	1.08796	6780	0	16
2020.10.08	16:00:00	1.08806	1.08940	1.08777	1.08818	7082	0	13
2020.10.08	20:00:00	1.08820	1.08883	1.08754	1.08883	2744	0	22
2020.10.09	00:00:00	1.08883	1.08925	1.08724	1.08743	3598	0	20
2020.10.09	04:00:00	1.08743	1.08809	1.08631	1.08666	4391	0	20
2020.10.09	08:00:00	1.08666	1.08741	1.08598	1.08634	6779	0	21
2020.10.09	12:00:00	1.08635	1.08740	1.08582	1.08620	6480	0	15
2020.10.09	16:00:00	1.08620	1.08700	1.08491	1.08527	9774	0	19
2020.10.09	20:00:00	1.08527	1.08566	1.08472	1.08486	3696	0	24
2020.10.12	00:00:00	1.08559	1.08604	1.08325	1.08430	3880	0	11
2020.10.12	04:00:00	1.08430	1.08523	1.08387	1.08440	4611	0	24
2020.10.12	08:00:00	1.08441	1.08582	1.08432	1.08495	6187	0	21
2020.10.12	12:00:00	1.08495	1.08541	1.08262	1.08511	6379	0	20
2020.10.12	16:00:00	1.08511	1.08537	1.08394	1.08441	7480	0	19
2020.10.12	20:00:00	1.08441	1.08503	1.08385	1.08414	4024	0	16
2020.10.13	00:00:00	1.08407	1.08504	1.08143	1.08229	4275	0	13
2020.10.13	04:00:00	1.08228	1.08229	1.07937	1.08025	5151	0	15
2020.10.13	08:00:00	1.08025	1.08060	1.07904	1.07980	7999	0	18
2020.10.13	12:00:00	1.07980	1.08130	1.07887	1.07970	8269	0	18
2020.10.13	16:00:00	1.07975	1.08009	1.07717	1.07759	9840	0	13
2020.10.13	20:00:00	1.07757	1.07768	1.07609	1.07690	5315	0	13
2020.10.14	00:00:00	1.07685	1.07690	1.07542	1.07606	2559	0	14
2020.10.14	04:00:00	1.07607	1.07711	1.07512	1.07637	5236	0	19
2020.10.14	08:00:00	1.07637	1.07723	1.07598	1.07667	6942	0	19
2020.10.14	12:00:00	1.07666	1.07771	1.07520	1.07706	9273	0	14
2020.10.14	16:00:00	1.07704	1.07876	1.07469	1.07603	10529	0	13
2020.10.14	20:00:00	1.07604	1.07649	1.07537	1.07574	5254	0	22
2020.10.15	00:00:00	1.07574	1.07618	1.07197	1.07262	5586	0	11
2020.10.15	04:00:00	1.07262	1.07317	1.07221	1.07260	6355	0	18
2020.10.15	08:00:00	1.07260	1.07287	1.07011	1.07171	10945	0	16
2020.10.15	12:00:00	1.07169	1.07336	1.07122	1.07330	10894	0	13
2020.10.15	16:00:00	1.07330	1.07544	1.07245	1.07468	12311	0	15
2020.10.15	20:00:00	1.07461	1.07581	1.07461	1.07501	4144	0	14
2020.10.16	00:00:00	1.07501	1.07522	1.07279	1.07344	3149	0	17
2020.10.16	04:00:00	1.07344	1.07386	1.07274	1.07316	4947	0	20
2020.10.16	08:00:00	1.07317	1.07386	1.07216	1.07268	8009	0	15
2020.10.16	12:00:00	1.07268	1.07338	1.07136	1.07237	8431	0	14
2020.10.16	16:00:00	1.07237	1.07363	1.07103	1.07167	9875	0	14
2020.10.16	20:00:00	1.07169	1.07186	1.07083	1.07105	3669	0	14
2020.10.19	00:00:00	1.07088	1.07253	1.06980	1.07180	3615	0	14
2020.10.19	04:00:00	1.07178	1.07296	1.07065	1.07141	4127	0	20
2020.10.19	08:00:00	1.07141	1.07165	1.07006	1.07039	7179	0	16
2020.10.19	12:00:00	1.07040	1.07106	1.06958	1.06963	6884	0	16
2020.10.19	16:00:00	1.06965	1.06977	1.06848	1.06912	7962	0	14
2020.10.19	20:00:00	1.06912	1.07003	1.06809	1.06995	6091	0	13
2020.10.20	00:00:00	1.06912	1.07101	1.06875	1.07001	3656	0	20
2020.10.20	04:00:00	1.06999	1.07131	1.06904	1.06962	5756	0	19
2020.10.20	08:00:00	1.06963	1.07209	1.06948	1.07192	7850	0	15
2020.10.20	12:00:00	1.07192	1.07247	1.07081	1.07125	7315	0	18
2020.10.20	16:00:00	1.07126	1.07236	1.07058	1.07214	10067	0	19
2020.10.20	20:00:00	1.07214	1.07244	1.07035	1.07052	5492	0	21
2020.10.21	00:00:00	1.07048	1.07207	1.06970	1.07109	3607	0	21
2020.10.21	04:00:00	1.07108	1.07168	1.07023	1.07089	5252	0	20
2020.10.21	08:00:00	1.07090	1.07107	1.06938	1.06981	8456	0	14
2020.10.21	12:00:00	1.06981	1.07013	1.06789	1.06920	8265	0	15
2020.10.21	16:00:00	1.06921	1.06957	1.06745	1.06839	11686	0	12
2020.10.21	20:00:00	1.06839	1.06938	1.06792	1.06922	5966	0	18
2020.10.22	00:00:00	1.06925	1.07025	1.06817	1.06917	4688	0	13
2020.10.22	04:00:00	1.06916	1.06967	1.06607	1.06677	3758	0	13
2020.10.22	08:00:00	1.06677	1.06724	1.06596	1.06602	7798	0	14
2020.10.22	12:00:00	1.06602	1.06654	1.06496	1.06540	7270	0	15
2020.10.22	16:00:00	1.06540	1.06628	1.06452	1.06494	9777	0	16
2020.10.22	20:00:00	1.06494	1.06599	1.06436	1.06589	4360	0	14
2020.10.23	00:00:00	1.06585	1.06883	1.06517	1.06743	4213	0	18
2020.10.23	04:00:00	1.06741	1.06788	1.06661	1.06666	4017	0	17
2020.10.23	08:00:00	1.06666	1.06821	1.06536	1.06727	8317	0	14
2020.10.23	12:00:00	1.06727	1.06798	1.06656	1.06757	6527	0	17
2020.10.23	16:00:00	1.06757	1.06768	1.06533	1.06616	9009	0	18
2020.10.23	20:00:00	1.06616	1.06754	1.06614	1.06658	3793	0	17
2020.10.26	00:00:00	1.06674	1.06717	1.06514	1.06543	6418	0	24
2020.10.26	04:00:00	1.06543	1.06554	1.06364	1.06397	3724	0	13
2020.10.26	08:00:00	1.06397	1.06683	1.06372	1.06582	9661	0	17
2020.10.26	12:00:00	1.06582	1.06698	1.06463	1.06476	8979	0	17
2020.10.26	16:00:00	1.06476	1.06630	1.06426	1.06605	10426	0	16
2020.10.26	20:00:00	1.06607	1.06709	1.06478	1.06623	3894	0	19
2020.10.27	00:00:00	1.06623	1.06684	1.06559	1.06611	3632	0	10
2020.10.27	04:00:00	1.06611	1.06658	1.06564	1.06619	4393	0	23
2020.10.27	08:00:00	1.06619	1.06673	1.06491	1.06551	7990	0	17
2020.10.27	12:00:00	1.06551	1.06581	1.06254	1.06257	8351	0	15
2020.10.27	16:00:00	1.06249	1.06343	1.06159	1.06288	8022	0	14
2020.10.27	20:00:00	1.06289	1.06330	1.06057	1.06160	3765	0	11
2020.10.28	00:00:00	1.06160	1.06403	1.06129	1.06377	5515	0	21
2020.10.28	04:00:00	1.06377	1.06562	1.06336	1.06488	4359	0	15
2020.10.28	08:00:00	1.06489	1.06586	1.06401	1.06456	11160	0	19
2020.10.28	12:00:00	1.06456	1.06483	1.06163	1.06216	12270	0	16
2020.10.28	16:00:00	1.06216	1.06232	1.06029	1.06053	13127	0	13
2020.10.28	20:00:00	1.06055	1.06156	1.06018	1.06054	5893	0	13
2020.10.29	00:00:00	1.06054	1.06215	1.06043	1.06197	5583	0	23
2020.10.29	04:00:00	1.06197	1.06312	1.06194	1.06228	3557	0	19
2020.10.29	08:00:00	1.06228	1.06282	1.05980	1.06055	10850	0	16
2020.10.29	12:00:00	1.06054	1.06170	1.05970	1.06094	13618	0	14
2020.10.29	16:00:00	1.06098	1.06195	1.06038	1.06060	12842	0	15
2020.10.29	20:00:00	1.06037	1.06150	1.05898	1.05987	5873	0	21
2020.10.30	00:00:00	1.05987	1.06264	1.05956	1.06148	6306	0	24
2020.10.30	04:00:00	1.06148	1.06301	1.06112	1.06186	4897	0	20
2020.10.30	08:00:00	1.06184	1.06205	1.06062	1.06106	10954	0	18
2020.10.30	12:00:00	1.06106	1.06124	1.05967	1.06008	11282	0	13
2020.10.30	16:00:00	1.06007	1.06336	1.05945	1.06248	14242	0	13
2020.10.30	20:00:00	1.06249	1.06333	1.06223	1.06247	5548	0	13
2020.11.02	00:00:00	1.06194	1.06324	1.06088	1.06252	6294	0	15
2020.11.02	04:00:00	1.06256	1.06272	1.06081	1.06110	5247	0	13
2020.11.02	08:00:00	1.06108	1.06227	1.06009	1.06179	10830	0	13
2020.11.02	12:00:00	1.06178	1.06317	1.06118	1.06263	9300	0	14
2020.11.02	16:00:00	1.06264	1.06398	1.06241	1.06327	9725	0	13
2020.11.02	20:00:00	1.06326	1.06411	1.06315	1.06345	3374	0	15
2020.11.03	00:00:00	1.06350	1.06458	1.06209	1.06213	3302	0	13
2020.11.03	04:00:00	1.06213	1.06289	1.06032	1.06230	4643	0	15
2020.11.03	08:00:00	1.06228	1.06720	1.06151	1.06669	8560	0	13
2020.11.03	12:00:00	1.06669	1.06928	1.06636	1.06800	6965	0	12
2020.11.03	16:00:00	1.06799	1.06881	1.06631	1.06861	9535	0	14
2020.11.03	20:00:00	1.06861	1.06975	1.06754	1.06909	4225	0	14
2020.11.04	00:00:00	1.06925	1.07065	1.06634	1.06791	12840	0	10
2020.11.04	04:00:00	1.06791	1.06907	1.06505	1.06801	19692	0	15
2020.11.04	08:00:00	1.06803	1.06889	1.06576	1.06848	13839	0	19
2020.11.04	12:00:00	1.06847	1.07324	1.06826	1.07129	13046	0	14
2020.11.04	16:00:00	1.07129	1.07336	1.07089	1.07277	12837	0	17
2020.11.04	20:00:00	1.07277	1.07371	1.07056	1.07133	7767	0	16
2020.11.05	00:00:00	1.07139	1.07220	1.07024	1.07047	7020	0	17
2020.11.05	04:00:00	1.07047	1.07078	1.06879	1.06966	7929	0	16
2020.11.05	08:00:00	1.06966	1.07258	1.06964	1.07199	12214	0	10
2020.11.05	12:00:00	1.07199	1.07305	1.07066	1.07236	13023	0	16
2020.11.05	16:00:00	1.07236	1.07501	1.07120	1.07462	14299	0	16
2020.11.05	20:00:00	1.07465	1.07579	1.07387	1.07513	7133	0	16
2020.11.06	00:00:00	1.07506	1.07587	1.07126	1.07157	7640	0	14
2020.11.06	04:00:00	1.07144	1.07210	1.06987	1.07080	7417	0	16
2020.11.06	08:00:00	1.07080	1.07115	1.06986	1.07107	8947	0	16
2020.11.06	12:00:00	1.07105	1.07171	1.06938	1.07032	11581	0	16
2020.11.06	16:00:00	1.07030	1.07213	1.07001	1.07179	15231	0	16
2020.11.06	20:00:00	1.07181	1.07274	1.07165	1.07166	4904	0	16
2020.11.09	00:00:00	1.07071	1.07234	1.06938	1.07032	6103	0	16
2020.11.09	04:00:00	1.07031	1.07142	1.06894	1.07136	5389	0	16
2020.11.09	08:00:00	1.07135	1.07140	1.06849	1.06867	9242	0	16
2020.11.09	12:00:00	1.06867	1.07292	1.06855	1.07053	18191	0	16
2020.11.09	16:00:00	1.07054	1.07175	1.06817	1.06864	20958	0	16
2020.11.09	20:00:00	1.06863	1.06884	1.06624	1.06665	9513	0	16
2020.11.10	00:00:00	1.06676	1.06755	1.06561	1.06568	6969	0	16
2020.11.10	04:00:00	1.06568	1.06610	1.06493	1.06554	8269	0	16
2020.11.10	08:00:00	1.06554	1.06707	1.06548	1.06688	11195	0	16
2020.11.10	12:00:00	1.06687	1.06692	1.06407	1.06530	12291	0	16
2020.11.10	16:00:00	1.06532	1.06749	1.06502	1.06637	16949	0	11
2020.11.10	20:00:00	1.06634	1.06692	1.06565	1.06582	6209	0	16
2020.11.11	00:00:00	1.06541	1.06846	1.06189	1.06244	7178	0	16
2020.11.11	04:00:00	1.06243	1.06262	1.05947	1.05994	8276	0	16
2020.11.11	08:00:00	1.05993	1.06063	1.05860	1.05965	8959	0	16
2020.11.11	12:00:00	1.05965	1.06024	1.05757	1.05830	7652	0	16
2020.11.11	16:00:00	1.05828	1.05849	1.05710	1.05782	7496	0	8
2020.11.11	20:00:00	1.05788	1.05842	1.05701	1.05761	4269	0	16
2020.11.12	00:00:00	1.05763	1.05782	1.05460	1.05586	4784	0	16
2020.11.12	04:00:00	1.05586	1.05826	1.05526	1.05800	6428	0	16
2020.11.12	08:00:00	1.05801	1.05859	1.05634	1.05798	8689	0	16
2020.11.12	12:00:00	1.05799	1.05874	1.05630	1.05706	7893	0	16
2020.11.12	16:00:00	1.05706	1.05758	1.05593	1.05723	10620	0	16
2020.11.12	20:00:00	1.05723	1.05736	1.05610	1.05681	7530	0	16
2020.11.13	00:00:00	1.05685	1.05894	1.05563	1.05852	5378	0	16
2020.11.13	04:00:00	1.05851	1.06053	1.05802	1.06030	5869	0	16
2020.11.13	08:00:00	1.06030	1.06299	1.05978	1.06180	7281	0	16
2020.11.13	12:00:00	1.06178	1.06253	1.06058	1.06059	6448	0	16
2020.11.13	16:00:00	1.06056	1.06192	1.05928	1.06176	8018	0	16
2020.11.13	20:00:00	1.06176	1.06224	1.06118	1.06137	3897	0	16
2020.11.16	00:00:00	1.05928	1.06223	1.05869	1.05906	6990	0	16
2020.11.16	04:00:00	1.05906	1.06039	1.05893	1.06002	5392	0	16
2020.11.16	08:00:00	1.06005	1.06066	1.05880	1.06008	6972	0	16
2020.11.16	12:00:00	1.06009	1.06255	1.05969	1.06137	12026	0	15
2020.11.16	16:00:00	1.06133	1.06190	1.05979	1.06127	10196	0	16
2020.11.16	20:00:00	1.06127	1.06188	1.05974	1.06011	5750	0	17
2020.11.17	00:00:00	1.05965	1.06068	1.05886	1.06034	5465	0	6
2020.11.17	04:00:00	1.06034	1.06073	1.05928	1.06030	4880	0	17
2020.11.17	08:00:00	1.06030	1.06271	1.06030	1.06237	8025	0	16
2020.11.17	12:00:00	1.06236	1.06246	1.06108	1.06120	8039	0	16
2020.11.17	16:00:00	1.06118	1.06191	1.05910	1.05951	10521	0	16
2020.11.17	20:00:00	1.05952	1.06000	1.05887	1.05908	5744	0	17
2020.11.18	00:00:00	1.05909	1.05920	1.05722	1.05812	6079	0	16
2020.11.18	04:00:00	1.05810	1.05845	1.05706	1.05737	5960	0	16
2020.11.18	08:00:00	1.05738	1.05772	1.05662	1.05735	9066	0	9
2020.11.18	12:00:00	1.05736	1.05760	1.05579	1.05593	7917	0	16
2020.11.18	16:00:00	1.05594	1.05684	1.05527	1.05559	9207	0	16
2020.11.18	20:00:00	1.05558	1.05600	1.05403	1.05423	6766	0	16
2020.11.19	00:00:00	1.05395	1.05675	1.05381	1.05559	6423	0	16
2020.11.19	04:00:00	1.05559	1.05614	1.05531	1.05544	6134	0	16
2020.11.19	08:00:00	1.05543	1.05653	1.05477	1.05518	9933	0	16
2020.11.19	12:00:00	1.05520	1.05542	1.05321	1.05385	9755	0	16
2020.11.19	16:00:00	1.05385	1.05426	1.05244	1.05326	11899	0	6
2020.11.19	20:00:00	1.05324	1.05346	1.05229	1.05314	6019	0	17
2020.11.20	00:00:00	1.05313	1.05365	1.05172	1.05339	6132	0	16
2020.11.20	04:00:00	1.05342	1.05346	1.05218	1.05264	7350	0	16
2020.11.20	08:00:00	1.05264	1.05317	1.05111	1.05128	10093	0	16
2020.11.20	12:00:00	1.05127	1.05309	1.05104	1.05286	8812	0	16
2020.11.20	16:00:00	1.05286	1.05374	1.05219	1.05297	9846	0	16
2020.11.20	20:00:00	1.05297	1.05380	1.05242	1.05355	4357	0	18
2020.11.23	00:00:00	1.05346	1.05386	1.05186	1.05237	6251	0	16
2020.11.23	04:00:00	1.05237	1.05276	1.05186	1.05243	4201	0	16
2020.11.23	08:00:00	1.05243	1.05457	1.05239	1.05406	7313	0	13
2020.11.23	12:00:00	1.05406	1.05421	1.05142	1.05150	7127	0	16
2020.11.23	16:00:00	1.05149	1.05356	1.05135	1.05288	13247	0	12
2020.11.23	20:00:00	1.05288	1.05318	1.05202	1.05202	5040	0	16
2020.11.24	00:00:00	1.05192	1.05325	1.04713	1.04918	7176	0	16
2020.11.24	04:00:00	1.04918	1.05011	1.04721	1.04984	6593	0	16
2020.11.24	08:00:00	1.04985	1.05273	1.04953	1.05190	9291	0	16
2020.11.24	12:00:00	1.05190	1.05269	1.05103	1.05223	9392	0	16
2020.11.24	16:00:00	1.05223	1.05456	1.05207	1.05392	10743	0	16
2020.11.24	20:00:00	1.05390	1.05536	1.05356	1.05455	5290	0	16
2020.11.25	00:00:00	1.05418	1.05620	1.05408	1.05514	4722	0	16
2020.11.25	04:00:00	1.05514	1.05550	1.05267	1.05310	7543	0	16
2020.11.25	08:00:00	1.05310	1.05482	1.05221	1.05284	9128	0	11
2020.11.25	12:00:00	1.05285	1.05337	1.05155	1.05159	6780	0	16
2020.11.25	16:00:00	1.05158	1.05159	1.04888	1.05022	10770	0	16
2020.11.25	20:00:00	1.05022	1.05143	1.04950	1.05086	3718	0	17
2020.11.26	00:00:00	1.05073	1.05193	1.04928	1.05157	3747	0	17
2020.11.26	04:00:00	1.05157	1.05199	1.05060	1.05094	4031	0	16
2020.11.26	08:00:00	1.05094	1.05239	1.05074	1.05184	6344	0	8
2020.11.26	12:00:00	1.05184	1.05209	1.05080	1.05149	5933	0	17
2020.11.26	16:00:00	1.05151	1.05201	1.05099	1.05148	4390	0	16
2020.11.26	20:00:00	1.05150	1.05180	1.04937	1.05042	2022	0	21
2020.11.27	00:00:00	1.04993	1.05096	1.04932	1.04960	3666	0	16
2020.11.27	04:00:00	1.04960	1.05112	1.04927	1.05068	5344	0	16
2020.11.27	08:00:00	1.05068	1.05090	1.04990	1.05062	5807	0	16
2020.11.27	12:00:00	1.05062	1.05102	1.04980	1.05030	6372	0	17
2020.11.27	16:00:00	1.05029	1.05158	1.05020	1.05111	8349	0	16
2020.11.27	20:00:00	1.05111	1.05192	1.04909	1.05084	3707	0	16
2020.11.30	00:00:00	1.04963	1.05206	1.04938	1.05078	4158	0	17
2020.11.30	04:00:00	1.05078	1.05153	1.05048	1.05113	5735	0	16
2020.11.30	08:00:00	1.05114	1.05159	1.04855	1.04905	8320	0	16
2020.11.30	12:00:00	1.04905	1.04907	1.04729	1.04790	7244	0	16
2020.11.30	16:00:00	1.04789	1.04883	1.04596	1.04663	14399	0	16
2020.11.30	20:00:00	1.04663	1.04730	1.04640	1.04678	4795	0	16
2020.12.01	00:00:00	1.04636	1.04834	1.04580	1.04758	4524	0	16
2020.12.01	04:00:00	1.04758	1.04770	1.04622	1.04735	5600	0	16
2020.12.01	08:00:00	1.04735	1.04743	1.04458	1.04537	7717	0	11
2020.12.01	12:00:00	1.04537	1.04561	1.04457	1.04486	7042	0	11
2020.12.01	16:00:00	1.04488	1.04505	1.04168	1.04258	12079	0	16
2020.12.01	20:00:00	1.04258	1.04353	1.04235	1.04298	4328	0	16
2020.12.02	00:00:00	1.04366	1.04566	1.04230	1.04412	5484	0	16
2020.12.02	04:00:00	1.04412	1.04437	1.04230	1.04282	4823	0	16
2020.12.02	08:00:00	1.04284	1.04536	1.04233	1.04412	8774	0	16
2020.12.02	12:00:00	1.04412	1.04618	1.04398	1.04522	8093	0	16
2020.12.02	16:00:00	1.04521	1.04804	1.04473	1.04785	10840	0	16
2020.12.02	20:00:00	1.04785	1.04977	1.04748	1.04895	4380	0	16
2020.12.03	00:00:00	1.04846	1.04904	1.04779	1.04816	4475	0	17
2020.12.03	04:00:00	1.04819	1.04967	1.04801	1.04917	4490	0	16
2020.12.03	08:00:00	1.04915	1.05128	1.04895	1.05098	8114	0	11
2020.12.03	12:00:00	1.05099	1.05103	1.04913	1.04943	7849	0	12
2020.12.03	16:00:00	1.04943	1.05155	1.04747	1.05145	11329	0	16
2020.12.03	20:00:00	1.05144	1.05219	1.05114	1.05128	4864	0	17
2020.12.04	00:00:00	1.05117	1.05224	1.05062	1.05197	4489	0	16
2020.12.04	04:00:00	1.05198	1.05246	1.05118	1.05126	5356	0	16
2020.12.04	08:00:00	1.05121	1.05378	1.05115	1.05300	8140	0	16
2020.12.04	12:00:00	1.05300	1.05441	1.05140	1.05403	9629	0	16
2020.12.04	16:00:00	1.05403	1.05669	1.05287	1.05659	12031	0	16
2020.12.04	20:00:00	1.05661	1.05681	1.05467	1.05496	5259	0	16
2020.12.07	00:00:00	1.05417	1.05585	1.05403	1.05529	4496	0	16
2020.12.07	04:00:00	1.05527	1.05576	1.05438	1.05456	4908	0	17
2020.12.07	08:00:00	1.05456	1.05505	1.05208	1.05274	9084	0	16
2020.12.07	12:00:00	1.05276	1.05445	1.05155	1.05392	8429	0	17
2020.12.07	16:00:00	1.05392	1.05554	1.05366	1.05489	9935	0	16
2020.12.07	20:00:00	1.05489	1.05494	1.05323	1.05323	5218	0	16
2020.12.08	00:00:00	1.05311	1.05471	1.05254	1.05445	4287	0	16
2020.12.08	04:00:00	1.05445	1.05617	1.05425	1.05461	5570	0	16
2020.12.08	08:00:00	1.05459	1.05471	1.05316	1.05424	8515	0	16
2020.12.08	12:00:00	1.05417	1.05540	1.05333	1.05365	9502	0	16
2020.12.08	16:00:00	1.05365	1.05365	1.05160	1.05232	10260	0	10
2020.12.08	20:00:00	1.05234	1.05240	1.05122	1.05201	3803	0	8
2020.12.09	00:00:00	1.05201	1.05311	1.05128	1.05310	5768	0	16
2020.12.09	04:00:00	1.05310	1.05416	1.05283	1.05308	5219	0	16
2020.12.09	08:00:00	1.05308	1.05527	1.05308	1.05515	8097	0	16
2020.12.09	12:00:00	1.05515	1.05779	1.05471	1.05757	7861	0	17
2020.12.09	16:00:00	1.05757	1.05905	1.05701	1.05881	11029	0	17
2020.12.09	20:00:00	1.05881	1.06013	1.05830	1.06013	7286	0	17
2020.12.10	00:00:00	1.05958	1.06165	1.05686	1.06158	4846	0	16
2020.12.10	04:00:00	1.06158	1.06304	1.06120	1.06170	5842	0	16
2020.12.10	08:00:00	1.06170	1.06307	1.06081	1.06273	8572	0	16
2020.12.10	12:00:00	1.06273	1.06404	1.06232	1.06392	9516	0	16
2020.12.10	16:00:00	1.06394	1.06414	1.06190	1.06275	14736	0	16
2020.12.10	20:00:00	1.06270	1.06306	1.06121	1.06125	5344	0	16
2020.12.11	00:00:00	1.06107	1.06453	1.06053	1.06414	4762	0	14
2020.12.11	04:00:00	1.06417	1.06514	1.06345	1.06416	6033	0	16
2020.12.11	08:00:00	1.06416	1.06556	1.06242	1.06251	9039	0	16
2020.12.11	12:00:00	1.06251	1.06340	1.06190	1.06289	9272	0	16
2020.12.11	16:00:00	1.06290	1.06418	1.06286	1.06341	9446	0	16
2020.12.11	20:00:00	1.06344	1.06409	1.06276	1.06292	3950	0	16
2020.12.14	00:00:00	1.06216	1.06456	1.06210	1.06271	4902	0	16
2020.12.14	04:00:00	1.06269	1.06420	1.06226	1.06410	4780	0	16
2020.12.14	08:00:00	1.06410	1.06549	1.06255	1.06255	7486	0	16
2020.12.14	12:00:00	1.06256	1.06523	1.06226	1.06484	6777	0	16
2020.12.14	16:00:00	1.06484	1.06501	1.06213	1.06440	11648	0	16
2020.12.14	20:00:00	1.06441	1.06461	1.06332	1.06332	4410	0	16
2020.12.15	00:00:00	1.06325	1.06485	1.06286	1.06405	4481	0	16
2020.12.15	04:00:00	1.06399	1.06440	1.06140	1.06223	5104	0	16
2020.12.15	08:00:00	1.06223	1.06503	1.06140	1.06499	7346	0	16
2020.12.15	12:00:00	1.06498	1.06585	1.06365	1.06547	7592	0	16
2020.12.15	16:00:00	1.06548	1.06672	1.06506	1.06670	8907	0	16
2020.12.15	20:00:00	1.06670	1.06682	1.06491	1.06545	3974	0	17
2020.12.16	00:00:00	1.06611	1.06626	1.06469	1.06516	3333	0	2
2020.12.16	04:00:00	1.06516	1.06519	1.06271	1.06347	5194	0	16
2020.12.16	08:00:00	1.06347	1.06486	1.06334	1.06483	7545	0	16
2020.12.16	12:00:00	1.06482	1.06637	1.06425	1.06577	7866	0	16
2020.12.16	16:00:00	1.06578	1.06870	1.06576	1.06835	8959	0	16
2020.12.16	20:00:00	1.06834	1.06903	1.06456	1.06488	7205	0	18
2020.12.17	00:00:00	1.06488	1.06681	1.06249	1.06293	4770	0	16
2020.12.17	04:00:00	1.06290	1.06456	1.06273	1.06402	3746	0	16
2020.12.17	08:00:00	1.06402	1.06669	1.06362	1.06619	7384	0	16
2020.12.17	12:00:00	1.06619	1.06629	1.06338	1.06502	6331	0	16
2020.12.17	16:00:00	1.06502	1.06645	1.06378	1.06634	8596	0	16
2020.12.17	20:00:00	1.06634	1.06665	1.06559	1.06559	3812	0	16
2020.12.18	00:00:00	1.06559	1.06670	1.06449	1.06523	4137	0	16
2020.12.18	04:00:00	1.06523	1.06689	1.06398	1.06413	5087	0	16
2020.12.18	08:00:00	1.06413	1.06763	1.06410	1.06753	7904	0	16
2020.12.18	12:00:00	1.06753	1.06817	1.06682	1.06724	6558	0	11
2020.12.18	16:00:00	1.06724	1.06931	1.06690	1.06882	10924	0	16
2020.12.18	20:00:00	1.06884	1.06919	1.06700	1.06730	4856	0	16
2020.12.21	00:00:00	1.06508	1.06989	1.06508	1.06839	5692	0	16
2020.12.21	04:00:00	1.06841	1.06925	1.06624	1.06663	6450	0	16
2020.12.21	08:00:00	1.06663	1.06984	1.06577	1.06757	12161	0	16
2020.12.21	12:00:00	1.06757	1.06923	1.06511	1.06894	16542	0	16
2020.12.21	16:00:00	1.06894	1.07017	1.06778	1.06803	15814	0	16
2020.12.21	20:00:00	1.06804	1.06893	1.06720	1.06744	7261	0	19
2020.12.22	00:00:00	1.06755	1.06938	1.06441	1.06922	5209	0	17
2020.12.22	04:00:00	1.06922	1.07131	1.06922	1.07058	6755	0	16
2020.12.22	08:00:00	1.07058	1.07138	1.06764	1.06907	8721	0	16
2020.12.22	12:00:00	1.06908	1.07021	1.06767	1.06921	8587	0	17
2020.12.22	16:00:00	1.06921	1.07025	1.06752	1.06934	12376	0	16
2020.12.22	20:00:00	1.06923	1.06996	1.06804	1.06804	7492	0	19
2020.12.23	00:00:00	1.06780	1.07083	1.06684	1.06981	5551	0	16
2020.12.23	04:00:00	1.06981	1.07113	1.06947	1.07046	4807	0	16
2020.12.23	08:00:00	1.07046	1.07093	1.06789	1.06845	7557	0	16
2020.12.23	12:00:00	1.06848	1.06917	1.06690	1.06908	7546	0	16
2020.12.23	16:00:00	1.06910	1.06944	1.06748	1.06791	12317	0	17
2020.12.23	20:00:00	1.06791	1.06835	1.06684	1.06728	5288	0	21
2020.12.24	00:00:00	1.06692	1.06907	1.06605	1.06845	4307	0	16
2020.12.24	04:00:00	1.06845	1.06915	1.06820	1.06887	5325	0	16
2020.12.24	08:00:00	1.06887	1.07003	1.06820	1.06847	6848	0	16
2020.12.24	12:00:00	1.06847	1.07037	1.06750	1.06913	6422	0	16
2020.12.24	16:00:00	1.06909	1.06949	1.06819	1.06835	5614	0	17
2020.12.24	20:00:00	1.06835	1.07095	1.06692	1.06730	604	0	16
2020.12.28	00:00:00	1.06639	1.06979	1.06632	1.06791	4662	0	16
2020.12.28	04:00:00	1.06791	1.06859	1.06749	1.06787	3524	0	18
2020.12.28	08:00:00	1.06785	1.06810	1.06658	1.06718	4461	0	16
2020.12.28	12:00:00	1.06717	1.06761	1.06664	1.06760	7786	0	16
2020.12.28	16:00:00	1.06760	1.06765	1.06619	1.06695	8963	0	17
2020.12.28	20:00:00	1.06695	1.06754	1.06649	1.06703	3752	0	8
2020.12.29	00:00:00	1.06687	1.06786	1.06457	1.06659	3657	0	16
2020.12.29	04:00:00	1.06662	1.06714	1.06607	1.06656	4257	0	16
2020.12.29	08:00:00	1.06654	1.06667	1.06491	1.06522	6171	0	11
2020.12.29	12:00:00	1.06525	1.06570	1.06375	1.06380	5464	0	16
2020.12.29	16:00:00	1.06380	1.06464	1.06277	1.06413	11601	0	16
2020.12.29	20:00:00	1.06417	1.06487	1.06351	1.06410	5617	0	16
2020.12.30	00:00:00	1.06410	1.06476	1.06297	1.06376	4704	0	16
2020.12.30	04:00:00	1.06376	1.06615	1.06371	1.06589	3850	0	19
2020.12.30	08:00:00	1.06589	1.06625	1.06480	1.06508	5146	0	16
2020.12.30	12:00:00	1.06510	1.06591	1.06440	1.06482	7497	0	17
2020.12.30	16:00:00	1.06480	1.06742	1.06475	1.06541	11693	0	16
2020.12.30	20:00:00	1.06541	1.06703	1.06498	1.06637	3888	0	19
2020.12.31	00:00:00	1.06642	1.06699	1.06485	1.06597	2856	0	17
2020.12.31	04:00:00	1.06597	1.06670	1.06541	1.06649	3970	0	18
2020.12.31	08:00:00	1.06650	1.06749	1.06588	1.06682	5600	0	17
2020.12.31	12:00:00	1.06683	1.06926	1.06662	1.06869	6948	0	16
2020.12.31	16:00:00	1.06870	1.07196	1.06859	1.07014	9108	0	16
2020.12.31	20:00:00	1.07014	1.07144	1.06978	1.07114	2808	0	20
2021.01.04	00:00:00	1.07012	1.07204	1.06940	1.07137	8312	0	16
2021.01.04	04:00:00	1.07136	1.07141	1.07009	1.07049	6709	0	16
2021.01.04	08:00:00	1.07049	1.07173	1.07012	1.07100	8500	0	17
2021.01.04	12:00:00	1.07100	1.07135	1.06951	1.06993	9226	0	16
2021.01.04	16:00:00	1.06996	1.07106	1.06791	1.06918	14890	0	16
2021.01.04	20:00:00	1.06918	1.06918	1.06690	1.06775	6183	0	17
2021.01.05	00:00:00	1.06745	1.06998	1.06731	1.06925	6463	0	16
2021.01.05	04:00:00	1.06925	1.06976	1.06695	1.06820	9514	0	16
2021.01.05	08:00:00	1.06818	1.06993	1.06800	1.06953	10959	0	16
2021.01.05	12:00:00	1.06953	1.07057	1.06902	1.06941	9206	0	16
2021.01.05	16:00:00	1.06941	1.07081	1.06841	1.07029	17678	0	16
2021.01.05	20:00:00	1.07029	1.07182	1.06979	1.07006	4670	0	18
2021.01.06	00:00:00	1.06914	1.07049	1.06789	1.06919	8720	0	16
2021.01.06	04:00:00	1.06920	1.07059	1.06819	1.06946	11121	0	16
2021.01.06	08:00:00	1.06947	1.07047	1.06798	1.06863	11581	0	16
2021.01.06	12:00:00	1.06863	1.06988	1.06829	1.06885	10819	0	16
2021.01.06	16:00:00	1.06885	1.06976	1.06812	1.06906	18200	0	18
2021.01.06	20:00:00	1.06909	1.07040	1.06905	1.06962	11091	0	18
2021.01.07	00:00:00	1.06972	1.07029	1.06813	1.06946	6481	0	18
2021.01.07	04:00:00	1.06946	1.06964	1.06869	1.06899	5424	0	16
2021.01.07	08:00:00	1.06899	1.07007	1.06785	1.06823	10165	0	16
2021.01.07	12:00:00	1.06823	1.06899	1.06716	1.06885	10114	0	16
2021.01.07	16:00:00	1.06881	1.07007	1.06860	1.06897	17667	0	16
2021.01.07	20:00:00	1.06898	1.07057	1.06855	1.07056	6374	0	19
2021.01.08	00:00:00	1.07047	1.07060	1.06834	1.06933	5250	0	17
2021.01.08	04:00:00	1.06933	1.07027	1.06887	1.06994	7963	0	16
2021.01.08	08:00:00	1.06994	1.07164	1.06981	1.07091	12490	0	16
2021.01.08	12:00:00	1.07092	1.07174	1.06950	1.07048	10833	0	16
2021.01.08	16:00:00	1.07048	1.07322	1.07035	1.07249	20984	0	17
2021.01.08	20:00:00	1.07248	1.07333	1.07180	1.07252	11790	0	16
2021.01.11	00:00:00	1.07011	1.07349	1.06986	1.07158	5591	0	17
2021.01.11	04:00:00	1.07162	1.07173	1.07044	1.07097	6372	0	16
2021.01.11	08:00:00	1.07097	1.07321	1.07075	1.07292	10409	0	16
2021.01.11	12:00:00	1.07292	1.07348	1.07127	1.07141	10850	0	17
2021.01.11	16:00:00	1.07140	1.07394	1.07113	1.07358	17969	0	14
2021.01.11	20:00:00	1.07360	1.07457	1.07320	1.07427	3241	0	3
2021.01.12	00:00:00	1.07427	1.07488	1.07324	1.07456	5705	0	16
2021.01.12	04:00:00	1.07456	1.07467	1.07328	1.07388	6187	0	18
2021.01.12	08:00:00	1.07388	1.07639	1.07353	1.07619	8923	0	16
2021.01.12	12:00:00	1.07619	1.07684	1.07471	1.07516	11136	0	16
2021.01.12	16:00:00	1.07518	1.07667	1.07493	1.07521	15832	0	17
2021.01.12	20:00:00	1.07529	1.07756	1.07501	1.07589	8196	0	17
2021.01.13	00:00:00	1.07597	1.07616	1.07387	1.07428	3701	0	10
2021.01.13	04:00:00	1.07431	1.07483	1.07354	1.07449	5473	0	16
2021.01.13	08:00:00	1.07446	1.07664	1.07437	1.07651	7702	0	16
2021.01.13	12:00:00	1.07653	1.07768	1.07647	1.07700	9545	0	16
2021.01.13	16:00:00	1.07700	1.07826	1.07595	1.07644	14228	0	16
2021.01.13	20:00:00	1.07646	1.07792	1.07514	1.07673	6587	0	16
2021.01.14	00:00:00	1.07683	1.07783	1.07592	1.07766	3785	0	16
2021.01.14	04:00:00	1.07769	1.07809	1.07611	1.07675	6994	0	16
2021.01.14	08:00:00	1.07675	1.07875	1.07650	1.07868	8796	0	16
2021.01.14	12:00:00	1.07869	1.07947	1.07694	1.07778	9044	0	16
2021.01.14	16:00:00	1.07778	1.07898	1.07738	1.07801	13271	0	16
2021.01.14	20:00:00	1.07801	1.07829	1.07625	1.07678	5374	0	17
2021.01.15	00:00:00	1.07713	1.07790	1.07630	1.07743	4365	0	17
2021.01.15	04:00:00	1.07743	1.07843	1.07727	1.07740	4815	0	16
2021.01.15	08:00:00	1.07740	1.07775	1.07655	1.07702	7632	0	16
2021.01.15	12:00:00	1.07701	1.07811	1.07678	1.07765	9594	0	10
2021.01.15	16:00:00	1.07765	1.07960	1.07663	1.07939	19220	0	16
2021.01.15	20:00:00	1.07939	1.08033	1.07909	1.08015	7565	0	16
2021.01.18	00:00:00	1.07838	1.08046	1.07838	1.08007	5339	0	16
2021.01.18	04:00:00	1.07998	1.08031	1.07837	1.07909	4886	0	16
2021.01.18	08:00:00	1.07911	1.08071	1.07857	1.07892	8312	0	16
2021.01.18	12:00:00	1.07893	1.08040	1.07888	1.08030	6625	0	17
2021.01.18	16:00:00	1.08030	1.08084	1.07963	1.08048	8212	0	16
2021.01.18	20:00:00	1.08041	1.08080	1.07884	1.07966	3113	0	16
2021.01.19	00:00:00	1.08008	1.08078	1.07806	1.08024	4929	0	19
2021.01.19	04:00:00	1.08024	1.08151	1.07972	1.08053	6651	0	16
2021.01.19	08:00:00	1.08055	1.08251	1.08042	1.08225	7811	0	17
2021.01.19	12:00:00	1.08224	1.08276	1.08197	1.08244	8797	0	16
2021.01.19	16:00:00	1.08248	1.08417	1.08157	1.08178	13580	0	16
2021.01.19	20:00:00	1.08180	1.08222	1.08002	1.08040	4561	0	16
2021.01.20	00:00:00	1.08052	1.08257	1.08023	1.08251	5193	0	18
2021.01.20	04:00:00	1.08253	1.08322	1.08232	1.08290	5743	0	16
2021.01.20	08:00:00	1.08292	1.08387	1.08252	1.08319	6553	0	16
2021.01.20	12:00:00	1.08317	1.08349	1.08244	1.08299	8483	0	16
2021.01.20	16:00:00	1.08298	1.08314	1.08039	1.08044	15734	0	16
2021.01.20	20:00:00	1.08047	1.08104	1.07944	1.07954	3473	0	16
2021.01.21	00:00:00	1.07945	1.08047	1.07873	1.07911	4273	0	19
2021.01.21	04:00:00	1.07911	1.07922	1.07797	1.07824	3308	0	17
2021.01.21	08:00:00	1.07824	1.07861	1.07650	1.07695	6290	0	16
2021.01.21	12:00:00	1.07695	1.07818	1.07680	1.07719	8002	0	18
2021.01.21	16:00:00	1.07718	1.07897	1.07702	1.07815	11101	0	17
2021.01.21	20:00:00	1.07817	1.07836	1.07494	1.07501	5044	0	16
2021.01.22	00:00:00	1.07568	1.07641	1.07456	1.07571	5156	0	16
2021.01.22	04:00:00	1.07569	1.07680	1.07547	1.07641	4786	0	16
2021.01.22	08:00:00	1.07641	1.07671	1.07479	1.07490	6849	0	16
2021.01.22	12:00:00	1.07490	1.07510	1.07338	1.07467	9417	0	17
2021.01.22	16:00:00	1.07467	1.07606	1.07434	1.07492	12365	0	16
2021.01.22	20:00:00	1.07491	1.07496	1.07394	1.07418	4368	0	19
2021.01.25	00:00:00	1.07437	1.07509	1.07281	1.07308	4848	0	16
2021.01.25	04:00:00	1.07308	1.07384	1.07261	1.07349	3962	0	18
2021.01.25	08:00:00	1.07348	1.07372	1.07140	1.07170	8124	0	17
2021.01.25	12:00:00	1.07171	1.07240	1.07080	1.07206	8367	0	16
2021.01.25	16:00:00	1.07206	1.07229	1.07050	1.07103	16240	0	17
2021.01.25	20:00:00	1.07078	1.07255	1.06888	1.07061	7461	0	15
2021.01.26	00:00:00	1.06990	1.07216	1.06869	1.07201	3095	0	17
2021.01.26	04:00:00	1.07201	1.07214	1.07009	1.07042	3992	0	16
2021.01.26	08:00:00	1.07042	1.07057	1.06892	1.06895	9776	0	16
2021.01.26	12:00:00	1.06895	1.06963	1.06819	1.06862	8712	0	16
2021.01.26	16:00:00	1.06862	1.07037	1.06808	1.07020	13420	0	16
2021.01.26	20:00:00	1.07020	1.07025	1.06964	1.07000	4317	0	17
2021.01.27	00:00:00	1.06971	1.07148	1.06884	1.07094	4807	0	17
2021.01.27	04:00:00	1.07094	1.07094	1.06957	1.07067	4526	0	16
2021.01.27	08:00:00	1.07067	1.07111	1.06940	1.06950	9053	0	10
2021.01.27	12:00:00	1.06950	1.07025	1.06810	1.06997	13122	0	16
2021.01.27	16:00:00	1.06997	1.07067	1.06939	1.07004	21307	0	16
2021.01.27	20:00:00	1.07003	1.07052	1.06879	1.06955	15284	0	20
2021.01.28	00:00:00	1.06958	1.07101	1.06790	1.06966	8018	0	17
2021.01.28	04:00:00	1.06966	1.06997	1.06829	1.06962	6313	0	18
2021.01.28	08:00:00	1.06962	1.06966	1.06716	1.06914	13339	0	16
2021.01.28	12:00:00	1.06911	1.06952	1.06714	1.06915	14787	0	14
2021.01.28	16:00:00	1.06916	1.07122	1.06852	1.06931	18969	0	15
2021.01.28	20:00:00	1.06933	1.07044	1.06924	1.07044	8869	0	16
2021.01.29	00:00:00	1.07059	1.07066	1.06882	1.06913	6435	0	18
2021.01.29	04:00:00	1.06913	1.06920	1.06748	1.06849	5569	0	16
2021.01.29	08:00:00	1.06849	1.06939	1.06682	1.06689	13402	0	17
2021.01.29	12:00:00	1.06689	1.06798	1.06555	1.06612	15844	0	17
2021.01.29	16:00:00	1.06612	1.06650	1.06324	1.06366	20788	0	17
2021.01.29	20:00:00	1.06366	1.06418	1.06325	1.06389	12375	0	19
2021.02.01	00:00:00	1.06338	1.06439	1.06209	1.06260	7276	0	16
2021.02.01	04:00:00	1.06262	1.06422	1.06225	1.06402	7404	0	17
2021.02.01	08:00:00	1.06402	1.06434	1.06243	1.06379	11911	0	17
2021.02.01	12:00:00	1.06382	1.06422	1.06285	1.06356	10981	0	16
2021.02.01	16:00:00	1.06356	1.06481	1.06241	1.06480	15665	0	16
2021.02.01	20:00:00	1.06479	1.06618	1.06426	1.06443	7681	0	17
2021.02.02	00:00:00	1.06453	1.06693	1.06379	1.06647	5983	0	16
2021.02.02	04:00:00	1.06647	1.06764	1.06249	1.06271	6473	0	16
2021.02.02	08:00:00	1.06271	1.06282	1.06022	1.06105	8963	0	16
2021.02.02	12:00:00	1.06105	1.06184	1.05938	1.06030	11300	0	16
2021.02.02	16:00:00	1.06029	1.06142	1.05973	1.06068	15259	0	16
2021.02.02	20:00:00	1.06066	1.06147	1.05716	1.05742	6388	0	18
2021.02.03	00:00:00	1.05740	1.05834	1.05503	1.05537	6071	0	15
2021.02.03	04:00:00	1.05537	1.05540	1.05398	1.05483	5677	0	16
2021.02.03	08:00:00	1.05481	1.05858	1.05416	1.05854	8724	0	16
2021.02.03	12:00:00	1.05854	1.05876	1.05689	1.05741	9253	0	17
2021.02.03	16:00:00	1.05741	1.05925	1.05739	1.05859	13207	0	16
2021.02.03	20:00:00	1.05838	1.05951	1.05660	1.05660	5453	0	17
2021.02.04	00:00:00	1.05659	1.05921	1.05611	1.05917	5209	0	16
2021.02.04	04:00:00	1.05917	1.06030	1.05895	1.05953	6114	0	16
2021.02.04	08:00:00	1.05953	1.06056	1.05886	1.05960	8538	0	18
2021.02.04	12:00:00	1.05960	1.06114	1.05922	1.05963	9390	0	16
2021.02.04	16:00:00	1.05963	1.06198	1.05919	1.06189	12004	0	17
2021.02.04	20:00:00	1.06185	1.06202	1.06109	1.06179	4801	0	17
2021.02.05	00:00:00	1.06178	1.06237	1.06054	1.06157	4136	0	16
2021.02.05	04:00:00	1.06157	1.06289	1.06157	1.06251	5276	0	16
2021.02.05	08:00:00	1.06250	1.06378	1.06185	1.06347	7473	0	17
2021.02.05	12:00:00	1.06347	1.06526	1.06347	1.06424	9820	0	17
2021.02.05	16:00:00	1.06425	1.06486	1.06285	1.06446	13478	0	16
2021.02.05	20:00:00	1.06447	1.06601	1.06419	1.06575	5230	0	18
2021.02.08	00:00:00	1.06561	1.06659	1.06450	1.06533	5386	0	16
2021.02.08	04:00:00	1.06533	1.06631	1.06522	1.06576	3566	0	18
2021.02.08	08:00:00	1.06576	1.06646	1.06497	1.06527	5716	0	16
2021.02.08	12:00:00	1.06527	1.06681	1.06499	1.06639	7303	0	16
2021.02.08	16:00:00	1.06640	1.06707	1.06574	1.06619	13147	0	17
2021.02.08	20:00:00	1.06619	1.06723	1.06583	1.06629	4602	0	16
2021.02.09	00:00:00	1.06628	1.06730	1.06528	1.06713	3935	0	16
2021.02.09	04:00:00	1.06712	1.06714	1.06541	1.06570	5322	0	16
2021.02.09	08:00:00	1.06570	1.06709	1.06519	1.06699	7808	0	16
2021.02.09	12:00:00	1.06696	1.06835	1.06684	1.06805	8126	0	16
2021.02.09	16:00:00	1.06805	1.06860	1.06707	1.06815	11699	0	16
2021.02.09	20:00:00	1.06820	1.06897	1.06765	1.06834	4855	0	18
2021.02.10	00:00:00	1.06829	1.06991	1.06762	1.06921	4499	0	16
2021.02.10	04:00:00	1.06920	1.06993	1.06870	1.06966	4002	0	16
2021.02.10	08:00:00	1.06966	1.07148	1.06927	1.07115	8120	0	16
2021.02.10	12:00:00	1.07115	1.07223	1.07048	1.07185	9132	0	16
2021.02.10	16:00:00	1.07183	1.07268	1.07062	1.07073	15165	0	16
2021.02.10	20:00:00	1.07070	1.07141	1.06930	1.06999	6013	0	19
2021.02.11	00:00:00	1.07001	1.07092	1.06800	1.07060	3259	0	12
2021.02.11	04:00:00	1.07061	1.07144	1.07049	1.07124	3817	0	17
2021.02.11	08:00:00	1.07124	1.07220	1.07118	1.07158	6633	0	15
2021.02.11	12:00:00	1.07158	1.07246	1.07120	1.07198	8553	0	15
2021.02.11	16:00:00	1.07199	1.07280	1.07152	1.07221	20697	0	15
2021.02.11	20:00:00	1.07221	1.07298	1.07192	1.07192	9966	0	15
2021.02.12	00:00:00	1.07181	1.07283	1.07086	1.07278	6358	0	15
2021.02.12	04:00:00	1.07279	1.07305	1.07247	1.07292	5413	0	15
2021.02.12	08:00:00	1.07292	1.07477	1.07288	1.07469	10862	0	15
2021.02.12	12:00:00	1.07469	1.07552	1.07397	1.07517	11339	0	15
2021.02.12	16:00:00	1.07518	1.07587	1.07359	1.07421	17133	0	15
2021.02.12	20:00:00	1.07420	1.07502	1.07405	1.07475	5732	0	15
2021.02.15	00:00:00	1.07547	1.07655	1.07406	1.07498	6598	0	15
2021.02.15	04:00:00	1.07500	1.07523	1.07428	1.07474	8011	0	15
2021.02.15	08:00:00	1.07474	1.07515	1.07382	1.07425	10098	0	15
2021.02.15	12:00:00	1.07425	1.07686	1.07423	1.07624	8471	0	15
2021.02.15	16:00:00	1.07624	1.07670	1.07557	1.07670	9790	0	15
2021.02.15	20:00:00	1.07681	1.07681	1.07527	1.07588	3967	0	15
2021.02.16	00:00:00	1.07625	1.07654	1.07533	1.07536	6874	0	15
2021.02.16	04:00:00	1.07537	1.07537	1.07378	1.07433	9295	0	15
2021.02.16	08:00:00	1.07432	1.07448	1.07188	1.07260	14329	0	15
2021.02.16	12:00:00	1.07261	1.07562	1.07254	1.07477	15689	0	15
2021.02.16	16:00:00	1.07480	1.07666	1.07431	1.07630	28771	0	15
2021.02.16	20:00:00	1.07624	1.07660	1.07520	1.07520	10337	0	15
2021.02.17	00:00:00	1.07519	1.07720	1.07428	1.07662	9651	0	15
2021.02.17	04:00:00	1.07670	1.07717	1.07628	1.07653	10109	0	15
2021.02.17	08:00:00	1.07654	1.07851	1.07639	1.07812	16491	0	15
2021.02.17	12:00:00	1.07812	1.07908	1.07699	1.07905	16213	0	15
2021.02.17	16:00:00	1.07905	1.07943	1.07762	1.07833	28531	0	15
2021.02.17	20:00:00	1.07829	1.07882	1.07728	1.07734	10105	0	15
2021.02.18	00:00:00	1.07731	1.07931	1.07660	1.07894	9752	0	15
2021.02.18	04:00:00	1.07894	1.07910	1.07836	1.07880	11133	0	15
2021.02.18	08:00:00	1.07881	1.07954	1.07800	1.07801	16852	0	15
2021.02.18	12:00:00	1.07800	1.07899	1.07777	1.07812	17161	0	15
2021.02.18	16:00:00	1.07812	1.07927	1.07556	1.07626	27273	0	15
2021.02.18	20:00:00	1.07626	1.07677	1.07520	1.07520	9419	0	15
2021.02.19	00:00:00	1.07519	1.07716	1.07492	1.07716	7235	0	15
2021.02.19	04:00:00	1.07716	1.07746	1.07568	1.07739	9711	0	15
2021.02.19	08:00:00	1.07740	1.07909	1.07655	1.07867	17360	0	15
2021.02.19	12:00:00	1.07863	1.07933	1.07686	1.07752	17441	0	15
2021.02.19	16:00:00	1.07752	1.07807	1.07632	1.07781	20671	0	15
2021.02.19	20:00:00	1.07781	1.07836	1.07757	1.07826	9209	0	15
2021.02.22	00:00:00	1.07843	1.07955	1.07694	1.07731	10933	0	15
2021.02.22	04:00:00	1.07733	1.07806	1.07639	1.07759	11098	0	15
2021.02.22	08:00:00	1.07760	1.07963	1.07731	1.07795	18025	0	15
2021.02.22	12:00:00	1.07794	1.07833	1.07704	1.07800	16049	0	15
2021.02.22	16:00:00	1.07800	1.07999	1.07712	1.07939	21216	0	15
2021.02.22	20:00:00	1.07939	1.08158	1.07921	1.07990	10670	0	15
2021.02.23	00:00:00	1.07979	1.08260	1.07968	1.08254	8678	0	15
2021.02.23	04:00:00	1.08251	1.08261	1.08123	1.08242	10583	0	15
2021.02.23	08:00:00	1.08241	1.08270	1.07907	1.07935	15340	0	15
2021.02.23	12:00:00	1.07935	1.07956	1.07801	1.07874	16618	0	15
2021.02.23	16:00:00	1.07873	1.07941	1.07755	1.07778	27307	0	15
2021.02.23	20:00:00	1.07775	1.07802	1.07716	1.07739	11055	0	15
2021.02.24	00:00:00	1.07731	1.08202	1.07591	1.07743	13898	0	15
2021.02.24	04:00:00	1.07740	1.07755	1.07359	1.07381	17131	0	15
2021.02.24	08:00:00	1.07380	1.07445	1.07126	1.07221	18791	0	15
2021.02.24	12:00:00	1.07222	1.07310	1.07141	1.07182	17963	0	15
2021.02.24	16:00:00	1.07181	1.07288	1.07106	1.07239	26744	0	15
2021.02.24	20:00:00	1.07247	1.07295	1.06867	1.07077	14524	0	15
2021.02.25	00:00:00	1.07077	1.07223	1.06926	1.07159	10221	0	15
2021.02.25	04:00:00	1.07154	1.07286	1.07142	1.07235	13134	0	15
2021.02.25	08:00:00	1.07235	1.07358	1.07126	1.07252	19366	0	15
2021.02.25	12:00:00	1.07252	1.07403	1.07057	1.07265	23469	0	15
2021.02.25	16:00:00	1.07264	1.07311	1.06903	1.06917	37457	0	15
2021.02.25	20:00:00	1.06921	1.06974	1.06702	1.06712	36938	0	15
2021.02.26	00:00:00	1.06726	1.07163	1.06701	1.06751	21532	0	15
2021.02.26	04:00:00	1.06750	1.06772	1.06530	1.06620	18504	0	15
2021.02.26	08:00:00	1.06620	1.06691	1.06463	1.06659	26263	0	15
2021.02.26	12:00:00	1.06658	1.06684	1.06436	1.06609	32428	0	15
2021.02.26	16:00:00	1.06609	1.06662	1.06391	1.06524	42634	0	15
2021.02.26	20:00:00	1.06523	1.06625	1.06414	1.06485	22276	0	15
2021.03.01	00:00:00	1.06419	1.06708	1.06324	1.06531	15911	0	15
2021.03.01	04:00:00	1.06530	1.06623	1.06492	1.06594	13093	0	15
2021.03.01	08:00:00	1.06594	1.06870	1.06535	1.06831	19043	0	15
2021.03.01	12:00:00	1.06832	1.06965	1.06696	1.06712	18399	0	15
2021.03.01	16:00:00	1.06713	1.06978	1.06688	1.06910	29798	0	15
2021.03.01	20:00:00	1.06862	1.07023	1.06838	1.06907	12368	0	15
2021.03.02	00:00:00	1.06912	1.07027	1.06678	1.06924	11361	0	15
2021.03.02	04:00:00	1.06923	1.07105	1.06815	1.07006	18552	0	15
2021.03.02	08:00:00	1.07005	1.07367	1.06986	1.07215	18024	0	15
2021.03.02	12:00:00	1.07214	1.07465	1.07152	1.07414	13025	0	15
2021.03.02	16:00:00	1.07414	1.07466	1.07178	1.07287	18663	0	15
2021.03.02	20:00:00	1.07290	1.07843	1.07128	1.07217	9777	0	15
2021.03.03	00:00:00	1.07200	1.07372	1.07155	1.07262	6894	0	15
2021.03.03	04:00:00	1.07263	1.07377	1.07257	1.07310	6149	0	15
2021.03.03	08:00:00	1.07310	1.07401	1.07213	1.07264	10820	0	15
2021.03.03	12:00:00	1.07263	1.07373	1.07221	1.07329	12156	0	15
2021.03.03	16:00:00	1.07330	1.07555	1.07240	1.07492	22997	0	15
2021.03.03	20:00:00	1.07493	1.07497	1.07229	1.07248	9930	0	15
2021.03.04	00:00:00	1.07235	1.07362	1.07083	1.07324	8877	0	15
2021.03.04	04:00:00	1.07326	1.07501	1.07289	1.07455	8233	0	15
2021.03.04	08:00:00	1.07455	1.07481	1.07307	1.07332	13002	0	15
2021.03.04	12:00:00	1.07334	1.07463	1.07274	1.07412	12893	0	15
2021.03.04	16:00:00	1.07413	1.07482	1.07309	1.07349	26757	0	15
2021.03.04	20:00:00	1.07351	1.07532	1.07291	1.07368	24748	0	15
2021.03.05	00:00:00	1.07345	1.07516	1.07227	1.07401	12249	0	15
2021.03.05	04:00:00	1.07402	1.07637	1.07396	1.07637	10193	0	15
2021.03.05	08:00:00	1.07638	1.07667	1.07344	1.07491	13571	0	15
2021.03.05	12:00:00	1.07490	1.07559	1.07260	1.07497	15065	0	15
2021.03.05	16:00:00	1.07497	1.07580	1.07195	1.07205	28447	0	15
2021.03.05	20:00:00	1.07207	1.07310	1.07194	1.07223	9061	0	15
2021.03.08	00:00:00	1.07161	1.07409	1.07144	1.07370	12213	0	15
2021.03.08	04:00:00	1.07370	1.07597	1.07342	1.07586	17586	0	15
2021.03.08	08:00:00	1.07586	1.07594	1.07379	1.07514	20319	0	15
2021.03.08	12:00:00	1.07514	1.07645	1.07479	1.07489	19182	0	15
2021.03.08	16:00:00	1.07496	1.07542	1.07343	1.07420	30415	0	15
2021.03.08	20:00:00	1.07374	1.07445	1.07279	1.07347	15054	0	15
2021.03.09	00:00:00	1.07016	1.07419	1.07016	1.07304	12292	0	15
2021.03.09	04:00:00	1.07304	1.07583	1.07272	1.07555	15656	0	15
2021.03.09	08:00:00	1.07554	1.07633	1.07443	1.07487	18873	0	15
2021.03.09	12:00:00	1.07487	1.07588	1.07451	1.07516	17557	0	15
2021.03.09	16:00:00	1.07518	1.07704	1.07513	1.07616	21685	0	15
2021.03.09	20:00:00	1.07615	1.07658	1.07538	1.07556	10383	0	15
2021.03.10	00:00:00	1.07556	1.07719	1.07372	1.07492	9267	0	15
2021.03.10	04:00:00	1.07491	1.07592	1.07428	1.07546	9769	0	15
2021.03.10	08:00:00	1.07545	1.07610	1.07442	1.07554	14089	0	15
2021.03.10	12:00:00	1.07555	1.07606	1.07457	1.07534	16903	0	15
2021.03.10	16:00:00	1.07534	1.07600	1.07486	1.07537	23605	0	15
2021.03.10	20:00:00	1.07537	1.07604	1.07468	1.07472	14641	0	15
2021.03.11	00:00:00	1.07474	1.07562	1.07386	1.07456	7512	0	6
2021.03.11	04:00:00	1.07455	1.07590	1.07391	1.07556	8465	0	15
2021.03.11	08:00:00	1.07556	1.07597	1.07442	1.07533	13705	0	15
2021.03.11	12:00:00	1.07533	1.07608	1.07504	1.07529	13440	0	15
2021.03.11	16:00:00	1.07529	1.07774	1.07496	1.07746	20498	0	15
2021.03.11	20:00:00	1.07748	1.07839	1.07701	1.07730	10523	0	15
2021.03.12	00:00:00	1.07723	1.07860	1.07677	1.07807	7370	0	7
2021.03.12	04:00:00	1.07809	1.07875	1.07734	1.07814	9471	0	15
2021.03.12	08:00:00	1.07814	1.07950	1.07778	1.07948	18076	0	15
2021.03.12	12:00:00	1.07945	1.08058	1.07857	1.07997	17059	0	15
2021.03.12	16:00:00	1.07995	1.08151	1.07962	1.08093	20636	0	15
2021.03.12	20:00:00	1.08091	1.08179	1.08066	1.08075	7534	0	15
2021.03.15	00:00:00	1.07957	1.08055	1.07633	1.07638	10943	0	15
2021.03.15	04:00:00	1.07639	1.07668	1.07577	1.07583	8128	0	15
2021.03.15	08:00:00	1.07583	1.07644	1.07419	1.07637	11814	0	15
2021.03.15	12:00:00	1.07636	1.07701	1.07492	1.07547	13579	0	15
2021.03.15	16:00:00	1.07550	1.07696	1.07486	1.07657	15091	0	15
2021.03.15	20:00:00	1.07657	1.07756	1.07595	1.07669	4849	0	15
2021.03.16	00:00:00	1.07663	1.07707	1.07522	1.07619	6362	0	15
2021.03.16	04:00:00	1.07620	1.07744	1.07590	1.07617	7430	0	15
2021.03.16	08:00:00	1.07620	1.07678	1.07473	1.07633	11411	0	15
2021.03.16	12:00:00	1.07633	1.07710	1.07583	1.07707	13955	0	15
2021.03.16	16:00:00	1.07709	1.07765	1.07646	1.07713	13733	0	15
2021.03.16	20:00:00	1.07713	1.07780	1.07563	1.07663	5795	0	15
2021.03.17	00:00:00	1.07660	1.07714	1.07603	1.07622	7282	0	15
2021.03.17	04:00:00	1.07622	1.07738	1.07613	1.07701	4347	0	15
2021.03.17	08:00:00	1.07700	1.07714	1.07583	1.07623	7597	0	15
2021.03.17	12:00:00	1.07623	1.07739	1.07586	1.07731	11287	0	15
2021.03.17	16:00:00	1.07733	1.07744	1.07585	1.07612	12888	0	15
2021.03.17	20:00:00	1.07599	1.07840	1.07477	1.07838	22665	0	15
2021.03.18	00:00:00	1.07838	1.08021	1.07654	1.08012	9763	0	15
2021.03.18	04:00:00	1.08013	1.08065	1.07953	1.07992	9443	0	15
2021.03.18	08:00:00	1.07988	1.08080	1.07893	1.08057	16544	0	15
2021.03.18	12:00:00	1.08057	1.08245	1.07881	1.08240	19459	0	15
2021.03.18	16:00:00	1.08240	1.08386	1.08213	1.08343	20083	0	15
2021.03.18	20:00:00	1.08333	1.08403	1.08037	1.08196	12897	0	7
2021.03.19	00:00:00	1.08198	1.08287	1.07901	1.08060	9397	0	15
2021.03.19	04:00:00	1.08059	1.08082	1.07973	1.08012	9997	0	15
2021.03.19	08:00:00	1.08012	1.08233	1.07978	1.08221	13226	0	15
2021.03.19	12:00:00	1.08221	1.08259	1.07994	1.08053	19954	0	15
2021.03.19	16:00:00	1.08054	1.08256	1.08009	1.08023	17007	0	15
2021.03.19	20:00:00	1.08025	1.08100	1.08021	1.08085	4440	0	15
2021.03.22	00:00:00	1.07930	1.08048	1.07859	1.07965	6101	0	15
2021.03.22	04:00:00	1.07965	1.08025	1.07906	1.07954	5934	0	15
2021.03.22	08:00:00	1.07954	1.07973	1.07830	1.07843	8880	0	15
2021.03.22	12:00:00	1.07844	1.07950	1.07816	1.07927	9628	0	15
2021.03.22	16:00:00	1.07928	1.08003	1.07901	1.07975	8638	0	15
2021.03.22	20:00:00	1.07931	1.08254	1.07931	1.08168	3916	0	15
2021.03.23	00:00:00	1.08150	1.08725	1.08150	1.08626	6501	0	15
2021.03.23	04:00:00	1.08627	1.08750	1.08521	1.08606	6030	0	15
2021.03.23	08:00:00	1.08606	1.08879	1.08519	1.08853	9496	0	15
2021.03.23	12:00:00	1.08854	1.09304	1.08833	1.09288	10888	0	15
2021.03.23	16:00:00	1.09290	1.09369	1.09120	1.09161	11473	0	15
2021.03.23	20:00:00	1.09112	1.09257	1.08778	1.08898	7341	0	15
2021.03.24	00:00:00	1.08899	1.08955	1.08727	1.08931	7042	0	15
2021.03.24	04:00:00	1.08929	1.08986	1.08823	1.08837	6758	0	15
2021.03.24	08:00:00	1.08838	1.09034	1.08763	1.09001	9435	0	15
2021.03.24	12:00:00	1.09001	1.09304	1.08968	1.09176	8873	0	15
2021.03.24	16:00:00	1.09177	1.09264	1.08971	1.08987	10645	0	15
2021.03.24	20:00:00	1.08965	1.09128	1.08620	1.08821	6337	0	15
2021.03.25	00:00:00	1.08822	1.08985	1.08822	1.08956	4820	0	15
2021.03.25	04:00:00	1.08956	1.09059	1.08840	1.08888	5254	0	15
2021.03.25	08:00:00	1.08888	1.09058	1.08798	1.08967	7991	0	15
2021.03.25	12:00:00	1.08965	1.09076	1.08919	1.08994	10626	0	15
2021.03.25	16:00:00	1.08992	1.09078	1.08896	1.08976	13741	0	15
2021.03.25	20:00:00	1.08935	1.09059	1.08842	1.08955	6176	0	15
2021.03.26	00:00:00	1.08959	1.09066	1.08922	1.09033	5472	0	15
2021.03.26	04:00:00	1.09035	1.09232	1.09019	1.09159	4416	0	15
2021.03.26	08:00:00	1.09158	1.09296	1.08940	1.08948	8533	0	15
2021.03.26	12:00:00	1.08948	1.09132	1.08906	1.09081	8487	0	15
2021.03.26	16:00:00	1.09081	1.09174	1.09013	1.09124	8602	0	15
2021.03.26	20:00:00	1.09122	1.09239	1.09043	1.09142	4755	0	15
2021.03.29	00:00:00	1.08964	1.09255	1.08963	1.09233	4357	0	15
2021.03.29	04:00:00	1.09232	1.09298	1.09170	1.09249	6543	0	15
2021.03.29	08:00:00	1.09249	1.09461	1.09152	1.09367	8233	0	15
2021.03.29	12:00:00	1.09366	1.09385	1.09091	1.09144	7254	0	15
2021.03.29	16:00:00	1.09148	1.09216	1.08900	1.08954	11829	0	15
2021.03.29	20:00:00	1.08955	1.09149	1.08928	1.09009	5740	0	15
2021.03.30	00:00:00	1.09008	1.09101	1.08919	1.08947	3776	0	15
2021.03.30	04:00:00	1.08948	1.09052	1.08841	1.08906	5201	0	15
2021.03.30	08:00:00	1.08906	1.09006	1.08867	1.08949	7617	0	15
2021.03.30	12:00:00	1.08949	1.09032	1.08899	1.08989	8700	0	15
2021.03.30	16:00:00	1.08986	1.09055	1.08787	1.08809	12031	0	15
2021.03.30	20:00:00	1.08811	1.08812	1.08676	1.08726	5760	0	15
2021.03.31	00:00:00	1.08726	1.08956	1.08638	1.08880	4268	0	15
2021.03.31	04:00:00	1.08877	1.08965	1.08862	1.08906	5156	0	15
2021.03.31	08:00:00	1.08907	1.09017	1.08808	1.08917	7609	0	15
2021.03.31	12:00:00	1.08918	1.08934	1.08717	1.08720	7288	0	15
2021.03.31	16:00:00	1.08719	1.08960	1.08632	1.08866	12511	0	15
2021.03.31	20:00:00	1.08864	1.08866	1.08700	1.08729	5815	0	15
2021.04.01	00:00:00	1.08758	1.08833	1.08522	1.08763	3962	0	15
2021.04.01	04:00:00	1.08762	1.08790	1.08393	1.08493	6253	0	15
2021.04.01	08:00:00	1.08493	1.08586	1.08376	1.08545	9363	0	15
2021.04.01	12:00:00	1.08547	1.08561	1.08371	1.08443	7796	0	15
2021.04.01	16:00:00	1.08445	1.08500	1.08355	1.08462	10313	0	15
2021.04.01	20:00:00	1.08463	1.08539	1.08401	1.08429	4203	0	15
2021.04.02	00:00:00	1.08429	1.08526	1.08380	1.08442	2324	0	18
2021.04.02	04:00:00	1.08442	1.08503	1.08393	1.08397	2802	0	17
2021.04.02	08:00:00	1.08396	1.08491	1.08323	1.08325	3284	0	18
2021.04.02	12:00:00	1.08328	1.08364	1.08101	1.08263	3271	0	15
2021.04.02	16:00:00	1.08260	1.08399	1.08151	1.08219	3209	0	21
2021.04.02	20:00:00	1.08230	1.08317	1.08053	1.08228	2975	0	44
2021.04.05	00:00:00	1.08049	1.08423	1.08049	1.08419	3854	0	15
2021.04.05	04:00:00	1.08419	1.08441	1.08333	1.08367	3167	0	15
2021.04.05	08:00:00	1.08367	1.08379	1.08250	1.08281	4024	0	15
2021.04.05	12:00:00	1.08280	1.08283	1.08177	1.08239	4539	0	15
2021.04.05	16:00:00	1.08239	1.08372	1.08232	1.08345	8480	0	15
2021.04.05	20:00:00	1.08345	1.08435	1.08303	1.08303	4096	0	15
2021.04.06	00:00:00	1.08336	1.08401	1.08223	1.08354	3249	0	15
2021.04.06	04:00:00	1.08356	1.08413	1.08262	1.08377	5151	0	15
2021.04.06	08:00:00	1.08376	1.08583	1.08318	1.08520	7599	0	15
2021.04.06	12:00:00	1.08518	1.08663	1.08487	1.08509	7455	0	15
2021.04.06	16:00:00	1.08507	1.08749	1.08487	1.08728	9724	0	15
2021.04.06	20:00:00	1.08729	1.08750	1.08538	1.08548	6431	0	15
2021.04.07	00:00:00	1.08549	1.08641	1.08371	1.08636	3530	0	15
2021.04.07	04:00:00	1.08635	1.08654	1.08419	1.08478	6912	0	15
2021.04.07	08:00:00	1.08478	1.08541	1.08376	1.08405	8229	0	15
2021.04.07	12:00:00	1.08403	1.08507	1.08355	1.08436	7846	0	15
2021.04.07	16:00:00	1.08433	1.08649	1.08400	1.08512	9698	0	15
2021.04.07	20:00:00	1.08511	1.08636	1.08462	1.08498	6643	0	15
2021.04.08	00:00:00	1.08458	1.08648	1.08266	1.08594	3827	0	15
2021.04.08	04:00:00	1.08594	1.08618	1.08469	1.08583	5574	0	15
2021.04.08	08:00:00	1.08583	1.08609	1.08515	1.08574	6876	0	15
2021.04.08	12:00:00	1.08574	1.08615	1.08372	1.08384	7145	0	15
2021.04.08	16:00:00	1.08382	1.08531	1.08291	1.08448	10827	0	15
2021.04.08	20:00:00	1.08448	1.08501	1.08367	1.08377	4602	0	15
2021.04.09	00:00:00	1.08421	1.08477	1.08314	1.08406	4066	0	15
2021.04.09	04:00:00	1.08404	1.08464	1.08301	1.08312	5487	0	15
2021.04.09	08:00:00	1.08310	1.08358	1.08210	1.08283	8897	0	15
2021.04.09	12:00:00	1.08283	1.08309	1.08180	1.08269	7780	0	15
2021.04.09	16:00:00	1.08268	1.08342	1.08233	1.08247	9851	0	15
2021.04.09	20:00:00	1.08247	1.08311	1.08208	1.08284	3929	0	15
2021.04.12	00:00:00	1.08156	1.08390	1.08152	1.08320	4151	0	15
2021.04.12	04:00:00	1.08319	1.08320	1.08144	1.08162	8127	0	15
2021.04.12	08:00:00	1.08162	1.08341	1.08136	1.08314	7931	0	15
2021.04.12	12:00:00	1.08317	1.08396	1.08259	1.08390	6864	0	15
2021.04.12	16:00:00	1.08391	1.08426	1.08339	1.08387	8614	0	15
2021.04.12	20:00:00	1.08386	1.08453	1.08333	1.08333	4587	0	15
2021.04.13	00:00:00	1.08326	1.08520	1.08301	1.08490	3623	0	15
2021.04.13	04:00:00	1.08498	1.08540	1.08375	1.08450	5957	0	15
2021.04.13	08:00:00	1.08449	1.08458	1.08243	1.08291	7054	0	15
2021.04.13	12:00:00	1.08292	1.08337	1.08162	1.08203	9761	0	15
2021.04.13	16:00:00	1.08200	1.08474	1.08198	1.08383	10084	0	15
2021.04.13	20:00:00	1.08392	1.08417	1.08289	1.08289	5177	0	15
2021.04.14	00:00:00	1.08310	1.08376	1.08066	1.08207	4586	0	15
2021.04.14	04:00:00	1.08210	1.08408	1.08032	1.08112	6973	0	15
2021.04.14	08:00:00	1.08114	1.08252	1.08014	1.08099	7142	0	15
2021.04.14	12:00:00	1.08098	1.08164	1.08003	1.08016	6405	0	15
2021.04.14	16:00:00	1.08016	1.08212	1.07956	1.08202	10351	0	15
2021.04.14	20:00:00	1.08203	1.08254	1.08098	1.08098	5418	0	15
2021.04.15	00:00:00	1.08133	1.08221	1.07838	1.08189	3722	0	15
2021.04.15	04:00:00	1.08189	1.08244	1.07917	1.07936	5788	0	15
2021.04.15	08:00:00	1.07935	1.08100	1.07915	1.08089	6978	0	15
2021.04.15	12:00:00	1.08088	1.08235	1.08030	1.08179	7070	0	15
2021.04.15	16:00:00	1.08176	1.08209	1.08018	1.08032	9421	0	15
2021.04.15	20:00:00	1.08028	1.08107	1.08023	1.08079	4721	0	15
2021.04.16	00:00:00	1.08079	1.08123	1.07983	1.08057	3685	0	15
2021.04.16	04:00:00	1.08058	1.08067	1.07961	1.08034	5730	0	15
2021.04.16	08:00:00	1.08032	1.08163	1.08022	1.08096	6913	0	15
2021.04.16	12:00:00	1.08095	1.08232	1.08085	1.08227	6567	0	15
2021.04.16	16:00:00	1.08224	1.08414	1.08169	1.08290	7376	0	15
2021.04.16	20:00:00	1.08290	1.08328	1.08198	1.08229	3054	0	15
2021.04.19	00:00:00	1.08303	1.08346	1.08166	1.08214	3933	0	15
2021.04.19	04:00:00	1.08213	1.08329	1.08153	1.08299	5020	0	15
2021.04.19	08:00:00	1.08299	1.08300	1.08123	1.08146	7309	0	15
2021.04.19	12:00:00	1.08146	1.08205	1.08072	1.08153	6432	0	15
2021.04.19	16:00:00	1.08156	1.08206	1.08046	1.08099	8429	0	15
2021.04.19	20:00:00	1.08098	1.08121	1.07964	1.07999	4030	0	15
2021.04.20	00:00:00	1.07999	1.08069	1.07878	1.08039	3016	0	15
2021.04.20	04:00:00	1.08040	1.08230	1.07959	1.08067	5546	0	15
2021.04.20	08:00:00	1.08066	1.08200	1.07969	1.08015	7735	0	15
2021.04.20	12:00:00	1.08015	1.08041	1.07888	1.07952	6808	0	15
2021.04.20	16:00:00	1.07951	1.07978	1.07570	1.07727	10904	0	15
2021.04.20	20:00:00	1.07726	1.07727	1.07478	1.07654	4626	0	15
2021.04.21	00:00:00	1.07644	1.07796	1.07578	1.07681	3846	0	15
2021.04.21	04:00:00	1.07688	1.07690	1.07507	1.07575	5829	0	15
2021.04.21	08:00:00	1.07576	1.07587	1.07427	1.07553	7730	0	15
2021.04.21	12:00:00	1.07553	1.07560	1.07421	1.07440	6179	0	22
2021.04.21	16:00:00	1.07437	1.07527	1.07391	1.07507	9898	0	23
2021.04.21	20:00:00	1.07507	1.07572	1.07484	1.07493	3996	0	21
2021.04.22	00:00:00	1.07506	1.07698	1.07425	1.07659	3936	0	24
2021.04.22	04:00:00	1.07659	1.07758	1.07512	1.07680	6301	0	25
2021.04.22	08:00:00	1.07687	1.07899	1.07616	1.07846	7020	0	24
2021.04.22	12:00:00	1.07848	1.07875	1.07650	1.07720	6180	0	22
2021.04.22	16:00:00	1.07717	1.07825	1.07570	1.07751	9636	0	27
2021.04.22	20:00:00	1.07748	1.07755	1.07519	1.07539	9599	0	26
2021.04.23	00:00:00	1.07455	1.07692	1.07390	1.07635	3752	0	26
2021.04.23	04:00:00	1.07632	1.07762	1.07608	1.07699	5460	0	20
2021.04.23	08:00:00	1.07703	1.07735	1.07639	1.07709	5682	0	21
2021.04.23	12:00:00	1.07713	1.07822	1.07628	1.07632	5336	0	24
2021.04.23	16:00:00	1.07629	1.07808	1.07586	1.07747	9459	0	23
2021.04.23	20:00:00	1.07747	1.07769	1.07627	1.07638	3018	0	22
2021.04.26	00:00:00	1.07498	1.07729	1.07488	1.07689	3264	0	21
2021.04.26	04:00:00	1.07688	1.07775	1.07626	1.07745	5089	0	16
2021.04.26	08:00:00	1.07740	1.07857	1.07703	1.07773	6857	0	21
2021.04.26	12:00:00	1.07773	1.07895	1.07752	1.07895	7019	0	22
2021.04.26	16:00:00	1.07895	1.08001	1.07769	1.07808	8433	0	24
2021.04.26	20:00:00	1.07809	1.07846	1.07711	1.07718	4367	0	20
2021.04.27	00:00:00	1.07732	1.07846	1.07558	1.07769	3034	0	23
2021.04.27	04:00:00	1.07769	1.07909	1.07734	1.07818	5065	0	19
2021.04.27	08:00:00	1.07820	1.07921	1.07760	1.07774	5953	0	22
2021.04.27	12:00:00	1.07773	1.07855	1.07639	1.07706	5591	0	19
2021.04.27	16:00:00	1.07706	1.07817	1.07660	1.07746	8395	0	34
2021.04.27	20:00:00	1.07744	1.07796	1.07667	1.07688	4026	0	20
2021.04.28	00:00:00	1.07696	1.07874	1.07666	1.07835	3692	0	16
2021.04.28	04:00:00	1.07835	1.07867	1.07333	1.07433	5636	0	34
2021.04.28	08:00:00	1.07434	1.07483	1.07389	1.07402	6140	0	34
2021.04.28	12:00:00	1.07403	1.07417	1.07210	1.07228	6251	0	22
2021.04.28	16:00:00	1.07229	1.07344	1.07204	1.07230	8703	0	22
2021.04.28	20:00:00	1.07227	1.07364	1.07112	1.07247	10758	0	25
2021.04.29	00:00:00	1.07307	1.07370	1.07096	1.07326	3280	0	22
2021.04.29	04:00:00	1.07329	1.07408	1.07242	1.07343	5162	0	22
2021.04.29	08:00:00	1.07340	1.07357	1.07240	1.07266	6625	0	23
2021.04.29	12:00:00	1.07265	1.07412	1.07242	1.07367	7730	0	34
2021.04.29	16:00:00	1.07366	1.07413	1.07196	1.07310	12762	0	34
2021.04.29	20:00:00	1.07307	1.07336	1.07152	1.07158	4304	0	24
2021.04.30	00:00:00	1.07159	1.07378	1.06923	1.07317	3887	0	13
2021.04.30	04:00:00	1.07323	1.07333	1.07216	1.07331	4844	0	34
2021.04.30	08:00:00	1.07325	1.07372	1.07241	1.07361	6098	0	34
2021.04.30	12:00:00	1.07357	1.07500	1.07311	1.07470	6895	0	34
2021.04.30	16:00:00	1.07469	1.07682	1.07433	1.07551	13129	0	34
2021.04.30	20:00:00	1.07552	1.07715	1.07529	1.07697	4867	0	34
2021.05.03	00:00:00	1.07571	1.07690	1.07490	1.07635	3420	0	34
2021.05.03	04:00:00	1.07634	1.07671	1.07499	1.07635	4132	0	34
2021.05.03	08:00:00	1.07634	1.07879	1.07634	1.07875	6454	0	34
2021.05.03	12:00:00	1.07875	1.07879	1.07674	1.07684	6116	0	34
2021.05.03	16:00:00	1.07682	1.07806	1.07634	1.07774	9566	0	34
2021.05.03	20:00:00	1.07772	1.07790	1.07647	1.07750	4114	0	21
2021.05.04	00:00:00	1.07757	1.07833	1.07534	1.07791	3373	0	18
2021.05.04	04:00:00	1.07786	1.07885	1.07717	1.07880	5340	0	34
2021.05.04	08:00:00	1.07880	1.08027	1.07874	1.07986	7388	0	34
2021.05.04	12:00:00	1.07984	1.08199	1.07973	1.08141	9395	0	34
2021.05.04	16:00:00	1.08141	1.08141	1.07719	1.07862	15605	0	34
2021.05.04	20:00:00	1.07862	1.07951	1.07804	1.07809	7188	0	34
2021.05.05	00:00:00	1.07809	1.07887	1.07509	1.07826	4090	0	26
2021.05.05	04:00:00	1.07826	1.07844	1.07743	1.07819	4942	0	34
2021.05.05	08:00:00	1.07819	1.07829	1.07633	1.07645	7425	0	34
2021.05.05	12:00:00	1.07643	1.07691	1.07480	1.07487	7162	0	34
2021.05.05	16:00:00	1.07487	1.07546	1.07316	1.07421	9822	0	33
2021.05.05	20:00:00	1.07422	1.07476	1.07325	1.07338	4177	0	34
2021.05.06	00:00:00	1.07338	1.07393	1.07259	1.07312	2767	0	15
2021.05.06	04:00:00	1.07313	1.07350	1.07161	1.07217	8456	0	34
2021.05.06	08:00:00	1.07217	1.07536	1.07199	1.07499	7647	0	34
2021.05.06	12:00:00	1.07501	1.07570	1.07386	1.07516	7893	0	34
2021.05.06	16:00:00	1.07515	1.07652	1.07508	1.07589	11221	0	34
2021.05.06	20:00:00	1.07589	1.07631	1.07506	1.07531	5871	0	24
2021.05.07	00:00:00	1.07532	1.07661	1.07439	1.07630	3163	0	31
2021.05.07	04:00:00	1.07630	1.07633	1.07475	1.07517	4310	0	34
2021.05.07	08:00:00	1.07519	1.07643	1.07398	1.07561	5880	0	34
2021.05.07	12:00:00	1.07560	1.07893	1.07522	1.07686	8584	0	34
2021.05.07	16:00:00	1.07686	1.07839	1.07646	1.07739	12237	0	34
2021.05.07	20:00:00	1.07739	1.07777	1.07665	1.07678	4665	0	34
2021.05.10	00:00:00	1.07647	1.07837	1.07608	1.07752	3642	0	23
2021.05.10	04:00:00	1.07751	1.07862	1.07736	1.07802	3484	0	34
2021.05.10	08:00:00	1.07802	1.07952	1.07797	1.07937	7691	0	34
2021.05.10	12:00:00	1.07938	1.08097	1.07923	1.08090	6838	0	34
2021.05.10	16:00:00	1.08090	1.08120	1.07764	1.07826	9177	0	34
2021.05.10	20:00:00	1.07828	1.07846	1.07738	1.07738	5890	0	34
2021.05.11	00:00:00	1.07738	1.07857	1.07366	1.07848	4490	0	34
2021.05.11	04:00:00	1.07844	1.07898	1.07741	1.07746	8182	0	34
2021.05.11	08:00:00	1.07745	1.07887	1.07705	1.07763	8301	0	34
2021.05.11	12:00:00	1.07768	1.07797	1.07675	1.07728	6977	0	34
2021.05.11	16:00:00	1.07728	1.07891	1.07716	1.07803	12850	0	34
2021.05.11	20:00:00	1.07803	1.07939	1.07778	1.07810	5843	0	23
2021.05.12	00:00:00	1.07814	1.07917	1.07611	1.07854	3674	0	34
2021.05.12	04:00:00	1.07855	1.07898	1.07676	1.07758	6409	0	34
2021.05.12	08:00:00	1.07759	1.07972	1.07749	1.07944	7495	0	34
2021.05.12	12:00:00	1.07945	1.07959	1.07724	1.07884	8397	0	34
2021.05.12	16:00:00	1.07884	1.08017	1.07755	1.07984	15459	0	34
2021.05.12	20:00:00	1.07984	1.08031	1.07859	1.07861	7979	0	24
2021.05.13	00:00:00	1.07879	1.08004	1.07686	1.07836	3001	0	34
2021.05.13	04:00:00	1.07834	1.07890	1.07691	1.07772	4852	0	34
2021.05.13	08:00:00	1.07774	1.07852	1.07679	1.07715	8160	0	34
2021.05.13	12:00:00	1.07716	1.07824	1.07616	1.07674	7483	0	34
2021.05.13	16:00:00	1.07673	1.07686	1.07520	1.07540	10593	0	34
2021.05.13	20:00:00	1.07539	1.07571	1.07446	1.07506	8526	0	34
2021.05.14	00:00:00	1.07506	1.07678	1.07429	1.07603	3215	0	15
2021.05.14	04:00:00	1.07603	1.07672	1.07574	1.07613	4783	0	34
2021.05.14	08:00:00	1.07614	1.07700	1.07431	1.07433	6473	0	34
2021.05.14	12:00:00	1.07433	1.07484	1.07208	1.07246	6891	0	34
2021.05.14	16:00:00	1.07245	1.07377	1.07191	1.07356	7024	0	34
2021.05.14	20:00:00	1.07355	1.07391	1.07257	1.07257	3173	0	34
2021.05.17	00:00:00	1.07176	1.07396	1.07166	1.07291	3012	0	14
2021.05.17	04:00:00	1.07289	1.07462	1.07213	1.07419	5297	0	17
2021.05.17	08:00:00	1.07420	1.07539	1.07367	1.07510	7327	0	34
2021.05.17	12:00:00	1.07510	1.07728	1.07476	1.07708	6472	0	34
2021.05.17	16:00:00	1.07708	1.07775	1.07603	1.07611	10910	0	34
2021.05.17	20:00:00	1.07611	1.07682	1.07574	1.07665	5294	0	27
2021.05.18	00:00:00	1.07665	1.07731	1.07484	1.07665	2734	0	21
2021.05.18	04:00:00	1.07663	1.07731	1.07579	1.07618	4488	0	34
2021.05.18	08:00:00	1.07618	1.07705	1.07514	1.07520	6830	0	34
2021.05.18	12:00:00	1.07520	1.07572	1.07365	1.07391	5312	0	34
2021.05.18	16:00:00	1.07390	1.07565	1.07384	1.07560	8798	0	34
2021.05.18	20:00:00	1.07562	1.07617	1.07537	1.07572	6061	0	19
2021.05.19	00:00:00	1.07447	1.07622	1.07292	1.07549	3193	0	24
2021.05.19	04:00:00	1.07551	1.07693	1.07504	1.07627	6127	0	34
2021.05.19	08:00:00	1.07627	1.07750	1.07576	1.07668	9150	0	34
2021.05.19	12:00:00	1.07669	1.07761	1.07645	1.07749	8406	0	34
2021.05.19	16:00:00	1.07751	1.07895	1.07732	1.07804	13574	0	34
2021.05.19	20:00:00	1.07806	1.07903	1.07613	1.07709	14562	0	22
2021.05.20	00:00:00	1.07692	1.07843	1.07605	1.07833	3729	0	34
2021.05.20	04:00:00	1.07832	1.07977	1.07768	1.07879	5094	0	34
2021.05.20	08:00:00	1.07879	1.07895	1.07779	1.07862	7101	0	34
2021.05.20	12:00:00	1.07864	1.07976	1.07842	1.07921	6968	0	34
2021.05.20	16:00:00	1.07921	1.07959	1.07715	1.07907	9901	0	34
2021.05.20	20:00:00	1.07907	1.07987	1.07870	1.07891	7272	0	34
2021.05.21	00:00:00	1.07892	1.08061	1.07813	1.08035	3089	0	11
2021.05.21	04:00:00	1.08035	1.08065	1.07897	1.07922	5192	0	34
2021.05.21	08:00:00	1.07924	1.07955	1.07808	1.07859	7216	0	34
2021.05.21	12:00:00	1.07859	1.07866	1.07702	1.07803	7854	0	34
2021.05.21	16:00:00	1.07803	1.07905	1.07749	1.07864	11268	0	34
2021.05.21	20:00:00	1.07864	1.07921	1.07831	1.07893	4184	0	26
2021.05.24	00:00:00	1.07509	1.07839	1.07446	1.07819	3714	0	19
2021.05.24	04:00:00	1.07819	1.07824	1.07670	1.07816	5253	0	34
2021.05.24	08:00:00	1.07816	1.07887	1.07614	1.07642	6438	0	34
2021.05.24	12:00:00	1.07642	1.07714	1.07455	1.07475	5278	0	34
2021.05.24	16:00:00	1.07478	1.07512	1.07385	1.07390	7795	0	34
2021.05.24	20:00:00	1.07390	1.07470	1.07353	1.07400	4184	0	17
2021.05.25	00:00:00	1.07400	1.07484	1.07326	1.07376	3061	0	17
2021.05.25	04:00:00	1.07376	1.07449	1.07317	1.07331	5650	0	34
2021.05.25	08:00:00	1.07331	1.07472	1.07305	1.07375	7884	0	34
2021.05.25	12:00:00	1.07375	1.07397	1.07122	1.07195	6015	0	34
2021.05.25	16:00:00	1.07195	1.07283	1.07146	1.07232	10089	0	34
2021.05.25	20:00:00	1.07232	1.07271	1.07154	1.07256	5683	0	24
2021.05.26	00:00:00	1.07183	1.07312	1.06989	1.07268	2988	0	21
2021.05.26	04:00:00	1.07267	1.07304	1.06484	1.06627	8758	0	34
2021.05.26	08:00:00	1.06624	1.06639	1.06357	1.06571	6613	0	34
2021.05.26	12:00:00	1.06569	1.06603	1.06236	1.06280	7089	0	34
2021.05.26	16:00:00	1.06280	1.06345	1.06155	1.06206	8561	0	34
2021.05.26	20:00:00	1.06205	1.06300	1.06134	1.06288	5203	0	34
2021.05.27	00:00:00	1.06287	1.06379	1.06142	1.06302	3783	0	18
2021.05.27	04:00:00	1.06303	1.06307	1.06073	1.06190	4505	0	34
2021.05.27	08:00:00	1.06196	1.06262	1.06108	1.06172	5652	0	34
2021.05.27	12:00:00	1.06172	1.06195	1.05985	1.06092	6431	0	34
2021.05.27	16:00:00	1.06095	1.06192	1.06051	1.06144	9954	0	34
2021.05.27	20:00:00	1.06145	1.06148	1.06043	1.06132	5601	0	34
2021.05.28	00:00:00	1.06173	1.06338	1.06009	1.06308	3482	0	15
2021.05.28	04:00:00	1.06304	1.06508	1.06304	1.06501	4882	0	34
2021.05.28	08:00:00	1.06501	1.06545	1.06429	1.06481	6964	0	34
2021.05.28	12:00:00	1.06481	1.06547	1.06353	1.06415	7753	0	34
2021.05.28	16:00:00	1.06413	1.06442	1.06193	1.06250	9873	0	34
2021.05.28	20:00:00	1.06250	1.06410	1.06194	1.06309	4584	0	22
2021.05.31	00:00:00	1.05981	1.06517	1.05981	1.06503	3110	0	23
2021.05.31	04:00:00	1.06503	1.06558	1.06418	1.06430	5053	0	34
2021.05.31	08:00:00	1.06432	1.06583	1.06427	1.06556	6349	0	34
2021.05.31	12:00:00	1.06556	1.06570	1.06467	1.06483	5209	0	34
2021.05.31	16:00:00	1.06448	1.06478	1.06242	1.06257	5708	0	34
2021.05.31	20:00:00	1.06259	1.06329	1.06118	1.06189	4415	0	34
2021.06.01	00:00:00	1.06094	1.06448	1.06087	1.06447	2933	0	16
2021.06.01	04:00:00	1.06447	1.06612	1.06339	1.06409	4649	0	34
2021.06.01	08:00:00	1.06410	1.06595	1.06356	1.06550	7590	0	34
2021.06.01	12:00:00	1.06550	1.06677	1.06492	1.06656	7816	0	34
2021.06.01	16:00:00	1.06663	1.07012	1.06639	1.06902	13868	0	34
2021.06.01	20:00:00	1.06903	1.06992	1.06788	1.06788	5195	0	20
2021.06.02	00:00:00	1.06848	1.07022	1.06589	1.06931	3773	0	16
2021.06.02	04:00:00	1.06930	1.07014	1.06773	1.06873	4434	0	34
2021.06.02	08:00:00	1.06873	1.07005	1.06799	1.06858	7745	0	34
2021.06.02	12:00:00	1.06857	1.07052	1.06855	1.06864	7859	0	34
2021.06.02	16:00:00	1.06864	1.07124	1.06815	1.07076	8291	0	34
2021.06.02	20:00:00	1.07080	1.07164	1.07076	1.07117	5413	0	16
2021.06.03	00:00:00	1.07109	1.07118	1.06951	1.07056	2447	0	21
2021.06.03	04:00:00	1.07064	1.07177	1.07004	1.07157	4565	0	34
2021.06.03	08:00:00	1.07157	1.07182	1.07019	1.07052	7204	0	34
2021.06.03	12:00:00	1.07052	1.07174	1.07012	1.07130	9910	0	34
2021.06.03	16:00:00	1.07131	1.07231	1.07026	1.07218	11072	0	34
2021.06.03	20:00:00	1.07218	1.07323	1.07095	1.07095	6143	0	27
2021.06.04	00:00:00	1.07059	1.07289	1.06911	1.07207	3647	0	21
2021.06.04	04:00:00	1.07206	1.07244	1.07119	1.07125	4843	0	34
2021.06.04	08:00:00	1.07126	1.07231	1.07082	1.07114	6712	0	34
2021.06.04	12:00:00	1.07111	1.07356	1.07038	1.07306	9110	0	34
2021.06.04	16:00:00	1.07307	1.07560	1.07285	1.07517	10581	0	34
2021.06.04	20:00:00	1.07517	1.07520	1.07312	1.07354	3337	0	23
2021.06.07	00:00:00	1.07067	1.07425	1.07058	1.07343	2910	0	16
2021.06.07	04:00:00	1.07342	1.07378	1.07274	1.07300	5051	0	34
2021.06.07	08:00:00	1.07300	1.07468	1.07298	1.07387	5433	0	34
2021.06.07	12:00:00	1.07387	1.07457	1.07269	1.07315	6119	0	34
2021.06.07	16:00:00	1.07315	1.07323	1.07169	1.07240	8058	0	34
2021.06.07	20:00:00	1.07240	1.07293	1.07186	1.07293	2902	0	20
2021.06.08	00:00:00	1.07198	1.07364	1.06962	1.07241	3150	0	14
2021.06.08	04:00:00	1.07242	1.07338	1.07184	1.07313	3876	0	34
2021.06.08	08:00:00	1.07307	1.07404	1.07292	1.07382	4813	0	34
2021.06.08	12:00:00	1.07381	1.07450	1.07320	1.07339	6695	0	34
2021.06.08	16:00:00	1.07339	1.07571	1.07328	1.07553	10036	0	34
2021.06.08	20:00:00	1.07552	1.07574	1.07482	1.07506	4402	0	21
2021.06.09	00:00:00	1.07501	1.07606	1.07351	1.07495	2663	0	14
2021.06.09	04:00:00	1.07495	1.07568	1.07425	1.07425	3089	0	12
2021.06.09	08:00:00	1.07424	1.07583	1.07424	1.07527	4683	0	34
2021.06.09	12:00:00	1.07527	1.07622	1.07495	1.07613	4946	0	34
2021.06.09	16:00:00	1.07612	1.07764	1.07561	1.07758	10070	0	34
2021.06.09	20:00:00	1.07762	1.07769	1.07610	1.07617	4688	0	21
2021.06.10	00:00:00	1.07617	1.07780	1.07524	1.07737	2683	0	18
2021.06.10	04:00:00	1.07737	1.07761	1.07624	1.07636	3870	0	34
2021.06.10	08:00:00	1.07636	1.07791	1.07625	1.07709	5943	0	34
2021.06.10	12:00:00	1.07709	1.07729	1.07586	1.07641	9071	0	34
2021.06.10	16:00:00	1.07644	1.07695	1.07568	1.07668	12920	0	34
2021.06.10	20:00:00	1.07670	1.07773	1.07648	1.07688	5213	0	34
2021.06.11	00:00:00	1.07698	1.07784	1.07497	1.07753	2469	0	12
2021.06.11	04:00:00	1.07754	1.07831	1.07729	1.07743	3536	0	34
2021.06.11	08:00:00	1.07732	1.07862	1.07731	1.07808	5786	0	34
2021.06.11	12:00:00	1.07808	1.07982	1.07789	1.07961	8727	0	34
2021.06.11	16:00:00	1.07961	1.08101	1.07948	1.08069	10550	0	34
2021.06.11	20:00:00	1.08069	1.08094	1.07983	1.08040	2409	0	21
2021.06.14	00:00:00	1.07887	1.08052	1.07844	1.07885	2848	0	20
2021.06.14	04:00:00	1.07885	1.07912	1.07805	1.07899	3495	0	34
2021.06.14	08:00:00	1.07899	1.08066	1.07881	1.07987	5666	0	34
2021.06.14	12:00:00	1.07984	1.08057	1.07892	1.08043	6780	0	34
2021.06.14	16:00:00	1.08046	1.08058	1.07925	1.07934	8251	0	33
2021.06.14	20:00:00	1.07933	1.07995	1.07904	1.07959	3732	0	20
2021.06.15	00:00:00	1.07939	1.07988	1.07848	1.07959	2941	0	20
2021.06.15	04:00:00	1.07959	1.07967	1.07690	1.07778	6039	0	34
2021.06.15	08:00:00	1.07778	1.07788	1.07688	1.07738	6422	0	34
2021.06.15	12:00:00	1.07735	1.07936	1.07727	1.07896	7616	0	34
2021.06.15	16:00:00	1.07899	1.08018	1.07871	1.07928	10683	0	34
2021.06.15	20:00:00	1.07928	1.07935	1.07845	1.07899	5750	0	21
2021.06.16	00:00:00	1.07891	1.07939	1.07775	1.07840	3247	0	34
2021.06.16	04:00:00	1.07840	1.07864	1.07705	1.07754	5405	0	33
2021.06.16	08:00:00	1.07755	1.07899	1.07658	1.07852	5831	0	34
2021.06.16	12:00:00	1.07852	1.07908	1.07806	1.07837	6071	0	34
2021.06.16	16:00:00	1.07879	1.07966	1.07869	1.07937	4786	0	34
2021.06.16	20:00:00	1.07936	1.08028	1.07789	1.07881	19261	0	34
2021.06.17	00:00:00	1.07881	1.07921	1.07431	1.07502	6975	0	34
2021.06.17	04:00:00	1.07502	1.07670	1.07423	1.07600	6416	0	34
2021.06.17	08:00:00	1.07601	1.07771	1.07575	1.07693	10712	0	34
2021.06.17	12:00:00	1.07695	1.08016	1.07679	1.07967	13510	0	34
2021.06.17	16:00:00	1.07967	1.08005	1.07762	1.07831	18461	0	34
2021.06.17	20:00:00	1.07830	1.07879	1.07731	1.07734	8055	0	34
2021.06.18	00:00:00	1.07734	1.07811	1.07617	1.07710	4562	0	15
2021.06.18	04:00:00	1.07709	1.07866	1.07701	1.07718	5730	0	33
2021.06.18	08:00:00	1.07720	1.08030	1.07696	1.07858	11103	0	34
2021.06.18	12:00:00	1.07858	1.07907	1.07739	1.07836	11216	0	34
2021.06.18	16:00:00	1.07835	1.08081	1.07826	1.08036	7212	0	34
2021.06.18	20:00:00	1.08036	1.08047	1.07866	1.07874	6977	0	31
2021.06.21	00:00:00	1.07682	1.07985	1.07682	1.07882	4996	0	34
2021.06.21	04:00:00	1.07882	1.07940	1.07648	1.07716	8987	0	34
2021.06.21	08:00:00	1.07716	1.07790	1.07645	1.07669	10647	0	34
2021.06.21	12:00:00	1.07669	1.07832	1.07654	1.07764	12372	0	34
2021.06.21	16:00:00	1.07759	1.07802	1.07689	1.07743	17681	0	34
2021.06.21	20:00:00	1.07746	1.07898	1.07725	1.07845	9153	0	34
2021.06.22	00:00:00	1.07842	1.07872	1.07605	1.07797	4206	0	17
2021.06.22	04:00:00	1.07794	1.07845	1.07652	1.07738	5119	0	34
2021.06.22	08:00:00	1.07738	1.07836	1.07481	1.07498	9187	0	32
2021.06.22	12:00:00	1.07498	1.07592	1.07454	1.07548	9441	0	34
2021.06.22	16:00:00	1.07548	1.07580	1.07424	1.07424	13686	0	34
2021.06.22	20:00:00	1.07424	1.07552	1.07424	1.07529	7451	0	34
2021.06.23	00:00:00	1.07544	1.07670	1.07422	1.07658	3839	0	32
2021.06.23	04:00:00	1.07658	1.07760	1.07618	1.07659	5881	0	10
2021.06.23	08:00:00	1.07662	1.07675	1.07407	1.07424	8098	0	34
2021.06.23	12:00:00	1.07424	1.07522	1.07391	1.07464	9626	0	34
2021.06.23	16:00:00	1.07464	1.07621	1.07417	1.07529	12714	0	19
2021.06.23	20:00:00	1.07529	1.07568	1.07436	1.07477	6527	0	34
2021.06.24	00:00:00	1.07482	1.07562	1.07341	1.07430	3503	0	14
2021.06.24	04:00:00	1.07430	1.07515	1.07365	1.07432	4275	0	34
2021.06.24	08:00:00	1.07425	1.07443	1.07300	1.07358	7474	0	34
2021.06.24	12:00:00	1.07357	1.07387	1.07243	1.07289	9246	0	34
2021.06.24	16:00:00	1.07289	1.07451	1.07289	1.07358	10964	0	13
2021.06.24	20:00:00	1.07358	1.07404	1.07261	1.07356	6672	0	34
2021.06.25	00:00:00	1.07323	1.07432	1.07237	1.07317	3514	0	25
2021.06.25	04:00:00	1.07321	1.07392	1.07272	1.07296	3355	0	34
2021.06.25	08:00:00	1.07297	1.07369	1.07242	1.07343	7359	0	34
2021.06.25	12:00:00	1.07348	1.07397	1.07282	1.07296	8810	0	34
2021.06.25	16:00:00	1.07294	1.07414	1.07220	1.07399	11690	0	34
2021.06.25	20:00:00	1.07395	1.07466	1.07360	1.07373	3454	0	34
2021.06.28	00:00:00	1.07080	1.07426	1.06965	1.07244	3121	0	34
2021.06.28	04:00:00	1.07244	1.07361	1.07224	1.07357	4920	0	34
2021.06.28	08:00:00	1.07359	1.07392	1.07217	1.07335	6995	0	14
2021.06.28	12:00:00	1.07332	1.07489	1.07329	1.07452	7966	0	34
2021.06.28	16:00:00	1.07453	1.07490	1.07354	1.07386	9772	0	34
2021.06.28	20:00:00	1.07387	1.07452	1.07365	1.07452	3499	0	20
2021.06.29	00:00:00	1.07439	1.07459	1.07301	1.07304	2974	0	23
2021.06.29	04:00:00	1.07305	1.07509	1.07271	1.07458	5092	0	34
2021.06.29	08:00:00	1.07459	1.07604	1.07452	1.07534	7904	0	34
2021.06.29	12:00:00	1.07534	1.07606	1.07488	1.07515	9400	0	34
2021.06.29	16:00:00	1.07517	1.07642	1.07418	1.07440	10735	0	34
2021.06.29	20:00:00	1.07440	1.07466	1.07369	1.07389	4148	0	17
2021.06.30	00:00:00	1.07458	1.07523	1.07270	1.07433	3509	0	18
2021.06.30	04:00:00	1.07433	1.07486	1.07376	1.07481	4907	0	34
2021.06.30	08:00:00	1.07486	1.07500	1.07367	1.07434	6788	0	14
2021.06.30	12:00:00	1.07436	1.07476	1.07323	1.07466	9114	0	18
2021.06.30	16:00:00	1.07466	1.07589	1.07341	1.07366	12779	0	34
2021.06.30	20:00:00	1.07366	1.07384	1.07257	1.07268	5904	0	20
2021.07.01	00:00:00	1.07268	1.07339	1.07114	1.07195	3533	0	15
2021.07.01	04:00:00	1.07195	1.07204	1.07102	1.07148	3217	0	34
2021.07.01	08:00:00	1.07146	1.07233	1.07105	1.07172	7453	0	34
2021.07.01	12:00:00	1.07169	1.07209	1.07075	1.07090	8683	0	17
2021.07.01	16:00:00	1.07088	1.07117	1.06996	1.07066	13016	0	34
2021.07.01	20:00:00	1.07066	1.07204	1.07040	1.07138	5339	0	18
2021.07.02	00:00:00	1.07138	1.07216	1.06940	1.07191	3384	0	21
2021.07.02	04:00:00	1.07195	1.07241	1.07128	1.07147	3325	0	34
2021.07.02	08:00:00	1.07147	1.07190	1.07078	1.07096	6201	0	34
2021.07.02	12:00:00	1.07096	1.07258	1.07053	1.07070	9874	0	34
2021.07.02	16:00:00	1.07071	1.07108	1.06952	1.07004	12185	0	34
2021.07.02	20:00:00	1.07003	1.07076	1.06976	1.07007	4530	0	20
2021.07.05	00:00:00	1.06818	1.07050	1.06811	1.06977	3206	0	31
2021.07.05	04:00:00	1.06984	1.07115	1.06936	1.07075	4573	0	34
2021.07.05	08:00:00	1.07074	1.07204	1.07035	1.07179	6925	0	34
2021.07.05	12:00:00	1.07177	1.07260	1.07160	1.07207	6513	0	34
2021.07.05	16:00:00	1.07204	1.07235	1.07153	1.07193	6088	0	34
2021.07.05	20:00:00	1.07192	1.07269	1.06984	1.07029	7613	0	34
2021.07.06	00:00:00	1.06971	1.07220	1.06779	1.06891	4821	0	19
2021.07.06	04:00:00	1.06892	1.06934	1.06614	1.06665	7437	0	34
2021.07.06	08:00:00	1.06665	1.06987	1.06663	1.06985	9685	0	34
2021.07.06	12:00:00	1.06987	1.07043	1.06794	1.06822	8839	0	34
2021.07.06	16:00:00	1.06821	1.07217	1.06683	1.06881	17030	0	16
2021.07.06	20:00:00	1.06881	1.06905	1.06777	1.06863	4722	0	34
2021.07.07	00:00:00	1.06861	1.06914	1.06678	1.06827	4338	0	19
2021.07.07	04:00:00	1.06827	1.06866	1.06730	1.06787	4004	0	34
2021.07.07	08:00:00	1.06787	1.06840	1.06708	1.06821	6837	0	34
2021.07.07	12:00:00	1.06821	1.06889	1.06607	1.06687	8510	0	34
2021.07.07	16:00:00	1.06689	1.06813	1.06614	1.06687	14299	0	34
2021.07.07	20:00:00	1.06685	1.06714	1.06599	1.06609	9364	0	34
2021.07.08	00:00:00	1.06572	1.06736	1.06324	1.06705	3563	0	16
2021.07.08	04:00:00	1.06706	1.06827	1.06671	1.06798	7418	0	34
2021.07.08	08:00:00	1.06795	1.06848	1.06630	1.06706	12391	0	34
2021.07.08	12:00:00	1.06708	1.06860	1.06636	1.06816	13546	0	34
2021.07.08	16:00:00	1.06817	1.07045	1.06681	1.06942	16408	0	34
2021.07.08	20:00:00	1.06942	1.06997	1.06754	1.06934	10502	0	34
2021.07.09	00:00:00	1.06934	1.07026	1.06561	1.06911	4849	0	22
2021.07.09	04:00:00	1.06912	1.07046	1.06854	1.06927	8278	0	34
2021.07.09	08:00:00	1.06927	1.07065	1.06890	1.07006	10668	0	34
2021.07.09	12:00:00	1.07008	1.07096	1.06972	1.06998	10611	0	19
2021.07.09	16:00:00	1.06998	1.07143	1.06956	1.07068	10128	0	34
2021.07.09	20:00:00	1.07068	1.07079	1.06931	1.06969	3593	0	22
2021.07.12	00:00:00	1.06810	1.07001	1.06777	1.06937	3818	0	34
2021.07.12	04:00:00	1.06936	1.07064	1.06862	1.07013	5015	0	17
2021.07.12	08:00:00	1.07012	1.07149	1.06980	1.07122	7477	0	34
2021.07.12	12:00:00	1.07122	1.07181	1.07057	1.07104	7471	0	34
2021.07.12	16:00:00	1.07104	1.07227	1.07077	1.07223	9128	0	34
2021.07.12	20:00:00	1.07222	1.07223	1.07066	1.07068	5173	0	34
2021.07.13	00:00:00	1.07068	1.07101	1.06931	1.07066	2785	0	34
2021.07.13	04:00:00	1.07066	1.07123	1.06941	1.07123	4673	0	33
2021.07.13	08:00:00	1.07123	1.07240	1.07092	1.07099	7970	0	34
2021.07.13	12:00:00	1.07098	1.07383	1.06968	1.07342	8470	0	34
2021.07.13	16:00:00	1.07342	1.07345	1.07140	1.07193	12237	0	34
2021.07.13	20:00:00	1.07192	1.07247	1.07132	1.07148	7397	0	34
2021.07.14	00:00:00	1.07135	1.07216	1.06938	1.07041	3546	0	17
2021.07.14	04:00:00	1.07040	1.07045	1.06248	1.06290	8510	0	33
2021.07.14	08:00:00	1.06288	1.06371	1.06162	1.06186	8447	0	34
2021.07.14	12:00:00	1.06187	1.06382	1.06172	1.06274	11764	0	34
2021.07.14	16:00:00	1.06274	1.06342	1.06172	1.06330	13572	0	34
2021.07.14	20:00:00	1.06332	1.06404	1.06252	1.06273	6593	0	34
2021.07.15	00:00:00	1.06277	1.06421	1.06166	1.06363	3984	0	12
2021.07.15	04:00:00	1.06359	1.06586	1.06341	1.06374	6698	0	34
2021.07.15	08:00:00	1.06375	1.06482	1.06331	1.06343	9198	0	34
2021.07.15	12:00:00	1.06340	1.06472	1.06340	1.06428	10619	0	34
2021.07.15	16:00:00	1.06428	1.06447	1.06228	1.06260	14507	0	34
2021.07.15	20:00:00	1.06259	1.06380	1.06218	1.06242	8421	0	34
2021.07.16	00:00:00	1.06240	1.06338	1.05733	1.05862	4328	0	34
2021.07.16	04:00:00	1.05858	1.06098	1.05830	1.05919	6009	0	34
2021.07.16	08:00:00	1.05919	1.06030	1.05848	1.05878	8161	0	32
2021.07.16	12:00:00	1.05878	1.05933	1.05788	1.05815	9103	0	15
2021.07.16	16:00:00	1.05814	1.05832	1.05604	1.05629	14040	0	33
2021.07.16	20:00:00	1.05627	1.05659	1.05545	1.05596	6798	0	34
2021.07.19	00:00:00	1.05565	1.05703	1.05530	1.05667	4398	0	18
2021.07.19	04:00:00	1.05665	1.05741	1.05576	1.05600	5888	0	34
2021.07.19	08:00:00	1.05600	1.05616	1.05509	1.05577	11332	0	34
2021.07.19	12:00:00	1.05580	1.05870	1.05526	1.05828	13911	0	34
2021.07.19	16:00:00	1.05828	1.05857	1.05629	1.05692	21498	0	34
2021.07.19	20:00:00	1.05691	1.05861	1.05630	1.05714	12520	0	34
2021.07.20	00:00:00	1.05714	1.05938	1.05589	1.05914	3898	0	20
2021.07.20	04:00:00	1.05915	1.06076	1.05689	1.06073	6106	0	34
2021.07.20	08:00:00	1.06076	1.06126	1.05945	1.05983	12090	0	34
2021.07.20	12:00:00	1.05982	1.06100	1.05967	1.06041	11157	0	34
2021.07.20	16:00:00	1.06040	1.06102	1.05912	1.05919	14202	0	34
2021.07.20	20:00:00	1.05919	1.05969	1.05860	1.05945	5732	0	34
2021.07.21	00:00:00	1.05909	1.06016	1.05793	1.05815	3652	0	26
2021.07.21	04:00:00	1.05814	1.05856	1.05671	1.05687	5548	0	34
2021.07.21	08:00:00	1.05687	1.05781	1.05622	1.05651	10832	0	34
2021.07.21	12:00:00	1.05654	1.05696	1.05582	1.05658	8934	0	34
2021.07.21	16:00:00	1.05657	1.05697	1.05485	1.05551	11925	0	34
2021.07.21	20:00:00	1.05553	1.05568	1.05437	1.05529	6381	0	34
2021.07.22	00:00:00	1.05529	1.05627	1.05418	1.05595	2955	0	20
2021.07.22	04:00:00	1.05595	1.05791	1.05557	1.05728	4452	0	33
2021.07.22	08:00:00	1.05730	1.05934	1.05703	1.05911	9966	0	34
2021.07.22	12:00:00	1.05911	1.05980	1.05830	1.05889	11851	0	34
2021.07.22	16:00:00	1.05890	1.05968	1.05809	1.05831	15218	0	34
2021.07.22	20:00:00	1.05830	1.05856	1.05760	1.05778	5233	0	34
2021.07.23	00:00:00	1.05778	1.06053	1.05604	1.05707	3629	0	16
2021.07.23	04:00:00	1.05705	1.05843	1.05668	1.05692	4070	0	34
2021.07.23	08:00:00	1.05686	1.05716	1.05585	1.05622	8820	0	34
2021.07.23	12:00:00	1.05622	1.05701	1.05601	1.05645	10141	0	34
2021.07.23	16:00:00	1.05644	1.05700	1.05508	1.05514	9997	0	34
2021.07.23	20:00:00	1.05513	1.05583	1.05427	1.05485	4294	0	34
2021.07.26	00:00:00	1.05417	1.05647	1.05395	1.05530	2883	0	12
2021.07.26	04:00:00	1.05533	1.05559	1.05447	1.05457	4677	0	34
2021.07.26	08:00:00	1.05456	1.05538	1.05405	1.05458	10581	0	34
2021.07.26	12:00:00	1.05458	1.05524	1.05433	1.05491	10567	0	34
2021.07.26	16:00:00	1.05491	1.05518	1.05382	1.05426	13736	0	34
2021.07.26	20:00:00	1.05427	1.05520	1.05408	1.05408	5269	0	33
2021.07.27	00:00:00	1.05408	1.05486	1.05314	1.05425	2289	0	22
2021.07.27	04:00:00	1.05424	1.05568	1.05388	1.05486	3441	0	36
2021.07.27	08:00:00	1.05487	1.05700	1.05415	1.05686	12380	0	34
2021.07.27	12:00:00	1.05687	1.05781	1.05663	1.05765	12282	0	34
2021.07.27	16:00:00	1.05759	1.05967	1.05715	1.05799	17861	0	34
2021.07.27	20:00:00	1.05799	1.05825	1.05705	1.05789	6142	0	34
2021.07.28	00:00:00	1.05786	1.05902	1.05632	1.05869	3786	0	34
2021.07.28	04:00:00	1.05872	1.05920	1.05670	1.05739	7163	0	34
2021.07.28	08:00:00	1.05739	1.05794	1.05654	1.05783	9598	0	34
2021.07.28	12:00:00	1.05782	1.05877	1.05718	1.05753	10401	0	34
2021.07.28	16:00:00	1.05753	1.06000	1.05748	1.05918	13608	0	34
2021.07.28	20:00:00	1.05918	1.06061	1.05898	1.05962	17581	0	34
2021.07.29	00:00:00	1.05962	1.06020	1.05775	1.05933	2747	0	20
2021.07.29	04:00:00	1.05930	1.05944	1.05828	1.05865	4458	0	34
2021.07.29	08:00:00	1.05866	1.05907	1.05803	1.05816	10353	0	34
2021.07.29	12:00:00	1.05816	1.05872	1.05681	1.05686	8769	0	34
2021.07.29	16:00:00	1.05687	1.05702	1.05474	1.05511	11007	0	34
2021.07.29	20:00:00	1.05508	1.05516	1.05436	1.05449	5674	0	34
2021.07.30	00:00:00	1.05450	1.05548	1.05232	1.05503	3465	0	17
2021.07.30	04:00:00	1.05505	1.05571	1.05459	1.05464	6796	0	34
2021.07.30	08:00:00	1.05457	1.05539	1.05399	1.05442	7633	0	34
2021.07.30	12:00:00	1.05442	1.05445	1.05177	1.05262	8575	0	34
2021.07.30	16:00:00	1.05261	1.05324	1.05163	1.05282	14014	0	34
2021.07.30	20:00:00	1.05281	1.05356	1.05252	1.05288	5675	0	33
2021.08.02	00:00:00	1.05070	1.05364	1.05070	1.05333	3754	0	25
2021.08.02	04:00:00	1.05333	1.05418	1.05320	1.05374	7279	0	35
2021.08.02	08:00:00	1.05376	1.05427	1.05288	1.05384	8902	0	34
2021.08.02	12:00:00	1.05379	1.05616	1.05350	1.05588	9542	0	34
2021.08.02	16:00:00	1.05586	1.05631	1.05512	1.05584	15304	0	34
2021.08.02	20:00:00	1.05583	1.05619	1.05474	1.05573	7943	0	34
2021.08.03	00:00:00	1.05567	1.05647	1.05305	1.05352	2895	0	19
2021.08.03	04:00:00	1.05352	1.05631	1.05240	1.05517	9576	0	34
2021.08.03	08:00:00	1.05516	1.05587	1.05358	1.05462	9676	0	34
2021.08.03	12:00:00	1.05460	1.05551	1.05345	1.05392	10547	0	34
2021.08.03	16:00:00	1.05392	1.05443	1.05265	1.05437	16949	0	34
2021.08.03	20:00:00	1.05437	1.05464	1.05314	1.05367	7577	0	34
2021.08.04	00:00:00	1.05364	1.05364	1.04921	1.04929	4475	0	34
2021.08.04	04:00:00	1.04930	1.04975	1.04799	1.04930	6473	0	34
2021.08.04	08:00:00	1.04929	1.04938	1.04749	1.04913	8828	0	34
2021.08.04	12:00:00	1.04913	1.04919	1.04750	1.04808	8792	0	34
2021.08.04	16:00:00	1.04808	1.04837	1.04655	1.04709	16641	0	34
2021.08.04	20:00:00	1.04712	1.04807	1.04666	1.04729	7897	0	34
2021.08.05	00:00:00	1.04728	1.04812	1.04488	1.04807	3564	0	15
2021.08.05	04:00:00	1.04807	1.04895	1.04733	1.04864	5922	0	34
2021.08.05	08:00:00	1.04863	1.04936	1.04746	1.04835	9395	0	34
2021.08.05	12:00:00	1.04836	1.04910	1.04749	1.04811	12004	0	34
2021.08.05	16:00:00	1.04813	1.04934	1.04783	1.04893	12638	0	34
2021.08.05	20:00:00	1.04891	1.04921	1.04802	1.04888	5076	0	34
2021.08.06	00:00:00	1.04888	1.05026	1.04792	1.04903	2702	0	21
2021.08.06	04:00:00	1.04903	1.04911	1.04750	1.04767	5874	0	35
2021.08.06	08:00:00	1.04768	1.04880	1.04764	1.04815	8463	0	19
2021.08.06	12:00:00	1.04815	1.04832	1.04712	1.04725	9748	0	34
2021.08.06	16:00:00	1.04725	1.04942	1.04705	1.04882	15000	0	34
2021.08.06	20:00:00	1.04880	1.04905	1.04817	1.04849	4301	0	33
2021.08.09	00:00:00	1.04754	1.05006	1.04726	1.04829	5563	0	34
2021.08.09	04:00:00	1.04830	1.04837	1.04728	1.04745	4356	0	34
2021.08.09	08:00:00	1.04745	1.04836	1.04708	1.04748	9151	0	34
2021.08.09	12:00:00	1.04748	1.04772	1.04702	1.04709	6268	0	34
2021.08.09	16:00:00	1.04708	1.04846	1.04693	1.04765	12546	0	34
2021.08.09	20:00:00	1.04768	1.04861	1.04759	1.04789	5371	0	26
2021.08.10	00:00:00	1.04788	1.04886	1.04709	1.04828	2542	0	26
2021.08.10	04:00:00	1.04828	1.05041	1.04808	1.05023	4311	0	34
2021.08.10	08:00:00	1.05023	1.05096	1.04954	1.04976	9355	0	34
2021.08.10	12:00:00	1.04975	1.05000	1.04905	1.04950	7592	0	34
2021.08.10	16:00:00	1.04949	1.04966	1.04836	1.04881	11964	0	34
2021.08.10	20:00:00	1.04880	1.04895	1.04768	1.04769	4587	0	19
2021.08.11	00:00:00	1.04769	1.04858	1.04707	1.04823	2330	0	18
2021.08.11	04:00:00	1.04825	1.04843	1.04734	1.04755	3247	0	34
2021.08.11	08:00:00	1.04753	1.04793	1.04659	1.04667	7673	0	34
2021.08.11	12:00:00	1.04665	1.04694	1.04554	1.04614	9487	0	34
2021.08.11	16:00:00	1.04613	1.04683	1.04546	1.04616	13437	0	34
2021.08.11	20:00:00	1.04617	1.04727	1.04594	1.04678	7641	0	24
2021.08.12	00:00:00	1.04624	1.04718	1.04523	1.04672	2537	0	19
2021.08.12	04:00:00	1.04672	1.04726	1.04539	1.04719	3936	0	34
2021.08.12	08:00:00	1.04719	1.04802	1.04641	1.04665	7148	0	34
2021.08.12	12:00:00	1.04666	1.04771	1.04614	1.04764	7965	0	34
2021.08.12	16:00:00	1.04766	1.04861	1.04727	1.04757	10800	0	34
2021.08.12	20:00:00	1.04759	1.04813	1.04709	1.04709	7018	0	23
2021.08.13	00:00:00	1.04650	1.04839	1.04552	1.04798	2848	0	13
2021.08.13	04:00:00	1.04800	1.04830	1.04704	1.04749	4894	0	34
2021.08.13	08:00:00	1.04750	1.04806	1.04680	1.04741	5956	0	34
2021.08.13	12:00:00	1.04741	1.04879	1.04731	1.04771	6962	0	34
2021.08.13	16:00:00	1.04772	1.04808	1.04689	1.04692	11637	0	34
2021.08.13	20:00:00	1.04690	1.04719	1.04646	1.04669	3721	0	19
2021.08.16	00:00:00	1.04582	1.04669	1.04400	1.04540	2909	0	31
2021.08.16	04:00:00	1.04540	1.04540	1.04405	1.04457	5284	0	32
2021.08.16	08:00:00	1.04456	1.04457	1.04328	1.04343	7428	0	19
2021.08.16	12:00:00	1.04343	1.04394	1.04260	1.04261	7692	0	34
2021.08.16	16:00:00	1.04261	1.04591	1.04218	1.04557	12024	0	34
2021.08.16	20:00:00	1.04558	1.04573	1.04451	1.04452	5474	0	34
2021.08.17	00:00:00	1.04431	1.04489	1.04258	1.04280	2849	0	17
2021.08.17	04:00:00	1.04281	1.05232	1.04171	1.05231	8320	0	33
2021.08.17	08:00:00	1.05233	1.05392	1.05094	1.05270	12810	0	34
2021.08.17	12:00:00	1.05270	1.05357	1.05167	1.05247	9927	0	34
2021.08.17	16:00:00	1.05246	1.05252	1.04837	1.04943	15991	0	34
2021.08.17	20:00:00	1.04943	1.05051	1.04786	1.04789	9240	0	34
2021.08.18	00:00:00	1.04789	1.04888	1.04692	1.04804	3441	0	12
2021.08.18	04:00:00	1.04804	1.05390	1.04492	1.04739	8417	0	34
2021.08.18	08:00:00	1.04738	1.04967	1.04730	1.04942	8566	0	34
2021.08.18	12:00:00	1.04943	1.05205	1.04940	1.05137	8872	0	34
2021.08.18	16:00:00	1.05136	1.05252	1.04959	1.05027	12409	0	34
2021.08.18	20:00:00	1.05026	1.05173	1.04811	1.05126	13595	0	34
2021.08.19	00:00:00	1.05104	1.05351	1.04876	1.05324	4125	0	29
2021.08.19	04:00:00	1.05318	1.05318	1.05005	1.05009	7982	0	34
2021.08.19	08:00:00	1.05009	1.05081	1.04838	1.04903	12767	0	34
2021.08.19	12:00:00	1.04903	1.04949	1.04732	1.04870	12121	0	34
2021.08.19	16:00:00	1.04868	1.04895	1.04578	1.04690	16817	0	34
2021.08.19	20:00:00	1.04691	1.04726	1.04614	1.04647	10810	0	34
2021.08.20	00:00:00	1.04647	1.04813	1.04328	1.04665	3559	0	34
2021.08.20	04:00:00	1.04666	1.04727	1.04418	1.04429	6185	0	32
2021.08.20	08:00:00	1.04428	1.04483	1.04318	1.04335	12296	0	34
2021.08.20	12:00:00	1.04344	1.04534	1.04282	1.04478	9846	0	34
2021.08.20	16:00:00	1.04476	1.04579	1.04347	1.04436	12899	0	34
2021.08.20	20:00:00	1.04435	1.04480	1.04349	1.04409	4509	0	35
2021.08.23	00:00:00	1.04317	1.04563	1.04183	1.04528	3960	0	16
2021.08.23	04:00:00	1.04526	1.04702	1.04430	1.04636	6194	0	34
2021.08.23	08:00:00	1.04638	1.04656	1.04523	1.04600	9948	0	34
2021.08.23	12:00:00	1.04600	1.04659	1.04521	1.04590	8571	0	34
2021.08.23	16:00:00	1.04591	1.04651	1.04524	1.04526	12607	0	34
2021.08.23	20:00:00	1.04527	1.04668	1.04476	1.04571	6344	0	34
2021.08.24	00:00:00	1.04571	1.04689	1.04481	1.04624	2850	0	23
2021.08.24	04:00:00	1.04624	1.04702	1.04562	1.04597	4135	0	34
2021.08.24	08:00:00	1.04597	1.04635	1.04124	1.04126	9705	0	7
2021.08.24	12:00:00	1.04126	1.04333	1.04081	1.04331	10442	0	34
2021.08.24	16:00:00	1.04331	1.04460	1.04302	1.04434	14178	0	34
2021.08.24	20:00:00	1.04435	1.04480	1.04340	1.04388	6007	0	21
2021.08.25	00:00:00	1.04352	1.04580	1.04172	1.04476	4405	0	34
2021.08.25	04:00:00	1.04479	1.04571	1.04250	1.04257	6838	0	34
2021.08.25	08:00:00	1.04260	1.04401	1.04251	1.04304	10370	0	34
2021.08.25	12:00:00	1.04306	1.04404	1.04246	1.04363	9029	0	34
2021.08.25	16:00:00	1.04363	1.04399	1.04308	1.04375	14556	0	34
2021.08.25	20:00:00	1.04375	1.04376	1.04213	1.04326	7187	0	33
2021.08.26	00:00:00	1.04254	1.04418	1.04201	1.04363	3758	0	34
2021.08.26	04:00:00	1.04365	1.04365	1.04249	1.04271	6416	0	34
2021.08.26	08:00:00	1.04268	1.04406	1.04219	1.04373	10686	0	34
2021.08.26	12:00:00	1.04374	1.04408	1.04119	1.04167	9031	0	34
2021.08.26	16:00:00	1.04168	1.04233	1.04103	1.04225	17252	0	34
2021.08.26	20:00:00	1.04223	1.04234	1.04126	1.04136	9290	0	33
2021.08.27	00:00:00	1.04057	1.04239	1.04031	1.04101	3558	0	34
2021.08.27	04:00:00	1.04100	1.04311	1.04076	1.04269	5839	0	34
2021.08.27	08:00:00	1.04269	1.04328	1.04231	1.04273	9118	0	34
2021.08.27	12:00:00	1.04273	1.04353	1.04254	1.04261	8193	0	34
2021.08.27	16:00:00	1.04261	1.04419	1.04122	1.04221	20267	0	34
2021.08.27	20:00:00	1.04220	1.04342	1.04187	1.04230	6966	0	33
2021.08.30	00:00:00	1.04247	1.04356	1.04170	1.04348	3544	0	34
2021.08.30	04:00:00	1.04347	1.04379	1.04276	1.04335	5418	0	34
2021.08.30	08:00:00	1.04336	1.04349	1.04180	1.04189	7497	0	34
2021.08.30	12:00:00	1.04189	1.04259	1.04122	1.04198	7595	0	34
2021.08.30	16:00:00	1.04199	1.04279	1.04112	1.04189	11772	0	34
2021.08.30	20:00:00	1.04189	1.04234	1.04124	1.04232	5152	0	33
2021.08.31	00:00:00	1.04178	1.04221	1.03460	1.03896	4155	0	34
2021.08.31	04:00:00	1.03899	1.03913	1.03751	1.03902	6035	0	34
2021.08.31	08:00:00	1.03907	1.03974	1.03806	1.03866	11626	0	34
2021.08.31	12:00:00	1.03866	1.03929	1.03687	1.03761	12903	0	34
2021.08.31	16:00:00	1.03754	1.03838	1.03716	1.03750	17724	0	34
2021.08.31	20:00:00	1.03749	1.03820	1.03681	1.03736	9295	0	33
2021.09.01	00:00:00	1.03762	1.03886	1.03663	1.03832	4014	0	34
2021.09.01	04:00:00	1.03832	1.03923	1.03790	1.03909	6776	0	34
2021.09.01	08:00:00	1.03910	1.04038	1.03831	1.04032	7263	0	34
2021.09.01	12:00:00	1.04034	1.04283	1.04004	1.04194	6057	0	34
2021.09.01	16:00:00	1.04198	1.04336	1.04082	1.04311	9440	0	34
2021.09.01	20:00:00	1.04311	1.04320	1.04157	1.04179	4680	0	33
2021.09.02	00:00:00	1.04122	1.04276	1.04068	1.04169	2731	0	35
2021.09.02	04:00:00	1.04169	1.04274	1.04134	1.04270	3946	0	34
2021.09.02	08:00:00	1.04271	1.04342	1.04214	1.04229	6392	0	34
2021.09.02	12:00:00	1.04230	1.04257	1.04088	1.04189	5148	0	34
2021.09.02	16:00:00	1.04187	1.04205	1.04020	1.04057	8073	0	34
2021.09.02	20:00:00	1.04057	1.04077	1.03967	1.04020	4504	0	33
2021.09.03	00:00:00	1.03952	1.04095	1.03909	1.04027	2675	0	39
2021.09.03	04:00:00	1.04034	1.04067	1.03986	1.04040	4624	0	34
2021.09.03	08:00:00	1.04042	1.04355	1.04018	1.04253	5926	0	34
2021.09.03	12:00:00	1.04253	1.04433	1.04233	1.04304	8261	0	34
2021.09.03	16:00:00	1.04302	1.04341	1.04095	1.04098	10443	0	34
2021.09.03	20:00:00	1.04098	1.04161	1.04022	1.04151	3971	0	33
2021.09.06	00:00:00	1.04003	1.04201	1.03982	1.04030	3610	0	35
2021.09.06	04:00:00	1.04030	1.04184	1.04030	1.04073	4094	0	34
2021.09.06	08:00:00	1.04073	1.04170	1.04050	1.04098	5056	0	34
2021.09.06	12:00:00	1.04100	1.04252	1.04063	1.04129	4509	0	34
2021.09.06	16:00:00	1.04130	1.04276	1.04124	1.04219	3582	0	34
2021.09.06	20:00:00	1.04218	1.04255	1.04149	1.04239	17302	0	33
2021.09.07	00:00:00	1.04168	1.04241	1.04103	1.04188	3140	0	39
2021.09.07	04:00:00	1.04189	1.04520	1.04182	1.04307	5662	0	34
2021.09.07	08:00:00	1.04305	1.04312	1.04086	1.04103	8522	0	34
2021.09.07	12:00:00	1.04103	1.04113	1.03799	1.03883	7957	0	34
2021.09.07	16:00:00	1.03882	1.04125	1.03831	1.04115	10804	0	34
2021.09.07	20:00:00	1.04115	1.04137	1.04007	1.04032	4483	0	33
2021.09.08	00:00:00	1.03918	1.04077	1.03918	1.03982	2574	0	39
2021.09.08	04:00:00	1.03982	1.04082	1.03928	1.03938	3968	0	34
2021.09.08	08:00:00	1.03938	1.03979	1.03770	1.03838	8588	0	34
2021.09.08	12:00:00	1.03840	1.03883	1.03704	1.03814	7664	0	34
2021.09.08	16:00:00	1.03816	1.03872	1.03728	1.03824	13294	0	34
2021.09.08	20:00:00	1.03825	1.03833	1.03702	1.03745	6324	0	33
2021.09.09	00:00:00	1.03563	1.03775	1.03563	1.03749	3084	0	39
2021.09.09	04:00:00	1.03751	1.03791	1.03695	1.03753	7536	0	34
2021.09.09	08:00:00	1.03753	1.03760	1.03637	1.03708	10506	0	34
2021.09.09	12:00:00	1.03709	1.03744	1.03532	1.03612	10589	0	34
2021.09.09	16:00:00	1.03612	1.03735	1.03563	1.03656	12548	0	34
2021.09.09	20:00:00	1.03657	1.03667	1.03568	1.03605	7119	0	33
2021.09.10	00:00:00	1.03594	1.03737	1.03490	1.03726	3044	0	37
2021.09.10	04:00:00	1.03726	1.03804	1.03610	1.03677	8087	0	34
2021.09.10	08:00:00	1.03676	1.03709	1.03504	1.03552	9035	0	34
2021.09.10	12:00:00	1.03552	1.03575	1.03465	1.03468	8308	0	34
2021.09.10	16:00:00	1.03466	1.03516	1.03304	1.03412	11595	0	34
2021.09.10	20:00:00	1.03411	1.03423	1.03320	1.03364	6278	0	33
2021.09.13	00:00:00	1.03203	1.03573	1.03203	1.03538	3731	0	37
2021.09.13	04:00:00	1.03537	1.03649	1.03282	1.03341	6697	0	34
2021.09.13	08:00:00	1.03339	1.03496	1.03305	1.03444	9396	0	34
2021.09.13	12:00:00	1.03443	1.03581	1.03404	1.03578	7079	0	34
2021.09.13	16:00:00	1.03577	1.03607	1.03464	1.03556	13805	0	34
2021.09.13	20:00:00	1.03556	1.03608	1.03469	1.03492	7387	0	33
2021.09.14	00:00:00	1.03420	1.03545	1.03277	1.03448	2814	0	39
2021.09.14	04:00:00	1.03448	1.03601	1.03262	1.03285	7131	0	34
2021.09.14	08:00:00	1.03285	1.03326	1.03093	1.03098	8878	0	34
2021.09.14	12:00:00	1.03097	1.03250	1.02951	1.02999	8703	0	34
2021.09.14	16:00:00	1.03000	1.03183	1.03000	1.03181	11500	0	34
2021.09.14	20:00:00	1.03181	1.03272	1.03109	1.03137	6554	0	33
2021.09.15	00:00:00	1.03071	1.03182	1.03000	1.03168	2512	0	39
2021.09.15	04:00:00	1.03168	1.03249	1.03128	1.03212	5265	0	34
2021.09.15	08:00:00	1.03212	1.03216	1.03094	1.03145	7327	0	34
2021.09.15	12:00:00	1.03146	1.03188	1.03073	1.03108	7065	0	34
2021.09.15	16:00:00	1.03109	1.03191	1.03070	1.03135	10756	0	34
2021.09.15	20:00:00	1.03135	1.03185	1.03063	1.03139	4301	0	33
2021.09.16	00:00:00	1.03040	1.03140	1.02762	1.03051	3038	0	38
2021.09.16	04:00:00	1.03050	1.03052	1.02892	1.02963	4927	0	34
2021.09.16	08:00:00	1.02964	1.02989	1.02780	1.02845	8118	0	34
2021.09.16	12:00:00	1.02845	1.03025	1.02806	1.02990	7540	0	34
2021.09.16	16:00:00	1.02988	1.03103	1.02978	1.03050	9788	0	34
2021.09.16	20:00:00	1.03051	1.03107	1.03009	1.03070	5661	0	33
2021.09.17	00:00:00	1.03033	1.03149	1.02939	1.03115	2995	0	39
2021.09.17	04:00:00	1.03115	1.03219	1.03045	1.03171	6074	0	34
2021.09.17	08:00:00	1.03169	1.03359	1.03151	1.03295	7043	0	34
2021.09.17	12:00:00	1.03296	1.03393	1.03288	1.03373	7422	0	34
2021.09.17	16:00:00	1.03374	1.03461	1.03279	1.03293	12811	0	34
2021.09.17	20:00:00	1.03294	1.03326	1.03204	1.03229	6015	0	33
2021.09.20	00:00:00	1.03176	1.03331	1.03091	1.03182	2626	0	39
2021.09.20	04:00:00	1.03182	1.03194	1.02880	1.02963	5862	0	34
2021.09.20	08:00:00	1.02963	1.03115	1.02952	1.03053	9357	0	34
2021.09.20	12:00:00	1.03053	1.03225	1.02969	1.03201	9338	0	34
2021.09.20	16:00:00	1.03196	1.03219	1.03102	1.03152	15290	0	34
2021.09.20	20:00:00	1.03151	1.03199	1.03055	1.03125	9408	0	33
2021.09.21	00:00:00	1.03082	1.03565	1.02911	1.03480	4199	0	34
2021.09.21	04:00:00	1.03487	1.03568	1.03393	1.03515	6210	0	34
2021.09.21	08:00:00	1.03515	1.03517	1.03184	1.03211	9046	0	34
2021.09.21	12:00:00	1.03211	1.03309	1.03087	1.03132	8564	0	34
2021.09.21	16:00:00	1.03130	1.03315	1.03075	1.03285	14865	0	34
2021.09.21	20:00:00	1.03283	1.03300	1.03149	1.03181	9054	0	33
2021.09.22	00:00:00	1.03099	1.03294	1.03004	1.03267	3470	0	38
2021.09.22	04:00:00	1.03267	1.03492	1.03206	1.03299	6941	0	34
2021.09.22	08:00:00	1.03298	1.03358	1.03079	1.03129	7942	0	34
2021.09.22	12:00:00	1.03129	1.03309	1.03110	1.03287	6555	0	34
2021.09.22	16:00:00	1.03287	1.03385	1.03271	1.03299	10174	0	34
2021.09.22	20:00:00	1.03299	1.03439	1.03270	1.03376	16274	0	33
2021.09.23	00:00:00	1.03376	1.03510	1.03049	1.03440	3133	0	37
2021.09.23	04:00:00	1.03440	1.03523	1.03340	1.03356	5438	0	34
2021.09.23	08:00:00	1.03356	1.03405	1.03209	1.03259	8258	0	34
2021.09.23	12:00:00	1.03259	1.03360	1.03070	1.03081	11369	0	34
2021.09.23	16:00:00	1.03082	1.03176	1.02992	1.03147	12102	0	34
2021.09.23	20:00:00	1.03149	1.03279	1.03142	1.03196	4654	0	33
2021.09.24	00:00:00	1.03117	1.03348	1.03057	1.03315	3442	0	35
2021.09.24	04:00:00	1.03317	1.03327	1.03181	1.03197	5314	0	34
2021.09.24	08:00:00	1.03197	1.03263	1.03163	1.03230	8430	0	34
2021.09.24	12:00:00	1.03232	1.03284	1.03132	1.03263	8127	0	34
2021.09.24	16:00:00	1.03264	1.03502	1.03253	1.03433	11554	0	34
2021.09.24	20:00:00	1.03433	1.03551	1.03426	1.03506	5539	0	33
2021.09.27	00:00:00	1.03314	1.03615	1.03271	1.03604	3411	0	35
2021.09.27	04:00:00	1.03604	1.03753	1.03584	1.03701	5526	0	34
2021.09.27	08:00:00	1.03701	1.03759	1.03618	1.03710	7677	0	34
2021.09.27	12:00:00	1.03710	1.03764	1.03589	1.03646	9831	0	34
2021.09.27	16:00:00	1.03645	1.03907	1.03634	1.03895	11755	0	34
2021.09.27	20:00:00	1.03897	1.03916	1.03788	1.03851	5318	0	33
2021.09.28	00:00:00	1.03851	1.03973	1.03721	1.03786	2709	0	39
2021.09.28	04:00:00	1.03786	1.04057	1.03747	1.04036	4999	0	34
2021.09.28	08:00:00	1.04037	1.04179	1.03976	1.04174	10297	0	34
2021.09.28	12:00:00	1.04176	1.04302	1.03983	1.04018	11740	0	34
2021.09.28	16:00:00	1.04018	1.04096	1.03925	1.04039	17226	0	34
2021.09.28	20:00:00	1.04037	1.04116	1.03957	1.03959	10326	0	33
2021.09.29	00:00:00	1.03978	1.04312	1.03871	1.04222	3756	0	39
2021.09.29	04:00:00	1.04221	1.04359	1.04105	1.04296	7503	0	34
2021.09.29	08:00:00	1.04300	1.04415	1.04257	1.04335	11488	0	34
2021.09.29	12:00:00	1.04336	1.04426	1.04245	1.04295	9129	0	34
2021.09.29	16:00:00	1.04294	1.04639	1.04260	1.04581	13908	0	34
2021.09.29	20:00:00	1.04581	1.04621	1.04459	1.04459	7180	0	33
2021.09.30	00:00:00	1.04459	1.04634	1.04345	1.04595	3541	0	39
2021.09.30	04:00:00	1.04593	1.04713	1.04534	1.04679	4454	0	34
2021.09.30	08:00:00	1.04679	1.04826	1.04626	1.04812	8009	0	34
2021.09.30	12:00:00	1.04809	1.04847	1.04701	1.04783	7602	0	34
2021.09.30	16:00:00	1.04783	1.04854	1.04637	1.04713	15831	0	34
2021.09.30	20:00:00	1.04711	1.04761	1.04599	1.04706	7694	0	33
2021.10.01	00:00:00	1.04706	1.04903	1.04579	1.04775	3883	0	39
2021.10.01	04:00:00	1.04774	1.04835	1.04640	1.04653	6539	0	34
2021.10.01	08:00:00	1.04653	1.04791	1.04487	1.04764	11556	0	34
2021.10.01	12:00:00	1.04764	1.04842	1.04731	1.04808	10001	0	34
2021.10.01	16:00:00	1.04807	1.04870	1.04641	1.04700	15872	0	34
2021.10.01	20:00:00	1.04701	1.04753	1.04550	1.04638	6669	0	33
2021.10.04	00:00:00	1.04589	1.04848	1.04533	1.04774	4540	0	38
2021.10.04	04:00:00	1.04774	1.04774	1.04623	1.04697	7359	0	34
2021.10.04	08:00:00	1.04697	1.04727	1.04486	1.04488	10156	0	34
2021.10.04	12:00:00	1.04490	1.04612	1.04362	1.04527	9557	0	34
2021.10.04	16:00:00	1.04527	1.04638	1.04483	1.04603	14780	0	34
2021.10.04	20:00:00	1.04600	1.04680	1.04534	1.04609	9489	0	33
2021.10.05	00:00:00	1.04609	1.04734	1.04430	1.04630	3827	0	39
2021.10.05	04:00:00	1.04627	1.04758	1.04551	1.04639	7689	0	34
2021.10.05	08:00:00	1.04639	1.04667	1.04501	1.04561	9735	0	34
2021.10.05	12:00:00	1.04562	1.04562	1.04326	1.04517	7598	0	34
2021.10.05	16:00:00	1.04518	1.04680	1.04441	1.04676	12484	0	34
2021.10.05	20:00:00	1.04676	1.04748	1.04632	1.04696	5006	0	33
2021.10.06	00:00:00	1.04621	1.04842	1.04534	1.04737	3562	0	39
2021.10.06	04:00:00	1.04736	1.04852	1.04400	1.04804	8640	0	34
2021.10.06	08:00:00	1.04804	1.05055	1.04774	1.05045	10872	0	34
2021.10.06	12:00:00	1.05044	1.05166	1.04974	1.05014	10620	0	34
2021.10.06	16:00:00	1.05015	1.05041	1.04894	1.05012	15536	0	34
2021.10.06	20:00:00	1.05011	1.05198	1.04996	1.05136	7794	0	33
2021.10.07	00:00:00	1.05075	1.05308	1.05040	1.05263	4306	0	39
2021.10.07	04:00:00	1.05263	1.05304	1.05202	1.05208	5630	0	34
2021.10.07	08:00:00	1.05207	1.05294	1.05180	1.05252	9440	0	34
2021.10.07	12:00:00	1.05251	1.05308	1.05184	1.05243	8741	0	34
2021.10.07	16:00:00	1.05242	1.05504	1.05224	1.05459	11506	0	34
2021.10.07	20:00:00	1.05459	1.05506	1.05403	1.05501	5703	0	33
2021.10.08	00:00:00	1.05487	1.05553	1.05296	1.05424	3916	0	39
2021.10.08	04:00:00	1.05423	1.05433	1.05247	1.05270	6724	0	34
2021.10.08	08:00:00	1.05270	1.05512	1.05249	1.05440	8829	0	34
2021.10.08	12:00:00	1.05439	1.05455	1.05312	1.05406	8703	0	34
2021.10.08	16:00:00	1.05401	1.05482	1.05276	1.05468	14548	0	34
2021.10.08	20:00:00	1.05468	1.05469	1.05371	1.05450	5890	0	33
2021.10.11	00:00:00	1.05539	1.05592	1.05336	1.05430	4398	0	37
2021.10.11	04:00:00	1.05430	1.05634	1.05411	1.05575	5649	0	34
2021.10.11	08:00:00	1.05575	1.05743	1.05540	1.05606	9054	0	34
2021.10.11	12:00:00	1.05605	1.05917	1.05538	1.05845	7731	0	34
2021.10.11	16:00:00	1.05843	1.05924	1.05780	1.05901	9028	0	34
2021.10.11	20:00:00	1.05902	1.05919	1.05810	1.05870	8145	0	33
2021.10.12	00:00:00	1.05803	1.05941	1.05712	1.05913	4281	0	34
2021.10.12	04:00:00	1.05916	1.05938	1.05791	1.05821	7110	0	34
2021.10.12	08:00:00	1.05821	1.05943	1.05777	1.05816	9788	0	34
2021.10.12	12:00:00	1.05814	1.06050	1.05800	1.06035	8529	0	34
2021.10.12	16:00:00	1.06034	1.06103	1.05983	1.06028	13463	0	34
2021.10.12	20:00:00	1.06028	1.06056	1.05927	1.06026	6600	0	33
2021.10.13	00:00:00	1.06026	1.06033	1.05806	1.05849	4163	0	39
2021.10.13	04:00:00	1.05850	1.05874	1.05633	1.05730	5676	0	34
2021.10.13	08:00:00	1.05730	1.05880	1.05703	1.05814	8195	0	34
2021.10.13	12:00:00	1.05814	1.06035	1.05716	1.05930	8994	0	34
2021.10.13	16:00:00	1.05930	1.06010	1.05866	1.05963	13623	0	34
2021.10.13	20:00:00	1.05964	1.06030	1.05891	1.05893	8099	0	33
2021.10.14	00:00:00	1.05883	1.05965	1.05794	1.05907	3684	0	35
2021.10.14	04:00:00	1.05907	1.05913	1.05712	1.05852	5096	0	34
2021.10.14	08:00:00	1.05852	1.05884	1.05541	1.05580	7575	0	34
2021.10.14	12:00:00	1.05580	1.05615	1.05345	1.05354	7917	0	34
2021.10.14	16:00:00	1.05355	1.05625	1.05335	1.05479	9563	0	34
2021.10.14	20:00:00	1.05479	1.05542	1.05319	1.05344	5201	0	33
2021.10.15	00:00:00	1.05344	1.05454	1.05268	1.05365	3232	0	39
2021.10.15	04:00:00	1.05365	1.05385	1.05141	1.05176	5726	0	34
2021.10.15	08:00:00	1.05176	1.05304	1.05125	1.05179	8629	0	34
2021.10.15	12:00:00	1.05179	1.05247	1.05017	1.05030	7317	0	34
2021.10.15	16:00:00	1.05030	1.05068	1.04862	1.04881	12320	0	34
2021.10.15	20:00:00	1.04881	1.04988	1.04826	1.04847	4563	0	33
2021.10.18	00:00:00	1.04809	1.04927	1.04476	1.04668	6580	0	39
2021.10.18	04:00:00	1.04667	1.04844	1.04623	1.04765	6612	0	34
2021.10.18	08:00:00	1.04766	1.04805	1.04664	1.04727	9473	0	34
2021.10.18	12:00:00	1.04727	1.04765	1.04597	1.04628	8450	0	34
2021.10.18	16:00:00	1.04628	1.04818	1.04564	1.04654	9844	0	34
2021.10.18	20:00:00	1.04653	1.04723	1.04550	1.04569	4539	0	33
2021.10.19	00:00:00	1.04532	1.04676	1.04471	1.04633	3520	0	39
2021.10.19	04:00:00	1.04632	1.04663	1.04410	1.04582	6931	0	34
2021.10.19	08:00:00	1.04582	1.04647	1.04425	1.04467	9375	0	34
2021.10.19	12:00:00	1.04467	1.04503	1.04330	1.04369	8465	0	34
2021.10.19	16:00:00	1.04369	1.04449	1.04230	1.04390	11157	0	34
2021.10.19	20:00:00	1.04390	1.04517	1.04333	1.04452	5014	0	33
2021.10.20	00:00:00	1.04444	1.04522	1.04315	1.04413	3865	0	39
2021.10.20	04:00:00	1.04415	1.04516	1.04304	1.04430	6884	0	34
2021.10.20	08:00:00	1.04430	1.04528	1.04366	1.04509	8702	0	34
2021.10.20	12:00:00	1.04510	1.04562	1.04379	1.04399	8061	0	34
2021.10.20	16:00:00	1.04399	1.04402	1.04229	1.04296	10357	0	34
2021.10.20	20:00:00	1.04296	1.04437	1.04267	1.04337	5919	0	33
2021.10.21	00:00:00	1.04337	1.04495	1.04169	1.04470	3841	0	37
2021.10.21	04:00:00	1.04471	1.04630	1.04355	1.04399	7772	0	34
2021.10.21	08:00:00	1.04399	1.04399	1.04230	1.04297	9035	0	34
2021.10.21	12:00:00	1.04296	1.04474	1.04241	1.04461	8132	0	34
2021.10.21	16:00:00	1.04461	1.04535	1.04370	1.04494	11560	0	34
2021.10.21	20:00:00	1.04494	1.04502	1.04260	1.04308	5626	0	33
2021.10.22	00:00:00	1.04308	1.04367	1.04150	1.04258	4155	0	36
2021.10.22	04:00:00	1.04258	1.04425	1.04241	1.04288	7064	0	34
2021.10.22	08:00:00	1.04288	1.04449	1.04279	1.04444	9218	0	34
2021.10.22	12:00:00	1.04443	1.04954	1.04408	1.04923	7931	0	10
2021.10.22	16:00:00	1.04918	1.04944	1.04424	1.04430	13572	0	7
2021.10.22	20:00:00	1.04433	1.04496	1.04363	1.04421	6109	0	13
2021.10.25	00:00:00	1.04269	1.04520	1.04269	1.04363	3787	0	16
2021.10.25	04:00:00	1.04363	1.04544	1.04355	1.04468	6282	0	10
2021.10.25	08:00:00	1.04468	1.04737	1.04416	1.04729	7635	0	7
2021.10.25	12:00:00	1.04729	1.04912	1.04646	1.04682	7820	0	6
2021.10.25	16:00:00	1.04681	1.04715	1.04459	1.04605	10124	0	9
2021.10.25	20:00:00	1.04605	1.04637	1.04490	1.04517	4321	0	10
2021.10.26	00:00:00	1.04472	1.04640	1.04429	1.04576	3050	0	11
2021.10.26	04:00:00	1.04576	1.04806	1.04565	1.04771	6361	0	8
2021.10.26	08:00:00	1.04771	1.04773	1.04620	1.04662	7970	0	7
2021.10.26	12:00:00	1.04662	1.04674	1.04485	1.04636	7092	0	9
2021.10.26	16:00:00	1.04640	1.04820	1.04618	1.04770	10713	0	7
2021.10.26	20:00:00	1.04768	1.04839	1.04702	1.04714	5371	0	12
2021.10.27	00:00:00	1.04714	1.05145	1.04531	1.05137	4140	0	7
2021.10.27	04:00:00	1.05137	1.05174	1.04976	1.04982	4535	0	13
2021.10.27	08:00:00	1.04982	1.05040	1.04897	1.04995	7504	0	14
2021.10.27	12:00:00	1.04995	1.05021	1.04806	1.04859	9096	0	10
2021.10.27	16:00:00	1.04859	1.04916	1.04712	1.04779	14127	0	9
2021.10.27	20:00:00	1.04779	1.04861	1.04760	1.04813	6202	0	18
2021.10.28	00:00:00	1.04813	1.04865	1.04656	1.04702	3938	0	8
2021.10.28	04:00:00	1.04701	1.04715	1.04548	1.04598	7632	0	8
2021.10.28	08:00:00	1.04597	1.04735	1.04550	1.04698	8825	0	12
2021.10.28	12:00:00	1.04697	1.04805	1.04648	1.04687	9704	0	15
2021.10.28	16:00:00	1.04685	1.04793	1.04597	1.04755	14046	0	7
2021.10.28	20:00:00	1.04755	1.04837	1.04703	1.04744	6683	0	13
2021.10.29	00:00:00	1.04712	1.04913	1.04610	1.04883	5294	0	11
2021.10.29	04:00:00	1.04883	1.05169	1.04832	1.05082	6449	0	7
2021.10.29	08:00:00	1.05083	1.05148	1.04871	1.04917	9098	0	12
2021.10.29	12:00:00	1.04917	1.05231	1.04908	1.05228	9840	0	13
2021.10.29	16:00:00	1.05229	1.05276	1.04873	1.04962	14090	0	9
2021.10.29	20:00:00	1.04962	1.05055	1.04897	1.04927	6687	0	10
2021.11.01	00:00:00	1.04869	1.04934	1.04692	1.04734	5477	0	13
2021.11.01	04:00:00	1.04733	1.04782	1.04581	1.04582	4784	0	11
2021.11.01	08:00:00	1.04582	1.04622	1.04499	1.04561	8184	0	7
2021.11.01	12:00:00	1.04560	1.04690	1.04479	1.04630	8224	0	12
2021.11.01	16:00:00	1.04621	1.04770	1.04567	1.04567	9157	0	12
2021.11.01	20:00:00	1.04580	1.04742	1.04431	1.04637	4452	0	12
2021.11.02	00:00:00	1.04598	1.04841	1.04569	1.04817	4297	0	10
2021.11.02	04:00:00	1.04817	1.04817	1.04295	1.04318	6878	0	11
2021.11.02	08:00:00	1.04318	1.04477	1.04044	1.04416	9688	0	8
2021.11.02	12:00:00	1.04415	1.04685	1.04409	1.04642	9356	0	7
2021.11.02	16:00:00	1.04641	1.04756	1.04496	1.04525	9531	0	10
2021.11.02	20:00:00	1.04528	1.04566	1.04162	1.04276	3971	0	13
2021.11.03	00:00:00	1.04241	1.04451	1.04178	1.04393	4273	0	7
2021.11.03	04:00:00	1.04393	1.04464	1.04352	1.04418	4103	0	11
2021.11.03	08:00:00	1.04420	1.04474	1.04191	1.04197	6664	0	12
2021.11.03	12:00:00	1.04196	1.04289	1.04069	1.04098	8323	0	12
2021.11.03	16:00:00	1.04100	1.04191	1.03937	1.04070	9270	0	8
2021.11.03	20:00:00	1.04070	1.04171	1.03882	1.04050	12429	0	14
2021.11.04	00:00:00	1.04032	1.04168	1.03968	1.04084	5435	0	10
2021.11.04	04:00:00	1.04084	1.04232	1.04045	1.04119	5136	0	8
2021.11.04	08:00:00	1.04120	1.04180	1.04051	1.04104	8681	0	11
2021.11.04	12:00:00	1.04103	1.04176	1.03937	1.04137	10322	0	7
2021.11.04	16:00:00	1.04141	1.04169	1.03998	1.04057	11138	0	12
2021.11.04	20:00:00	1.04057	1.04191	1.03988	1.04128	4931	0	14
2021.11.05	00:00:00	1.04102	1.04265	1.04098	1.04235	5435	0	11
2021.11.05	04:00:00	1.04236	1.04267	1.04169	1.04231	5632	0	13
2021.11.05	08:00:00	1.04228	1.04332	1.04049	1.04094	7233	0	14
2021.11.05	12:00:00	1.04094	1.04218	1.03975	1.04201	10841	0	7
2021.11.05	16:00:00	1.04202	1.04253	1.03933	1.03960	10204	0	9
2021.11.05	20:00:00	1.03960	1.03979	1.03862	1.03944	2997	0	9
2021.11.08	00:00:00	1.03862	1.04171	1.03861	1.03935	5023	0	13
2021.11.08	04:00:00	1.03935	1.03953	1.03700	1.03715	4215	0	10
2021.11.08	08:00:00	1.03715	1.03716	1.03580	1.03618	6587	0	6
2021.11.08	12:00:00	1.03618	1.03622	1.03343	1.03399	6406	0	9
2021.11.08	16:00:00	1.03398	1.03583	1.03394	1.03564	9207	0	10
2021.11.08	20:00:00	1.03567	1.03624	1.03478	1.03551	5199	0	12
2021.11.09	00:00:00	1.03510	1.03615	1.03389	1.03406	4669	0	12
2021.11.09	04:00:00	1.03406	1.03528	1.03297	1.03475	6138	0	14
2021.11.09	08:00:00	1.03475	1.03776	1.03451	1.03765	6465	0	7
2021.11.09	12:00:00	1.03765	1.03795	1.03485	1.03529	6853	0	13
2021.11.09	16:00:00	1.03527	1.03670	1.03437	1.03461	12557	0	9
2021.11.09	20:00:00	1.03462	1.03546	1.03371	1.03460	4261	0	19
2021.11.10	00:00:00	1.03467	1.03544	1.03382	1.03462	4386	0	9
2021.11.10	04:00:00	1.03462	1.03660	1.03449	1.03588	4589	0	9
2021.11.10	08:00:00	1.03588	1.03691	1.03545	1.03674	6702	0	7
2021.11.10	12:00:00	1.03673	1.03854	1.03634	1.03820	7833	0	7
2021.11.10	16:00:00	1.03819	1.03885	1.03751	1.03840	13257	0	9
2021.11.10	20:00:00	1.03849	1.03897	1.03691	1.03760	9587	0	11
2021.11.11	00:00:00	1.03764	1.03855	1.03560	1.03723	6124	0	6
2021.11.11	04:00:00	1.03724	1.03799	1.03606	1.03770	6601	0	11
2021.11.11	08:00:00	1.03770	1.03989	1.03741	1.03979	8295	0	6
2021.11.11	12:00:00	1.03978	1.04011	1.03860	1.03970	7039	0	6
2021.11.11	16:00:00	1.03969	1.03972	1.03782	1.03907	7421	0	13
2021.11.11	20:00:00	1.03905	1.03972	1.03778	1.03809	4377	0	16
2021.11.12	00:00:00	1.03801	1.04038	1.03684	1.04021	4265	0	7
2021.11.12	04:00:00	1.04021	1.04056	1.03926	1.04000	4613	0	12
2021.11.12	08:00:00	1.04000	1.04011	1.03847	1.03952	6644	0	7
2021.11.12	12:00:00	1.03952	1.04048	1.03826	1.03867	7330	0	11
2021.11.12	16:00:00	1.03867	1.04078	1.03785	1.04050	9666	0	9
2021.11.12	20:00:00	1.04050	1.04105	1.04001	1.04085	3968	0	11
2021.11.15	00:00:00	1.03961	1.04181	1.03897	1.04146	4631	0	12
2021.11.15	04:00:00	1.04142	1.04182	1.04110	1.04143	4393	0	12
2021.11.15	08:00:00	1.04140	1.04225	1.04058	1.04132	5754	0	7
2021.11.15	12:00:00	1.04133	1.04230	1.04061	1.04177	5453	0	10
2021.11.15	16:00:00	1.04178	1.04308	1.04144	1.04304	8751	0	9
2021.11.15	20:00:00	1.04297	1.04368	1.04169	1.04246	3877	0	8
2021.11.16	00:00:00	1.04246	1.04419	1.04098	1.04390	4547	0	6
2021.11.16	04:00:00	1.04390	1.04402	1.04231	1.04290	5279	0	10
2021.11.16	08:00:00	1.04291	1.04489	1.04284	1.04428	7466	0	7
2021.11.16	12:00:00	1.04428	1.04553	1.04402	1.04553	6888	0	7
2021.11.16	16:00:00	1.04552	1.04559	1.04422	1.04463	11015	0	6
2021.11.16	20:00:00	1.04468	1.04472	1.04325	1.04431	5727	0	18
2021.11.17	00:00:00	1.04407	1.04465	1.04140	1.04193	5249	0	9
2021.11.17	04:00:00	1.04192	1.04201	1.03980	1.04048	7040	0	14
2021.11.17	08:00:00	1.04048	1.04129	1.03829	1.03943	7572	0	7
2021.11.17	12:00:00	1.03943	1.04122	1.03916	1.04044	6333	0	8
2021.11.17	16:00:00	1.04044	1.04055	1.03805	1.03835	9194	0	11
2021.11.17	20:00:00	1.03846	1.03904	1.03749	1.03793	5459	0	14
2021.11.18	00:00:00	1.03781	1.03845	1.03565	1.03669	4613	0	12
2021.11.18	04:00:00	1.03669	1.03672	1.03331	1.03568	6360	0	7
2021.11.18	08:00:00	1.03570	1.03618	1.03349	1.03381	6415	0	7
2021.11.18	12:00:00	1.03381	1.03486	1.03281	1.03313	7182	0	13
2021.11.18	16:00:00	1.03313	1.03469	1.03277	1.03457	10794	0	8
2021.11.18	20:00:00	1.03467	1.03467	1.03234	1.03252	4762	0	12
2021.11.19	00:00:00	1.03252	1.03421	1.03117	1.03334	4173	0	12
2021.11.19	04:00:00	1.03332	1.03410	1.03272	1.03395	4545	0	14
2021.11.19	08:00:00	1.03402	1.03612	1.03338	1.03359	8418	0	7
2021.11.19	12:00:00	1.03359	1.03427	1.03298	1.03358	10871	0	13
2021.11.19	16:00:00	1.03358	1.03494	1.03326	1.03434	10940	0	11
2021.11.19	20:00:00	1.03433	1.03451	1.03328	1.03383	5216	0	13
2021.11.22	00:00:00	1.03106	1.03522	1.03106	1.03499	5505	0	14
2021.11.22	04:00:00	1.03500	1.03650	1.03424	1.03446	5630	0	7
2021.11.22	08:00:00	1.03447	1.03687	1.03414	1.03661	8231	0	7
2021.11.22	12:00:00	1.03661	1.03711	1.03557	1.03702	7338	0	11
2021.11.22	16:00:00	1.03698	1.04008	1.03641	1.03877	13599	0	7
2021.11.22	20:00:00	1.03870	1.03952	1.03816	1.03843	5452	0	10
2021.11.23	00:00:00	1.03843	1.04040	1.03441	1.04009	4555	0	12
2021.11.23	04:00:00	1.04008	1.04242	1.03994	1.04163	6290	0	12
2021.11.23	08:00:00	1.04163	1.04231	1.04036	1.04206	11194	0	7
2021.11.23	12:00:00	1.04205	1.04302	1.04039	1.04105	9801	0	12
2021.11.23	16:00:00	1.04105	1.04265	1.03838	1.03948	12538	0	13
2021.11.23	20:00:00	1.03948	1.04022	1.03814	1.03943	6646	0	14
2021.11.24	00:00:00	1.03914	1.04379	1.03831	1.04252	5277	0	6
2021.11.24	04:00:00	1.04252	1.04458	1.04203	1.04443	5134	0	8
2021.11.24	08:00:00	1.04437	1.04483	1.04334	1.04450	8045	0	9
2021.11.24	12:00:00	1.04450	1.04612	1.04387	1.04549	8609	0	8
2021.11.24	16:00:00	1.04548	1.04833	1.04516	1.04798	13097	0	9
2021.11.24	20:00:00	1.04807	1.04807	1.04644	1.04657	5531	0	11
2021.11.25	00:00:00	1.04632	1.04749	1.04520	1.04636	3652	0	19
2021.11.25	04:00:00	1.04636	1.04833	1.04625	1.04821	3369	0	15
2021.11.25	08:00:00	1.04821	1.04889	1.04729	1.04839	5116	0	14
2021.11.25	12:00:00	1.04841	1.04943	1.04841	1.04905	4835	0	11
2021.11.25	16:00:00	1.04905	1.05018	1.04769	1.04769	4541	0	14
2021.11.25	20:00:00	1.04793	1.04919	1.04701	1.04780	6948	0	14
2021.11.26	00:00:00	1.04751	1.04900	1.04689	1.04693	5493	0	7
2021.11.26	04:00:00	1.04693	1.04739	1.04542	1.04666	5900	0	8
2021.11.26	08:00:00	1.04666	1.04754	1.04453	1.04468	13378	0	11
2021.11.26	12:00:00	1.04468	1.04775	1.04460	1.04748	10757	0	12
2021.11.26	16:00:00	1.04748	1.04850	1.04342	1.04466	12339	0	7
2021.11.26	20:00:00	1.04464	1.04679	1.04306	1.04460	7449	0	17
2021.11.29	00:00:00	1.04248	1.04649	1.04184	1.04490	7454	0	16
2021.11.29	04:00:00	1.04493	1.04625	1.04455	1.04482	6055	0	12
2021.11.29	08:00:00	1.04475	1.04697	1.04469	1.04642	9659	0	14
2021.11.29	12:00:00	1.04642	1.04943	1.04616	1.04904	8553	0	12
2021.11.29	16:00:00	1.04903	1.04964	1.04719	1.04776	11452	0	7
2021.11.29	20:00:00	1.04772	1.04816	1.04586	1.04608	5564	0	12
2021.11.30	00:00:00	1.04576	1.04825	1.04451	1.04650	4366	0	7
2021.11.30	04:00:00	1.04650	1.04737	1.04512	1.04534	6772	0	7
2021.11.30	08:00:00	1.04534	1.04689	1.04369	1.04408	11264	0	7
2021.11.30	12:00:00	1.04410	1.04734	1.04403	1.04733	9627	0	10
2021.11.30	16:00:00	1.04733	1.04792	1.04221	1.04265	20365	0	7
2021.11.30	20:00:00	1.04277	1.04492	1.04243	1.04443	9158	0	6
2021.12.01	00:00:00	1.04443	1.04546	1.04342	1.04428	5931	0	8
2021.12.01	04:00:00	1.04428	1.04546	1.04373	1.04520	5860	0	15
2021.12.01	08:00:00	1.04520	1.04566	1.04356	1.04420	9787	0	12
2021.12.01	12:00:00	1.04420	1.04538	1.04333	1.04462	10267	0	13
2021.12.01	16:00:00	1.04461	1.04515	1.04222	1.04283	13916	0	16
2021.12.01	20:00:00	1.04285	1.04456	1.04219	1.04340	12634	0	12
2021.12.02	00:00:00	1.04298	1.04362	1.04185	1.04277	4600	0	7
2021.12.02	04:00:00	1.04277	1.04380	1.04108	1.04212	5629	0	9
2021.12.02	08:00:00	1.04214	1.04332	1.04168	1.04210	8312	0	6
2021.12.02	12:00:00	1.04210	1.04340	1.04142	1.04238	9819	0	17
2021.12.02	16:00:00	1.04237	1.04248	1.04061	1.04160	15581	0	8
2021.12.02	20:00:00	1.04169	1.04190	1.03987	1.03999	7277	0	10
2021.12.03	00:00:00	1.04009	1.04169	1.03895	1.04133	4049	0	10
2021.12.03	04:00:00	1.04129	1.04176	1.04043	1.04154	4685	0	14
2021.12.03	08:00:00	1.04154	1.04196	1.04028	1.04051	6429	0	11
2021.12.03	12:00:00	1.04051	1.04110	1.03924	1.04078	9521	0	11
2021.12.03	16:00:00	1.04078	1.04087	1.03774	1.03809	17138	0	10
2021.12.03	20:00:00	1.03809	1.03814	1.03662	1.03730	8151	0	11
2021.12.06	00:00:00	1.03563	1.04025	1.03501	1.03921	4955	0	13
2021.12.06	04:00:00	1.03921	1.03952	1.03828	1.03868	3619	0	7
2021.12.06	08:00:00	1.03868	1.04214	1.03861	1.04110	7260	0	14
2021.12.06	12:00:00	1.04110	1.04208	1.04035	1.04195	7235	0	14
2021.12.06	16:00:00	1.04199	1.04484	1.04168	1.04335	12225	0	10
2021.12.06	20:00:00	1.04332	1.04501	1.04263	1.04358	5513	0	10
2021.12.07	00:00:00	1.04373	1.04559	1.04278	1.04559	4109	0	10
2021.12.07	04:00:00	1.04559	1.04650	1.04443	1.04643	4888	0	8
2021.12.07	08:00:00	1.04643	1.04886	1.04608	1.04844	7784	0	7
2021.12.07	12:00:00	1.04844	1.04997	1.04663	1.04996	8062	0	10
2021.12.07	16:00:00	1.04992	1.05011	1.04834	1.04978	9100	0	8
2021.12.07	20:00:00	1.04978	1.05085	1.04802	1.04810	3924	0	7
2021.12.08	00:00:00	1.04775	1.05069	1.04716	1.05007	5194	0	11
2021.12.08	04:00:00	1.05004	1.05081	1.04926	1.04947	5136	0	6
2021.12.08	08:00:00	1.04947	1.05238	1.04912	1.05198	8335	0	7
2021.12.08	12:00:00	1.05198	1.05312	1.05128	1.05248	10942	0	13
2021.12.08	16:00:00	1.05248	1.05348	1.05128	1.05283	10628	0	13
2021.12.08	20:00:00	1.05318	1.05358	1.05244	1.05297	4384	0	12
2021.12.09	00:00:00	1.05297	1.05338	1.05180	1.05278	3308	0	13
2021.12.09	04:00:00	1.05278	1.05350	1.05156	1.05332	4078	0	14
2021.12.09	08:00:00	1.05332	1.05359	1.05118	1.05282	7382	0	12
2021.12.09	12:00:00	1.05282	1.05295	1.05119	1.05200	7194	0	14
2021.12.09	16:00:00	1.05204	1.05364	1.05165	1.05318	9425	0	12
2021.12.09	20:00:00	1.05318	1.05364	1.05114	1.05126	5651	0	7
2021.12.10	00:00:00	1.05136	1.05207	1.05017	1.05183	4260	0	9
2021.12.10	04:00:00	1.05183	1.05250	1.05155	1.05248	3752	0	10
2021.12.10	08:00:00	1.05248	1.05526	1.05222	1.05499	7132	0	12
2021.12.10	12:00:00	1.05499	1.05578	1.05469	1.05562	6423	0	13
2021.12.10	16:00:00	1.05562	1.05626	1.05506	1.05540	9481	0	7
2021.12.10	20:00:00	1.05539	1.05587	1.05441	1.05486	2943	0	13
2021.12.13	00:00:00	1.05305	1.05496	1.04986	1.05426	4236	0	17
2021.12.13	04:00:00	1.05427	1.05593	1.05427	1.05518	2841	0	13
2021.12.13	08:00:00	1.05518	1.05573	1.05349	1.05363	4967	0	7
2021.12.13	12:00:00	1.05365	1.05441	1.05238	1.05349	6539	0	13
2021.12.13	16:00:00	1.05351	1.05480	1.05314	1.05428	10822	0	9
2021.12.13	20:00:00	1.05453	1.05650	1.05378	1.05546	4864	0	12
2021.12.14	00:00:00	1.05439	1.05651	1.05339	1.05354	3104	0	6
2021.12.14	04:00:00	1.05354	1.05408	1.05236	1.05399	4166	0	7
2021.12.14	08:00:00	1.05401	1.05540	1.05321	1.05372	6656	0	12
2021.12.14	12:00:00	1.05371	1.05420	1.05329	1.05402	7670	0	11
2021.12.14	16:00:00	1.05405	1.05476	1.05261	1.05320	11175	0	14
2021.12.14	20:00:00	1.05317	1.05403	1.05290	1.05347	4189	0	16
2021.12.15	00:00:00	1.05332	1.05547	1.05194	1.05505	2958	0	10
2021.12.15	04:00:00	1.05503	1.05612	1.05468	1.05540	2624	0	12
2021.12.15	08:00:00	1.05540	1.05688	1.05513	1.05652	5587	0	9
2021.12.15	12:00:00	1.05652	1.05900	1.05633	1.05843	6324	0	9
2021.12.15	16:00:00	1.05842	1.05895	1.05651	1.05841	10301	0	13
2021.12.15	20:00:00	1.05801	1.05963	1.05661	1.05686	16335	0	13
2021.12.16	00:00:00	1.05659	1.05957	1.05555	1.05795	5505	0	13
2021.12.16	04:00:00	1.05795	1.05863	1.05719	1.05769	4441	0	13
2021.12.16	08:00:00	1.05767	1.05836	1.05479	1.05611	7831	0	7
2021.12.16	12:00:00	1.05611	1.05798	1.05589	1.05687	8712	0	7
2021.12.16	16:00:00	1.05687	1.05722	1.05501	1.05593	11490	0	11
2021.12.16	20:00:00	1.05593	1.05740	1.05562	1.05616	6482	0	15
2021.12.17	00:00:00	1.05592	1.05739	1.05445	1.05700	3738	0	16
2021.12.17	04:00:00	1.05700	1.05771	1.05566	1.05725	4726	0	12
2021.12.17	08:00:00	1.05726	1.05819	1.05675	1.05734	7792	0	9
2021.12.17	12:00:00	1.05734	1.05885	1.05733	1.05830	7834	0	11
2021.12.17	16:00:00	1.05832	1.05897	1.05771	1.05817	12031	0	8
2021.12.17	20:00:00	1.05821	1.05901	1.05746	1.05770	6809	0	19
2021.12.20	00:00:00	1.05624	1.05884	1.05595	1.05688	6892	0	7
2021.12.20	04:00:00	1.05690	1.05854	1.05603	1.05716	6707	0	7
2021.12.20	08:00:00	1.05716	1.05750	1.05568	1.05730	8662	0	10
2021.12.20	12:00:00	1.05733	1.05879	1.05666	1.05849	9361	0	11
2021.12.20	16:00:00	1.05849	1.05998	1.05848	1.05944	10677	0	12
2021.12.20	20:00:00	1.05947	1.06005	1.05849	1.05885	5147	0	14
2021.12.21	00:00:00	1.05866	1.05956	1.05593	1.05812	4142	0	13
2021.12.21	04:00:00	1.05812	1.05837	1.05688	1.05766	3862	0	14
2021.12.21	08:00:00	1.05766	1.05873	1.05538	1.05626	6571	0	11
2021.12.21	12:00:00	1.05627	1.05727	1.05489	1.05541	6504	0	15
2021.12.21	16:00:00	1.05540	1.05797	1.05513	1.05737	9383	0	12
2021.12.21	20:00:00	1.05737	1.05853	1.05590	1.05612	4436	0	18
2021.12.22	00:00:00	1.05612	1.05846	1.05510	1.05729	3411	0	11
2021.12.22	04:00:00	1.05729	1.05809	1.05625	1.05683	3379	0	15
2021.12.22	08:00:00	1.05683	1.05757	1.05577	1.05686	5676	0	6
2021.12.22	12:00:00	1.05690	1.05870	1.05612	1.05864	6683	0	8
2021.12.22	16:00:00	1.05865	1.05936	1.05745	1.05854	9637	0	7
2021.12.22	20:00:00	1.05854	1.05912	1.05750	1.05903	4158	0	16
2021.12.23	00:00:00	1.05862	1.06029	1.05664	1.05950	3655	0	7
2021.12.23	04:00:00	1.05946	1.05952	1.05816	1.05895	2681	0	8
2021.12.23	08:00:00	1.05895	1.05997	1.05780	1.05929	4456	0	11
2021.12.23	12:00:00	1.05929	1.06275	1.05852	1.06070	5577	0	7
2021.12.23	16:00:00	1.06069	1.06144	1.05979	1.06038	7276	0	11
2021.12.23	20:00:00	1.06038	1.06154	1.06004	1.06111	3031	0	12
2021.12.24	00:00:00	1.06070	1.06147	1.05836	1.06116	8012	0	39
2021.12.24	04:00:00	1.06116	1.06269	1.06030	1.06154	9318	0	15
2021.12.24	08:00:00	1.06154	1.06189	1.05958	1.06087	8096	0	15
2021.12.24	12:00:00	1.06087	1.06222	1.05942	1.06058	9059	0	21
2021.12.24	16:00:00	1.06040	1.06093	1.05760	1.05928	8559	0	12
2021.12.24	20:00:00	1.05927	1.05975	1.05604	1.05879	3348	0	33
2021.12.27	00:00:00	1.05803	1.06171	1.05638	1.06090	3452	0	16
2021.12.27	04:00:00	1.06089	1.06120	1.06054	1.06064	2841	0	18
2021.12.27	08:00:00	1.06064	1.06166	1.06029	1.06121	3744	0	7
2021.12.27	12:00:00	1.06121	1.06223	1.06077	1.06194	3486	0	7
2021.12.27	16:00:00	1.06195	1.06331	1.06151	1.06210	5141	0	7
2021.12.27	20:00:00	1.06162	1.06278	1.06153	1.06171	3418	0	14
2021.12.28	00:00:00	1.06181	1.06245	1.06005	1.06171	2297	0	19
2021.12.28	04:00:00	1.06171	1.06285	1.06169	1.06271	2201	0	17
2021.12.28	08:00:00	1.06271	1.06413	1.06235	1.06373	3346	0	7
2021.12.28	12:00:00	1.06373	1.06429	1.06324	1.06343	3306	0	12
2021.12.28	16:00:00	1.06343	1.06421	1.06283	1.06330	6121	0	7
2021.12.28	20:00:00	1.06351	1.06377	1.06179	1.06180	3841	0	14
2021.12.29	00:00:00	1.06183	1.06328	1.06088	1.06224	3410	0	11
2021.12.29	04:00:00	1.06229	1.06341	1.06098	1.06333	3083	0	17
2021.12.29	08:00:00	1.06333	1.06429	1.06266	1.06281	5829	0	7
2021.12.29	12:00:00	1.06281	1.06323	1.06179	1.06205	5003	0	14
2021.12.29	16:00:00	1.06205	1.06318	1.06043	1.06067	8377	0	12
2021.12.29	20:00:00	1.06067	1.06328	1.06033	1.06131	3592	0	14
2021.12.30	00:00:00	1.06109	1.06197	1.05957	1.06133	3427	0	15
2021.12.30	04:00:00	1.06134	1.06148	1.05987	1.06080	2914	0	18
2021.12.30	08:00:00	1.06081	1.06431	1.06075	1.06347	4771	0	14
2021.12.30	12:00:00	1.06345	1.06353	1.06027	1.06227	5181	0	8
2021.12.30	16:00:00	1.06230	1.06299	1.06059	1.06108	5589	0	8
2021.12.30	20:00:00	1.06083	1.06242	1.06069	1.06083	3731	0	16
2021.12.31	00:00:00	1.06055	1.06224	1.05947	1.06173	2831	0	9
2021.12.31	04:00:00	1.06173	1.06319	1.06173	1.06262	2197	0	11
2021.12.31	08:00:00	1.06263	1.06310	1.06199	1.06218	3258	0	9
2021.12.31	12:00:00	1.06219	1.06231	1.06090	1.06146	4647	0	10
2021.12.31	16:00:00	1.06146	1.06294	1.06058	1.06207	9391	0	17
2021.12.31	20:00:00	1.06207	1.06237	1.06152	1.06177	3287	0	30
