<DATE>	<OPEN>	<HIGH>	<LOW>	<CLOSE>	<TICKVOL>	<VOL>	<SPREAD>
2012.01.02	78.769	78.834	78.347	78.735	24834	0	25
2012.01.03	78.739	79.691	78.731	79.493	62241	0	25
2012.01.04	79.493	79.561	79.081	79.435	63936	0	25
2012.01.05	79.435	79.449	78.684	79.045	67629	0	25
2012.01.06	79.046	79.344	78.637	78.683	64116	0	25
2012.01.09	78.347	78.773	78.070	78.667	63245	0	25
2012.01.10	78.667	79.504	78.659	79.166	64843	0	12
2012.01.11	79.162	79.427	78.969	79.186	64494	0	25
2012.01.12	79.186	79.743	78.968	79.297	60561	0	25
2012.01.13	79.297	79.488	78.759	79.437	64033	0	25
2012.01.16	79.146	79.290	78.784	79.109	50463	0	25
2012.01.17	79.107	80.108	79.102	79.675	68429	0	10
2012.01.18	79.674	80.166	79.451	79.940	68314	0	25
2012.01.19	79.939	80.517	79.594	80.295	66873	0	25
2012.01.20	80.294	80.858	80.132	80.712	60346	0	25
2012.01.23	80.579	81.435	80.464	80.986	62063	0	6
2012.01.24	80.985	81.506	80.706	81.377	58415	0	6
2012.01.25	81.378	82.452	81.213	82.255	75841	0	25
2012.01.26	82.254	82.831	82.156	82.262	61580	0	6
2012.01.27	82.263	82.366	81.413	81.703	69900	0	25
2012.01.30	81.608	81.725	80.506	80.874	68814	0	25
2012.01.31	80.874	81.513	80.686	81.053	74839	0	7
2012.02.01	81.052	81.862	80.545	81.589	68639	0	25
2012.02.02	81.590	81.854	81.310	81.523	65659	0	6
2012.02.03	81.524	82.603	81.287	82.450	64700	0	6
2012.02.06	82.348	82.352	81.873	82.052	67535	0	25
2012.02.07	82.051	83.181	81.989	82.948	76885	0	25
2012.02.08	82.946	83.611	82.785	83.082	71004	0	25
2012.02.09	83.081	83.839	82.833	83.727	79036	0	25
2012.02.10	83.728	83.730	82.634	82.806	75706	0	25
2012.02.13	83.143	83.686	83.014	83.134	76017	0	25
2012.02.14	83.133	83.884	82.738	83.783	83277	0	25
2012.02.15	83.782	84.596	83.662	83.761	83885	0	25
2012.02.16	83.759	84.988	83.523	84.780	85018	0	25
2012.02.17	84.779	85.473	84.653	85.106	73928	0	25
2012.02.20	85.876	86.332	85.299	85.437	67839	0	24
2012.02.21	85.439	85.737	84.844	84.864	81332	0	6
2012.02.22	84.863	85.573	84.690	85.322	83323	0	25
2012.02.23	85.320	85.945	85.019	85.817	73091	0	25
2012.02.24	85.818	86.834	85.700	86.825	71691	0	25
2012.02.27	87.356	87.356	85.607	86.480	82383	0	25
2012.02.28	86.479	87.115	86.093	86.676	82608	0	25
2012.02.29	86.676	87.525	86.674	87.236	85835	0	25
2012.03.01	87.235	87.708	86.847	87.665	84393	0	25
2012.03.02	87.663	87.989	87.523	87.765	72583	0	24
2012.03.05	87.807	87.807	86.645	86.943	77577	0	18
2012.03.06	86.942	87.099	84.840	85.114	87456	0	25
2012.03.07	85.116	85.999	84.780	85.857	82605	0	25
2012.03.08	85.856	87.096	85.535	86.799	82504	0	25
2012.03.09	86.798	87.579	86.534	87.177	77318	0	6
2012.03.12	87.119	87.201	86.076	86.573	72720	0	25
2012.03.13	86.575	87.543	86.411	87.532	79952	0	25
2012.03.14	87.534	87.782	87.191	87.435	73795	0	25
2012.03.15	87.436	88.018	87.361	87.897	80152	0	25
2012.03.16	87.896	88.571	87.646	88.325	70793	0	25
2012.03.19	88.515	88.609	87.847	88.395	73720	0	25
2012.03.20	88.394	88.537	87.342	87.683	72940	0	25
2012.03.21	87.682	88.126	87.024	87.174	82718	0	25
2012.03.22	87.172	87.373	85.362	85.884	93814	0	24
2012.03.23	85.883	86.432	85.167	86.109	83078	0	13
2012.03.26	86.274	87.366	86.143	87.336	79976	0	24
2012.03.27	87.335	87.565	86.878	86.948	74787	0	6
2012.03.28	86.949	86.984	85.631	86.100	85223	0	25
2012.03.29	86.099	86.247	84.601	85.488	84195	0	25
2012.03.30	85.488	85.893	84.870	85.689	86630	0	25
2012.04.02	86.609	86.743	85.237	85.438	79425	0	20
2012.04.03	85.439	85.758	84.967	85.518	85776	0	20
2012.04.04	85.517	85.573	84.207	84.577	83838	0	6
2012.04.05	84.578	84.963	83.975	84.853	77657	0	20
2012.04.06	84.854	85.171	83.659	84.050	52041	0	20
2012.04.09	83.958	84.331	83.466	84.059	57722	0	20
2012.04.10	84.059	84.605	82.641	82.770	83973	0	20
2012.04.11	82.771	83.775	82.469	83.307	79776	0	10
2012.04.12	83.306	84.565	83.285	84.400	79422	0	13
2012.04.13	84.399	84.785	83.774	83.907	75198	0	20
2012.04.16	83.876	83.879	83.014	83.279	78897	0	20
2012.04.17	83.278	84.162	82.871	84.078	71300	0	20
2012.04.18	84.079	84.709	84.022	84.176	74487	0	20
2012.04.19	84.177	84.736	83.954	84.320	80002	0	20
2012.04.20	84.321	84.740	84.136	84.588	65950	0	15
2012.04.23	84.613	84.717	83.291	83.722	67655	0	20
2012.04.24	83.721	84.005	82.849	83.920	72313	0	20
2012.04.25	83.918	84.328	83.773	84.254	72184	0	20
2012.04.26	84.255	84.328	83.557	83.949	69096	0	20
2012.04.27	83.950	84.482	83.534	84.014	73604	0	20
2012.04.30	83.994	84.117	82.975	83.186	58571	0	20
2012.05.01	83.186	83.280	82.097	82.704	56985	0	19
2012.05.02	82.704	83.279	82.358	82.694	65310	0	20
2012.05.03	82.695	82.849	82.199	82.302	60998	0	20
2012.05.04	82.303	82.388	81.166	81.260	59398	0	20
2012.05.07	80.962	81.687	80.548	81.506	68316	0	20
2012.05.08	81.507	81.641	80.439	80.741	68862	0	20
2012.05.09	80.743	80.828	79.715	79.942	76797	0	20
2012.05.10	79.944	81.109	79.912	80.347	76431	0	20
2012.05.11	80.346	80.572	79.895	80.066	69413	0	20
2012.05.14	79.997	80.358	79.386	79.499	67213	0	20
2012.05.15	79.497	80.141	79.364	79.714	70829	0	20
2012.05.16	79.713	80.162	79.309	79.614	77079	0	20
2012.05.17	79.614	79.994	78.349	78.418	76580	0	20
2012.05.18	78.421	78.608	77.537	77.763	79873	0	20
2012.05.21	77.967	78.654	77.534	78.590	75080	0	20
2012.05.22	78.589	79.164	78.174	78.310	73555	0	20
2012.05.23	78.310	78.364	76.858	77.481	83486	0	20
2012.05.24	77.482	77.946	77.082	77.705	84275	0	20
2012.05.25	77.706	78.026	77.537	77.731	70500	0	10
2012.05.28	78.091	78.466	77.922	78.288	58961	0	20
2012.05.29	78.289	78.650	77.793	78.200	75545	0	20
2012.05.30	78.202	78.269	76.690	76.814	82582	0	20
2012.05.31	76.813	76.969	75.742	76.209	86319	0	20
2012.06.01	76.211	76.339	74.457	75.618	89883	0	20
2012.06.04	75.763	76.305	75.218	76.108	78521	0	20
2012.06.05	76.108	76.890	75.940	76.729	80605	0	20
2012.06.06	76.728	78.680	76.666	78.594	88150	0	14
2012.06.07	78.593	79.704	78.331	78.792	87461	0	20
2012.06.08	78.792	79.076	77.692	78.774	87146	0	20
2012.06.11	79.364	79.679	78.187	78.219	81660	0	20
2012.06.12	78.217	79.299	78.067	79.174	84966	0	20
2012.06.13	79.174	79.549	78.813	78.989	78804	0	20
2012.06.14	78.989	79.574	78.705	79.557	79138	0	20
2012.06.15	79.557	79.642	78.828	79.252	74470	0	20
2012.06.18	79.929	80.252	79.326	80.029	80929	0	20
2012.06.19	80.030	80.621	79.750	80.483	73380	0	20
2012.06.20	80.484	81.420	80.165	80.919	80809	0	10
2012.06.21	80.920	81.564	80.470	80.624	87532	0	20
2012.06.22	80.615	81.057	80.326	80.910	75477	0	20
2012.06.25	80.857	80.947	79.302	79.682	68086	0	13
2012.06.26	79.684	80.152	79.451	79.954	73553	0	20
2012.06.27	79.955	80.461	79.676	80.321	68108	0	20
2012.06.28	80.320	80.542	79.354	79.724	80588	0	20
2012.06.29	79.725	81.893	79.410	81.675	85511	0	20
2012.07.02	81.980	81.986	81.137	81.532	70137	0	20
2012.07.03	81.531	82.176	81.245	82.054	65580	0	20
2012.07.04	82.055	82.178	81.841	82.062	55264	0	20
2012.07.05	82.060	82.345	81.610	82.195	72514	0	10
2012.07.06	82.193	82.193	81.031	81.290	67492	0	20
2012.07.09	81.113	81.349	80.838	81.189	62230	0	20
2012.07.10	81.189	81.378	80.650	80.914	66873	0	20
2012.07.11	80.914	81.769	80.674	81.714	68112	0	20
2012.07.12	81.715	81.716	80.041	80.334	74222	0	12
2012.07.13	80.335	81.060	80.243	80.931	64117	0	20
2012.07.16	81.135	81.139	80.453	80.764	56259	0	20
2012.07.17	80.767	81.613	80.662	81.454	67426	0	20
2012.07.18	81.455	81.696	81.234	81.656	66426	0	20
2012.07.19	81.656	82.020	81.487	81.905	68943	0	20
2012.07.20	81.904	82.090	81.323	81.409	65566	0	14
2012.07.23	81.244	81.369	80.133	80.322	74052	0	20
2012.07.24	80.325	80.712	79.821	79.908	71595	0	20
2012.07.25	79.906	80.747	79.519	80.560	73554	0	20
2012.07.26	80.559	81.505	80.365	81.294	74470	0	20
2012.07.27	81.294	82.348	81.223	82.211	73901	0	20
2012.07.30	82.233	82.298	81.719	81.985	62545	0	20
2012.07.31	81.987	82.456	81.914	81.941	68541	0	20
2012.08.01	81.943	82.406	81.545	82.013	70532	0	9
2012.08.02	82.014	82.727	81.641	81.813	76294	0	20
2012.08.03	81.813	83.082	81.557	82.895	68691	0	6
2012.08.06	83.135	83.145	82.530	82.655	66609	0	6
2012.08.07	82.657	83.215	82.491	82.962	65830	0	20
2012.08.08	82.961	82.992	82.504	82.901	66235	0	20
2012.08.09	82.900	83.353	82.731	83.079	68393	0	20
2012.08.10	83.078	83.123	82.236	82.755	62545	0	20
2012.08.13	82.658	82.792	82.216	82.352	58824	0	6
2012.08.14	82.353	83.066	82.305	82.563	59254	0	20
2012.08.15	82.562	82.972	82.461	82.910	58585	0	20
2012.08.16	82.917	83.484	82.846	83.381	62562	0	20
2012.08.17	83.380	83.456	82.735	82.873	57318	0	20
2012.08.20	82.988	83.258	82.813	82.985	55777	0	15
2012.08.21	82.984	83.561	82.875	83.113	58711	0	20
2012.08.22	83.114	83.115	82.189	82.539	67411	0	20
2012.08.23	82.539	82.815	81.854	81.989	65488	0	20
2012.08.24	81.987	82.105	81.484	81.815	59878	0	20
2012.08.27	81.974	82.061	81.555	81.581	46336	0	6
2012.08.28	81.582	81.680	81.210	81.375	53735	0	20
2012.08.29	81.376	81.772	81.264	81.383	49030	0	20
2012.08.30	81.380	81.445	80.723	80.906	50318	0	20
2012.08.31	80.905	81.291	80.642	80.883	57570	0	20
2012.09.03	80.639	80.645	80.062	80.176	45738	0	12
2012.09.04	80.179	80.617	80.052	80.178	56668	0	20
2012.09.05	80.180	80.213	79.667	79.902	59592	0	20
2012.09.06	79.901	81.292	79.743	81.081	60876	0	13
2012.09.07	81.084	81.760	80.998	81.195	61773	0	13
2012.09.10	81.121	81.236	80.840	80.863	48088	0	6
2012.09.11	80.861	81.277	80.717	81.115	57608	0	20
2012.09.12	81.109	81.821	81.058	81.420	63771	0	20
2012.09.13	81.421	81.862	80.677	81.685	64461	0	20
2012.09.14	81.684	83.070	81.679	82.669	69802	0	20
2012.09.17	82.681	82.990	82.225	82.420	57400	0	20
2012.09.18	82.420	82.488	81.778	82.337	63112	0	20
2012.09.19	82.336	82.921	81.872	82.066	69001	0	20
2012.09.20	82.065	82.108	80.953	81.583	67529	0	20
2012.09.21	81.584	82.292	81.554	81.717	60752	0	20
2012.09.24	81.644	81.644	80.950	81.160	54185	0	20
2012.09.25	81.159	81.483	80.689	80.791	58829	0	20
2012.09.26	80.790	80.803	80.222	80.608	58342	0	20
2012.09.27	80.610	81.193	80.456	81.074	59765	0	20
2012.09.28	81.073	81.252	80.712	80.859	60487	0	20
2012.10.01	80.798	81.227	80.440	80.763	57973	0	20
2012.10.02	80.762	81.043	80.034	80.207	58659	0	20
2012.10.03	80.208	80.322	79.726	80.196	55250	0	20
2012.10.04	80.198	80.481	79.881	80.388	61745	0	20
2012.10.05	80.389	80.924	79.865	80.113	55536	0	20
2012.10.08	79.978	80.062	79.397	79.792	47670	0	19
2012.10.09	79.793	80.291	79.572	79.873	54559	0	20
2012.10.10	79.875	80.393	79.607	79.850	55595	0	20
2012.10.11	79.852	80.779	79.715	80.462	57921	0	8
2012.10.12	80.457	80.736	79.984	80.238	52008	0	20
2012.10.15	80.388	80.788	79.944	80.662	56503	0	20
2012.10.16	80.661	81.285	80.605	81.234	56506	0	20
2012.10.17	81.237	82.068	81.003	81.988	59231	0	20
2012.10.18	81.986	82.506	81.906	82.187	64284	0	20
2012.10.19	82.183	82.354	81.773	81.872	55290	0	20
2012.10.22	81.806	82.553	81.612	82.533	54756	0	20
2012.10.23	82.532	82.678	81.647	81.972	58240	0	20
2012.10.24	81.975	82.641	81.880	82.563	58025	0	20
2012.10.25	82.564	83.469	82.532	83.196	54878	0	20
2012.10.26	83.195	83.200	82.256	82.587	53442	0	11
2012.10.29	82.496	82.655	82.263	82.361	32783	0	15
2012.10.30	82.363	82.908	81.961	82.526	39291	0	7
2012.10.31	82.522	82.996	82.485	82.750	71773	0	7
2012.11.01	82.749	83.485	82.731	83.464	88378	0	20
2012.11.02	83.465	83.819	83.035	83.092	85672	0	6
2012.11.05	83.262	83.458	82.932	83.191	78613	0	6
2012.11.06	83.194	84.011	83.119	83.814	86531	0	6
2012.11.07	83.813	84.143	82.988	83.153	112737	0	20
2012.11.08	83.157	83.420	82.529	82.649	96708	0	20
2012.11.09	82.649	82.982	81.957	82.514	96645	0	20
2012.11.12	82.549	82.945	82.504	82.926	72309	0	6
2012.11.13	82.925	83.009	82.358	82.844	87513	0	9
2012.11.14	82.842	83.657	82.822	83.059	95990	0	20
2012.11.15	83.061	84.023	82.952	83.794	105446	0	20
2012.11.16	83.795	84.145	83.438	84.048	97466	0	20
2012.11.19	84.276	84.769	84.136	84.622	85724	0	6
2012.11.20	84.620	84.869	84.329	84.789	91645	0	20
2012.11.21	84.790	85.567	84.514	85.528	97037	0	7
2012.11.22	85.529	85.941	85.431	85.610	85220	0	20
2012.11.23	85.608	86.234	85.317	86.155	85239	0	20
2012.11.26	86.165	86.416	85.581	85.865	89661	0	11
2012.11.27	85.862	86.250	85.633	85.718	92274	0	8
2012.11.28	85.715	85.989	85.224	85.989	102338	0	8
2012.11.29	85.988	86.110	85.453	85.643	71999	0	12
2012.11.30	85.642	86.243	85.534	85.977	93189	0	8
2012.12.03	85.926	85.978	85.374	85.635	81971	0	6
2012.12.04	85.629	85.915	85.411	85.695	86552	0	7
2012.12.05	85.694	86.247	85.653	86.135	59470	0	15
2012.12.06	86.135	86.562	85.970	86.273	82762	0	6
2012.12.07	86.274	86.701	86.085	86.473	75250	0	7
2012.12.10	86.556	86.605	86.035	86.330	69169	0	6
2012.12.11	86.331	86.949	86.148	86.939	69863	0	12
2012.12.12	86.938	88.048	86.882	87.738	82504	0	10
2012.12.13	87.740	88.293	87.674	87.993	86553	0	20
2012.12.14	87.992	88.524	87.791	88.209	86687	0	9
2012.12.17	88.905	88.908	88.066	88.434	87774	0	6
2012.12.18	88.433	88.742	88.210	88.620	84820	0	7
2012.12.19	88.622	88.866	87.876	88.055	92088	0	9
2012.12.20	88.056	88.510	87.832	88.356	88156	0	6
2012.12.21	88.357	88.472	87.522	87.601	92759	0	11
2012.12.24	87.797	87.989	87.641	87.863	53124	0	6
2012.12.26	88.365	88.832	88.339	88.627	56092	0	19
2012.12.27	88.628	89.499	88.610	89.387	93037	0	10
2012.12.28	89.388	89.805	89.015	89.025	85242	0	19
2012.12.31	88.998	90.145	88.988	89.885	63015	0	20
2013.01.01	90.067	90.261	89.910	90.009	1200	0	20
2013.01.02	90.012	91.734	89.805	91.697	99981	0	19
2013.01.03	91.693	91.700	91.100	91.430	94744	0	19
2013.01.04	91.431	92.455	91.402	92.344	108153	0	20
2013.01.07	92.813	92.819	91.745	91.876	100739	0	19
2013.01.08	91.878	92.113	91.179	91.206	105262	0	12
2013.01.09	91.203	92.537	91.201	92.476	106072	0	12
2013.01.10	92.473	94.331	92.323	94.169	113277	0	20
2013.01.11	94.175	94.495	93.772	93.934	108999	0	12
2013.01.14	94.239	94.636	94.054	94.456	99621	0	12
2013.01.15	94.455	94.622	93.094	93.783	118097	0	12
2013.01.16	93.781	93.840	92.461	93.546	117653	0	12
2013.01.17	93.548	94.980	92.528	94.825	128849	0	18
2013.01.18	94.828	94.999	94.161	94.656	113441	0	12
2013.01.21	94.675	94.758	93.930	94.407	92971	0	12
2013.01.22	94.402	94.886	93.292	93.712	121413	0	12
2013.01.23	93.711	93.783	92.793	93.251	113976	0	12
2013.01.24	93.249	94.656	93.005	94.504	120565	0	12
2013.01.25	94.504	95.080	94.331	94.730	113549	0	13
2013.01.28	94.848	94.995	94.086	94.323	106686	0	12
2013.01.29	94.321	95.036	94.169	94.975	112552	0	19
2013.01.30	94.975	95.452	94.706	94.837	110376	0	20
2013.01.31	94.837	95.712	94.245	95.679	111655	0	20
2013.02.01	95.678	96.703	95.392	96.574	116747	0	12
2013.02.04	96.697	97.068	95.956	96.083	110971	0	12
2013.02.05	96.081	97.406	95.946	97.315	122509	0	20
2013.02.06	97.316	97.344	96.097	96.391	119691	0	20
2013.02.07	96.392	97.026	95.815	96.371	117266	0	20
2013.02.08	96.370	96.386	95.123	95.605	111289	0	12
2013.02.11	95.418	96.856	95.159	96.683	105960	0	15
2013.02.12	96.684	96.861	95.787	96.113	119898	0	10
2013.02.13	96.114	96.827	96.057	96.546	112260	0	10
2013.02.14	96.545	96.964	95.975	96.248	115805	0	12
2013.02.15	96.249	96.679	95.528	96.322	116198	0	12
2013.02.18	96.475	96.912	96.451	96.734	85640	0	12
2013.02.19	96.732	96.920	96.470	96.861	92704	0	14
2013.02.20	96.859	97.060	95.831	96.118	103435	0	14
2013.02.21	96.116	96.186	95.043	95.672	113154	0	12
2013.02.22	95.673	96.558	95.620	96.379	102439	0	12
2013.02.25	96.981	97.127	93.560	94.573	119216	0	14
2013.02.26	94.577	95.287	93.043	94.016	130230	0	14
2013.02.27	94.009	94.552	92.961	94.221	120858	0	14
2013.02.28	94.222	95.096	94.098	94.653	110002	0	14
2013.03.01	94.656	95.615	94.406	95.462	106089	0	12
2013.03.04	95.412	95.502	94.446	95.267	13285	0	5
2013.03.05	95.264	95.774	95.015	95.723	14957	0	12
2013.03.06	95.719	96.384	95.628	96.110	30851	0	4
2013.03.07	96.113	97.585	96.062	97.479	56100	0	1
2013.03.08	97.480	98.952	97.356	98.198	47339	0	1
2013.03.11	98.128	99.256	98.052	99.256	42327	0	5
2013.03.12	99.257	99.568	98.468	98.905	59163	0	1
2013.03.13	98.905	99.210	98.545	98.814	57060	0	1
2013.03.14	98.819	99.972	98.811	99.683	58350	0	4
2013.03.15	99.685	99.839	98.946	99.160	54619	0	4
2013.03.18	98.284	99.343	97.720	99.105	63447	0	2
2013.03.19	99.103	99.447	98.168	98.516	60898	0	1
2013.03.20	98.513	99.774	98.284	99.629	57615	0	4
2013.03.21	99.628	99.691	98.710	99.192	68844	0	1
2013.03.22	99.200	99.209	98.348	98.642	57958	0	1
2013.03.25	98.843	99.391	97.727	98.591	61507	0	1
2013.03.26	98.594	99.186	98.244	99.172	58671	0	1
2013.03.27	99.171	99.282	97.988	98.530	53014	0	1
2013.03.28	98.528	98.664	97.809	98.166	52026	0	1
2013.03.29	98.163	98.189	97.839	98.109	31352	0	6
2013.04.01	98.126	98.246	97.049	97.151	37740	0	1
2013.04.02	97.151	97.855	96.909	97.607	50270	0	4
2013.04.03	97.607	98.101	96.989	97.333	49151	0	4
2013.04.04	97.336	100.575	96.972	100.495	69501	0	1
2013.04.05	100.490	101.728	99.768	101.246	75300	0	1
2013.04.08	101.868	103.606	101.666	103.595	70502	0	1
2013.04.09	103.595	104.345	102.833	104.018	69769	0	4
2013.04.10	104.012	105.266	103.699	105.211	62567	0	8
2013.04.11	105.211	105.420	104.389	105.174	61896	0	8
2013.04.12	105.173	105.203	103.056	103.317	66162	0	9
2013.04.15	103.219	103.828	98.731	99.603	89379	0	5
2013.04.16	99.613	101.867	99.584	101.538	85370	0	5
2013.04.17	101.525	102.065	99.907	101.282	81412	0	8
2013.04.18	101.282	101.793	100.267	101.191	75899	0	5
2013.04.19	101.191	102.866	100.883	102.210	69642	0	8
2013.04.22	102.518	102.929	101.336	101.978	64523	0	2
2013.04.23	101.981	102.141	100.758	102.049	69988	0	6
2013.04.24	102.053	102.517	101.531	102.294	60770	0	5
2013.04.25	102.301	102.654	102.021	102.226	57155	0	5
2013.04.26	102.226	102.451	100.303	100.701	68622	0	6
2013.04.29	100.753	101.607	100.309	101.203	49227	0	8
2013.04.30	101.203	101.539	100.506	100.910	54657	0	4
2013.05.01	100.910	101.117	99.758	99.978	51200	0	5
2013.05.02	99.983	100.904	99.283	100.320	56806	0	1
2013.05.03	100.323	102.323	100.323	102.091	46676	0	1
2013.05.06	102.176	102.190	101.423	101.821	37426	0	1
2013.05.07	101.821	101.878	100.437	100.772	54819	0	1
2013.05.08	100.776	101.013	100.399	100.677	53235	0	5
2013.05.09	100.676	102.135	100.464	101.551	61475	0	1
2013.05.10	101.551	102.062	101.320	101.810	71935	0	5
2013.05.13	101.874	102.032	101.180	101.287	57998	0	1
2013.05.14	101.287	101.447	100.678	101.199	62522	0	1
2013.05.15	101.206	101.584	100.897	101.112	62613	0	1
2013.05.16	101.119	101.324	100.241	100.378	65287	0	1
2013.05.17	100.379	100.557	99.594	100.397	58210	0	1
2013.05.20	100.171	100.559	100.049	100.267	56914	0	3
2013.05.21	100.275	100.935	100.133	100.482	59954	0	4
2013.05.22	100.474	100.958	99.500	99.913	75381	0	4
2013.05.23	99.906	100.044	97.296	99.320	115486	0	5
2013.05.24	99.322	99.354	97.130	97.621	100973	0	5
2013.05.27	97.710	97.710	96.961	97.384	58864	0	5
2013.05.28	97.384	99.068	97.283	98.245	96538	0	5
2013.05.29	98.260	98.293	97.045	97.420	105534	0	5
2013.05.30	97.419	97.960	96.965	97.334	107817	0	5
2013.05.31	97.344	97.914	96.061	96.070	103148	0	5
2013.06.03	96.552	97.240	96.251	97.150	95240	0	5
2013.06.04	97.143	97.365	96.152	96.531	94749	0	5
2013.06.05	96.532	96.802	94.223	94.507	104287	0	5
2013.06.06	94.507	94.644	92.546	93.031	110656	0	1400
2013.06.07	93.033	93.245	90.526	92.599	127747	0	1400
2013.06.10	92.012	93.790	91.905	93.446	99805	0	1400
2013.06.11	93.444	93.685	89.994	90.497	121490	0	1400
2013.06.12	90.495	92.493	90.453	91.031	111636	0	1400
2013.06.13	91.028	92.161	88.937	91.903	122547	0	1400
2013.06.14	92.290	92.296	89.952	89.952	107774	0	5
2013.06.17	90.140	91.553	90.102	90.389	82898	0	5
2013.06.18	90.400	90.728	89.830	90.469	86783	0	5
2013.06.19	90.478	91.178	89.245	89.347	89570	0	5
2013.06.20	89.344	90.431	89.097	89.561	123077	0	5
2013.06.21	89.573	90.533	89.146	90.214	101468	0	5
2013.06.24	90.467	91.056	89.599	90.400	110174	0	5
2013.06.25	90.397	90.760	89.569	90.690	98607	0	5
2013.06.26	90.690	91.142	90.207	90.714	96022	0	5
2013.06.27	90.644	91.637	90.588	91.198	90697	0	1400
2013.06.28	91.202	91.668	90.456	90.494	99651	0	1400
2013.07.01	90.581	92.233	90.536	91.998	75474	0	5
2013.07.02	92.000	92.160	91.301	92.027	84686	0	5
2013.07.03	92.030	92.414	90.151	90.792	95572	0	5
2013.07.04	90.792	91.841	90.527	91.503	72993	0	5
2013.07.05	91.527	92.195	91.239	91.659	78353	0	5
2013.07.08	91.687	92.346	91.382	92.136	72069	0	5
2013.07.09	92.115	93.070	91.772	92.716	80816	0	5
2013.07.10	92.717	92.916	91.075	91.789	94174	0	5
2013.07.11	91.772	92.029	90.094	90.823	115066	0	5
2013.07.12	90.822	91.023	89.690	89.721	78241	0	1
2013.07.15	90.167	91.006	89.909	90.993	68739	0	1
2013.07.16	90.994	91.891	90.780	91.625	78794	0	1
2013.07.17	91.625	92.185	91.444	91.965	78967	0	1
2013.07.18	91.961	92.252	91.588	92.174	77207	0	1
2013.07.19	92.181	92.555	91.601	92.252	78119	0	1
2013.07.22	92.117	92.564	91.865	92.080	71576	0	1
2013.07.23	92.080	92.574	91.795	92.393	77274	0	1
2013.07.24	92.399	92.733	91.672	91.881	81709	0	1
2013.07.25	91.881	91.922	91.338	91.669	86994	0	1
2013.07.26	91.669	91.921	90.569	91.002	79665	0	1
2013.07.29	91.005	91.062	89.822	90.149	79245	0	1
2013.07.30	90.151	90.301	88.682	88.893	79444	0	1
2013.07.31	88.893	89.035	87.240	87.445	87995	0	1
2013.08.01	87.445	88.967	87.366	88.887	76997	0	1
2013.08.02	88.888	89.093	87.906	88.040	77087	0	1
2013.08.05	88.187	88.234	87.474	87.756	65129	0	1
2013.08.06	87.747	88.570	87.286	87.798	74177	0	1
2013.08.07	87.794	87.828	86.405	86.666	82963	0	1
2013.08.08	86.667	88.158	86.645	87.914	83735	0	1
2013.08.09	87.912	88.767	87.783	88.482	70964	0	1
2013.08.12	88.391	89.033	88.053	88.729	66697	0	1
2013.08.13	88.726	89.646	88.510	89.385	76565	0	1
2013.08.14	89.410	89.814	89.079	89.430	69029	0	1
2013.08.15	89.430	90.070	88.734	88.871	87746	0	1
2013.08.16	88.885	89.889	88.620	89.553	71027	0	1
2013.08.19	89.687	90.124	88.836	89.011	70230	0	1
2013.08.20	89.011	89.218	87.595	88.227	78867	0	1
2013.08.21	88.226	88.460	87.540	87.691	82912	0	1
2013.08.22	87.693	89.200	87.408	89.015	79223	0	1
2013.08.23	89.017	89.408	88.896	89.032	71365	0	1
2013.08.26	88.975	89.264	88.710	88.865	52738	0	1
2013.08.27	88.875	88.965	86.930	87.101	77581	0	1
2013.08.28	87.100	87.505	86.461	87.328	77518	0	1
2013.08.29	87.335	88.001	87.275	87.716	69099	0	1
2013.08.30	87.716	87.935	87.235	87.292	63954	0	1
2013.09.02	87.828	89.511	87.741	89.347	56042	0	1
2013.09.03	89.349	90.498	89.127	90.159	69766	0	1
2013.09.04	90.165	91.565	89.988	91.393	65922	0	1
2013.09.05	91.394	91.572	91.056	91.451	65024	0	1
2013.09.06	91.451	91.463	90.641	90.949	55325	0	1
2013.09.09	91.798	92.064	91.316	91.910	59004	0	1
2013.09.10	91.913	93.566	91.853	93.456	67395	0	1
2013.09.11	93.456	93.560	92.928	93.191	64374	0	1
2013.09.12	93.191	93.258	91.725	92.146	73930	0	1
2013.09.13	92.149	92.480	91.684	91.829	64895	0	1
2013.09.16	92.356	92.811	92.169	92.339	56437	0	1
2013.09.17	92.345	92.968	92.117	92.730	52936	0	1
2013.09.18	92.737	93.369	92.421	93.181	58997	0	1
2013.09.19	93.188	94.442	93.053	93.836	74549	0	1
2013.09.20	93.833	94.096	93.255	93.266	54155	0	1
2013.09.23	93.062	93.572	93.018	93.104	48958	0	1
2013.09.24	93.113	93.381	92.240	92.668	54178	0	1
2013.09.25	92.675	92.730	91.916	92.150	54385	0	1
2013.09.26	92.153	93.010	92.043	92.678	60305	0	1
2013.09.27	92.677	92.770	91.379	91.477	55189	0	1
2013.09.30	91.005	91.893	90.735	91.581	64901	0	1
2013.10.01	91.579	92.390	91.378	92.088	69415	0	1
2013.10.02	92.088	92.196	90.797	91.403	63597	0	1
2013.10.03	91.400	91.877	90.930	91.316	61749	0	1
2013.10.04	91.316	92.019	91.289	91.955	56364	0	1
2013.10.07	91.756	91.887	90.988	91.127	57633	0	1
2013.10.08	91.136	92.199	91.056	91.261	62887	0	1
2013.10.09	91.261	92.137	91.234	91.983	63269	0	1
2013.10.10	91.986	93.028	91.792	92.983	63552	0	1
2013.10.11	92.981	93.440	92.432	93.255	55363	0	1
2013.10.14	92.648	93.663	92.648	93.627	43205	0	2
2013.10.15	93.637	94.103	93.253	93.594	62724	0	1
2013.10.16	93.592	94.469	93.267	94.422	64366	0	1
2013.10.17	94.423	94.481	93.777	94.241	65720	0	1
2013.10.18	94.245	94.670	94.148	94.549	53892	0	1
2013.10.21	94.668	94.961	94.473	94.750	47564	0	1
2013.10.22	94.753	95.680	94.704	95.228	49338	0	1
2013.10.23	95.227	95.653	93.426	93.572	65530	0	1
2013.10.24	93.571	94.355	93.178	93.575	59895	0	1
2013.10.25	93.578	93.702	92.996	93.328	56060	0	1
2013.10.28	93.492	93.973	93.149	93.157	46234	0	1
2013.10.29	93.155	93.261	92.662	93.068	59150	0	1
2013.10.30	93.070	93.512	92.847	93.222	55780	0	1
2013.10.31	93.220	93.608	92.817	93.048	56388	0	1
2013.11.01	93.046	93.372	92.731	93.055	49150	0	1
2013.11.04	93.206	93.841	93.193	93.780	35144	0	1
2013.11.05	93.782	93.865	92.977	93.586	57032	0	1
2013.11.06	93.594	94.161	93.387	93.893	46070	0	1
2013.11.07	93.901	94.089	92.339	92.836	65795	0	1
2013.11.08	92.837	93.117	92.577	92.932	61021	0	1
2013.11.11	93.018	93.062	92.723	92.740	42317	0	1
2013.11.12	92.741	93.080	92.380	92.623	60454	0	1
2013.11.13	92.625	93.014	92.308	92.814	56623	0	1
2013.11.14	92.813	93.287	92.740	93.163	66993	0	1
2013.11.15	93.168	94.003	93.143	93.820	52715	0	1
2013.11.18	93.958	94.194	93.472	93.630	53807	0	1
2013.11.19	93.630	94.479	93.317	94.457	59487	0	1
2013.11.20	94.452	94.602	93.089	93.300	63501	0	1
2013.11.21	93.300	93.754	92.916	93.377	68049	0	1
2013.11.22	93.377	93.549	92.538	92.821	57399	0	1
2013.11.25	92.842	93.339	92.770	93.179	44691	0	1
2013.11.26	93.178	93.425	92.247	92.439	44861	0	1
2013.11.27	92.443	92.984	92.270	92.787	50885	0	1
2013.11.28	92.799	93.504	92.745	93.000	46996	0	1
2013.11.29	93.003	93.576	92.744	93.252	55966	0	1
2013.12.02	93.454	94.020	93.362	93.720	58366	0	1
2013.12.03	93.721	93.970	93.127	93.528	68444	0	1
2013.12.04	93.528	93.687	91.784	92.397	77503	0	1
2013.12.05	92.397	92.619	91.912	92.222	71160	0	1
2013.12.06	92.228	93.697	92.097	93.569	62421	0	1
2013.12.09	93.997	94.145	93.501	93.732	59327	0	1
2013.12.10	93.732	94.220	93.665	94.029	61814	0	1
2013.12.11	94.029	94.138	92.570	92.603	63375	0	1
2013.12.12	92.604	93.272	91.785	92.394	70793	0	1
2013.12.13	92.411	92.943	92.069	92.433	62087	0	1
2013.12.16	92.297	92.458	91.816	92.140	56794	0	1
2013.12.17	92.140	92.298	91.218	91.464	54024	0	1
2013.12.18	91.457	92.518	91.081	92.120	64652	0	1
2013.12.19	92.126	92.429	91.697	92.283	57534	0	1
2013.12.20	92.282	93.010	92.280	92.800	51861	0	1
2013.12.23	92.808	93.104	92.769	92.968	35296	0	1
2013.12.24	92.956	93.145	92.794	93.023	28552	0	1
2013.12.26	93.087	93.291	92.961	93.032	21099	0	1
2013.12.27	93.034	93.541	93.034	93.201	44424	0	1
2013.12.30	93.140	93.763	93.072	93.507	40642	0	1
2013.12.31	93.507	94.063	93.441	93.919	30325	0	1
2014.01.01	93.485	93.715	93.482	93.658	4361	0	12
2014.01.02	93.656	93.968	93.152	93.343	67314	0	1
2014.01.03	93.351	94.039	92.893	93.746	64465	0	1
2014.01.06	93.824	94.070	93.193	93.439	65657	0	1
2014.01.07	93.439	93.538	92.990	93.274	62314	0	1
2014.01.08	93.268	93.822	93.169	93.207	64577	0	1
2014.01.09	93.208	93.425	92.931	93.196	55166	0	1
2014.01.10	93.201	93.714	93.031	93.668	54524	0	1
2014.01.13	93.558	93.852	93.178	93.315	64554	0	1
2014.01.14	93.309	93.553	92.971	93.345	63764	0	1
2014.01.15	93.342	93.418	92.728	93.111	58949	0	2
2014.01.16	93.107	93.192	91.622	91.966	60333	0	1
2014.01.17	91.983	92.106	91.403	91.574	50144	0	2
2014.01.20	91.506	91.911	91.048	91.811	42136	0	1
2014.01.21	91.812	92.429	91.544	91.784	55654	0	1
2014.01.22	91.786	92.690	91.672	92.455	58407	0	1
2014.01.23	92.456	92.615	90.228	90.487	72960	0	1
2014.01.24	90.478	90.861	88.532	88.773	77637	0	1
2014.01.27	88.728	90.075	88.583	89.630	73781	0	1
2014.01.28	89.632	91.010	89.542	90.865	66651	0	1
2014.01.29	90.860	91.111	89.025	89.237	73423	0	1
2014.01.30	89.232	90.451	88.967	90.302	66474	0	1
2014.01.31	90.305	90.729	88.856	89.255	68140	0	1
2014.02.03	89.505	89.836	88.238	88.470	71669	0	1
2014.02.04	88.460	90.894	88.258	90.599	77768	0	1
2014.02.05	90.611	90.785	89.831	90.553	89272	0	1
2014.02.06	90.549	91.643	90.520	91.249	82859	0	1
2014.02.07	91.257	91.861	90.902	91.659	75213	0	1
2014.02.10	91.841	91.856	90.925	91.401	46659	0	1
2014.02.11	91.405	92.895	91.341	92.684	52631	0	1
2014.02.12	92.681	92.970	92.295	92.432	54497	0	1
2014.02.13	92.432	92.531	91.116	91.738	59298	0	1
2014.02.14	91.744	92.291	91.328	91.930	55533	0	1
2014.02.17	92.056	92.174	91.680	92.112	40038	0	1
2014.02.18	92.113	92.979	92.033	92.352	61206	0	1
2014.02.19	92.358	92.463	91.848	92.066	56732	0	1
2014.02.20	92.075	92.326	91.065	92.199	63518	0	1
2014.02.21	92.200	92.406	91.827	92.002	52114	0	1
2014.02.24	92.004	92.744	91.575	92.590	54825	0	1
2014.02.25	92.592	92.781	91.991	92.137	52949	0	1
2014.02.26	92.135	92.369	91.586	91.691	58134	0	1
2014.02.27	91.705	91.789	90.703	91.573	61736	0	1
2014.02.28	91.581	91.607	90.685	90.814	60070	0	1
2014.03.03	90.408	90.756	90.054	90.572	57891	0	1
2014.03.04	90.575	91.605	90.487	91.547	54114	0	1
2014.03.05	91.546	92.079	91.287	91.934	51178	0	1
2014.03.06	91.931	93.868	91.869	93.610	57459	0	1
2014.03.07	93.602	94.475	93.446	93.620	73858	0	0
2014.03.10	93.416	93.607	92.892	93.229	88456	0	0
2014.03.11	93.227	93.452	92.208	92.327	97651	0	0
2014.03.12	92.327	92.458	91.648	92.370	109225	0	0
2014.03.13	92.368	93.411	91.542	92.077	140869	0	0
2014.03.14	92.078	92.083	91.295	91.518	125346	0	0
2014.03.17	91.361	92.549	91.320	92.461	101270	0	0
2014.03.18	92.461	92.809	91.923	92.561	109887	0	0
2014.03.19	92.561	92.844	92.265	92.440	115255	0	0
2014.03.20	92.440	92.712	92.124	92.510	106935	0	0
2014.03.21	92.510	93.085	92.464	92.862	79226	0	0
2014.03.24	92.980	93.554	92.587	93.329	100349	0	0
2014.03.25	93.328	93.827	93.234	93.701	89420	0	0
2014.03.26	93.696	94.692	93.643	94.074	100225	0	0
2014.03.27	94.074	94.699	93.783	94.613	109141	0	0
2014.03.28	94.612	95.239	94.560	95.074	88891	0	0
2014.03.31	95.160	95.734	94.788	95.644	97935	0	0
2014.04.01	95.644	96.052	95.394	95.780	91013	0	1
2014.04.02	95.787	96.112	95.634	96.085	86322	0	1
2014.04.03	96.085	96.134	95.659	95.901	91554	0	1
2014.04.04	95.907	96.510	95.800	95.944	102066	0	1
2014.04.07	95.936	96.052	95.332	95.509	72932	0	1
2014.04.08	95.512	95.893	95.026	95.307	118506	0	1
2014.04.09	95.307	95.788	95.194	95.678	107858	0	1
2014.04.10	95.686	96.225	95.431	95.465	84189	0	1
2014.04.11	95.466	95.699	95.054	95.462	78468	0	1
2014.04.14	95.423	96.011	95.111	95.909	64169	0	1
2014.04.15	95.911	95.999	94.832	95.286	75861	0	1
2014.04.16	95.287	96.021	95.159	95.779	69373	0	1
2014.04.17	95.783	95.913	95.336	95.522	54831	0	1
2014.04.18	95.522	95.657	95.492	95.567	18849	0	1
2014.04.21	95.578	95.851	95.570	95.676	30617	0	1
2014.04.22	95.678	96.181	95.663	96.062	53140	0	1
2014.04.23	96.065	96.243	94.809	95.221	60067	0	1
2014.04.24	95.227	95.317	94.555	94.727	60997	0	1
2014.04.25	94.725	94.987	94.521	94.700	59584	0	2
2014.04.28	94.704	95.233	94.579	94.910	60132	0	1
2014.04.29	94.910	95.275	94.580	95.137	57126	0	1
2014.04.30	95.137	95.268	94.620	94.914	68957	0	0
2014.05.01	94.902	95.148	94.682	94.786	48319	0	1
2014.05.02	94.791	95.041	94.586	94.761	77349	0	1
2014.05.05	94.905	94.910	94.262	94.779	40751	0	1
2014.05.06	94.778	95.173	94.589	95.046	68824	0	0
2014.05.07	95.046	95.143	94.733	95.018	97811	0	1
2014.05.08	95.020	95.656	94.915	95.231	83113	0	1
2014.05.09	95.236	95.389	95.025	95.339	58891	0	1
2014.05.12	95.297	95.717	95.270	95.634	50638	0	1
2014.05.13	95.633	95.900	95.473	95.711	61600	0	1
2014.05.14	95.712	96.106	95.347	95.495	54761	0	1
2014.05.15	95.491	95.794	94.720	95.021	57993	0	1
2014.05.16	95.024	95.164	94.806	95.006	65939	0	1
2014.05.19	95.076	95.134	94.502	94.629	70818	0	4
2014.05.20	94.630	94.732	93.556	93.620	78301	0	4
2014.05.21	93.619	93.839	93.034	93.776	83386	0	1
2014.05.22	93.775	94.355	93.471	93.860	66560	0	2
2014.05.23	93.851	94.243	93.829	94.093	62320	0	1
2014.05.26	94.147	94.257	94.079	94.167	28538	0	4
2014.05.27	94.167	94.539	94.149	94.445	41960	0	8
2014.05.28	94.445	94.491	93.722	94.000	41831	0	9
2014.05.29	94.001	94.742	93.691	94.653	46550	0	11
2014.05.30	94.654	94.793	94.432	94.710	43025	0	11
2014.06.02	94.770	94.864	94.280	94.604	54762	0	1
2014.06.03	94.611	95.065	94.505	95.014	60468	0	1
2014.06.04	95.017	95.417	94.918	95.291	60831	0	1
2014.06.05	95.291	95.694	94.946	95.613	63884	0	1
2014.06.06	95.613	95.800	95.407	95.634	58157	0	1
2014.06.09	95.776	95.943	95.735	95.890	49012	0	1
2014.06.10	95.890	95.948	95.679	95.903	59127	0	1
2014.06.11	95.905	96.121	95.665	95.721	60012	0	1
2014.06.12	95.720	96.096	95.413	95.883	55604	0	1
2014.06.13	95.883	96.143	95.609	95.905	43552	0	4
2014.06.16	95.923	95.932	95.482	95.708	49933	0	1
2014.06.17	95.710	95.744	95.194	95.372	53589	0	1
2014.06.18	95.374	95.924	95.328	95.787	56151	0	1
2014.06.19	95.789	95.971	95.735	95.776	56561	0	1
2014.06.20	95.784	95.927	95.748	95.805	45105	0	3
2014.06.23	95.721	96.324	95.721	96.024	44620	0	2
2014.06.24	96.027	96.098	95.491	95.512	49277	0	2
2014.06.25	95.510	95.834	95.308	95.742	48304	0	1
2014.06.26	95.752	95.819	95.400	95.693	48588	0	1
2014.06.27	95.694	95.774	95.387	95.563	47510	0	1
2014.06.30	95.559	95.616	95.165	95.524	50958	0	2
2014.07.01	95.527	96.496	95.417	96.398	67090	0	4
2014.07.02	96.398	96.433	95.859	96.089	65180	0	3
2014.07.03	96.088	96.112	95.344	95.501	76210	0	1
2014.07.04	95.501	95.618	95.387	95.528	57413	0	3
2014.07.07	95.535	95.609	95.334	95.434	65071	0	3
2014.07.08	95.435	95.701	95.331	95.439	70892	0	3
2014.07.09	95.438	95.709	95.410	95.609	70905	0	2
2014.07.10	95.610	95.906	94.708	95.145	81029	0	3
2014.07.11	95.143	95.329	94.970	95.160	81529	0	2
2014.07.14	95.074	95.442	95.069	95.383	69234	0	2
2014.07.15	95.383	95.503	95.068	95.260	83013	0	1
2014.07.16	95.259	95.316	94.917	95.158	42403	0	1
2014.07.17	95.166	95.275	94.461	94.544	48961	0	1
2014.07.18	94.543	95.307	94.384	95.172	45445	0	1
2014.07.21	95.218	95.266	94.932	95.041	37545	0	5
2014.07.22	95.041	95.559	94.934	95.314	62669	0	1
2014.07.23	95.314	96.030	95.217	95.878	69500	0	4
2014.07.24	95.879	96.180	95.683	95.850	69636	0	2
2014.07.25	95.851	95.933	95.545	95.545	64474	0	4
2014.07.28	95.651	95.868	95.529	95.776	59649	0	5
2014.07.29	95.778	95.895	95.690	95.805	74992	0	2
2014.07.30	95.808	96.116	95.705	95.874	72829	0	2
2014.07.31	95.876	95.926	95.481	95.535	54467	0	2
2014.08.01	95.532	95.790	95.276	95.276	58761	0	2
2014.08.04	95.494	95.757	95.419	95.706	44227	0	12
2014.08.05	95.709	95.823	95.288	95.480	58112	0	12
2014.08.06	95.479	95.567	95.126	95.468	66816	0	12
2014.08.07	95.468	95.551	94.578	94.630	73248	0	12
2014.08.08	94.630	94.712	93.921	94.634	78446	0	12
2014.08.11	94.716	94.862	94.529	94.678	43006	0	12
2014.08.12	94.676	94.845	94.592	94.736	50342	0	12
2014.08.13	94.739	95.398	94.737	95.273	55612	0	12
2014.08.14	95.273	95.497	95.019	95.457	48258	0	12
2014.08.15	95.457	95.693	95.021	95.375	55067	0	12
2014.08.18	95.402	95.709	95.245	95.626	34882	0	12
2014.08.19	95.626	95.937	95.612	95.685	49347	0	12
2014.08.20	95.686	96.436	95.602	96.289	71566	0	12
2014.08.21	96.285	96.610	95.985	96.608	59189	0	12
2014.08.22	96.608	96.870	96.447	96.832	64159	0	3
2014.08.25	96.817	97.120	96.603	96.738	49992	0	6
2014.08.26	96.736	97.065	96.469	96.906	59999	0	12
2014.08.27	96.909	97.154	96.833	96.955	63112	0	12
2014.08.28	96.957	97.246	96.776	97.058	73100	0	3
2014.08.29	97.054	97.261	96.926	97.153	68671	0	3
2014.09.01	97.155	97.447	97.117	97.355	37161	0	12
2014.09.02	97.357	97.589	97.344	97.486	71209	0	12
2014.09.03	97.486	98.136	97.437	97.965	71548	0	1
2014.09.04	97.964	98.590	97.881	98.391	76974	0	1
2014.09.05	98.391	98.679	98.252	98.537	75644	0	1
2014.09.08	98.486	98.595	98.074	98.334	71536	0	1
2014.09.09	98.335	98.655	97.619	97.767	94239	0	1
2014.09.10	97.765	97.917	97.266	97.840	85042	0	1
2014.09.11	97.841	98.340	97.248	97.458	83218	0	1
2014.09.12	97.454	97.498	96.927	96.982	77773	0	1
2014.09.15	96.727	96.896	96.396	96.839	61417	0	1
2014.09.16	96.840	97.532	96.367	97.353	82414	0	1
2014.09.17	97.353	97.434	96.991	97.143	84431	0	1
2014.09.18	97.141	97.807	97.029	97.732	82554	0	1
2014.09.19	97.732	97.926	97.197	97.327	88378	0	1
2014.09.22	97.373	97.475	96.499	96.536	169046	0	1
2014.09.23	96.536	96.983	96.179	96.308	83774	0	1
2014.09.24	96.308	96.919	96.090	96.852	81169	0	1
2014.09.25	96.850	96.952	95.409	95.608	98445	0	1
2014.09.26	95.602	95.995	95.368	95.792	84764	0	1
2014.09.29	95.750	95.833	95.133	95.424	94645	0	1
2014.09.30	95.424	96.032	95.125	95.881	95023	0	1
2014.10.01	95.881	95.953	95.002	95.176	107565	0	1
2014.10.02	95.174	95.815	94.886	95.376	118702	0	1
2014.10.03	95.369	95.886	94.952	95.212	84096	0	1
2014.10.06	95.213	95.563	95.029	95.243	78718	0	1
2014.10.07	95.242	95.584	95.100	95.241	113763	0	1
2014.10.08	95.239	95.700	94.711	95.503	119336	0	1
2014.10.09	95.502	95.840	94.442	94.565	122588	0	1
2014.10.10	94.565	94.640	93.446	93.481	108247	0	1
2014.10.13	93.345	94.314	92.869	93.710	101263	0	1
2014.10.14	93.716	94.515	92.951	93.417	106384	0	1
2014.10.15	93.414	94.014	92.190	93.438	144176	0	1
2014.10.16	93.436	93.436	91.760	93.003	149841	0	1
2014.10.17	93.003	93.729	92.752	93.454	101993	0	1
2014.10.20	93.799	94.207	93.584	93.905	85816	0	18
2014.10.21	93.906	94.186	93.540	93.998	102168	0	18
2014.10.22	93.996	94.562	93.520	93.936	88623	0	18
2014.10.23	93.936	94.929	93.791	94.855	95475	0	10
2014.10.24	94.855	95.278	94.115	95.043	84565	0	8
2014.10.27	95.213	95.310	94.731	94.857	79176	0	8
2014.10.28	94.853	95.834	94.826	95.687	76622	0	1
2014.10.29	95.686	96.277	95.531	95.605	91708	0	14
2014.10.30	95.603	96.675	95.372	96.511	105421	0	9
2014.10.31	96.511	98.861	96.330	98.784	130989	0	14
2014.11.03	98.915	99.390	98.130	98.841	114632	0	14
2014.11.04	98.845	99.360	98.299	99.304	122138	0	14
2014.11.05	99.302	99.707	98.215	98.343	133878	0	8
2014.11.06	98.345	98.861	98.049	98.612	138941	0	1
2014.11.07	98.609	99.251	98.480	98.956	132124	0	18
2014.11.10	98.909	99.144	98.774	98.983	99614	0	18
2014.11.11	98.986	100.790	98.979	100.663	120970	0	1
2014.11.12	100.665	100.835	100.053	100.667	128038	0	18
2014.11.13	100.668	101.199	100.263	100.815	109444	0	1
2014.11.14	100.816	101.918	100.770	101.705	119770	0	1
2014.11.17	102.111	102.394	101.243	101.469	95537	0	1
2014.11.18	101.467	102.233	101.320	101.900	80673	0	2
2014.11.19	101.904	101.944	101.333	101.617	77095	0	2
2014.11.20	101.625	102.018	101.442	101.896	72622	0	4
2014.11.21	101.895	102.836	101.477	102.106	69056	0	4
2014.11.24	102.309	102.464	101.815	101.899	55322	22293214600	4
2014.11.25	101.891	102.008	100.402	100.627	75098	124000000	4
2014.11.26	100.625	100.870	99.918	100.649	79247	28500000	1
2014.11.27	100.621	101.055	100.331	100.539	47500	0	4
2014.11.28	100.550	101.342	100.365	100.860	68271	0	14
2014.12.01	100.582	100.815	100.090	100.514	81449	0	14
2014.12.02	100.517	101.160	100.264	100.676	74248	0	4
2014.12.03	100.689	100.892	99.981	100.655	62432	0	4
2014.12.04	100.659	100.939	100.219	100.346	66825	0	4
2014.12.05	100.381	101.359	100.345	100.904	68736	0	1
2014.12.08	100.927	101.185	99.861	100.058	75382	77425910000	1
2014.12.09	100.001	100.202	98.558	99.248	82722	85811416000	1
2014.12.10	99.080	99.468	97.770	97.983	82701	87853436000	1
2014.12.11	97.930	98.778	97.443	97.915	71624	75753940000	1
2014.12.12	97.903	98.416	97.692	97.881	72836	63248000000	1
2014.12.15	97.620	98.020	96.603	96.603	81104	78734130000	1
2014.12.16	96.717	96.957	95.290	95.548	85356	86805979000	1
2014.12.17	95.587	96.629	95.214	96.172	79773	80698910000	1
2014.12.18	96.327	97.613	96.249	97.000	69987	74690392000	1
2014.12.19	96.854	97.785	96.854	97.035	68874	74102020000	0
2014.12.22	97.307	97.680	97.106	97.597	154664	216489240000	0
2014.12.23	97.596	97.886	97.177	97.787	142640	108411035000	0
2014.12.24	97.785	97.958	97.567	97.673	109071	124461830000	0
2014.12.26	97.694	97.882	97.614	97.623	72695	63453900000	0
2014.12.29	97.710	98.299	97.620	98.062	145394	182333240000	0
2014.12.30	98.062	98.209	97.297	97.717	158206	187527253000	0
2014.12.31	97.723	98.246	97.557	97.831	115201	98764290000	0
2015.01.02	98.034	98.082	97.332	97.455	57630	0	1300
2015.01.05	97.245	97.531	96.539	96.667	109312	0	1300
2015.01.06	96.662	97.205	95.658	95.659	125722	0	1300
2015.01.07	95.659	96.353	95.630	96.301	118100	0	1300
2015.01.08	96.302	97.254	96.242	97.168	99177	0	1300
2015.01.09	97.169	97.649	96.831	97.133	109723	0	1300
2015.01.12	97.138	97.590	96.376	96.502	106310	0	1300
2015.01.13	96.508	96.984	95.798	96.236	120966	0	1300
2015.01.14	96.238	96.328	94.250	95.606	136052	0	1300
2015.01.15	95.607	96.945	95.166	95.397	146407	0	1400
2015.01.16	95.393	96.896	94.949	96.647	135889	0	1400
2015.01.19	96.564	96.858	95.923	96.484	66160	0	7
2015.01.20	96.514	97.383	96.339	97.052	71515	0	9
2015.01.21	97.050	97.059	95.210	95.352	81741	0	14
2015.01.22	95.359	95.814	94.820	95.067	80172	0	7
2015.01.23	95.059	95.332	93.045	93.111	79655	0	14
2015.01.26	92.629	93.960	92.158	93.850	65601	0	14
2015.01.27	93.854	94.083	93.181	93.524	84101	0	2
2015.01.28	93.522	94.616	92.629	92.692	94115	0	2
2015.01.29	92.675	93.278	91.378	91.770	80591	18000000	12
2015.01.30	91.774	92.209	90.856	91.121	76241	0	14
2015.02.02	90.686	92.031	90.686	91.731	85752	0	2
2015.02.03	91.691	92.026	89.365	91.596	104954	0	2
2015.02.04	91.590	92.366	90.718	90.895	96606	0	2
2015.02.05	90.893	91.930	90.741	91.627	102449	0	7
2015.02.06	91.625	93.104	91.579	92.700	99999	0	7
2015.02.09	92.359	92.978	92.112	92.523	85963	0	7
2015.02.10	92.490	92.964	92.247	92.773	100380	0	7
2015.02.11	92.771	93.097	92.464	92.954	84740	0	7
2015.02.12	92.942	93.060	91.336	92.110	109584	0	7
2015.02.13	92.111	92.381	91.847	92.046	89201	0	7
2015.02.16	92.098	92.392	91.748	92.063	76770	0	7
2015.02.17	92.060	93.367	91.586	93.204	94237	0	7
2015.02.18	93.207	93.302	92.660	92.766	90737	0	7
2015.02.19	92.762	92.977	92.177	92.665	87433	0	7
2015.02.20	92.662	93.449	92.430	93.287	86233	0	2
2015.02.23	93.428	93.456	92.621	92.689	72230	0	7
2015.02.24	92.684	93.216	92.426	93.159	84723	0	7
2015.02.25	93.146	93.961	93.057	93.734	82836	0	7
2015.02.26	93.733	93.917	92.964	93.134	86171	0	7
2015.02.27	93.129	93.635	92.730	93.418	84645	0	7
2015.03.02	93.412	93.542	92.991	93.278	74616	0	7
2015.03.03	93.280	93.810	92.979	93.581	88326	0	7
2015.03.04	93.584	93.950	93.244	93.538	77719	0	7
2015.03.05	93.536	93.896	93.177	93.480	82674	0	7
2015.03.06	93.479	94.172	93.061	93.219	89156	0	7
2015.03.09	93.148	93.594	92.923	93.379	67476	0	6
2015.03.10	93.378	93.394	92.171	92.380	97828	0	7
2015.03.11	92.402	92.723	91.797	92.195	93263	0	7
2015.03.12	92.195	93.582	92.115	93.400	89430	0	7
2015.03.13	93.417	93.543	92.294	92.638	77995	0	7
2015.03.16	92.572	93.036	92.364	92.744	57480	0	7
2015.03.17	92.749	92.998	92.256	92.481	80684	0	2
2015.03.18	92.490	93.826	92.060	93.053	94941	0	1
2015.03.19	93.067	93.530	92.002	92.376	78721	0	7
2015.03.20	92.375	93.649	92.352	93.276	94791	0	7
2015.03.23	93.446	94.584	93.206	94.266	81002	0	7
2015.03.24	94.269	94.670	93.811	94.279	76802	0	1400
2015.03.25	94.275	94.392	93.594	93.741	89132	0	7
2015.03.26	93.740	93.782	92.784	93.316	108436	0	7
2015.03.27	93.315	93.363	92.253	92.306	99197	0	7
2015.03.30	92.200	92.365	91.634	91.870	87937	0	7
2015.03.31	91.871	92.063	91.107	91.352	93146	0	7
2015.04.01	91.305	91.655	90.865	90.986	98042	0	7
2015.04.02	90.987	91.030	90.193	90.868	89497	0	6
2015.04.03	90.870	91.536	90.601	90.763	52544	0	7
2015.04.06	90.763	91.200	90.635	90.733	56247	0	1
2015.04.07	90.731	92.178	90.547	91.794	80816	0	4
2015.04.08	91.791	92.597	91.788	92.300	67134	0	4
2015.04.09	92.281	92.846	92.156	92.730	62400	0	4
2015.04.10	92.732	93.050	91.927	92.299	59595	0	4
2015.04.13	92.299	92.357	90.865	91.147	60760	0	4
2015.04.14	91.148	91.377	90.462	91.022	67863	0	4
2015.04.15	91.021	91.551	90.477	91.532	67997	0	1
2015.04.16	91.532	93.013	91.383	92.761	109927	0	4
2015.04.17	92.761	93.036	92.319	92.581	91756	0	1
2015.04.20	92.581	93.055	91.947	92.071	67757	0	1
2015.04.21	92.071	92.659	91.739	92.244	83147	0	5
2015.04.22	92.244	93.200	92.229	92.914	84283	0	6
2015.04.23	92.914	93.177	92.545	93.006	93405	0	5
2015.04.24	93.006	93.272	92.828	93.041	83870	0	5
2015.04.27	92.969	93.770	92.865	93.479	79675	0	5
2015.04.28	93.459	95.415	93.322	95.371	103294	0	5
2015.04.29	95.330	95.945	94.848	95.387	118453	0	5
2015.04.30	95.254	95.401	93.993	94.348	183750	0	5
2015.05.01	94.369	94.660	93.815	94.191	121067	0	4
2015.05.04	94.119	94.304	93.728	94.158	58742	0	4
2015.05.05	94.065	95.386	93.707	95.217	19418	0	7
2015.05.06	95.120	95.936	94.972	95.130	36505	0	2
2015.05.07	95.220	95.635	94.497	94.659	17807	0	7
2015.05.08	94.648	95.319	94.303	94.975	23528	0	4
2015.05.11	94.737	95.016	94.451	94.727	62533	0	14
2015.05.12	94.727	95.925	94.724	95.593	102582	0	4
2015.05.13	95.593	96.776	95.293	96.644	88036	0	4
2015.05.14	96.633	97.294	96.132	96.264	106162	0	4
2015.05.15	96.246	96.433	95.760	95.967	83642	0	11
2015.05.18	95.896	96.081	95.633	95.842	44763	0	10
2015.05.19	95.843	96.054	95.376	95.496	108230	0	15
2015.05.20	95.495	95.881	95.259	95.526	117400	0	14
2015.05.21	95.517	95.758	95.323	95.517	105103	0	8
2015.05.22	95.526	95.758	94.940	95.180	101837	0	15
2015.05.25	95.049	95.285	94.912	95.080	73830	0	15
2015.05.26	95.074	95.760	95.045	95.197	111347	0	9
2015.05.27	95.193	95.675	95.103	95.556	115486	0	15
2015.05.28	95.565	95.994	94.573	94.789	130118	0	14
2015.05.29	94.778	95.135	94.618	94.862	110135	0	14
2015.06.01	94.752	95.173	94.602	94.879	115035	0	10
2015.06.02	94.879	96.581	94.877	96.445	172834	0	9
2015.06.03	96.436	96.982	96.246	96.736	111982	0	6
2015.06.04	96.734	96.742	95.415	95.581	58735	0	2
2015.06.05	95.551	96.353	95.462	95.619	154083	0	4
2015.06.08	95.769	95.962	95.428	95.863	142628	0	4
2015.06.09	95.865	96.094	95.170	95.610	163735	0	4
2015.06.10	95.606	95.740	94.511	95.182	198327	0	4
2015.06.11	95.181	95.816	94.391	95.692	162588	0	4
2015.06.12	95.700	95.815	94.992	95.415	150627	0	3
2015.06.15	95.342	95.986	95.136	95.814	98229	0	3
2015.06.16	95.821	95.999	95.397	95.607	125452	0	5
2015.06.17	95.603	95.776	95.040	95.619	152021	0	7
2015.06.18	95.590	96.308	94.943	95.884	168050	0	4
2015.06.19	95.867	96.059	95.082	95.318	135097	0	5
2015.06.22	95.461	95.829	95.274	95.318	126452	0	8
2015.06.23	95.318	95.949	95.184	95.870	133221	0	6
2015.06.24	95.865	96.179	95.383	95.386	136651	0	4
2015.06.25	95.364	95.805	95.362	95.638	123335	0	4
2015.06.26	95.641	95.675	94.554	94.788	126916	0	4
2015.06.29	93.549	94.718	92.660	94.082	182776	0	5
2015.06.30	94.084	94.454	93.608	94.398	165602	0	4
2015.07.01	94.374	94.981	94.087	94.150	135488	0	6
2015.07.02	94.137	94.432	93.645	93.903	132790	0	1
2015.07.03	93.907	94.004	92.086	92.345	102766	0	1
2015.07.06	91.207	92.413	90.947	91.900	123417	0	7
2015.07.07	91.900	92.014	90.431	91.294	138480	0	7
2015.07.08	91.291	91.400	89.452	89.661	156055	0	7
2015.07.09	89.660	91.007	89.154	90.330	136707	0	8
2015.07.10	90.338	91.780	90.314	91.325	126082	0	8
2015.07.13	90.669	91.875	90.669	91.417	121023	0	5
2015.07.14	91.416	91.993	91.319	91.922	112653	0	3
2015.07.15	91.923	92.423	91.099	91.306	137718	0	7
2015.07.16	91.306	92.204	91.014	91.899	118389	0	7
2015.07.17	91.899	92.090	91.362	91.530	92869	0	13
2015.07.20	91.507	91.810	90.987	91.586	107381	0	13
2015.07.21	91.585	92.251	91.340	91.893	157815	0	7
2015.07.22	91.893	92.002	91.190	91.395	223552	0	5
2015.07.23	91.402	91.804	91.046	91.099	146096	0	6
2015.07.24	91.100	91.192	89.923	90.182	133787	97312672000	13
2015.07.27	89.970	90.211	89.525	89.575	145819	156515367000	18
2015.07.28	89.577	90.707	89.337	90.619	155218	160307790000	14
2015.07.29	90.579	90.824	90.280	90.404	155782	166365051000	21
2015.07.30	90.353	90.886	90.304	90.516	139438	156803154000	12
2015.07.31	90.494	91.014	89.922	90.402	151994	165528165000	10
2015.08.03	90.587	90.650	89.958	90.355	135396	152571766000	9
2015.08.04	90.345	92.029	90.039	91.709	175099	194050663000	20
2015.08.05	91.782	91.901	91.245	91.777	164357	177045599000	21
2015.08.06	91.826	92.224	91.335	91.585	151887	168360691000	12
2015.08.07	91.594	92.205	91.546	92.128	148573	163704382000	19
2015.08.10	92.029	92.434	91.734	92.331	109364	126669427000	18
2015.08.11	92.356	92.682	90.954	91.312	165146	184244247000	10
2015.08.12	91.343	91.728	90.333	91.587	178693	186418877000	12
2015.08.13	91.620	92.051	91.142	91.499	141338	157889324000	16
2015.08.14	91.549	91.911	91.484	91.665	124644	148961146000	19
2015.08.17	91.598	91.861	91.468	91.643	115806	135693792000	21
2015.08.18	91.666	91.887	91.080	91.280	140527	160806333000	21
2015.08.19	91.309	91.475	90.736	90.903	173771	195124899000	21
2015.08.20	90.942	91.303	90.238	90.508	171241	179508282000	21
2015.08.21	90.509	90.603	89.181	89.237	202172	220975648000	21
2015.08.24	88.949	89.158	81.994	84.677	266751	185865983000	21
2015.08.25	84.716	87.151	84.468	84.685	260510	237379194000	11
2015.08.26	84.689	85.630	84.136	85.315	252995	241514223000	21
2015.08.27	85.320	86.944	85.044	86.675	217677	218568169000	21
2015.08.28	86.689	87.310	86.037	87.248	183170	206274165000	21
2015.08.31	86.972	87.078	85.785	86.208	153072	177086897000	21
2015.09.01	86.184	86.457	83.664	83.766	209247	233199918000	8
2015.09.02	83.706	84.762	83.605	84.682	192790	225365463000	16
2015.09.03	84.676	85.138	83.822	84.215	174689	202577822000	21
2015.09.04	84.203	84.371	82.108	82.193	191277	211484753000	21
2015.09.07	82.328	83.076	82.207	82.547	157799	181095995000	13
2015.09.08	82.529	84.409	82.507	84.049	165618	196657629000	21
2015.09.09	84.015	85.480	84.015	84.535	184258	219432767000	18
2015.09.10	84.479	85.898	83.325	85.284	214223	246183937000	21
2015.09.11	85.145	85.595	84.778	85.472	152816	182046763000	10
2015.09.14	85.287	86.090	84.924	85.751	143172	165318501000	8
2015.09.15	85.743	86.315	84.939	85.980	154350	185519584000	21
2015.09.16	85.980	86.837	85.685	86.740	143547	181721038000	21
2015.09.17	86.733	87.504	85.839	86.062	152924	171098280000	13
2015.09.18	86.026	86.856	85.785	86.180	173615	190784592000	21
2015.09.21	86.254	86.369	85.706	85.947	135622	161331093000	15
2015.09.22	85.925	86.107	84.622	85.156	138144	163767500000	21
2015.09.23	85.162	85.198	83.992	84.214	153368	188952493000	21
2015.09.24	84.181	84.536	82.985	84.301	190305	220434423000	21
2015.09.25	84.349	84.994	83.845	84.699	180785	205465082000	21
2015.09.28	84.659	84.724	83.662	83.799	165821	192815733000	12
2015.09.29	83.804	84.296	82.810	83.615	194290	226339020000	21
2015.09.30	83.626	84.660	83.559	84.096	169259	191119207000	21
2015.10.01	84.106	85.044	83.901	84.288	176161	197618234000	21
2015.10.02	84.268	84.667	83.255	84.530	172644	191406219000	21
2015.10.05	84.657	85.517	84.497	85.305	163194	194053165000	18
2015.10.06	85.294	86.247	85.100	86.120	159250	189820416000	21
2015.10.07	86.125	86.880	85.934	86.496	166303	199264950000	21
2015.10.08	86.461	87.184	85.797	87.039	152438	179064575000	12
2015.10.09	87.038	88.323	86.881	88.128	147638	173921820000	11
2015.10.12	87.907	88.602	87.760	88.341	109215	130782264000	8
2015.10.13	88.334	88.391	86.747	86.747	135912	161638359000	16
2015.10.14	86.736	87.080	86.076	86.728	164507	185086189000	21
2015.10.15	86.714	87.498	86.281	87.125	175926	186795814000	21
2015.10.16	87.113	87.315	86.332	86.813	143333	161681607000	21
2015.10.19	86.613	87.196	86.262	86.604	133603	157458795000	10
2015.10.20	86.568	87.348	86.530	86.987	120060	135429325000	0
2015.10.21	86.972	87.290	86.355	86.433	134734	167221914000	21
2015.10.22	86.382	87.149	85.982	86.984	142681	166132745000	0
2015.10.23	86.890	88.096	86.890	87.615	160530	181231129000	21
2015.10.26	87.577	87.985	87.490	87.628	135307	155273776000	0
2015.10.27	87.628	87.740	86.468	86.672	132315	144938387000	0
2015.10.28	86.671	86.733	85.609	85.984	143309	142309584000	0
2015.10.29	85.990	86.049	85.506	85.689	137624	135375358000	0
2015.10.30	85.697	86.276	85.419	86.023	151883	158178069000	21
2015.11.02	85.660	86.342	85.660	86.276	127796	146694851000	21
2015.11.03	86.293	87.173	85.937	86.965	131082	149144687000	21
2015.11.04	86.968	87.572	86.738	86.871	147867	163827321000	21
2015.11.05	86.863	87.300	86.600	86.937	151315	178196058000	21
2015.11.06	86.928	87.370	86.500	86.751	143580	166709218000	0
2015.11.09	86.632	87.261	86.616	86.789	149627	185852379000	21
2015.11.10	86.740	87.085	86.456	86.597	146179	179586747000	21
2015.11.11	86.508	86.980	86.508	86.743	127418	154119919000	21
2015.11.12	86.701	87.942	86.689	87.334	163983	184365300000	0
2015.11.13	87.327	87.680	87.178	87.338	143801	161891418000	0
2015.11.16	87.028	87.606	86.813	87.398	140254	168009002000	0
2015.11.17	87.400	88.011	87.240	87.776	145038	168184365000	0
2015.11.18	87.750	87.898	87.377	87.885	129405	147008207000	0
2015.11.19	87.870	88.508	87.764	88.378	144847	165203397000	0
2015.11.20	88.341	89.004	88.279	88.835	132788	150535001000	21
2015.11.23	88.829	88.881	88.223	88.332	141191	171550661000	21
2015.11.24	88.291	88.915	88.026	88.882	154844	176419718000	21
2015.11.25	88.933	89.107	88.792	88.962	160029	196125339000	21
2015.11.26	88.931	89.076	88.369	88.557	139469	158518017000	0
2015.11.27	88.565	88.721	88.099	88.216	122209	145361216000	21
2015.11.30	88.319	89.409	88.037	88.950	127283	152436156000	15
2015.12.01	88.911	90.098	88.872	89.957	153190	174526988000	10
2015.12.02	89.931	90.476	89.800	90.078	143648	151583282000	21
2015.12.03	90.047	90.574	89.693	89.975	184138	204880065000	0
2015.12.04	90.002	90.715	89.598	90.296	168468	185042219000	21
2015.12.07	90.340	90.471	89.463	89.648	130410	162651155000	21
2015.12.08	89.600	89.656	88.256	88.692	144533	176349165000	21
2015.12.09	88.634	88.981	87.294	87.792	170505	196142879000	0
2015.12.10	87.766	89.124	87.759	88.515	160646	161464444000	21
2015.12.11	88.443	88.621	86.787	86.882	159237	151446453000	21
2015.12.14	87.261	87.709	86.498	87.607	174836	160864986000	21
2015.12.15	87.627	88.123	87.136	87.481	151369	144437716000	0
2015.12.16	87.437	88.512	87.428	88.364	171321	177298588000	0
2015.12.17	88.264	88.556	87.102	87.343	155143	159652583000	0
2015.12.18	87.301	87.991	86.204	86.867	177949	179861251000	0
2015.12.21	86.905	87.195	86.633	87.086	121991	132317926000	21
2015.12.22	87.079	87.716	87.026	87.563	112670	98439548000	0
2015.12.23	87.504	87.651	87.141	87.478	94753	87270992000	21
2015.12.24	87.416	87.649	87.362	87.434	64471	60932764000	21
2015.12.28	87.400	87.603	87.220	87.252	83522	84062526000	0
2015.12.29	87.246	87.912	87.213	87.841	84422	74191011000	21
2015.12.30	87.824	87.967	87.596	87.782	85589	85866538000	0
2015.12.31	87.767	88.204	87.426	87.631	67583	70707014000	0
2016.01.04	87.529	87.822	85.327	85.869	169485	178666334000	0
2016.01.05	85.830	86.337	84.878	85.237	164066	170559405000	0
2016.01.06	85.224	85.397	83.542	83.759	194180	190846578000	0
2016.01.07	83.751	84.116	81.982	82.462	208533	197901009000	0
2016.01.08	82.459	83.891	81.457	81.467	201666	194173892000	21
2016.01.11	81.630	83.014	80.948	82.343	204880	180166374000	21
2016.01.12	82.334	82.765	81.372	82.147	196584	202508038000	21
2016.01.13	82.122	83.389	81.762	81.820	185482	189522115000	0
2016.01.14	81.827	82.672	81.154	82.433	207846	220125515000	0
2016.01.15	82.441	82.793	79.554	80.237	205782	209727550000	12
2016.01.18	79.746	81.268	79.720	80.517	181002	196774536000	0
2016.01.19	80.496	82.148	80.179	81.216	216287	221293577000	0
2016.01.20	81.249	81.441	79.207	80.742	245401	253048502000	21
2016.01.21	80.710	82.629	80.080	82.352	260360	276431927000	0
2016.01.22	82.354	83.514	82.118	83.146	209287	232909083000	21
2016.01.25	83.086	83.485	82.201	82.253	198937	225515906000	21
2016.01.26	82.257	83.259	81.470	82.925	202840	229819213000	21
2016.01.27	82.925	84.206	82.692	83.363	240252	268573118000	0
2016.01.28	83.338	84.799	82.998	84.135	220325	250195025000	14
2016.01.29	84.138	86.355	83.990	85.779	252931	236805070000	21
2016.02.01	85.890	86.213	85.274	86.037	205128	231809789000	21
2016.02.02	86.035	86.153	84.369	84.407	209423	225184248000	20
2016.02.03	84.398	84.763	83.186	84.477	259165	274236130000	14
2016.02.04	84.477	85.047	83.903	84.056	255663	285373804000	12
2016.02.05	84.056	84.294	82.506	82.511	209035	235382927000	21
2016.02.08	82.552	83.475	81.588	82.071	222272	269411210000	21
2016.02.09	82.061	82.076	79.997	81.383	257732	274498581000	0
2016.02.10	81.339	81.930	80.351	80.356	258767	283737980000	21
2016.02.11	80.403	80.864	77.568	79.892	262504	245357681000	0
2016.02.12	79.896	80.640	79.272	80.369	239162	195846662000	0
2016.02.15	80.511	81.975	80.473	81.732	185400	184431687000	0
2016.02.16	81.733	82.418	80.454	81.075	202128	196389986000	21
2016.02.17	81.106	82.070	80.344	81.935	202694	174987869000	21
2016.02.18	81.952	82.016	80.829	81.015	190163	174394474000	0
2016.02.19	81.024	81.105	79.816	80.450	184401	174922117000	0
2016.02.22	80.561	82.015	80.251	81.592	171863	178842533000	0
2016.02.23	81.505	81.774	80.669	80.722	198807	182506105000	0
2016.02.24	80.709	80.811	79.596	80.700	210235	215163327000	21
2016.02.25	80.711	81.772	80.188	81.740	211385	209092076000	0
2016.02.26	81.746	82.010	81.001	81.130	191824	174489034000	0
2016.02.29	81.149	81.218	80.318	80.438	211009	200704842000	0
2016.03.01	80.444	81.961	79.800	81.765	202355	196792327000	0
2016.03.02	81.761	82.907	81.517	82.782	227120	266059939000	0
2016.03.03	82.755	83.788	82.604	83.557	201161	222574567000	0
2016.03.04	83.555	84.924	83.239	84.580	192083	187548404000	21
2016.03.07	84.361	85.008	83.890	84.706	167584	177939570000	0
2016.03.08	84.700	84.740	83.588	83.758	188620	205448143000	21
2016.03.09	83.750	85.221	83.338	84.795	189642	203526856000	0
2016.03.10	84.800	85.610	83.696	84.375	214383	204954102000	21
2016.03.11	84.334	86.199	84.061	86.042	173971	167890726000	21
2016.03.14	85.980	86.398	85.219	85.420	156646	157386828000	0
2016.03.15	85.441	85.660	83.892	84.430	186588	207143979000	0
2016.03.16	84.438	85.400	84.252	85.185	176712	183967813000	21
2016.03.17	85.182	85.861	84.287	85.085	217992	216981786000	21
2016.03.18	85.097	85.357	84.659	84.740	166035	166947783000	21
2016.03.21	84.690	85.075	84.209	84.870	153026	165208663000	0
2016.03.22	84.870	85.644	84.120	85.570	175118	185379057000	0
2016.03.23	85.568	85.860	84.509	84.671	179519	200185674000	0
2016.03.24	84.670	85.000	84.317	84.893	156050	181918175000	0
2016.03.25	84.897	85.213	84.746	84.844	56715	42241095000	21
2016.03.28	84.997	85.625	84.854	85.570	89701	99071845000	0
2016.03.29	85.546	86.148	85.278	85.935	171178	177877877000	21
2016.03.30	85.890	86.661	85.611	86.235	186378	184550089000	21
2016.03.31	86.215	86.693	85.760	86.191	171544	167590652000	21
2016.04.01	86.179	86.460	85.246	85.710	177026	168174904000	0
2016.04.04	85.599	85.790	84.499	84.635	161335	160839848000	21
2016.04.05	84.633	84.672	82.790	83.207	200175	198097130000	0
2016.04.06	83.186	83.660	83.027	83.406	176220	159872288000	0
2016.04.07	83.366	83.726	80.665	81.171	209521	179549303000	0
2016.04.08	81.175	82.458	81.108	81.415	184477	161202912000	21
2016.04.11	81.430	82.443	81.071	81.981	177202	162025943000	0
2016.04.12	81.933	83.464	81.853	83.362	181061	196734461000	0
2016.04.13	83.349	84.000	83.223	83.653	176969	190802376000	0
2016.04.14	83.647	84.471	83.402	84.154	165870	184244721000	21
2016.04.15	84.152	84.765	83.608	83.966	149398	151389525000	21
2016.04.18	82.755	84.482	82.455	84.295	176497	168541488000	0
2016.04.19	84.295	85.453	84.247	85.294	159158	152195661000	0
2016.04.20	85.293	85.812	84.595	85.590	172142	168545474000	0
2016.04.21	85.590	85.911	84.636	84.685	167529	153757656000	0
2016.04.22	84.659	86.373	84.625	86.022	174345	153698407000	0
2016.04.25	86.063	86.218	85.488	85.768	145088	138256730000	0
2016.04.26	85.762	86.297	85.233	86.212	150527	156807704000	0
2016.04.27	86.198	86.288	84.218	84.503	174123	198084156000	0
2016.04.28	84.772	84.875	82.088	82.385	192914	188083616000	0
2016.04.29	82.383	82.512	80.807	80.828	169817	173657047000	21
2016.05.02	80.660	81.618	80.643	81.534	160064	181727546000	0
2016.05.03	81.511	81.941	79.527	79.753	180911	195425165000	21
2016.05.04	79.737	80.456	79.480	79.733	178880	205164088000	21
2016.05.05	79.724	80.431	79.715	80.045	135027	151139913000	0
2016.05.06	80.035	80.284	78.171	78.860	169701	192560591000	0
2016.05.09	78.778	79.516	78.737	79.230	149093	170569230000	21
2016.05.10	79.218	80.515	79.108	80.436	153123	192164303000	0
2016.05.11	80.418	80.640	79.704	79.920	145556	185348907000	0
2016.05.12	79.927	80.367	79.442	79.813	157986	214431100000	0
2016.05.13	79.785	79.859	78.799	78.829	159126	207165793000	0
2016.05.16	78.714	79.514	78.627	79.458	124023	169884746000	0
2016.05.17	79.436	80.553	79.285	79.921	148341	197584235000	0
2016.05.18	79.920	80.032	79.300	79.649	169613	221341813000	0
2016.05.19	79.629	79.738	79.012	79.464	155272	166754990000	0
2016.05.20	79.427	79.947	79.374	79.511	126619	152826732000	0
2016.05.23	79.472	79.740	78.770	78.881	135359	163500116000	0
2016.05.24	78.877	79.095	78.302	78.992	137500	169192954000	21
2016.05.25	78.936	79.498	78.936	79.315	136576	180623340000	0
2016.05.26	79.290	79.493	78.441	79.297	143212	185126150000	0
2016.05.27	79.287	79.485	78.886	79.188	128886	156507951000	0
2016.05.30	79.230	79.899	79.169	79.797	102805	120866719000	0
2016.05.31	79.771	80.681	79.702	80.058	153155	211818345000	0
2016.06.01	80.059	80.779	79.011	79.473	173851	234713849000	21
2016.06.02	79.465	79.501	78.304	78.689	163609	214409622000	0
2016.06.03	78.636	78.998	78.094	78.458	176557	233772169000	0
2016.06.06	78.496	79.345	78.027	79.208	169055	217062814000	0
2016.06.07	79.193	80.301	79.009	80.023	154603	204309589000	0
2016.06.08	80.023	80.076	79.363	79.925	156322	210536024000	0
2016.06.09	79.878	80.265	78.970	79.535	164778	212439637000	0
2016.06.10	79.506	79.608	78.544	78.839	157613	195305259000	0
2016.06.13	78.779	78.861	78.078	78.441	187009	233464220000	21
2016.06.14	78.441	78.556	77.503	78.050	191458	254300675000	0
2016.06.15	78.041	78.730	77.737	78.489	183545	252890700000	0
2016.06.16	78.508	78.642	75.580	76.729	229640	298230776000	0
2016.06.17	76.730	77.527	76.718	76.768	178367	231737104000	0
2016.06.20	76.923	78.147	76.923	77.432	161715	196142027000	0
2016.06.21	77.452	78.554	77.297	78.021	163323	203164925000	0
2016.06.22	78.000	78.747	77.766	78.274	145431	187651918000	0
2016.06.23	78.274	80.814	78.182	80.696	174550	206091430000	21
2016.06.24	80.793	81.568	72.383	76.304	267026	303723756000	0
2016.06.27	75.223	76.151	74.516	74.721	226114	240752513000	21
2016.06.28	74.696	75.907	74.696	75.881	178442	230142256000	0
2016.06.29	75.855	76.660	75.433	76.589	165105	209081451000	0
2016.06.30	76.584	77.032	75.550	76.868	195726	255417785000	0
2016.07.01	76.854	76.949	76.411	76.843	155492	190477374000	0
2016.07.04	76.345	77.394	76.345	77.294	120031	177736650000	0
2016.07.05	77.253	77.290	75.655	75.911	166076	214633988000	0
2016.07.06	75.900	76.268	74.538	76.165	203093	267477306000	21
2016.07.07	76.142	76.262	75.174	75.332	181177	234796960000	0
2016.07.08	75.346	76.122	75.035	75.844	163869	222017410000	0
2016.07.11	76.079	77.591	75.926	77.411	170972	218670006000	21
2016.07.12	77.404	80.339	77.207	79.762	194236	241704073000	0
2016.07.13	79.741	79.988	78.846	79.481	199248	251821560000	0
2016.07.14	79.444	80.976	78.952	80.367	205059	258631900000	0
2016.07.15	80.330	81.499	79.120	79.189	193353	244408348000	0
2016.07.18	79.970	80.770	79.752	80.565	144893	188758694000	0
2016.07.19	80.553	80.587	79.331	79.614	168426	215146824000	0
2016.07.20	79.609	80.059	79.257	79.888	151781	210534637000	0
2016.07.21	79.840	80.445	79.040	79.276	196627	256556270000	0
2016.07.22	79.234	79.621	78.901	79.115	153645	185858153000	0
2016.07.25	79.147	79.707	78.948	79.025	130898	155380287000	21
2016.07.26	78.995	79.124	78.145	78.482	168471	197283758000	0
2016.07.27	78.471	79.562	78.441	78.939	198284	228517780000	0
2016.07.28	78.923	79.141	78.601	78.977	159876	196979258000	0
2016.07.29	78.905	79.473	77.486	77.540	211060	243380077000	0
2016.08.01	77.604	78.179	77.054	77.151	145391	157224016000	21
2016.08.02	77.150	77.463	76.492	76.737	172317	189773140000	0
2016.08.03	76.716	77.073	76.497	76.792	156967	180400401000	0
2016.08.04	76.789	77.342	76.750	77.159	152373	166418311000	0
2016.08.05	77.173	77.662	77.104	77.525	134087	142154180000	0
2016.08.08	77.607	78.666	77.482	78.367	113535	127519804000	21
2016.08.09	78.356	78.474	78.005	78.153	110386	123664025000	21
2016.08.10	78.082	78.361	77.838	77.959	134892	143646851000	0
2016.08.11	77.945	78.616	77.855	78.457	112687	127536987000	21
2016.08.12	78.450	78.537	77.325	77.466	124927	134955277000	0
2016.08.15	77.327	77.796	77.327	77.676	111936	127625885000	0
2016.08.16	77.676	77.767	76.976	77.160	162286	184333879000	0
2016.08.17	77.145	77.552	76.283	76.728	155932	178301245000	0
2016.08.18	76.719	77.269	76.321	76.748	159914	183722916000	0
2016.08.19	76.752	76.957	76.056	76.422	139548	156029740000	0
2016.08.22	76.583	76.764	76.335	76.496	150889	169542633000	21
2016.08.23	76.361	76.675	76.274	76.318	145476	157827499000	0
2016.08.24	76.299	76.615	76.095	76.460	144543	162406535000	21
2016.08.25	76.454	76.713	76.410	76.545	117069	126122009000	0
2016.08.26	76.545	77.186	76.515	76.875	163436	171772585000	0
2016.08.29	77.140	77.390	76.686	77.128	132265	140433471000	21
2016.08.30	77.102	77.454	77.073	77.301	135065	147652159000	0
2016.08.31	77.287	77.791	77.287	77.734	142308	149934396000	0
2016.09.01	77.702	78.191	77.477	77.936	151178	153505843000	0
2016.09.02	77.936	78.763	77.856	78.416	160487	152259495000	0
2016.09.05	78.749	78.886	78.271	78.385	128181	133956725000	21
2016.09.06	78.380	79.119	78.298	78.408	156412	158415180000	0
2016.09.07	78.405	78.435	77.573	78.029	162065	164335294000	0
2016.09.08	78.045	78.590	77.907	78.313	163085	160881530000	0
2016.09.09	78.222	78.328	77.269	77.269	167008	165843443000	0
2016.09.12	77.289	77.446	76.407	77.032	171586	176180926000	21
2016.09.13	77.017	77.122	76.106	76.511	186567	191375257000	0
2016.09.14	76.515	77.411	76.379	76.485	170931	176401250000	0
2016.09.15	76.431	76.880	75.958	76.698	166819	151180571000	0
2016.09.16	76.699	76.825	76.304	76.588	142916	140866135000	0
2016.09.19	76.421	77.017	76.375	76.771	123768	129946961000	0
2016.09.20	76.757	76.987	76.656	76.835	141895	177736629000	21
2016.09.21	76.814	77.519	76.125	76.454	206478	224209100000	0
2016.09.22	76.451	77.280	76.265	76.966	144074	156678342000	0
2016.09.23	76.989	77.330	76.745	76.745	148092	160331201000	0
2016.09.26	76.851	76.963	76.441	76.586	136454	144478091000	0
2016.09.27	76.547	77.490	76.172	76.948	173475	166688216000	0
2016.09.28	76.967	77.501	76.838	77.426	168467	181241765000	0
2016.09.29	77.406	78.162	76.895	77.098	191719	212296077000	0
2016.09.30	77.117	77.746	76.487	77.567	177549	178837168000	0
2016.10.03	77.474	78.000	77.352	77.959	132185	135249485000	0
2016.10.04	77.947	78.702	77.896	78.399	181168	175294362000	21
2016.10.05	78.358	79.009	78.150	78.848	160565	159592652000	0
2016.10.06	78.861	78.984	78.455	78.820	151076	150126942000	21
2016.10.07	78.808	78.875	77.976	78.005	202888	190915686000	0
2016.10.10	78.280	78.967	78.076	78.800	116225	119512444000	21
2016.10.11	78.773	78.908	77.736	78.030	175448	168534830000	0
2016.10.12	77.948	79.020	77.944	78.772	163106	162252541000	0
2016.10.13	78.776	78.950	77.888	78.451	156427	152312374000	0
2016.10.14	78.449	79.718	78.369	79.261	169412	168055415000	21
2016.10.17	79.436	79.476	78.802	79.220	145620	148070078000	0
2016.10.18	79.194	80.004	79.130	79.608	144961	146434141000	21
2016.10.19	79.592	79.899	79.137	79.884	132481	130741432000	0
2016.10.20	79.841	79.996	79.215	79.230	147657	145226923000	0
2016.10.21	79.232	79.502	78.712	78.927	130959	131757156000	21
2016.10.24	78.959	79.383	78.869	79.254	124044	124724605000	0
2016.10.25	79.257	80.003	79.160	79.677	157974	155965045000	21
2016.10.26	79.625	80.302	79.376	79.891	159151	120014545000	0
2016.10.27	79.871	80.028	79.547	79.846	159765	158557434000	0
2016.10.28	79.878	80.008	79.265	79.462	184303	174779274000	21
2016.10.31	79.441	79.975	79.365	79.674	141592	140933654000	0
2016.11.01	79.675	80.625	79.451	79.652	177318	162854934000	21
2016.11.02	79.641	79.668	78.975	79.117	191859	178628704000	21
2016.11.03	79.118	79.308	78.465	79.076	172505	169318268000	21
2016.11.04	79.076	79.383	78.846	79.034	170562	163837333000	0
2016.11.07	79.778	80.777	79.519	80.711	154127	148581369000	21
2016.11.08	80.649	81.784	80.252	81.609	154656	149113994000	0
2016.11.09	81.563	81.923	76.775	80.668	361886	332591811000	0
2016.11.10	80.645	82.448	80.382	81.259	280428	223280650000	0
2016.11.11	81.206	81.414	80.244	80.354	258027	223920417000	21
2016.11.14	80.582	81.959	80.333	81.852	248141	221517484000	0
2016.11.15	81.852	82.585	81.532	82.487	224805	185662210000	21
2016.11.16	82.459	82.598	81.466	81.552	215518	186170858000	21
2016.11.17	81.526	81.830	81.104	81.510	216400	194135532000	21
2016.11.18	81.506	81.899	81.098	81.238	224498	210287403000	0
2016.11.21	81.294	81.801	81.129	81.579	216597	202088337000	0
2016.11.22	81.545	82.272	81.407	82.175	197700	182838053000	0
2016.11.23	82.202	83.466	82.148	83.002	187465	174867227000	0
2016.11.24	83.014	84.008	82.914	83.879	162944	157990297000	21
2016.11.25	83.871	84.608	83.735	84.059	216220	216123843000	0
2016.11.28	83.803	84.257	83.155	83.737	210286	218408563000	21
2016.11.29	83.725	84.368	83.597	84.094	199055	213096720000	0
2016.11.30	84.050	84.512	83.958	84.478	238525	233412812000	0
2016.12.01	84.408	84.839	84.144	84.544	226988	219211218000	21
2016.12.02	84.545	84.803	84.317	84.566	192725	190702514000	21
2016.12.05	84.164	85.532	83.764	85.051	231022	222083276000	0
2016.12.06	85.000	85.165	84.557	85.033	165825	172630319000	0
2016.12.07	84.993	85.308	84.649	85.099	156154	160432750000	21
2016.12.08	85.054	85.265	84.782	85.072	190224	173474666000	0
2016.12.09	85.052	86.081	84.925	85.675	174030	169551619000	0
2016.12.12	85.805	86.604	85.720	86.180	186810	157825627000	0
2016.12.13	86.183	86.582	86.024	86.342	181018	176060016000	21
2016.12.14	86.302	86.862	86.158	86.647	200180	178012604000	21
2016.12.15	86.587	87.522	86.586	86.928	273753	227074848000	0
2016.12.16	86.883	87.134	85.751	85.883	223228	195161921000	0
2016.12.19	85.874	85.991	84.637	84.784	205820	201223204000	0
2016.12.20	84.784	85.709	84.755	85.528	191597	194601124000	0
2016.12.21	85.513	85.737	84.992	85.029	167859	165210721000	0
2016.12.22	84.889	85.289	84.616	84.769	164210	165880602000	21
2016.12.23	84.763	84.907	83.918	83.957	116913	101497088000	0
2016.12.26	84.147	84.884	82.523	84.130	24062	23451736000	0
2016.12.27	84.097	84.594	83.998	84.354	109941	106074305000	21
2016.12.28	84.278	84.854	84.054	84.095	140695	138364073000	0
2016.12.29	83.913	84.202	83.734	84.115	167991	143899521000	21
2016.12.30	84.053	84.583	83.965	83.965	214182	183661794000	0
2017.01.02	84.177	84.515	83.860	84.278	85267	83580258000	0
2017.01.03	84.230	85.476	84.230	84.940	191601	185760743000	21
2017.01.04	84.922	85.700	84.898	85.329	212465	209657703000	21
2017.01.05	85.291	85.444	84.544	84.567	269519	244024016000	0
2017.01.06	84.577	85.482	84.534	85.122	223661	199955759000	21
2017.01.09	85.241	85.909	85.241	85.262	197536	187638613000	21
2017.01.10	85.159	85.408	85.015	85.209	227608	219452740000	0
2017.01.11	85.236	86.091	85.212	85.863	264122	239230474000	21
2017.01.12	85.785	85.975	85.349	85.783	273030	238764969000	0
2017.01.13	85.745	86.270	85.626	85.626	236257	214287089000	0
2017.01.16	85.361	85.781	84.999	85.327	188212	183190334000	0
2017.01.17	85.306	85.589	84.989	85.171	272072	226486325000	0
2017.01.18	85.083	86.141	85.033	86.000	238045	236588033000	0
2017.01.19	85.960	87.061	85.929	86.820	262668	242101214000	21
2017.01.20	86.767	87.035	86.202	86.352	261648	242992602000	21
2017.01.23	86.312	87.662	85.321	85.432	254206	241969636000	0
2017.01.24	85.417	86.314	84.618	86.260	232701	231840109000	21
2017.01.25	86.198	86.498	85.374	85.705	244982	235360528000	0
2017.01.26	85.733	86.445	85.532	86.265	225672	207422680000	21
2017.01.27	86.256	87.080	86.148	86.770	212882	199695884000	0
2017.01.30	86.690	86.854	85.721	85.896	206251	200690347000	21
2017.01.31	85.851	86.073	85.184	85.502	240169	226761981000	21
2017.02.01	85.541	86.099	85.340	85.820	216577	210765044000	21
2017.02.02	85.831	86.508	85.805	86.350	227841	217015124000	0
2017.02.03	86.317	86.714	86.011	86.243	211837	193750037000	0
2017.02.06	86.302	86.481	85.455	85.548	201285	193940343000	0
2017.02.07	85.541	85.888	85.230	85.692	205455	201195533000	21
2017.02.08	85.647	85.812	85.355	85.542	206860	204505670000	21
2017.02.09	85.530	86.438	85.351	86.314	186012	187153418000	0
2017.02.10	86.315	87.174	86.281	86.799	191938	190813038000	21
2017.02.13	87.165	87.485	86.818	86.874	173146	179031928000	0
2017.02.14	86.840	87.565	86.823	87.507	194401	185683645000	21
2017.02.15	87.492	88.143	87.446	87.992	185430	181047730000	0
2017.02.16	87.933	88.170	86.998	87.083	203319	200304579000	21
2017.02.17	87.074	87.449	86.231	86.250	181834	184946912000	21
2017.02.20	86.571	86.998	86.468	86.892	128752	142857562000	0
2017.02.21	86.895	87.310	86.835	87.228	167353	183334211000	21
2017.02.22	87.200	87.382	86.677	87.277	187645	203882402000	0
2017.02.23	87.234	87.309	86.760	86.854	180506	184081290000	0
2017.02.24	86.819	87.071	85.837	85.837	175449	180578134000	21
2017.02.27	86.082	86.631	85.837	86.440	177340	184787977000	0
2017.02.28	86.419	86.600	85.841	86.319	187949	199234842000	21
2017.03.01	86.297	87.310	86.248	87.281	229816	225276727000	0
2017.03.02	87.240	87.473	86.538	86.615	184994	197744217000	21
2017.03.03	86.597	86.703	86.186	86.383	190689	205446235000	0
2017.03.06	86.363	86.593	86.152	86.306	156342	175723864000	0
2017.03.07	86.259	86.905	86.221	86.461	156365	174111893000	21
2017.03.08	86.416	86.540	86.024	86.038	181271	197216762000	21
2017.03.09	86.025	86.405	85.841	86.256	203912	208256047000	21
2017.03.10	86.213	87.061	86.166	86.479	200337	207590944000	21
2017.03.13	86.598	87.023	86.487	86.935	166364	187698790000	21
2017.03.14	86.938	86.998	86.599	86.725	163256	179885615000	21
2017.03.15	86.723	87.475	86.672	87.412	182169	191477371000	21
2017.03.16	87.412	87.479	86.685	87.014	204103	225790316000	0
2017.03.17	87.008	87.204	86.597	86.819	154865	170199325000	21
2017.03.20	86.727	87.231	86.677	86.948	140109	166663366000	0
2017.03.21	86.948	87.096	85.795	85.893	198382	215960197000	21
2017.03.22	85.895	85.926	84.809	85.381	219695	229133862000	21
2017.03.23	85.378	85.493	84.407	84.620	208905	228363801000	0
2017.03.24	84.622	85.074	84.342	84.828	191234	206130749000	0
2017.03.27	84.630	84.768	83.890	84.270	183039	207393155000	0
2017.03.28	84.259	84.912	83.814	84.833	167575	189801290000	21
2017.03.29	84.788	85.266	84.661	85.135	166679	192355049000	0
2017.03.30	85.107	85.602	84.881	85.471	168643	186991558000	21
2017.03.31	85.448	85.754	84.916	84.936	179402	204927701000	21
2017.04.03	84.892	85.074	84.225	84.305	148998	166394357000	0
2017.04.04	84.292	84.387	83.218	83.751	168164	176629934000	21
2017.04.05	83.744	84.400	83.571	83.766	174158	180462724000	0
2017.04.06	83.747	83.905	83.137	83.562	177688	188062430000	21
2017.04.07	83.554	83.699	82.785	83.085	208152	212969353000	21
2017.04.10	83.168	83.705	83.041	83.193	146901	158471238000	0
2017.04.11	83.168	83.246	81.951	82.151	169298	180053151000	21
2017.04.12	82.154	82.360	81.840	81.995	183240	196737798000	21
2017.04.13	81.942	82.890	81.900	82.546	178336	179737769000	21
2017.04.14	82.461	82.683	82.134	82.184	88343	77325493000	0
2017.04.17	82.353	82.746	81.988	82.630	117917	132086638000	0
2017.04.18	82.572	82.942	81.830	81.935	171448	174490996000	21
2017.04.19	81.920	82.151	81.477	81.587	155674	170379895000	21
2017.04.20	81.571	82.507	81.410	82.263	155800	166669970000	21
2017.04.21	82.261	82.430	81.969	82.073	139683	148506648000	21
2017.04.24	83.785	83.785	82.889	83.045	167488	171193369000	21
2017.04.25	83.050	83.799	82.830	83.684	152973	171432766000	21
2017.04.26	83.673	84.007	82.837	82.987	188450	200018664000	21
2017.04.27	82.974	83.400	82.722	83.031	166912	184381106000	0
2017.04.28	83.027	83.501	82.760	83.495	147911	153196294000	0
2017.05.01	83.128	84.254	83.106	84.139	106539	123171280000	21
2017.05.02	84.093	84.529	84.070	84.386	129592	140777489000	0
2017.05.03	84.369	84.505	83.586	83.679	133906	146194350000	0
2017.05.04	83.636	83.822	83.116	83.304	153244	172490674000	0
2017.05.05	83.270	83.676	82.663	83.525	149772	157732997000	21
2017.05.08	83.693	83.717	83.168	83.647	147024	165453257000	0
2017.05.09	83.644	84.024	83.191	83.691	151376	165661539000	0
2017.05.10	83.694	84.330	83.435	84.148	150911	173785332000	0
2017.05.11	84.148	84.235	83.516	84.006	146589	169684936000	0
2017.05.12	84.013	84.183	83.615	83.615	135377	151956039000	0
2017.05.15	83.617	84.498	83.617	84.335	126517	148442347000	0
2017.05.16	84.319	84.508	83.924	83.989	139159	149237358000	0
2017.05.17	83.984	84.005	82.317	82.332	196386	204773060000	0
2017.05.18	82.332	83.070	81.761	82.680	244812	259153140000	0
2017.05.19	82.680	83.413	82.326	82.879	168762	201149985000	0
2017.05.22	82.679	83.252	82.497	83.190	136669	151161881000	0
2017.05.23	83.186	83.660	82.807	83.557	160657	153410644000	0
2017.05.24	83.556	83.718	83.231	83.631	152330	147087674000	0
2017.05.25	83.631	83.871	83.291	83.337	137645	136638131000	0
2017.05.26	83.337	83.385	82.506	82.827	143016	138891169000	0
2017.05.29	82.714	82.958	82.622	82.754	81402	78715701000	0
2017.05.30	82.754	82.914	82.223	82.731	131505	130220400000	0
2017.05.31	82.731	82.940	82.101	82.300	148032	141549643000	0
2017.06.01	82.298	82.717	81.894	82.106	142875	142997136000	0
2017.06.02	82.109	82.536	81.878	81.900	138122	135511231000	0
2017.06.05	81.746	82.763	81.645	82.685	96730	0	21
2017.06.06	82.662	82.717	81.769	82.116	144016	0	21
2017.06.07	82.083	82.936	82.048	82.905	131270	0	21
2017.06.08	82.905	83.200	82.563	83.018	128441	0	21
2017.06.09	82.652	83.387	82.631	82.965	135527	0	21
2017.06.12	83.051	83.153	82.581	82.903	107669	0	21
2017.06.13	82.868	83.223	82.739	82.942	103456	0	21
2017.06.14	82.907	83.654	82.842	83.144	153025	0	21
2017.06.15	83.112	84.100	82.924	84.076	154755	0	21
2017.06.16	84.076	84.800	83.996	84.181	131957	0	21
2017.06.19	84.268	84.758	84.258	84.719	107333	0	21
2017.06.20	84.719	85.077	84.350	84.462	116639	0	21
2017.06.21	84.462	84.551	83.873	84.103	120113	0	21
2017.06.22	84.103	84.245	83.716	83.934	112311	0	21
2017.06.23	83.934	84.327	83.864	84.156	96645	0	21
2017.06.26	84.058	84.900	84.058	84.832	102138	0	21
2017.06.27	84.751	85.321	84.751	85.185	129537	0	21
2017.06.28	85.149	85.847	84.900	85.783	144146	0	21
2017.06.29	85.744	86.528	85.672	86.169	149422	0	21
2017.06.30	86.169	86.492	85.840	86.343	137152	0	21
2017.07.03	86.079	86.932	86.061	86.860	114183	0	21
2017.07.04	86.795	86.973	85.841	86.097	115432	0	21
2017.07.05	86.068	86.541	85.658	86.101	127681	0	21
2017.07.06	86.101	86.314	85.720	85.832	126405	0	21
2017.07.07	85.787	86.762	85.718	86.590	122233	0	21
2017.07.10	86.627	86.915	86.546	86.725	94441	0	21
2017.07.11	86.728	87.252	86.707	86.991	115446	0	21
2017.07.12	86.991	87.028	86.632	86.869	130019	0	21
2017.07.13	86.851	87.646	86.821	87.563	131956	0	21
2017.07.14	87.563	88.122	87.510	87.919	120645	0	21
2017.07.17	88.054	88.272	87.730	87.792	116779	0	21
2017.07.18	87.792	89.133	87.483	88.699	163957	0	21
2017.07.19	88.699	89.009	88.616	88.966	124866	0	21
2017.07.20	88.929	89.331	88.703	89.020	163425	0	21
2017.07.21	89.020	89.020	87.711	87.904	133843	0	21
2017.07.24	87.822	88.259	87.639	88.022	125794	0	21
2017.07.25	88.028	88.847	87.909	88.835	130946	0	21
2017.07.26	88.835	89.065	88.174	88.942	153430	0	21
2017.07.27	88.942	89.412	88.325	88.646	185754	0	21
2017.07.28	88.580	88.820	88.263	88.367	165609	0	21
2017.07.31	88.296	88.361	87.848	88.201	144349	0	21
2017.08.01	88.198	88.692	87.812	87.938	165301	0	21
2017.08.02	87.938	88.300	87.780	88.211	151060	0	21
2017.08.03	88.116	88.218	87.362	87.388	155987	0	21
2017.08.04	87.388	87.949	87.339	87.740	141824	0	21
2017.08.07	87.622	88.007	87.506	87.612	107030	0	21
2017.08.08	87.559	87.832	87.245	87.253	111810	0	21
2017.08.09	87.289	87.306	86.277	86.777	143096	0	21
2017.08.10	86.777	87.088	85.977	85.997	138433	0	21
2017.08.11	85.997	86.234	85.441	86.145	147710	0	21
2017.08.14	86.078	86.619	86.029	86.124	127026	0	21
2017.08.15	86.124	86.778	86.036	86.547	136357	0	21
2017.08.16	86.501	87.454	86.443	87.388	132107	0	21
2017.08.17	87.388	87.546	86.330	86.372	165266	0	21
2017.08.18	86.372	87.031	85.986	86.464	171668	0	21
2017.08.21	86.599	86.740	86.173	86.512	119509	0	21
2017.08.22	86.449	86.917	86.321	86.676	103400	0	21
2017.08.23	86.676	86.859	86.063	86.163	121645	0	21
2017.08.24	86.143	86.572	85.926	86.560	126599	0	21
2017.08.25	86.515	86.964	86.431	86.684	137673	0	21
2017.08.28	86.554	87.105	86.511	87.019	102045	0	21
2017.08.29	87.007	87.381	85.695	87.182	182082	0	21
2017.08.30	87.136	87.798	86.932	87.147	133247	0	21
2017.08.31	87.147	87.480	87.032	87.370	148046	0	21
2017.09.01	87.327	87.930	87.157	87.835	135468	0	21
2017.09.04	87.089	87.561	86.978	87.110	103504	0	21
2017.09.05	87.110	87.604	86.719	86.962	154978	0	21
2017.09.06	86.962	87.498	86.548	87.409	145661	0	21
2017.09.07	87.409	87.494	86.876	87.323	150292	0	21
2017.09.08	87.236	87.718	86.662	86.823	168821	0	21
2017.09.11	87.094	87.881	87.048	87.849	127063	0	21
2017.09.12	87.793	88.480	87.469	88.319	108114	2897289000	0
2017.09.13	88.319	88.555	88.093	88.211	85098	0	0
2017.09.14	88.210	88.745	87.988	88.218	126208	0	0
2017.09.15	88.218	89.267	87.654	88.656	117454	0	0
2017.09.18	88.806	89.339	88.557	88.785	81253	0	0
2017.09.19	88.785	89.492	88.668	89.363	99341	0	0
2017.09.20	89.364	90.155	89.228	90.119	103748	0	0
2017.09.21	90.093	90.299	88.893	89.154	111201	0	0
2017.09.22	89.151	89.376	88.462	88.942	96846	0	0
2017.09.25	89.222	89.678	88.370	88.653	99095	0	0
2017.09.26	88.653	88.773	88.248	88.516	104874	0	0
2017.09.27	88.516	88.890	88.288	88.532	138704	0	0
2017.09.28	88.532	88.673	88.011	88.228	124564	0	0
2017.09.29	88.228	88.450	87.923	88.065	96201	0	0
2017.10.02	88.132	88.481	88.032	88.229	86837	0	0
2017.10.03	88.229	88.476	88.108	88.408	92128	0	0
2017.10.04	88.408	88.702	88.329	88.659	87872	0	0
2017.10.05	88.644	88.737	87.776	87.938	78719	0	0
2017.10.06	87.938	87.985	87.189	87.189	112052	0	0
2017.10.09	87.438	87.623	87.283	87.340	55833	0	0
2017.10.10	87.344	87.771	87.246	87.447	87204	0	0
2017.10.11	87.447	87.648	87.279	87.607	82671	0	0
2017.10.12	87.607	87.994	87.518	87.776	83315	0	0
2017.10.13	87.776	88.312	87.652	88.236	92825	0	0
2017.10.16	88.124	88.284	87.774	88.063	75238	0	0
2017.10.17	88.063	88.167	87.785	88.016	86446	0	0
2017.10.18	88.016	88.630	87.954	88.605	84427	0	0
2017.10.19	88.605	88.992	88.387	88.610	110825	0	0
2017.10.20	88.611	88.987	88.577	88.609	100049	0	0
2017.10.23	89.036	89.077	88.424	88.547	89660	0	0
2017.10.24	88.542	88.694	88.386	88.551	101682	0	0
2017.10.25	88.551	88.659	87.331	87.612	121250	0	0
2017.10.26	87.612	87.807	87.241	87.269	108802	0	0
2017.10.27	87.269	87.460	87.033	87.235	121164	0	0
2017.10.30	87.266	87.327	86.775	86.996	84139	0	0
2017.10.31	86.996	87.157	86.688	86.988	94751	0	0
2017.11.01	86.989	87.726	86.938	87.626	113718	0	0
2017.11.02	87.625	88.095	87.526	87.998	119528	0	0
2017.11.03	87.998	88.019	87.191	87.235	85107	0	0
2017.11.06	87.193	87.660	87.184	87.421	96011	0	0
2017.11.07	87.420	87.694	86.935	87.121	100290	0	0
2017.11.08	87.121	87.467	86.974	87.401	89132	0	0
2017.11.09	87.401	87.670	86.787	87.130	115632	0	0
2017.11.10	87.129	87.254	86.844	86.873	91404	0	0
2017.11.13	86.818	87.089	86.515	86.593	76783	0	0
2017.11.14	86.593	86.840	86.306	86.548	90346	0	0
2017.11.15	86.548	86.585	85.499	85.652	118104	0	0
2017.11.16	85.652	86.022	85.475	85.772	87416	0	0
2017.11.17	85.772	85.847	84.639	84.785	97860	0	0
2017.11.20	84.870	85.078	84.499	85.026	93501	0	0
2017.11.21	85.026	85.313	84.746	85.189	84047	0	0
2017.11.22	85.189	85.256	84.596	84.681	90763	0	0
2017.11.23	84.681	84.936	84.521	84.777	70213	0	0
2017.11.24	84.777	85.042	84.739	84.908	73073	0	0
2017.11.27	84.919	85.054	84.349	84.445	90198	0	0
2017.11.28	84.445	84.819	84.387	84.649	95683	0	0
2017.11.29	84.649	84.915	84.450	84.669	108252	0	0
2017.11.30	84.671	85.208	84.644	85.125	119995	0	0
2017.12.01	85.125	85.714	84.971	85.303	159876	0	0
2017.12.04	85.637	85.960	85.366	85.388	103605	0	0
2017.12.05	85.388	86.200	85.360	85.628	91751	0	0
2017.12.06	85.627	85.798	84.831	84.898	107974	0	0
2017.12.07	84.898	85.044	84.664	84.930	85688	0	0
2017.12.08	84.930	85.373	84.904	85.190	81534	0	0
2017.12.11	85.239	85.523	85.170	85.449	79640	0	0
2017.12.12	85.449	85.989	85.316	85.780	69357	0	0
2017.12.13	85.780	86.120	85.661	85.932	82001	0	0
2017.12.14	85.932	86.491	85.914	86.134	100835	0	0
2017.12.15	86.134	86.328	85.964	86.075	92574	0	0
2017.12.18	86.160	86.432	85.895	86.201	113313	0	2
2017.12.19	86.201	86.633	86.153	86.493	109791	0	2
2017.12.20	86.493	86.975	86.424	86.917	115242	0	2
2017.12.21	86.917	87.415	86.707	87.250	99985	0	2
2017.12.22	87.250	87.523	87.240	87.302	103770	0	2
2017.12.26	87.430	87.518	87.382	87.493	38725	0	2
2017.12.27	87.490	88.147	87.419	88.037	105818	0	2
2017.12.28	88.032	88.112	87.761	87.910	98851	0	2
2017.12.29	87.910	88.157	87.756	87.980	104565	0	2
2018.01.02	87.877	88.399	87.630	87.878	82473	0	2
2018.01.03	87.878	88.230	87.694	88.142	111700	0	2
2018.01.04	88.141	88.706	88.077	88.627	113317	0	2
2018.01.05	88.627	89.087	88.439	88.889	120853	0	2
2018.01.08	88.960	89.070	88.474	88.664	94060	0	1
2018.01.09	88.664	88.845	87.865	88.116	140948	0	1
2018.01.10	88.116	88.165	87.211	87.374	177685	0	1
2018.01.11	87.373	88.089	87.285	87.788	160024	0	1
2018.01.12	87.788	87.936	87.391	87.916	170406	0	1
2018.01.15	87.790	88.166	87.668	88.013	162660	0	1
2018.01.16	88.013	88.415	87.718	87.877	164419	0	1
2018.01.17	87.877	88.998	87.833	88.667	191844	0	1
2018.01.18	88.667	88.983	88.399	88.856	179116	0	1
2018.01.19	88.856	89.017	88.369	88.515	167910	0	1
2018.01.22	88.402	88.992	88.371	88.902	125785	0	1
2018.01.23	88.902	89.066	87.907	88.211	159098	0	1
2018.01.24	88.211	88.424	87.871	88.039	185367	0	1
2018.01.25	88.039	88.333	87.705	87.740	237600	0	1
2018.01.26	87.740	88.501	87.740	88.041	212936	0	0
2018.01.29	88.061	88.334	87.924	88.168	178102	0	1
2018.01.30	88.157	88.305	87.459	87.884	185143	0	0
2018.01.31	87.884	88.494	87.630	87.932	211403	0	1
2018.02.01	87.932	88.124	87.490	87.936	192271	0	1
2018.02.02	87.936	88.001	87.226	87.290	225700	0	1
2018.02.05	87.169	87.509	85.893	85.913	255633	0	1
2018.02.06	85.906	86.670	84.988	86.605	383330	0	1
2018.02.07	86.605	86.730	85.415	85.488	220164	0	1
2018.02.08	85.488	85.983	84.515	84.592	280326	0	1
2018.02.09	84.593	85.435	84.006	85.006	303738	0	1
2018.02.12	85.062	85.437	84.754	85.386	160879	0	1
2018.02.13	85.386	85.593	84.285	84.727	176897	0	1
2018.02.14	84.727	84.893	83.320	84.788	249318	0	1
2018.02.15	84.788	84.821	83.868	84.281	217784	0	1
2018.02.16	84.281	84.662	83.906	84.038	189973	0	1
2018.02.19	84.061	84.505	83.999	84.331	113676	0	1
2018.02.20	84.331	84.810	84.207	84.593	163726	0	1
2018.02.21	84.585	84.861	83.990	84.113	190781	0	1
2018.02.22	84.113	84.113	83.516	83.743	165415	0	1
2018.02.23	83.743	83.854	83.270	83.822	138657	0	1
2018.02.26	83.951	84.126	83.599	83.952	148931	0	1
2018.02.27	83.952	84.162	83.576	83.585	161835	0	1
2018.02.28	83.583	83.806	82.780	82.780	172647	0	1
2018.03.01	82.780	83.173	82.125	82.362	244578	0	1
2018.03.02	82.362	82.604	81.558	82.073	216150	0	1
2018.03.05	81.869	82.486	81.486	82.450	177238	0	1
2018.03.06	82.440	83.321	82.168	83.052	191119	0	1
2018.03.07	83.057	83.070	82.012	82.969	211867	0	1
2018.03.08	82.968	83.170	82.495	82.689	151727	0	1
2018.03.09	82.689	83.901	82.625	83.802	169958	0	1
2018.03.12	83.780	84.099	83.667	83.800	113701	0	1
2018.03.13	83.800	84.523	83.541	83.627	173519	0	1
2018.03.14	83.623	84.257	83.480	83.713	172513	0	1
2018.03.15	83.713	83.765	82.698	82.923	168178	0	1
2018.03.16	82.923	82.935	81.678	81.739	125069	0	1
2018.03.19	81.747	82.006	81.254	81.790	129909	0	1
2018.03.20	81.790	82.194	81.604	81.847	114736	0	1
2018.03.21	81.847	82.573	81.469	82.339	157244	0	1
2018.03.22	82.339	82.431	80.954	81.038	199503	0	1
2018.03.23	81.030	81.461	80.496	80.606	234858	0	1
2018.03.26	80.611	81.725	80.553	81.636	143915	0	1
2018.03.27	81.636	81.894	80.858	80.869	147511	0	1
2018.03.28	80.869	81.965	80.755	81.831	220284	0	1
2018.03.29	81.831	81.919	81.468	81.696	152598	0	1
2018.03.30	81.696	81.848	81.476	81.678	223021	0	1
2018.04.02	81.654	81.798	80.824	81.111	102972	0	1
2018.04.03	81.111	81.988	80.930	81.905	128919	0	1
2018.04.04	81.920	82.459	81.250	82.371	105399	0	1
2018.04.05	82.351	82.647	82.125	82.488	81398	0	1
2018.04.06	82.493	82.579	81.900	82.141	119923	0	1
2018.04.09	82.097	82.580	81.964	82.145	72237	0	1
2018.04.10	82.158	83.374	82.064	83.177	97685	0	1
2018.04.11	83.173	83.283	82.667	82.766	79492	0	1
2018.04.12	82.727	83.309	82.699	83.183	76550	0	1
2018.04.13	83.182	84.076	83.134	83.328	69525	0	1
2018.04.16	83.484	83.650	83.105	83.311	56698	0	1
2018.04.17	83.319	83.383	83.056	83.062	57086	0	1
2018.04.18	83.069	83.570	83.069	83.442	56511	0	1
2018.04.19	83.458	83.942	82.858	82.966	75259	0	1
2018.04.20	82.947	83.153	82.423	82.547	70218	0	1
2018.04.23	82.633	82.819	82.501	82.652	82923	0	1
2018.04.24	82.654	83.091	82.479	82.726	100472	0	1
2018.04.25	82.728	82.800	82.451	82.771	79896	0	1
2018.04.26	82.761	82.911	82.526	82.552	82301	0	1
2018.04.27	82.521	82.711	82.373	82.654	72968	0	1
2018.04.30	82.627	82.725	82.230	82.303	64128	0	1
2018.05.01	82.303	82.528	82.032	82.272	63547	0	1
2018.05.02	82.272	82.651	82.074	82.281	99628	0	1
2018.05.03	82.281	82.574	81.749	82.235	100039	0	1
2018.05.04	82.235	82.461	81.669	82.238	76862	0	1
2018.05.07	82.273	82.295	81.821	81.956	62804	0	1
2018.05.08	81.957	82.017	81.136	81.313	90419	0	1
2018.05.09	81.313	82.002	81.131	81.835	83147	0	1
2018.05.10	81.835	82.463	81.726	82.369	89654	0	1
2018.05.11	82.363	82.672	82.236	82.483	63515	0	1
2018.05.14	82.394	82.787	82.357	82.501	53679	0	1
2018.05.15	82.484	82.703	82.191	82.434	80101	0	1
2018.05.16	82.377	82.971	82.175	82.956	80899	0	1
2018.05.17	82.938	83.375	82.821	83.164	81542	0	1
2018.05.18	83.166	83.429	83.046	83.177	65709	0	1
2018.05.21	83.365	84.216	83.321	84.164	62445	0	1
2018.05.22	84.141	84.477	83.978	83.989	66240	0	1
2018.05.23	84.005	84.043	82.482	83.187	113940	0	1
2018.05.24	83.186	83.327	82.379	82.741	109554	0	1
2018.05.25	82.731	83.162	82.407	82.541	90768	0	1
2018.05.28	82.954	83.065	82.427	82.532	87401	0	1
2018.05.29	82.523	82.608	81.097	81.609	142687	0	1
2018.05.30	81.610	82.607	81.024	82.457	131049	0	1
2018.05.31	82.439	82.666	81.992	82.331	117855	0	1
2018.06.01	82.312	82.937	82.204	82.874	96416	0	1
2018.06.04	82.787	84.018	82.768	83.925	82850	0	1
2018.06.05	83.924	84.180	83.338	83.595	84341	0	1
2018.06.06	83.581	84.498	83.565	84.477	81081	0	1
2018.06.07	84.467	84.533	83.393	83.585	110232	0	1
2018.06.08	83.583	83.777	82.585	83.225	115478	0	1
2018.06.11	82.937	83.808	82.937	83.687	56553	0	1
2018.06.12	83.674	84.154	83.516	83.581	75477	0	1
2018.06.13	83.590	83.986	83.440	83.593	80615	0	1
2018.06.14	83.573	83.639	82.665	82.694	84962	0	1
2018.06.15	82.688	82.842	82.270	82.331	77984	0	1
2018.06.18	82.333	82.399	81.889	82.039	45816	0	1
2018.06.19	82.035	82.083	80.627	81.187	103099	0	1
2018.06.20	81.166	81.660	80.988	81.300	80151	0	1
2018.06.21	81.282	81.647	81.070	81.088	101988	0	1
2018.06.22	81.105	81.930	81.002	81.816	88348	0	1
2018.06.25	81.712	81.858	80.984	81.349	88075	0	1
2018.06.26	81.328	81.454	80.966	81.331	86382	0	1
2018.06.27	81.327	81.637	80.749	80.906	113069	0	1
2018.06.28	80.906	81.298	80.690	81.185	94755	0	1
2018.06.29	81.213	82.043	81.046	82.029	95847	0	1
2018.07.02	81.842	82.108	80.982	81.359	85167	0	1
2018.07.03	81.356	82.076	81.028	81.645	87380	0	1
2018.07.04	81.618	81.967	81.432	81.525	79853	0	1
2018.07.05	81.553	81.930	81.272	81.711	88739	0	1
2018.07.06	81.657	82.258	81.588	82.042	81949	0	1
2018.07.09	82.022	82.793	82.004	82.749	60764	0	1
2018.07.10	82.720	83.150	82.638	82.759	70556	0	1
2018.07.11	82.758	82.825	82.059	82.488	115841	0	1
2018.07.12	82.483	83.396	82.380	83.344	83580	0	1
2018.07.13	83.295	83.604	82.991	83.387	73068	0	1
2018.07.16	83.229	83.684	83.221	83.284	59083	0	1
2018.07.17	83.284	83.601	83.213	83.377	78089	0	1
2018.07.18	83.374	83.547	82.838	83.471	69867	0	0
2018.07.19	83.469	83.924	82.588	82.713	113148	0	1
2018.07.20	82.690	82.993	82.205	82.673	116941	0	1
2018.07.23	82.574	82.755	82.132	82.166	93017	0	11
2018.07.24	82.103	82.548	81.797	82.501	92464	0	8
2018.07.25	82.502	82.889	82.079	82.714	103409	0	15
2018.07.26	82.693	82.786	81.986	82.038	98621	0	9
2018.07.27	82.032	82.299	81.856	82.152	79835	0	10
2018.07.30	82.084	82.298	82.032	82.205	60993	0	7
2018.07.31	82.197	83.249	82.140	82.999	99467	0	7
2018.08.01	83.023	83.117	82.470	82.709	85185	0	10
2018.08.02	82.674	82.728	81.949	82.140	80110	0	11
2018.08.03	82.135	82.612	82.104	82.280	80153	0	9
2018.08.06	82.282	82.418	82.165	82.288	50479	0	5
2018.08.07	82.286	82.750	82.171	82.653	63713	0	6
2018.08.08	82.620	82.788	82.071	82.414	68717	0	12
2018.08.09	82.427	82.638	81.890	81.893	71958	0	11
2018.08.10	81.893	81.983	80.607	80.929	122158	0	20
2018.08.13	80.348	80.835	79.975	80.454	108580	0	7
2018.08.14	80.401	80.807	80.207	80.434	90340	0	9
2018.08.15	80.442	80.564	79.693	80.155	103323	0	12
2018.08.16	80.131	80.820	79.827	80.489	103609	0	12
2018.08.17	80.462	80.963	80.097	80.829	87817	0	7
2018.08.20	80.882	80.943	80.582	80.744	67110	0	12
2018.08.21	80.748	81.478	80.581	81.208	82610	0	10
2018.08.22	81.173	81.360	80.903	81.200	81101	0	11
2018.08.23	81.231	81.327	80.563	80.623	76715	0	6
2018.08.24	80.597	81.694	80.581	81.478	82513	0	20
2018.08.27	81.508	81.735	81.172	81.614	62026	0	10
2018.08.28	81.623	81.771	81.414	81.561	74886	0	7
2018.08.29	81.545	81.789	81.041	81.634	87350	0	11
2018.08.30	81.639	81.694	80.482	80.554	82305	0	16
2018.08.31	80.525	80.690	79.627	79.873	96412	0	20
2018.09.03	79.859	80.255	79.513	80.062	61212	0	13
2018.09.04	80.068	80.435	79.723	79.953	79904	0	12
2018.09.05	79.935	80.571	79.586	80.198	88768	0	6
2018.09.06	80.186	80.277	79.555	79.698	91751	0	10
2018.09.07	79.703	79.737	78.676	78.861	100348	0	13
2018.09.10	78.858	79.255	78.757	79.021	61819	0	9
2018.09.11	79.019	79.497	78.898	79.412	69472	0	10
2018.09.12	79.419	80.000	79.067	79.734	76953	0	11
2018.09.13	79.717	80.795	79.681	80.454	75584	0	10
2018.09.14	80.465	80.697	80.072	80.130	70044	0	20
2018.09.17	80.119	80.590	79.941	80.273	54193	0	10
2018.09.18	80.271	81.118	79.768	81.104	96183	0	16
2018.09.19	81.064	81.652	80.937	81.527	76630	0	11
2018.09.20	81.477	82.027	81.300	82.022	74731	0	10
2018.09.21	81.990	82.350	81.878	81.985	70925	0	8
2018.09.24	81.655	82.001	81.580	81.779	55016	0	10
2018.09.25	81.784	82.033	81.653	81.894	66012	0	11
2018.09.26	81.893	82.494	81.760	81.786	72380	0	10
2018.09.27	81.784	81.942	81.293	81.683	77862	0	10
2018.09.28	81.684	82.198	81.625	82.008	72857	0	20
2018.10.01	82.158	82.392	82.058	82.268	59388	0	10
2018.10.02	82.224	82.465	81.364	81.662	78088	0	11
2018.10.03	81.629	81.913	81.314	81.334	81198	0	8
2018.10.04	81.313	81.411	80.369	80.627	95956	0	10
2018.10.05	80.530	80.764	79.988	80.143	99382	0	14
2018.10.08	80.227	80.414	79.749	80.120	77364	0	12
2018.10.09	80.113	80.284	79.816	80.221	105863	0	10
2018.10.10	80.180	80.588	79.085	79.179	109689	0	8
2018.10.11	79.098	80.142	79.042	79.897	184578	0	12
2018.10.12	79.886	80.155	79.487	79.777	119346	0	11
2018.10.15	79.722	79.960	79.471	79.696	104214	0	10
2018.10.16	79.696	80.202	79.677	80.156	90205	0	13
2018.10.17	80.153	80.329	79.654	80.068	95544	0	15
2018.10.18	80.090	80.438	79.488	79.633	114116	0	8
2018.10.19	79.616	80.479	79.525	80.124	113137	0	20
2018.10.22	80.079	80.304	79.635	79.880	92402	0	7
2018.10.23	79.871	79.910	79.032	79.659	125828	0	11
2018.10.24	79.657	80.022	79.152	79.232	141127	0	10
2018.10.25	79.230	79.794	78.980	79.583	135760	0	8
2018.10.26	79.574	79.602	78.554	79.287	167635	0	20
2018.10.29	79.317	79.755	79.092	79.320	129624	0	10
2018.10.30	79.323	80.396	79.254	80.333	123255	0	9
2018.10.31	80.335	80.377	79.822	79.910	105591	0	9
2018.11.01	79.910	81.250	79.850	81.098	104875	0	10
2018.11.02	81.097	81.932	81.020	81.479	121145	0	11
2018.11.05	81.352	81.706	81.236	81.607	84594	0	12
2018.11.06	81.604	82.199	81.590	82.171	85210	0	9
2018.11.07	82.168	82.686	81.862	82.565	131488	0	10
2018.11.08	82.583	83.042	82.502	82.755	104416	0	10
2018.11.09	82.736	82.870	82.101	82.205	104259	0	8
2018.11.12	82.120	82.502	81.640	81.640	96167	0	10
2018.11.13	81.641	82.364	81.377	82.132	120901	0	9
2018.11.14	82.147	82.459	81.776	82.110	133690	0	11
2018.11.15	82.178	82.886	82.075	82.675	137065	0	14
2018.11.16	82.675	82.811	82.078	82.686	104459	0	12
2018.11.19	82.457	82.613	81.864	82.085	87823	0	11
2018.11.20	82.083	82.215	81.265	81.326	110515	0	10
2018.11.21	81.324	82.226	81.182	82.109	93943	0	10
2018.11.22	82.108	82.232	81.688	81.912	68203	0	20
2018.11.23	81.905	81.972	81.418	81.660	69169	0	20
2018.11.26	81.599	82.372	81.574	82.002	82597	0	12
2018.11.27	82.000	82.559	81.816	82.194	94102	0	10
2018.11.28	82.198	83.178	82.157	83.036	91156	0	10
2018.11.29	83.046	83.210	82.735	83.057	97454	0	7
2018.11.30	83.052	83.077	82.726	82.995	79268	0	19
2018.12.03	83.890	83.892	83.448	83.617	75932	0	10
2018.12.04	83.606	83.644	82.560	82.736	104950	0	10
2018.12.05	82.760	82.986	82.162	82.271	70427	0	6
2018.12.06	82.253	82.290	80.921	81.499	137558	0	13
2018.12.07	81.499	81.677	81.088	81.118	112513	0	14
2018.12.10	80.888	81.521	80.712	81.478	111313	0	11
2018.12.11	81.452	81.802	81.228	81.670	103656	0	9
2018.12.12	81.654	82.052	81.582	81.767	104882	0	15
2018.12.13	81.768	82.199	81.681	82.081	92825	0	17
2018.12.14	82.089	82.118	81.243	81.317	88371	0	7
2018.12.17	81.285	81.492	80.819	80.943	84470	0	10
2018.12.18	80.962	81.198	80.655	80.779	98745	0	14
2018.12.19	80.828	81.005	79.550	79.937	112891	0	11
2018.12.20	79.939	80.199	78.823	79.075	134102	0	10
2018.12.21	79.118	79.257	78.204	78.218	111941	0	11
2018.12.24	78.177	78.496	77.686	77.710	77785	0	13
2018.12.26	77.746	78.727	77.678	78.671	55013	0	6
2018.12.27	78.697	78.707	77.521	78.034	133959	0	15
2018.12.28	77.997	78.115	77.524	77.599	75367	0	19
2018.12.31	77.650	78.049	77.143	77.207	60677	0	8
2019.01.02	76.721	76.945	75.977	76.049	84671	0	6
2019.01.03	76.049	76.049	70.309	75.410	169591	0	10
2019.01.04	75.392	77.285	75.230	77.217	137253	0	8
2019.01.07	77.168	77.721	77.019	77.695	92666	0	9
2019.01.08	77.695	77.831	77.286	77.616	97892	0	11
2019.01.09	77.615	78.106	77.396	77.567	105526	0	6
2019.01.10	77.568	77.994	77.075	77.899	80184	0	6
2019.01.11	77.901	78.341	77.811	78.290	81915	0	6
2019.01.14	78.202	78.251	77.554	77.816	58399	0	8
2019.01.15	77.818	78.508	77.760	78.240	80096	0	13
2019.01.16	78.277	78.366	77.897	78.179	65211	0	11
2019.01.17	78.181	78.965	77.748	78.569	80428	0	12
2019.01.18	78.559	79.093	78.381	78.595	69290	0	20
2019.01.21	78.550	78.701	78.274	78.488	57917	0	12
2019.01.22	78.488	78.518	77.724	77.873	65726	0	10
2019.01.23	77.861	78.407	77.826	78.257	69797	0	11
2019.01.24	78.259	78.530	77.627	77.748	80338	0	11
2019.01.25	77.732	78.825	77.499	78.610	78733	0	20
2019.01.28	78.597	78.812	78.185	78.318	62089	0	12
2019.01.29	78.324	78.473	77.953	78.261	71076	0	9
2019.01.30	78.251	79.276	78.161	79.014	85764	0	9
2019.01.31	79.021	79.386	78.860	79.186	80781	0	10
2019.02.01	79.172	79.594	78.724	79.331	71398	0	9
2019.02.04	79.346	79.524	79.158	79.389	60543	0	11
2019.02.05	79.395	79.833	79.081	79.539	63376	0	20
2019.02.06	79.546	79.647	78.046	78.120	71611	0	9
2019.02.07	78.156	78.236	77.738	77.965	68054	0	8
2019.02.08	77.999	78.005	77.428	77.797	60308	0	11
2019.02.11	77.748	78.144	77.714	77.932	56203	0	9
2019.02.12	77.933	78.465	77.883	78.374	66601	0	11
2019.02.13	78.379	78.938	78.322	78.675	69485	0	9
2019.02.14	78.676	79.227	78.234	78.479	78879	0	9
2019.02.15	78.487	78.926	78.085	78.803	71476	0	8
2019.02.18	78.769	79.184	78.763	78.835	58434	0	12
2019.02.19	78.843	79.344	78.504	79.234	69305	0	20
2019.02.20	79.230	79.563	79.111	79.392	70443	0	8
2019.02.21	79.398	79.807	78.323	78.472	90905	0	9
2019.02.22	78.476	79.086	78.388	78.867	74875	0	14
2019.02.25	78.950	79.767	78.889	79.575	69226	0	10
2019.02.26	79.603	79.655	79.157	79.427	69127	0	8
2019.02.27	79.472	79.560	78.934	79.234	76326	0	9
2019.02.28	79.243	79.460	78.922	78.999	80416	0	8
2019.03.01	78.996	79.639	78.970	79.220	66984	0	12
2019.03.04	79.453	79.548	79.026	79.225	75499	0	2
2019.03.05	79.231	79.357	79.000	79.242	67962	0	20
2019.03.06	79.250	79.332	78.378	78.582	71961	0	20
2019.03.07	78.584	78.749	78.145	78.239	68453	0	10
2019.03.08	78.273	78.406	77.718	78.296	74324	0	12
2019.03.11	78.194	78.709	77.900	78.601	60735	0	18
2019.03.12	78.605	78.919	78.500	78.814	65071	0	20
2019.03.13	78.816	78.912	78.363	78.904	68896	0	11
2019.03.14	78.909	78.970	78.561	78.878	71368	0	9
2019.03.15	78.882	79.234	78.864	78.983	57128	0	9
2019.03.18	78.955	79.404	78.907	79.107	53202	0	9
2019.03.19	79.114	79.185	78.857	78.942	56473	0	12
2019.03.20	78.942	79.301	78.701	78.830	72920	0	6
2019.03.21	78.830	79.345	78.573	78.823	85473	0	15
2019.03.22	78.823	78.853	77.767	77.814	96328	0	8
2019.03.25	77.876	78.337	77.530	78.193	88068	0	15
2019.03.26	78.193	78.991	78.180	78.909	75175	0	11
2019.03.27	78.912	78.938	77.997	78.264	97082	0	14
2019.03.28	78.264	78.433	77.902	78.281	83553	0	11
2019.03.29	78.281	78.695	78.259	78.634	68816	0	8
2019.04.01	79.007	79.256	78.786	79.177	63207	0	20
2019.04.02	79.177	79.393	78.501	78.693	59007	0	9
2019.04.03	78.702	79.454	78.482	79.283	63429	0	20
2019.04.04	79.282	79.455	79.139	79.394	54419	0	11
2019.04.05	79.411	79.625	79.245	79.353	55948	0	11
2019.04.08	79.304	79.497	78.941	79.432	47715	0	10
2019.04.09	79.442	79.603	79.128	79.179	55604	0	11
2019.04.10	79.190	79.598	78.995	79.583	65022	0	8
2019.04.11	79.600	79.623	79.413	79.506	60400	0	10
2019.04.12	79.500	80.475	79.449	80.323	60274	0	13
2019.04.15	80.327	80.434	80.182	80.348	47044	0	11
2019.04.16	80.341	80.377	79.879	80.348	60315	0	11
2019.04.17	80.360	80.710	80.087	80.407	61004	0	10
2019.04.18	80.418	80.581	79.901	80.059	60673	0	8
2019.04.19	80.009	80.101	79.937	80.020	43492	0	11
2019.04.22	79.981	80.069	79.763	79.837	29419	0	9
2019.04.23	79.860	79.901	79.246	79.421	48551	0	10
2019.04.24	79.420	79.425	78.381	78.611	69374	0	10
2019.04.25	78.614	78.701	78.098	78.301	58601	0	12
2019.04.26	78.310	78.791	78.165	78.554	59065	0	6
2019.04.29	78.512	78.934	78.480	78.755	32537	0	7
2019.04.30	78.774	78.917	78.278	78.519	52782	0	3
2019.05.01	78.511	78.691	78.108	78.108	47962	0	9
2019.05.02	78.129	78.453	77.949	78.038	50501	0	20
2019.05.03	78.036	78.172	77.820	78.017	55557	0	11
2019.05.06	77.087	77.655	76.781	77.416	69821	0	20
2019.05.07	77.413	78.034	77.107	77.278	78689	0	12
2019.05.08	77.278	77.369	76.886	76.928	84201	0	9
2019.05.09	76.918	76.984	76.332	76.681	91121	0	11
2019.05.10	76.683	77.226	76.562	76.948	110669	0	7
2019.05.13	76.736	76.869	75.722	75.885	84405	0	8
2019.05.14	75.889	76.349	75.778	76.085	67357	0	12
2019.05.15	76.082	76.159	75.515	75.901	77201	0	7
2019.05.16	75.924	75.990	75.389	75.675	68122	0	8
2019.05.17	75.684	75.830	75.320	75.559	87938	0	10
2019.05.20	76.021	76.381	75.799	76.002	66836	0	11
2019.05.21	76.001	76.272	75.609	76.031	71511	0	9
2019.05.22	76.030	76.175	75.822	75.914	56868	0	9
2019.05.23	75.918	75.927	75.435	75.602	78347	0	0
2019.05.24	75.606	75.819	75.380	75.687	64594	0	8
2019.05.27	75.770	75.999	75.701	75.729	44918	0	11
2019.05.28	75.732	75.943	75.538	75.693	73897	0	12
2019.05.29	75.704	75.855	75.444	75.783	81434	0	20
2019.05.30	75.788	76.154	75.619	75.748	69308	0	20
2019.05.31	75.748	75.777	75.072	75.076	104359	0	11
2019.06.03	75.067	75.474	74.957	75.374	98117	0	16
2019.06.04	75.372	75.685	75.060	75.589	95532	0	9
2019.06.05	75.594	75.892	75.392	75.570	95079	0	5
2019.06.06	75.563	75.764	75.265	75.601	89163	0	9
2019.06.07	75.604	75.805	75.480	75.716	91257	0	10
2019.06.10	75.972	75.994	75.404	75.444	73045	0	10
2019.06.11	75.442	75.667	75.385	75.528	73311	0	9
2019.06.12	75.531	75.578	75.133	75.162	79712	0	6
2019.06.13	75.163	75.275	74.761	74.924	66628	0	8
2019.06.14	74.924	74.958	74.472	74.565	69593	0	11
2019.06.17	74.568	74.771	74.344	74.365	48194	0	8
2019.06.18	74.364	74.656	73.917	74.567	80517	0	6
2019.06.19	74.558	74.764	74.296	74.363	78517	0	9
2019.06.20	74.392	74.669	74.121	74.255	100475	0	9
2019.06.21	74.274	74.526	74.131	74.325	88390	0	10
2019.06.24	74.359	74.775	74.334	74.698	66649	0	8
2019.06.25	74.703	74.846	74.326	74.585	103339	0	11
2019.06.26	74.582	75.343	74.521	75.270	83817	0	9
2019.06.27	75.275	75.610	75.191	75.543	70133	0	9
2019.06.28	75.532	75.778	75.316	75.755	69433	0	8
2019.07.01	75.766	76.274	75.417	75.506	69107	0	8
2019.07.02	75.505	75.735	75.304	75.445	62780	0	14
2019.07.03	75.438	75.894	75.122	75.764	56807	0	8
2019.07.04	75.764	75.916	75.606	75.677	33136	0	7
2019.07.05	75.678	75.888	75.541	75.673	54649	0	14
2019.07.08	75.602	75.885	75.590	75.786	23969	0	7
2019.07.09	75.786	75.910	75.298	75.392	49231	0	7
2019.07.10	75.392	75.617	75.288	75.466	63138	0	7
2019.07.11	75.466	75.695	75.179	75.665	56474	0	7
2019.07.12	75.665	75.905	75.536	75.724	50748	0	7
2019.07.15	75.636	76.018	75.615	75.948	49208	0	7
2019.07.16	75.946	76.141	75.818	75.892	61200	0	7
2019.07.17	75.883	76.002	75.655	75.660	52001	0	7
2019.07.18	75.654	75.984	75.437	75.905	72482	0	7
2019.07.19	75.899	76.107	75.812	75.856	76633	0	7
2019.07.22	75.869	76.158	75.840	75.876	60246	0	7
2019.07.23	75.874	76.069	75.612	75.796	52093	0	7
2019.07.24	75.793	75.825	75.340	75.460	48024	0	7
2019.07.25	75.460	75.586	75.248	75.491	57636	0	7
2019.07.26	75.491	75.582	75.021	75.055	38938	0	7
2019.07.29	75.004	75.191	74.900	75.068	33704	0	7
2019.07.30	75.067	75.190	74.583	74.617	52133	0	7
2019.07.31	74.618	74.889	74.347	74.423	82637	0	7
2019.08.01	74.422	74.851	72.944	72.968	84143	0	7
2019.08.02	72.966	73.160	72.214	72.446	122239	0	7
2019.08.05	72.388	72.461	71.396	71.561	136628	0	7
2019.08.06	71.561	72.713	71.239	71.955	137567	0	7
2019.08.07	71.960	72.050	70.737	71.791	145724	0	7
2019.08.08	71.791	72.355	71.546	72.156	91989	0	7
2019.08.09	72.155	72.232	71.474	71.673	89403	0	7
2019.08.12	71.557	71.691	70.898	71.061	92875	0	7
2019.08.13	71.065	72.926	70.961	72.555	129704	0	7
2019.08.14	72.539	72.571	71.246	71.445	139735	0	7
2019.08.15	71.446	72.502	71.325	71.882	157141	0	7
2019.08.16	71.881	72.231	71.801	72.067	107488	0	7
2019.08.19	71.998	72.304	71.970	72.121	91728	0	7
2019.08.20	72.121	72.353	71.902	71.982	87816	0	7
2019.08.21	71.982	72.397	71.958	72.285	80430	0	7
2019.08.22	72.279	72.356	71.833	71.902	95620	0	7
2019.08.23	71.894	72.105	71.027	71.169	138357	0	7
2019.08.26	70.717	72.073	69.951	71.872	190386	0	7
2019.08.27	71.878	71.931	71.255	71.384	117289	0	6
2019.08.28	71.386	71.584	71.213	71.445	107218	0	6
2019.08.29	71.442	71.804	71.115	71.660	120555	0	6
2019.08.30	71.660	71.751	71.330	71.577	108600	0	6
2019.09.02	71.299	71.530	71.203	71.315	66293	0	6
2019.09.03	71.318	71.721	71.088	71.587	110194	0	6
2019.09.04	71.586	72.342	71.541	72.297	91516	0	6
2019.09.05	72.296	73.143	72.243	72.860	102834	0	6
2019.09.06	72.852	73.279	72.838	73.216	96221	0	6
2019.09.09	73.033	73.660	73.032	73.562	81532	0	6
2019.09.10	73.557	73.830	73.410	73.778	89623	0	6
2019.09.11	73.776	74.198	73.666	73.964	72725	0	6
2019.09.12	73.964	74.477	73.868	74.206	101274	0	6
2019.09.13	74.207	74.493	74.151	74.332	74558	0	6
2019.09.16	74.298	74.298	73.786	74.213	89555	0	6
2019.09.17	74.191	74.290	73.890	74.225	79681	0	6
2019.09.18	74.214	74.257	73.844	74.027	73359	0	6
2019.09.19	74.026	74.056	73.117	73.349	80970	0	6
2019.09.20	73.346	73.454	72.688	72.741	64438	0	6
2019.09.23	72.904	73.038	72.616	72.834	66342	0	6
2019.09.24	72.829	73.299	72.714	72.802	86484	0	6
2019.09.25	72.809	73.078	72.477	72.747	85910	0	6
2019.09.26	72.738	72.988	72.620	72.751	78861	0	6
2019.09.27	72.753	73.315	72.617	73.005	79901	0	6
2019.09.30	72.988	73.094	72.697	72.941	69385	0	6
2019.10.01	72.941	73.366	72.040	72.215	90387	0	6
2019.10.02	72.210	72.480	71.730	71.849	81609	0	6
2019.10.03	71.850	72.162	71.736	72.060	78436	0	5
2019.10.04	72.052	72.451	71.989	72.308	65866	0	6
2019.10.07	72.051	72.416	71.916	72.191	62948	0	6
2019.10.08	72.191	72.539	71.944	72.031	83273	0	6
2019.10.09	72.020	72.484	71.917	72.246	66508	0	6
2019.10.10	72.247	73.076	71.838	72.978	100495	0	4
2019.10.11	72.976	73.952	72.856	73.636	87725	0	6
2019.10.14	73.536	73.743	72.991	73.415	63727	0	6
2019.10.15	73.415	73.684	73.077	73.485	76996	0	6
2019.10.16	73.484	73.554	73.026	73.479	83729	0	6
2019.10.17	73.481	74.398	73.395	74.110	82913	0	6
2019.10.18	74.102	74.352	74.061	74.295	55381	0	6
2019.10.21	74.199	74.723	74.087	74.580	56387	0	6
2019.10.22	74.582	74.820	74.297	74.356	60111	0	5
2019.10.23	74.356	74.509	74.012	74.462	65202	0	6
2019.10.24	74.462	74.498	73.924	74.031	63661	0	6
2019.10.25	74.034	74.309	73.960	74.109	50520	0	6
2019.10.28	74.158	74.578	74.065	74.517	47219	0	6
2019.10.29	74.513	74.818	74.480	74.709	52883	0	6
2019.10.30	74.709	75.141	74.524	75.103	70649	0	6
2019.10.31	75.103	75.290	74.314	74.437	70396	0	6
2019.11.01	74.437	74.881	74.348	74.770	51282	0	6
2019.11.04	74.824	75.003	74.705	74.728	48157	0	6
2019.11.05	74.728	75.406	74.661	75.240	74083	0	6
2019.11.06	75.240	75.301	74.814	75.005	54975	0	5
2019.11.07	75.003	75.668	74.562	75.370	78125	0	6
2019.11.08	75.368	75.556	74.741	74.907	61579	0	6
2019.11.11	74.912	74.956	74.602	74.698	41787	0	6
2019.11.12	74.698	74.938	74.518	74.561	59418	0	5
2019.11.13	74.560	74.704	74.191	74.399	59679	0	6
2019.11.14	74.399	74.425	73.352	73.558	60523	0	6
2019.11.15	73.556	74.197	73.524	74.172	47036	0	5
2019.11.18	74.121	74.318	73.886	73.983	48321	0	6
2019.11.19	73.985	74.275	73.588	74.100	47680	0	6
2019.11.20	74.090	74.157	73.625	73.870	64503	0	6
2019.11.21	73.870	74.047	73.486	73.705	71744	0	6
2019.11.22	73.707	73.916	73.584	73.702	55292	0	6
2019.11.25	73.738	73.995	73.718	73.807	45508	0	5
2019.11.26	73.792	74.101	73.710	74.001	57968	0	6
2019.11.27	73.994	74.290	73.896	74.219	48250	0	6
2019.11.28	74.213	74.239	73.907	74.122	36971	0	6
2019.11.29	74.124	74.271	73.921	73.997	44446	0	6
2019.12.02	74.117	74.515	74.048	74.292	57585	0	6
2019.12.03	74.293	74.840	74.181	74.371	66201	0	6
2019.12.04	74.371	74.639	73.891	74.544	66389	0	6
2019.12.05	74.536	74.623	74.162	74.308	52931	0	5
2019.12.06	74.309	74.531	74.163	74.269	50303	0	6
2019.12.09	74.205	74.287	73.970	74.062	38208	0	6
2019.12.10	74.059	74.273	73.821	74.023	49746	0	6
2019.12.11	74.023	74.751	73.938	74.638	52543	0	6
2019.12.12	74.638	75.594	74.537	75.494	71056	0	6
2019.12.13	75.490	75.971	74.971	75.170	95140	0	6
2019.12.16	75.229	75.627	75.120	75.414	45975	0	5
2019.12.17	75.411	75.429	74.938	75.006	49384	0	6
2019.12.18	75.006	75.204	74.845	75.073	42107	0	5
2019.12.19	75.073	75.428	75.033	75.293	49353	0	5
2019.12.20	75.294	75.609	75.215	75.519	40947	0	6
2019.12.23	75.517	75.790	75.372	75.712	36080	0	6
2019.12.24	75.714	75.778	75.589	75.640	33459	0	4
2019.12.26	75.876	76.182	75.821	76.143	19832	0	6
2019.12.27	76.143	76.541	76.020	76.449	40778	0	6
2019.12.30	76.445	76.503	76.085	76.145	43378	0	6
2019.12.31	76.146	76.430	76.052	76.240	36836	0	6
2020.01.02	76.158	76.234	75.666	75.879	38765	0	6
2020.01.03	75.874	75.898	74.850	75.078	78184	0	6
2020.01.06	74.887	75.267	74.730	75.196	66445	0	6
2020.01.07	75.196	75.259	74.342	74.495	67190	0	6
2020.01.08	74.495	75.063	73.757	74.908	110779	0	6
2020.01.09	74.908	75.197	74.837	75.110	52621	0	6
2020.01.10	75.104	75.692	75.008	75.538	50607	0	6
2020.01.13	75.533	76.005	75.502	75.893	49216	0	6
2020.01.14	75.893	76.102	75.737	75.895	62692	0	6
2020.01.15	75.894	76.033	75.575	75.832	57085	0	4
2020.01.16	75.828	76.241	75.824	75.961	53134	0	6
2020.01.17	75.961	76.162	75.681	75.691	46803	0	6
2020.01.20	75.662	75.891	75.520	75.717	28354	0	6
2020.01.21	75.717	75.809	75.103	75.190	56406	0	6
2020.01.22	75.190	75.402	75.026	75.172	48593	0	6
2020.01.23	75.172	75.485	74.645	74.963	64039	0	6
2020.01.24	74.962	75.168	74.420	74.582	53560	0	6
2020.01.27	74.197	74.327	73.536	73.609	76718	0	6
2020.01.28	73.610	73.828	73.289	73.804	56791	0	6
2020.01.29	73.804	74.004	73.440	73.617	57493	0	6
2020.01.30	73.575	73.640	72.798	73.216	79705	0	6
2020.01.31	73.217	73.435	72.430	72.441	76353	0	6
2020.02.03	72.473	72.919	72.407	72.716	77880	0	6
2020.02.04	72.718	73.838	72.494	73.798	71575	0	6
2020.02.05	73.794	74.339	73.535	74.084	77895	0	6
2020.02.06	74.084	74.383	73.971	74.013	56542	0	6
2020.02.07	74.013	74.087	73.041	73.284	61016	0	6
2020.02.10	73.116	73.667	73.048	73.394	59518	0	6
2020.02.11	73.393	73.998	73.317	73.705	48967	0	6
2020.02.12	73.703	74.291	73.676	74.148	51750	0	6
2020.02.13	74.147	74.169	73.641	73.785	64524	0	6
2020.02.14	73.773	73.981	73.604	73.693	42737	0	6
2020.02.17	73.804	73.948	73.690	73.761	34473	0	6
2020.02.18	73.759	73.769	73.184	73.458	49592	0	6
2020.02.19	73.461	74.470	73.419	74.300	49591	0	6
2020.02.20	74.305	74.412	73.785	74.137	80883	0	6
2020.02.21	74.131	74.291	73.422	73.925	72867	0	6
2020.02.24	73.317	73.905	72.995	73.089	96101	0	6
2020.02.25	73.088	73.495	72.521	72.750	116025	0	6
2020.02.26	72.749	73.008	72.218	72.250	125391	0	6
2020.02.27	72.249	72.586	71.978	71.989	147405	0	4
2020.02.28	71.974	72.197	69.373	70.294	202727	0	4
2020.03.02	69.566	71.195	69.535	70.797	112793	0	1
2020.03.03	70.819	71.506	70.286	70.488	108806	0	4
2020.03.04	70.481	71.314	70.296	71.240	83336	0	2
2020.03.05	71.241	71.421	69.946	70.193	73717	0	4
2020.03.06	70.192	70.423	69.577	69.985	105807	0	4
2020.03.09	68.858	69.174	64.346	67.352	221727	0	4
2020.03.10	67.351	68.977	67.048	68.312	259947	0	20
2020.03.11	68.312	68.777	67.606	67.722	166618	0	4
2020.03.12	67.714	67.952	65.032	66.014	160668	0	4
2020.03.13	65.997	67.740	65.520	66.694	172101	0	0
2020.03.16	66.732	67.099	64.042	64.574	163310	0	0
2020.03.17	64.587	65.828	63.916	64.700	168442	0	0
2020.03.18	64.700	64.784	61.666	62.454	166050	0	0
2020.03.19	62.454	65.526	59.863	63.612	197346	0	0
2020.03.20	63.612	65.620	62.748	64.312	185722	0	0
2020.03.23	64.285	64.887	62.912	64.732	188393	0	0
2020.03.24	64.732	66.635	64.515	66.386	161077	0	0
2020.03.25	66.386	67.702	65.916	66.170	140284	0	0
2020.03.26	66.198	66.585	64.905	66.048	136626	0	0
2020.03.27	66.040	66.924	65.479	66.555	132931	0	0
2020.03.30	66.262	66.636	65.726	66.475	120384	0	0
2020.03.31	66.475	67.260	65.576	65.955	138144	0	0
2020.04.01	65.911	66.349	64.865	65.023	115877	0	0
2020.04.02	65.049	65.620	64.389	65.335	109342	0	0
2020.04.03	65.340	65.610	64.830	65.002	96626	0	1
2020.04.06	65.113	66.594	64.862	66.460	92934	0	0
2020.04.07	66.467	67.670	66.362	67.095	98439	0	0
2020.04.08	67.095	67.928	66.470	67.789	82767	0	0
2020.04.09	67.789	68.872	67.484	68.744	83457	0	0
2020.04.10	68.745	69.028	68.428	68.822	29379	0	2
2020.04.13	68.811	68.970	68.333	68.765	55767	0	0
2020.04.14	68.727	69.258	68.503	69.059	64490	0	0
2020.04.15	69.058	69.075	67.580	67.883	68813	0	0
2020.04.16	67.875	68.279	67.586	68.278	80102	0	0
2020.04.17	68.278	68.942	68.071	68.422	78614	0	0
2020.04.20	68.287	68.893	68.180	68.181	61572	0	0
2020.04.21	68.185	68.354	67.289	67.694	76173	0	0
2020.04.22	67.684	68.463	67.533	68.110	62816	0	0
2020.04.23	68.112	69.006	67.748	68.525	71014	0	0
2020.04.24	68.525	68.741	68.213	68.741	55008	0	0
2020.04.27	68.632	69.376	68.558	69.311	52712	0	0
2020.04.28	69.335	69.562	69.029	69.341	54527	0	0
2020.04.29	69.341	69.931	69.281	69.892	52955	0	0
2020.04.30	69.825	70.168	69.241	69.737	64955	0	0
2020.05.01	69.737	69.789	68.498	68.624	52144	0	0
2020.05.04	68.452	68.713	67.990	68.525	52990	0	0
2020.05.05	68.525	68.986	68.457	68.538	50670	0	0
2020.05.06	68.519	68.621	67.843	67.843	53171	0	0
2020.05.07	67.943	69.156	67.628	68.987	55895	0	0
2020.05.08	68.987	69.724	68.987	69.643	48563	0	0
2020.05.11	69.557	70.172	69.378	69.806	54813	0	0
2020.05.12	69.806	70.153	69.136	69.281	55813	0	0
2020.05.13	69.291	69.759	68.888	69.053	66983	0	0
2020.05.14	69.053	69.394	68.548	69.270	61279	0	0
2020.05.15	69.270	69.530	68.675	68.748	52743	0	0
2020.05.18	68.726	70.071	68.625	69.958	48645	0	0
2020.05.19	69.958	70.959	69.873	70.370	56020	0	0
2020.05.20	70.370	71.031	70.268	70.870	50147	0	0
2020.05.21	70.870	71.082	70.493	70.626	52919	0	0
2020.05.22	70.626	70.793	69.938	70.321	46960	0	0
2020.05.25	70.246	70.576	70.196	70.495	30981	0	0
2020.05.26	70.459	71.782	70.361	71.465	51426	0	0
2020.05.27	71.465	71.922	70.813	71.292	67490	0	0
2020.05.28	71.307	71.775	71.014	71.394	63285	0	0
2020.05.29	71.394	71.928	71.136	71.860	72948	0	0
2020.06.01	71.682	73.190	71.601	73.116	62031	0	0
2020.06.02	73.116	74.972	72.928	74.919	67514	0	0
2020.06.03	74.919	75.763	74.404	75.336	81784	0	0
2020.06.04	75.336	76.202	74.852	75.755	76784	0	0
2020.06.05	75.755	76.746	75.590	76.328	73592	0	0
2020.06.08	76.298	76.787	75.554	76.095	61315	0	0
2020.06.09	76.095	76.269	74.467	74.971	74504	0	0
2020.06.10	74.985	75.609	74.720	74.958	82293	0	0
2020.06.11	74.953	75.039	73.084	73.227	100182	0	0
2020.06.12	73.227	74.298	72.526	73.748	105265	0	0
2020.06.15	73.378	74.340	72.650	74.254	96595	0	0
2020.06.16	74.254	75.087	73.318	73.929	92095	0	0
2020.06.17	73.921	74.306	73.462	73.641	77284	0	0
2020.06.18	73.641	73.889	72.982	73.287	76584	0	0
2020.06.19	73.287	73.822	72.971	73.041	67582	0	0
2020.06.22	72.693	73.990	72.693	73.825	58023	0	0
2020.06.23	73.825	74.419	73.200	73.811	74612	0	0
2020.06.24	73.795	74.158	73.303	73.518	73428	0	0
2020.06.25	73.502	73.869	73.312	73.815	68300	0	0
2020.06.26	73.808	73.906	73.306	73.554	59957	0	0
2020.06.29	73.435	73.984	73.326	73.800	62287	0	0
2020.06.30	73.817	74.591	73.603	74.493	66710	0	0
2020.07.01	74.506	74.698	73.851	74.306	63520	0	0
2020.07.02	74.309	74.700	74.177	74.393	64727	0	0
2020.07.03	74.409	74.670	74.323	74.596	45175	0	0
2020.07.06	74.462	75.157	74.400	74.814	51495	0	0
2020.07.07	74.849	75.057	74.558	74.682	59303	0	0
2020.07.08	74.733	74.957	74.505	74.872	60282	0	1
2020.07.09	74.865	75.057	74.565	74.643	64527	0	0
2020.07.10	74.650	74.688	73.979	74.268	56147	0	0
2020.07.13	74.290	75.006	74.189	74.456	60203	0	0
2020.07.14	74.455	74.817	74.242	74.792	73905	0	0
2020.07.15	74.780	75.273	74.686	74.930	61925	0	0
2020.07.16	74.921	75.096	74.679	74.749	61966	0	0
2020.07.17	74.738	74.963	74.685	74.862	42492	0	0
2020.07.20	74.785	75.302	74.749	75.255	44897	0	0
2020.07.21	75.239	76.312	75.100	76.117	50034	0	0
2020.07.22	76.120	76.870	75.985	76.510	53852	0	0
2020.07.23	76.524	76.707	75.772	75.846	60272	0	0
2020.07.24	75.845	75.966	74.861	75.396	62205	0	0
2020.07.27	75.140	75.420	75.004	75.332	56013	0	0
2020.07.28	75.332	75.575	75.003	75.173	60651	0	0
2020.07.29	75.187	75.513	75.082	75.406	58253	0	0
2020.07.30	75.349	75.475	74.823	75.342	61053	0	0
2020.07.31	75.323	75.919	75.013	75.648	77084	0	0
2020.08.03	75.401	75.802	75.098	75.468	67794	0	0
2020.08.04	75.467	75.780	75.385	75.694	58780	0	0
2020.08.05	75.694	76.406	75.596	75.936	59624	0	0
2020.08.06	75.921	76.437	75.660	76.364	64190	0	0
2020.08.07	76.350	76.434	75.724	75.822	61937	0	0
2020.08.10	75.776	76.017	75.682	75.747	44533	0	0
2020.08.11	75.729	76.333	75.676	76.060	58950	0	0
2020.08.12	76.050	76.714	75.859	76.563	64236	0	0
2020.08.13	76.524	76.700	76.311	76.430	54931	0	0
2020.08.14	76.422	76.540	76.148	76.432	41418	0	0
2020.08.17	76.326	76.677	76.326	76.469	41637	0	0
2020.08.18	76.447	76.547	76.114	76.343	51404	0	0
2020.08.19	76.342	76.677	76.141	76.193	56199	0	0
2020.08.20	76.193	76.312	75.609	76.088	58184	0	0
2020.08.21	76.065	76.274	75.627	75.755	53245	0	0
2020.08.24	75.521	76.147	75.521	75.901	42483	0	0
2020.08.25	75.882	76.556	75.855	76.534	48266	0	0
2020.08.26	76.532	76.765	76.426	76.658	46262	0	0
2020.08.27	76.654	77.420	76.592	77.351	65318	0	0
2020.08.28	77.350	77.956	77.086	77.586	70136	0	0
2020.08.31	77.519	78.458	77.406	78.112	58643	0	0
2020.09.01	78.112	78.358	78.005	78.103	68790	0	0
2020.09.02	78.103	78.169	77.535	77.914	56985	0	0
2020.09.03	77.907	77.932	77.061	77.225	61789	0	0
2020.09.04	77.229	77.523	76.767	77.382	59758	0	0
2020.09.07	77.414	77.596	77.235	77.301	34123	0	0
2020.09.08	77.302	77.639	76.450	76.478	55017	0	0
2020.09.09	76.473	77.420	76.103	77.323	52300	0	0
2020.09.10	77.305	77.731	76.922	77.020	55053	0	0
2020.09.11	77.017	77.584	76.953	77.284	47178	0	0
2020.09.14	77.197	77.346	76.953	77.051	37026	0	0
2020.09.15	77.049	77.504	76.784	76.985	37289	0	0
2020.09.16	76.988	77.179	76.441	76.665	46752	0	0
2020.09.17	76.661	76.781	76.102	76.582	54296	0	0
2020.09.18	76.600	76.851	75.981	76.206	42798	0	0
2020.09.21	76.288	76.390	75.263	75.587	50880	0	0
2020.09.22	75.587	75.767	75.114	75.227	48593	0	0
2020.09.23	75.227	75.389	74.492	74.519	56637	0	0
2020.09.24	74.520	74.632	73.972	74.252	63536	0	0
2020.09.25	74.253	74.627	74.012	74.200	51033	0	0
2020.09.28	74.148	74.644	74.113	74.571	46331	0	0
2020.09.29	74.570	75.425	74.567	75.303	47668	0	0
2020.09.30	75.330	75.701	74.870	75.532	59166	0	0
2020.10.01	75.535	76.051	75.440	75.797	58168	0	0
2020.10.02	75.781	75.869	74.928	75.443	65384	0	0
2020.10.05	75.422	76.033	75.356	75.897	45703	0	0
2020.10.06	75.895	76.162	74.998	75.011	56381	0	0
2020.10.07	75.007	75.747	74.929	75.647	50997	0	0
2020.10.08	75.633	75.999	75.529	75.977	43563	0	0
2020.10.09	75.977	76.518	75.879	76.476	45514	0	0
2020.10.12	76.460	76.511	75.868	75.910	40897	0	0
2020.10.13	75.923	75.990	75.438	75.513	51531	0	0
2020.10.14	75.512	75.716	75.173	75.321	49934	0	0
2020.10.15	75.313	75.358	74.252	74.787	61111	0	0
2020.10.16	74.787	74.821	74.389	74.578	49278	0	0
2020.10.19	74.532	74.947	74.408	74.494	44114	0	0
2020.10.20	74.481	74.611	74.202	74.352	48491	0	0
2020.10.21	74.352	74.609	74.200	74.418	54395	0	0
2020.10.22	74.431	74.672	74.185	74.636	48833	0	0
2020.10.23	74.636	74.923	74.367	74.730	44196	0	0
2020.10.26	74.740	74.943	74.498	74.626	50163	0	0
2020.10.27	74.627	74.784	74.274	74.418	43788	0	0
2020.10.28	74.418	74.629	73.387	73.496	59394	0	0
2020.10.29	73.496	73.851	73.134	73.531	60458	0	0
2020.10.30	73.533	73.918	73.142	73.552	66046	0	0
2020.11.02	73.362	73.957	73.177	73.878	50587	0	0
2020.11.03	73.880	75.011	73.607	74.815	47595	0	0
2020.11.04	74.818	75.471	74.066	75.008	105163	0	0
2020.11.05	74.989	75.458	74.560	75.373	109934	0	0
2020.11.06	75.373	75.373	74.898	75.037	104084	0	0
2020.11.09	75.134	77.035	75.071	76.708	125588	0	0
2020.11.10	76.711	76.821	76.243	76.672	112827	0	0
2020.11.11	76.674	77.098	76.505	76.753	76644	0	0
2020.11.12	76.755	76.823	75.916	76.036	79237	0	0
2020.11.13	76.017	76.301	75.756	76.043	67758	0	0
2020.11.16	76.038	76.769	75.969	76.530	78839	0	0
2020.11.17	76.541	76.572	75.894	76.054	67199	0	0
2020.11.18	76.036	76.157	75.692	75.843	75310	0	0
2020.11.19	75.839	75.871	75.403	75.566	76785	0	0
2020.11.20	75.549	75.976	75.394	75.847	66881	0	0
2020.11.23	75.731	76.216	75.731	76.132	65757	0	0
2020.11.24	76.105	76.932	76.078	76.867	75117	0	0
2020.11.25	76.874	77.042	76.453	76.914	74363	0	0
2020.11.26	76.886	76.931	76.660	76.716	45867	0	0
2020.11.27	76.689	76.952	76.497	76.864	54976	0	0
2020.11.30	76.767	77.113	76.582	76.586	74693	0	0
2020.12.01	76.579	76.975	76.540	76.900	69560	0	0
2020.12.02	76.879	77.476	76.826	77.426	73892	0	0
2020.12.03	77.431	77.562	77.161	77.199	70744	0	0
2020.12.04	77.214	77.499	77.001	77.377	72433	0	0
2020.12.07	77.344	77.501	76.898	77.194	69577	0	0
2020.12.08	77.196	77.370	77.062	77.179	76767	0	0
2020.12.09	77.177	77.943	77.109	77.608	73585	0	0
2020.12.10	77.583	78.579	77.351	78.530	82634	0	0
2020.12.11	78.529	78.778	78.190	78.389	72537	0	0
2020.12.14	78.452	78.702	78.274	78.355	71258	0	0
2020.12.15	78.354	78.543	78.144	78.346	63413	0	0
2020.12.16	78.353	78.430	78.123	78.385	68968	0	0
2020.12.17	78.398	78.821	78.284	78.560	64851	0	0
2020.12.18	78.561	78.823	78.436	78.739	67246	0	0
2020.12.21	78.517	78.635	77.490	78.358	102718	0	0
2020.12.22	78.364	78.417	77.848	77.941	78271	0	0
2020.12.23	77.933	78.582	77.863	78.449	69615	0	1
2020.12.24	78.413	78.842	78.326	78.721	44079	0	1
2020.12.28	78.661	78.880	78.476	78.637	61306	0	1
2020.12.29	78.657	78.955	78.565	78.756	53548	0	0
2020.12.30	78.776	79.393	78.699	79.297	70076	0	0
2020.12.31	79.273	79.791	79.184	79.590	58215	0	0
2021.01.04	79.373	79.680	78.848	79.007	95485	0	0
2021.01.05	78.968	79.836	78.968	79.690	94933	0	0
2021.01.06	79.699	80.511	79.528	80.362	132586	0	0
2021.01.07	80.366	80.683	80.161	80.613	101731	0	0
2021.01.08	80.604	80.924	80.382	80.725	117073	0	0
2021.01.11	80.474	80.648	79.993	80.235	87232	0	0
2021.01.12	80.232	80.689	80.138	80.631	87247	0	0
2021.01.13	80.629	80.720	80.262	80.314	74565	0	0
2021.01.14	80.331	80.851	80.266	80.736	81877	0	0
2021.01.15	80.737	80.787	79.717	80.009	78982	0	0
2021.01.18	79.987	80.065	79.509	79.615	68018	0	0
2021.01.19	79.640	80.315	79.522	79.958	71947	0	0
2021.01.20	79.952	80.342	79.888	80.178	73076	0	0
2021.01.21	80.178	80.513	80.136	80.320	75643	0	0
2021.01.22	80.322	80.442	79.900	80.058	72578	0	0
2021.01.25	80.066	80.339	79.759	80.027	78644	0	0
2021.01.26	80.006	80.344	79.603	80.195	68351	0	0
2021.01.27	80.189	80.437	79.626	79.745	99418	0	0
2021.01.28	79.739	80.234	79.199	80.018	108201	0	0
2021.01.29	80.041	80.647	79.805	80.023	119976	0	0
2021.02.01	79.822	80.207	79.686	79.940	93727	0	0
2021.02.02	79.943	80.366	79.536	79.849	79868	0	0
2021.02.03	79.846	80.123	79.814	80.021	71429	0	0
2021.02.04	80.019	80.329	79.954	80.194	69449	0	0
2021.02.05	80.179	80.918	80.039	80.903	69739	0	0
2021.02.08	80.722	81.189	80.722	81.025	58392	0	0
2021.02.09	81.025	81.157	80.644	80.922	62439	0	0
2021.02.10	80.923	81.097	80.751	80.751	67929	0	0
2021.02.11	80.751	81.371	80.671	81.186	74147	0	0
2021.02.12	81.186	81.484	81.086	81.432	71606	0	0
2021.02.15	81.399	82.052	81.393	81.969	59815	0	0
2021.02.16	81.968	82.413	81.879	82.230	100806	0	0
2021.02.17	82.226	82.292	81.759	82.034	119810	0	0
2021.02.18	82.038	82.301	81.826	82.089	109029	0	0
2021.02.19	82.084	83.156	81.991	82.949	103094	0	0
2021.02.22	82.915	83.433	82.912	83.141	115356	0	0
2021.02.23	83.140	83.364	82.912	83.258	112028	0	0
2021.02.24	83.250	84.419	83.152	84.355	139631	0	4
2021.02.25	84.355	84.951	83.505	83.622	179086	0	2
2021.02.26	83.622	83.820	81.980	82.074	225943	0	1
2021.03.01	82.074	83.129	82.043	82.950	142177	0	4
2021.03.02	82.960	83.634	82.622	83.410	131763	0	4
2021.03.03	83.410	83.753	83.122	83.165	107993	0	4
2021.03.04	83.157	84.037	83.005	83.389	146486	0	4
2021.03.05	83.343	83.590	82.775	83.256	122139	0	2
2021.03.08	83.223	83.741	82.925	83.251	164034	0	2
2021.03.09	83.252	83.912	83.026	83.708	148597	0	4
2021.03.10	83.708	83.921	83.477	83.821	138115	0	4
2021.03.11	83.821	84.534	83.744	84.500	119039	0	4
2021.03.12	84.495	84.777	84.209	84.585	121695	0	2
2021.03.15	84.529	84.729	84.111	84.605	102359	0	1
2021.03.16	84.608	84.664	84.191	84.378	95762	0	4
2021.03.17	84.376	85.007	84.123	84.855	103922	0	4
2021.03.18	84.857	85.446	84.353	84.487	134260	0	4
2021.03.19	84.486	84.583	84.111	84.334	124056	0	4
2021.03.22	83.874	84.377	83.718	84.287	92722	0	4
2021.03.23	84.286	84.305	82.689	82.864	104578	0	4
2021.03.24	82.865	83.037	82.284	82.430	108892	0	4
2021.03.25	82.429	83.062	82.417	82.757	121415	0	0
2021.03.26	82.755	83.807	82.743	83.806	91076	0	1
2021.03.29	83.719	83.932	83.337	83.810	96040	0	1
2021.03.30	83.810	84.284	83.694	83.824	92834	0	1
2021.03.31	83.819	84.475	83.738	84.060	57817	0	1
2021.04.01	84.083	84.272	83.432	84.224	55632	0	1
2021.04.02	84.224	84.483	84.021	84.202	36627	0	1
2021.04.05	84.050	84.386	84.042	84.292	58261	0	1
2021.04.06	84.292	84.462	83.788	84.089	89368	0	1
2021.04.07	84.089	84.243	83.489	83.620	101488	0	1
2021.04.08	83.620	83.784	83.289	83.611	86252	0	1
2021.04.09	83.611	83.788	83.037	83.547	89828	0	1
2021.04.12	83.331	83.686	83.153	83.365	83688	0	1
2021.04.13	83.365	83.464	83.035	83.330	94282	0	1
2021.04.14	83.286	84.286	83.108	84.138	77424	0	1
2021.04.15	84.156	84.412	83.882	84.298	67815	0	1
2021.04.16	84.295	84.376	84.077	84.134	57299	0	1
2021.04.19	83.973	84.147	83.749	83.878	67556	0	1
2021.04.20	83.878	84.716	83.357	83.483	70317	0	1
2021.04.21	83.485	83.923	83.221	83.758	62330	0	1
2021.04.22	83.756	83.860	83.123	83.179	61911	0	2
2021.04.23	83.172	83.742	83.077	83.589	55577	0	2
2021.04.26	83.496	84.498	83.467	84.291	53276	0	2
2021.04.27	84.290	84.509	84.075	84.439	49822	0	2
2021.04.28	84.439	84.753	84.133	84.591	58905	0	2
2021.04.29	84.591	85.006	84.359	84.589	52659	0	2
2021.04.30	84.559	84.850	84.138	84.310	55231	0	2
2021.05.03	84.325	84.747	84.214	84.640	45572	0	2
2021.05.04	84.640	84.733	83.929	84.254	67879	0	2
2021.05.05	84.248	84.689	84.210	84.566	49995	0	2
2021.05.06	84.566	84.930	84.240	84.887	66632	0	2
2021.05.07	84.874	85.314	84.720	85.184	63082	0	2
2021.05.10	85.259	85.802	85.131	85.142	56888	0	2
2021.05.11	85.165	85.443	84.820	85.155	78509	0	0
2021.05.12	85.150	85.259	84.592	84.676	78373	0	0
2021.05.13	84.684	84.884	84.293	84.572	75364	0	0
2021.05.14	84.573	85.169	84.492	85.111	60266	0	0
2021.05.17	84.807	85.139	84.455	84.834	54911	0	0
2021.05.18	84.834	85.147	84.623	84.829	52924	0	0
2021.05.19	84.829	84.955	84.042	84.382	79322	0	0
2021.05.20	84.366	84.649	84.229	84.534	60553	0	0
2021.05.21	84.546	84.653	84.110	84.210	55476	0	0
2021.05.24	84.091	84.381	83.971	84.283	49427	0	0
2021.05.25	84.272	84.664	84.241	84.285	61260	0	0
2021.05.26	84.264	84.801	84.245	84.499	60846	0	0
2021.05.27	84.499	85.067	84.333	84.995	63277	0	0
2021.05.28	84.990	85.151	84.549	84.683	64286	0	0
2021.05.31	84.518	84.906	84.518	84.695	39812	0	0
2021.06.01	84.695	85.052	84.640	84.851	55513	0	0
2021.06.02	84.851	85.191	84.763	84.916	52530	0	0
2021.06.03	84.910	84.989	84.304	84.363	62808	0	0
2021.06.04	84.361	84.844	84.324	84.803	54114	0	0
2021.06.07	84.632	84.877	84.502	84.703	44894	0	0
2021.06.08	84.696	84.852	84.636	84.734	55417	0	0
2021.06.09	84.737	84.834	84.649	84.717	43874	0	0
2021.06.10	84.713	85.017	84.624	84.720	59463	0	0
2021.06.11	84.708	85.052	84.387	84.483	57206	0	0
2021.06.14	84.441	84.939	84.418	84.865	46345	0	0
2021.06.15	84.865	84.929	84.517	84.575	51564	0	0
2021.06.16	84.578	84.754	84.065	84.225	66235	0	0
2021.06.17	84.221	84.623	83.066	83.220	86700	0	0
2021.06.18	83.220	83.380	82.414	82.421	73372	0	0
2021.06.21	82.326	83.242	82.130	83.171	86769	0	0
2021.06.22	83.024	83.654	82.789	83.574	67116	0	0
2021.06.23	83.574	84.144	83.417	84.020	68320	0	0
2021.06.24	84.020	84.166	83.873	84.054	65924	0	0
2021.06.25	84.054	84.255	84.003	84.106	59111	0	0
2021.06.28	83.774	84.160	83.593	83.698	56823	0	0
2021.06.29	83.698	83.724	82.999	83.028	64085	0	0
2021.06.30	82.962	83.350	82.812	83.295	68538	0	0
2021.07.01	83.291	83.655	83.109	83.295	64530	0	0
2021.07.02	83.292	83.638	83.039	83.548	61195	0	0
2021.07.05	83.342	83.614	83.322	83.523	55245	0	0
2021.07.06	83.486	84.193	82.751	82.894	73450	0	0
2021.07.07	82.863	83.345	82.648	82.768	73552	0	0
2021.07.08	82.768	82.905	81.319	81.552	100599	0	0
2021.07.09	81.472	82.544	81.343	82.455	80003	0	0
2021.07.12	82.224	82.670	82.016	82.456	55965	0	0
2021.07.13	82.461	82.818	82.080	82.357	63870	0	0
2021.07.14	82.357	82.527	82.119	82.218	67630	0	0
2021.07.15	82.226	82.332	81.427	81.488	68855	0	0
2021.07.16	81.487	81.945	81.341	81.407	62908	0	0
2021.07.19	81.380	81.596	80.012	80.356	88399	0	0
2021.07.20	80.332	80.601	79.838	80.493	71401	0	0
2021.07.21	80.488	81.192	80.087	81.129	61144	0	0
2021.07.22	81.122	81.475	80.856	81.227	59927	0	0
2021.07.23	81.223	81.656	81.057	81.389	50603	0	0
2021.07.26	81.267	81.515	80.769	81.460	58510	0	0
2021.07.27	81.440	81.507	80.636	80.747	65980	0	0
2021.07.28	80.759	81.142	80.547	81.056	73131	0	0
2021.07.29	81.047	81.355	80.751	80.929	59826	0	0
2021.07.30	80.917	81.079	80.451	80.561	60642	0	0
2021.08.02	80.359	80.761	80.301	80.463	50843	0	0
2021.08.03	80.438	80.912	80.154	80.619	58485	0	0
2021.08.04	80.605	81.034	80.519	80.775	56394	0	0
2021.08.05	80.772	81.352	80.722	81.213	49892	0	0
2021.08.06	81.225	81.396	81.013	81.045	48597	0	0
2021.08.09	80.972	81.096	80.815	80.827	44780	0	0
2021.08.10	80.850	81.321	80.707	81.227	44069	0	0
2021.08.11	81.228	81.579	81.108	81.415	47477	0	0
2021.08.12	81.371	81.460	80.948	80.963	36031	0	0
2021.08.13	80.901	81.104	80.745	80.756	35722	0	0
2021.08.16	80.633	80.875	79.890	80.100	43970	0	0
2021.08.17	80.088	80.247	79.332	79.427	53158	0	0
2021.08.18	79.432	79.771	79.245	79.406	51955	0	0
2021.08.19	79.363	79.545	78.243	78.391	71997	0	0
2021.08.20	78.375	78.631	77.894	78.396	56007	0	0
2021.08.23	78.089	79.185	78.089	79.049	52094	0	0
2021.08.24	79.036	79.744	79.010	79.572	45326	0	0
2021.08.25	79.494	80.098	79.392	80.054	44905	0	2
2021.08.26	79.996	80.090	79.590	79.648	54154	0	2
2021.08.27	79.650	80.349	79.414	80.302	50603	0	2
2021.08.30	80.227	80.378	79.975	80.182	33624	0	2
2021.08.31	80.178	80.640	80.071	80.464	57394	0	2
2021.09.01	80.450	81.227	80.367	81.032	51390	0	2
2021.09.02	81.032	81.522	80.882	81.346	42962	0	2
2021.09.03	81.327	82.024	81.250	81.721	55536	0	2
2021.09.06	81.669	81.830	81.542	81.718	46783	0	2
2021.09.07	81.680	81.987	81.283	81.447	58959	0	2
2021.09.08	81.384	81.646	80.969	81.178	85712	0	2
2021.09.09	81.160	81.245	80.777	80.825	86967	0	2
2021.09.10	80.790	81.429	80.727	80.803	68797	0	2
2021.09.13	80.709	81.128	80.667	81.036	71589	0	2
2021.09.14	81.000	81.145	80.169	80.285	53952	0	2
2021.09.15	80.245	80.344	79.826	80.181	48611	0	2
2021.09.16	80.170	80.364	79.745	79.969	46713	0	2
2021.09.17	79.982	80.503	79.849	79.879	49059	0	2
2021.09.20	79.792	79.961	79.046	79.366	65383	0	2
2021.09.21	79.097	79.829	78.856	78.969	65571	0	2
2021.09.22	78.945	79.942	78.842	79.573	74195	0	2
2021.09.23	79.573	80.594	79.351	80.461	55002	0	2
2021.09.24	80.438	80.767	80.003	80.399	54297	0	0
2021.09.27	80.230	80.959	80.191	80.871	49659	0	0
2021.09.28	80.815	81.310	80.484	80.655	81460	0	0
2021.09.29	80.655	80.927	80.179	80.318	69554	0	0
2021.09.30	80.317	80.904	80.262	80.420	75942	0	0
2021.10.01	80.385	80.810	79.896	80.645	85493	0	0
2021.10.04	80.552	81.177	80.467	80.765	72751	0	0
2021.10.05	80.752	81.344	80.548	81.258	63774	0	0
2021.10.06	81.244	81.402	80.570	81.001	81800	0	0
2021.10.07	80.992	81.672	80.962	81.600	55560	0	0
2021.10.08	81.587	82.073	81.515	82.015	66478	0	0
2021.10.11	81.925	83.556	81.852	83.242	54751	0	0
2021.10.12	83.213	83.799	83.008	83.484	68466	0	0
2021.10.13	83.452	83.710	83.115	83.544	64615	0	0
2021.10.14	83.533	84.400	83.476	84.289	47240	0	0
2021.10.15	84.277	84.925	84.222	84.764	57559	0	0
2021.10.18	84.697	85.013	84.271	84.712	62039	0	0
2021.10.19	84.696	85.538	84.654	85.455	53020	0	0
2021.10.20	85.419	85.965	85.351	85.849	54519	0	0
2021.10.21	85.849	86.252	84.886	85.091	64200	0	0
2021.10.22	85.070	85.542	84.603	84.731	65976	0	0
2021.10.25	84.758	85.304	84.670	85.173	51247	0	0
2021.10.26	85.131	85.922	85.089	85.609	47273	0	0
2021.10.27	85.565	86.057	85.043	85.552	66874	0	0
2021.10.28	85.504	85.703	85.109	85.661	72899	0	0
2021.10.29	85.656	85.873	85.319	85.701	69926	0	0
2021.11.01	85.665	86.057	85.606	85.747	55750	0	0
2021.11.02	85.740	85.909	84.493	84.673	62861	0	0
2021.11.03	84.642	84.982	84.497	84.913	63035	0	0
2021.11.04	84.906	85.207	83.895	84.175	64888	0	0
2021.11.05	84.176	84.343	83.816	83.928	62749	0	0
2021.11.08	83.769	84.175	83.768	84.031	47576	0	0
2021.11.09	84.028	84.064	83.114	83.251	63762	0	0
2021.11.10	83.237	83.956	82.994	83.435	69556	0	0
2021.11.11	83.395	83.661	83.115	83.156	54747	0	0
2021.11.12	83.156	83.555	83.083	83.497	52843	0	0
2021.11.15	83.417	83.928	83.417	83.827	45070	0	0
2021.11.16	83.819	84.160	83.692	83.838	59930	0	0
2021.11.17	83.826	83.912	82.816	82.891	65087	0	0
2021.11.18	82.871	83.257	82.681	83.125	55943	0	0
2021.11.19	83.108	83.357	82.154	82.478	75345	0	0
2021.11.22	82.411	83.211	82.297	82.977	66365	0	0
2021.11.23	82.973	83.250	82.653	83.205	74219	0	0
2021.11.24	83.186	83.236	82.739	83.044	72133	0	0
2021.11.25	83.007	83.196	82.794	82.931	52569	0	0
2021.11.26	82.888	82.932	80.474	80.724	133592	0	0
2021.11.29	81.053	81.408	80.630	81.078	94899	0	0
2021.11.30	81.073	81.390	80.109	80.639	122331	0	0
2021.12.01	80.623	81.478	80.032	80.109	100307	0	0
2021.12.02	80.091	80.560	79.908	80.267	98443	0	0
2021.12.03	80.058	80.348	78.783	78.969	94942	0	0
2021.12.06	78.955	80.055	78.916	79.984	75798	0	0
2021.12.07	79.960	80.927	79.853	80.831	64567	0	0
2021.12.08	80.799	81.714	80.671	81.520	77618	0	0
2021.12.09	81.446	81.667	80.919	81.103	57192	0	0
2021.12.10	81.128	81.553	80.821	81.304	58112	0	0
2021.12.13	81.181	81.487	80.699	80.968	52939	0	0
2021.12.14	81.013	81.149	80.477	80.775	54736	0	0
2021.12.15	80.733	81.853	80.633	81.756	68556	0	0
2021.12.16	81.730	82.434	81.417	81.618	75070	0	0
2021.12.17	81.580	81.746	80.932	81.020	71698	0	0
2021.12.20	80.929	81.077	80.268	80.784	74388	0	0
2021.12.21	80.774	81.664	80.622	81.609	50244	0	0
2021.12.22	81.604	82.471	81.260	82.285	49313	0	0
2021.12.23	82.272	82.980	82.100	82.836	39891	0	0
2021.12.24	82.810	82.873	82.538	82.580	48665	0	0
2021.12.27	82.544	83.227	82.544	83.127	33383	0	3
2021.12.28	83.090	83.434	82.866	82.978	35003	0	1
2021.12.29	82.934	83.492	82.789	83.329	32923	0	4
2021.12.30	83.263	83.760	83.203	83.409	38544	0	0
2021.12.31	83.409	83.742	83.316	83.617	36532	0	0
