<DATE>	<TIME>	<OPEN>	<HIGH>	<LOW>	<CLOSE>	<TICKVOL>	<VOL>	<SPREAD>
2012.01.02	00:00:00	99.796	99.851	99.524	99.539	5733	0	38
2012.01.02	04:00:00	99.536	99.645	99.406	99.494	6631	0	27
2012.01.02	08:00:00	99.493	99.722	99.410	99.556	12975	0	23
2012.01.02	12:00:00	99.555	99.610	99.401	99.459	12683	0	20
2012.01.02	16:00:00	99.459	99.535	99.348	99.403	8655	0	20
2012.01.02	20:00:00	99.402	99.470	99.358	99.455	6645	0	28
2012.01.03	00:00:00	99.458	99.798	99.435	99.732	11420	0	24
2012.01.03	04:00:00	99.731	99.775	99.599	99.659	12287	0	20
2012.01.03	08:00:00	99.660	100.094	99.652	100.007	19750	0	23
2012.01.03	12:00:00	100.003	100.118	99.826	99.963	20253	0	20
2012.01.03	16:00:00	99.965	100.293	99.960	100.158	19414	0	20
2012.01.03	20:00:00	100.157	100.231	99.982	100.122	13377	0	22
2012.01.04	00:00:00	100.121	100.178	99.831	99.851	13407	0	22
2012.01.04	04:00:00	99.852	99.990	99.827	99.989	12938	0	20
2012.01.04	08:00:00	99.987	100.149	99.692	99.749	20175	0	20
2012.01.04	12:00:00	99.748	99.793	99.269	99.390	20904	0	20
2012.01.04	16:00:00	99.391	99.423	99.041	99.290	18147	0	20
2012.01.04	20:00:00	99.291	99.365	99.188	99.277	13219	0	25
2012.01.05	00:00:00	99.276	99.310	99.076	99.223	14104	0	23
2012.01.05	04:00:00	99.224	99.230	99.053	99.124	13569	0	24
2012.01.05	08:00:00	99.121	99.342	98.561	98.623	21942	0	20
2012.01.05	12:00:00	98.622	98.831	98.470	98.700	22001	0	20
2012.01.05	16:00:00	98.699	98.789	98.599	98.664	19688	0	20
2012.01.05	20:00:00	98.661	98.822	98.564	98.637	13491	0	23
2012.01.06	00:00:00	98.640	98.774	98.611	98.731	12614	0	22
2012.01.06	04:00:00	98.729	98.776	98.564	98.645	13855	0	20
2012.01.06	08:00:00	98.637	98.841	98.503	98.667	20094	0	20
2012.01.06	12:00:00	98.665	98.732	97.955	98.066	21188	0	20
2012.01.06	16:00:00	98.064	98.115	97.903	98.007	18050	0	20
2012.01.06	20:00:00	98.005	98.024	97.871	97.895	8715	0	20
2012.01.09	00:00:00	97.477	97.749	97.273	97.657	15140	0	23
2012.01.09	04:00:00	97.660	97.877	97.598	97.854	12085	0	20
2012.01.09	08:00:00	97.856	98.243	97.830	98.013	20201	0	20
2012.01.09	12:00:00	98.012	98.098	97.825	97.917	20128	0	20
2012.01.09	16:00:00	97.919	98.002	97.806	97.999	17686	0	20
2012.01.09	20:00:00	97.998	98.150	97.978	98.124	11663	0	20
2012.01.10	00:00:00	98.124	98.262	98.039	98.067	13655	0	32
2012.01.10	04:00:00	98.066	98.267	98.055	98.195	13783	0	38
2012.01.10	08:00:00	98.196	98.418	97.955	98.341	20101	0	22
2012.01.10	12:00:00	98.339	98.450	98.108	98.255	19631	0	24
2012.01.10	16:00:00	98.253	98.330	98.063	98.167	17225	0	9
2012.01.10	20:00:00	98.168	98.248	98.091	98.110	11955	0	22
2012.01.11	00:00:00	98.115	98.153	97.914	97.958	13385	0	22
2012.01.11	04:00:00	97.959	98.134	97.932	98.119	12258	0	25
2012.01.11	08:00:00	98.120	98.364	98.022	98.220	19591	0	20
2012.01.11	12:00:00	98.222	98.222	97.586	97.588	21613	0	20
2012.01.11	16:00:00	97.588	97.726	97.430	97.620	19425	0	20
2012.01.11	20:00:00	97.618	97.735	97.565	97.697	12025	0	22
2012.01.12	00:00:00	97.692	97.838	97.661	97.804	13101	0	22
2012.01.12	04:00:00	97.803	97.808	97.691	97.785	11960	0	20
2012.01.12	08:00:00	97.786	98.139	97.696	98.088	19814	0	20
2012.01.12	12:00:00	98.088	98.381	97.756	98.381	17523	0	20
2012.01.12	16:00:00	98.380	98.552	98.161	98.482	13431	0	24
2012.01.12	20:00:00	98.484	98.491	98.328	98.364	8212	0	38
2012.01.13	00:00:00	98.368	98.460	98.339	98.399	7906	0	23
2012.01.13	04:00:00	98.398	98.790	98.376	98.665	9783	0	22
2012.01.13	08:00:00	98.666	98.765	98.010	98.112	16677	0	8
2012.01.13	12:00:00	98.113	98.215	97.504	97.539	16917	0	20
2012.01.13	16:00:00	97.541	97.591	97.188	97.399	16068	0	9
2012.01.13	20:00:00	97.400	97.604	97.285	97.543	8342	0	20
2012.01.16	00:00:00	97.194	97.361	97.029	97.113	8977	0	20
2012.01.16	04:00:00	97.112	97.237	97.042	97.228	8853	0	20
2012.01.16	08:00:00	97.227	97.386	97.092	97.253	15573	0	20
2012.01.16	12:00:00	97.255	97.336	97.150	97.187	12450	0	20
2012.01.16	16:00:00	97.188	97.331	97.156	97.207	10508	0	20
2012.01.16	20:00:00	97.208	97.282	97.148	97.151	6280	0	20
2012.01.17	00:00:00	97.149	97.738	97.136	97.727	10170	0	20
2012.01.17	04:00:00	97.727	97.758	97.521	97.543	10732	0	20
2012.01.17	08:00:00	97.542	98.215	97.523	98.112	17252	0	20
2012.01.17	12:00:00	98.113	98.318	97.648	97.676	16868	0	20
2012.01.17	16:00:00	97.679	97.927	97.671	97.830	17569	0	20
2012.01.17	20:00:00	97.826	97.909	97.711	97.873	11461	0	22
2012.01.18	00:00:00	97.878	98.027	97.832	98.011	13016	0	22
2012.01.18	04:00:00	98.007	98.047	97.804	97.865	14249	0	20
2012.01.18	08:00:00	97.867	98.573	97.679	98.447	22799	0	20
2012.01.18	12:00:00	98.446	98.692	98.156	98.607	21235	0	22
2012.01.18	16:00:00	98.609	98.772	98.359	98.630	19569	0	20
2012.01.18	20:00:00	98.629	98.864	98.550	98.679	12953	0	22
2012.01.19	00:00:00	98.676	98.823	98.543	98.720	13166	0	22
2012.01.19	04:00:00	98.719	98.793	98.606	98.688	13496	0	20
2012.01.19	08:00:00	98.690	99.008	98.544	98.912	21005	0	20
2012.01.19	12:00:00	98.913	99.242	98.889	99.224	20750	0	20
2012.01.19	16:00:00	99.222	100.005	99.064	99.868	19569	0	20
2012.01.19	20:00:00	99.867	100.047	99.777	99.956	13835	0	22
2012.01.20	00:00:00	99.955	100.036	99.839	99.878	12556	0	27
2012.01.20	04:00:00	99.878	100.107	99.867	100.097	12578	0	38
2012.01.20	08:00:00	100.100	100.321	99.475	99.679	21445	0	20
2012.01.20	12:00:00	99.678	99.812	99.443	99.716	20950	0	20
2012.01.20	16:00:00	99.718	99.849	99.459	99.468	17977	0	20
2012.01.20	20:00:00	99.470	99.641	99.412	99.568	9371	0	22
2012.01.23	00:00:00	99.129	99.421	99.129	99.278	12475	0	20
2012.01.23	04:00:00	99.282	99.401	99.256	99.364	11348	0	20
2012.01.23	08:00:00	99.363	99.821	99.242	99.781	18725	0	20
2012.01.23	12:00:00	99.780	100.379	99.770	100.374	21002	0	20
2012.01.23	16:00:00	100.374	100.475	100.066	100.179	17166	0	4
2012.01.23	20:00:00	100.181	100.373	100.101	100.173	13723	0	22
2012.01.24	00:00:00	100.171	100.295	100.027	100.101	12724	0	22
2012.01.24	04:00:00	100.099	100.331	100.014	100.288	13282	0	20
2012.01.24	08:00:00	100.286	100.824	100.123	100.472	20503	0	20
2012.01.24	12:00:00	100.473	100.962	100.404	100.900	20070	0	20
2012.01.24	16:00:00	100.897	101.262	100.791	101.246	17270	0	4
2012.01.24	20:00:00	101.245	101.288	101.172	101.172	12189	0	5
2012.01.25	00:00:00	101.172	101.548	101.127	101.525	15060	0	22
2012.01.25	04:00:00	101.525	101.558	101.340	101.527	13309	0	20
2012.01.25	08:00:00	101.525	101.867	101.361	101.374	20888	0	20
2012.01.25	12:00:00	101.376	101.509	100.965	101.237	19918	0	20
2012.01.25	16:00:00	101.236	101.726	101.209	101.673	20127	0	20
2012.01.25	20:00:00	101.672	101.961	101.565	101.757	17300	0	24
2012.01.26	00:00:00	101.758	101.948	101.754	101.932	11980	0	38
2012.01.26	04:00:00	101.929	101.954	101.743	101.754	12878	0	34
2012.01.26	08:00:00	101.749	102.157	101.582	102.000	19952	0	20
2012.01.26	12:00:00	102.001	102.195	101.895	101.988	19742	0	23
2012.01.26	16:00:00	101.989	102.022	101.519	101.540	19278	0	22
2012.01.26	20:00:00	101.538	101.550	101.407	101.495	12802	0	8
2012.01.27	00:00:00	101.494	101.565	101.153	101.419	14822	0	24
2012.01.27	04:00:00	101.421	101.525	100.762	101.077	16800	0	20
2012.01.27	08:00:00	101.079	101.326	100.723	101.264	21555	0	20
2012.01.27	12:00:00	101.262	101.353	100.641	100.901	20752	0	20
2012.01.27	16:00:00	100.902	101.431	100.588	101.340	20420	0	20
2012.01.27	20:00:00	101.342	101.427	101.265	101.344	10970	0	38
2012.01.30	00:00:00	101.426	101.445	101.062	101.174	14015	0	23
2012.01.30	04:00:00	101.175	101.229	100.785	100.798	14853	0	20
2012.01.30	08:00:00	100.797	100.968	100.590	100.620	19729	0	20
2012.01.30	12:00:00	100.619	100.654	99.987	100.134	20642	0	20
2012.01.30	16:00:00	100.135	100.192	99.986	100.102	19619	0	20
2012.01.30	20:00:00	100.103	100.365	100.056	100.354	13602	0	22
2012.01.31	00:00:00	100.356	100.624	100.184	100.564	15615	0	20
2012.01.31	04:00:00	100.562	100.630	100.460	100.571	16136	0	20
2012.01.31	08:00:00	100.570	100.837	100.391	100.813	20876	0	20
2012.01.31	12:00:00	100.814	100.875	100.096	100.134	20569	0	20
2012.01.31	16:00:00	100.132	100.138	99.542	99.701	19619	0	19
2012.01.31	20:00:00	99.703	99.873	99.650	99.855	13543	0	4
2012.02.01	00:00:00	99.854	99.878	99.416	99.502	14852	0	20
2012.02.01	04:00:00	99.502	99.631	99.346	99.366	12702	0	38
2012.02.01	08:00:00	99.366	100.047	99.241	99.913	21712	0	20
2012.02.01	12:00:00	99.910	100.495	99.768	100.212	20440	0	20
2012.02.01	16:00:00	100.210	100.683	100.158	100.431	20485	0	20
2012.02.01	20:00:00	100.433	100.461	100.228	100.339	13649	0	20
2012.02.02	00:00:00	100.337	100.450	100.263	100.354	13937	0	20
2012.02.02	04:00:00	100.356	100.438	100.200	100.285	13185	0	4
2012.02.02	08:00:00	100.284	100.412	99.850	100.124	20767	0	20
2012.02.02	12:00:00	100.122	100.151	99.610	100.057	20942	0	20
2012.02.02	16:00:00	100.058	100.421	100.005	100.089	18381	0	20
2012.02.02	20:00:00	100.089	100.224	100.049	100.128	12408	0	20
2012.02.03	00:00:00	100.129	100.155	99.920	100.059	13513	0	20
2012.02.03	04:00:00	100.061	100.244	99.984	100.150	12893	0	20
2012.02.03	08:00:00	100.150	100.499	99.998	100.413	19602	0	20
2012.02.03	12:00:00	100.415	100.852	100.146	100.364	20564	0	4
2012.02.03	16:00:00	100.365	100.671	100.267	100.623	18328	0	20
2012.02.03	20:00:00	100.622	100.808	100.590	100.762	10028	0	22
2012.02.06	00:00:00	100.454	100.507	100.173	100.400	13904	0	20
2012.02.06	04:00:00	100.398	100.513	100.129	100.138	14519	0	20
2012.02.06	08:00:00	100.131	100.348	99.845	99.941	20743	0	20
2012.02.06	12:00:00	99.943	100.161	99.860	100.108	19591	0	20
2012.02.06	16:00:00	100.108	100.600	100.083	100.369	18604	0	20
2012.02.06	20:00:00	100.368	100.591	100.362	100.479	11145	0	20
2012.02.07	00:00:00	100.477	100.660	100.366	100.569	12632	0	22
2012.02.07	04:00:00	100.571	100.693	100.362	100.485	15243	0	23
2012.02.07	08:00:00	100.530	100.968	100.530	100.797	19576	0	20
2012.02.07	12:00:00	100.798	101.336	100.576	101.281	20925	0	20
2012.02.07	16:00:00	101.281	101.976	101.228	101.866	20368	0	20
2012.02.07	20:00:00	101.869	101.872	101.611	101.835	13191	0	20
2012.02.08	00:00:00	101.837	101.998	101.663	101.963	14303	0	22
2012.02.08	04:00:00	101.964	102.429	101.924	102.183	15849	0	20
2012.02.08	08:00:00	102.182	102.436	102.037	102.175	20974	0	20
2012.02.08	12:00:00	102.173	102.296	101.750	102.003	20163	0	20
2012.02.08	16:00:00	102.004	102.239	101.643	102.126	18799	0	20
2012.02.08	20:00:00	102.124	102.186	102.022	102.093	12958	0	22
2012.02.09	00:00:00	102.093	102.338	101.845	102.273	15219	0	22
2012.02.09	04:00:00	102.271	102.761	102.172	102.691	16164	0	20
2012.02.09	08:00:00	102.689	102.723	102.350	102.433	19787	0	20
2012.02.09	12:00:00	102.434	102.906	102.130	102.831	22340	0	20
2012.02.09	16:00:00	102.831	103.186	102.683	103.185	20189	0	20
2012.02.09	20:00:00	103.183	103.278	103.144	103.151	11447	0	20
2012.02.10	00:00:00	103.150	103.207	102.958	103.052	14953	0	22
2012.02.10	04:00:00	103.052	103.061	102.881	102.920	14773	0	20
2012.02.10	08:00:00	102.923	103.178	102.823	103.034	20531	0	20
2012.02.10	12:00:00	103.036	103.050	102.194	102.350	22165	0	20
2012.02.10	16:00:00	102.351	102.481	102.196	102.204	17785	0	20
2012.02.10	20:00:00	102.203	102.485	102.152	102.412	8932	0	22
2012.02.13	00:00:00	102.795	102.923	102.643	102.729	15423	0	20
2012.02.13	04:00:00	102.731	102.883	102.706	102.822	14335	0	20
2012.02.13	08:00:00	102.823	103.172	102.769	103.041	20610	0	20
2012.02.13	12:00:00	103.042	103.047	102.601	102.631	17973	0	20
2012.02.13	16:00:00	102.629	102.639	102.245	102.388	17667	0	20
2012.02.13	20:00:00	102.384	102.496	102.164	102.175	11660	0	20
2012.02.14	00:00:00	102.177	102.180	101.820	102.059	15906	0	22
2012.02.14	04:00:00	102.060	102.615	102.023	102.491	16883	0	20
2012.02.14	08:00:00	102.493	103.110	102.382	102.933	21350	0	20
2012.02.14	12:00:00	102.931	103.152	102.638	102.864	19806	0	20
2012.02.14	16:00:00	102.862	103.171	102.769	102.884	18937	0	20
2012.02.14	20:00:00	102.887	103.025	102.615	102.933	14828	0	20
2012.02.15	00:00:00	102.935	103.287	102.867	103.282	16020	0	22
2012.02.15	04:00:00	103.281	103.462	103.255	103.325	15989	0	20
2012.02.15	08:00:00	103.326	103.477	103.188	103.298	19432	0	20
2012.02.15	12:00:00	103.299	103.405	102.369	102.385	21044	0	20
2012.02.15	16:00:00	102.382	102.540	102.205	102.316	19924	0	20
2012.02.15	20:00:00	102.318	102.634	102.185	102.371	16925	0	22
2012.02.16	00:00:00	102.370	102.502	101.994	102.165	15664	0	22
2012.02.16	04:00:00	102.164	102.177	101.954	102.000	14337	0	22
2012.02.16	08:00:00	101.999	102.550	101.917	102.446	21186	0	20
2012.02.16	12:00:00	102.444	102.827	102.202	102.765	20108	0	20
2012.02.16	16:00:00	102.767	103.511	102.662	103.305	20548	0	20
2012.02.16	20:00:00	103.307	103.813	103.302	103.574	14109	0	20
2012.02.17	00:00:00	103.576	104.019	103.427	103.900	15379	0	20
2012.02.17	04:00:00	103.900	103.903	103.741	103.799	12845	0	38
2012.02.17	08:00:00	103.802	104.066	103.636	103.951	18724	0	20
2012.02.17	12:00:00	103.952	104.653	103.833	104.543	20671	0	20
2012.02.17	16:00:00	104.545	104.561	104.164	104.471	18873	0	20
2012.02.17	20:00:00	104.469	104.658	104.443	104.534	10080	0	20
2012.02.20	00:00:00	105.284	105.737	104.925	104.933	17317	0	20
2012.02.20	04:00:00	104.933	105.188	104.929	105.061	13499	0	20
2012.02.20	08:00:00	105.062	105.330	104.646	105.275	20526	0	20
2012.02.20	12:00:00	105.276	105.571	105.201	105.230	18865	0	20
2012.02.20	16:00:00	105.229	105.448	105.180	105.416	15483	0	20
2012.02.20	20:00:00	105.414	105.535	105.309	105.366	9945	0	20
2012.02.21	00:00:00	105.364	105.789	105.035	105.626	16839	0	6
2012.02.21	04:00:00	105.627	105.980	105.512	105.950	18014	0	20
2012.02.21	08:00:00	105.954	105.993	105.482	105.588	20705	0	20
2012.02.21	12:00:00	105.586	105.597	105.105	105.386	20842	0	20
2012.02.21	16:00:00	105.385	105.874	105.348	105.579	16729	0	22
2012.02.21	20:00:00	105.576	105.683	105.391	105.506	13609	0	6
2012.02.22	00:00:00	105.505	105.795	105.473	105.521	14971	0	20
2012.02.22	04:00:00	105.520	105.984	105.507	105.947	15486	0	22
2012.02.22	08:00:00	105.947	106.321	105.802	106.035	20077	0	20
2012.02.22	12:00:00	106.038	106.306	105.979	106.142	20212	0	20
2012.02.22	16:00:00	106.144	106.558	106.054	106.430	19607	0	20
2012.02.22	20:00:00	106.440	106.468	106.217	106.362	12656	0	20
2012.02.23	00:00:00	106.364	106.428	106.156	106.247	14520	0	20
2012.02.23	04:00:00	106.249	106.460	106.153	106.409	14178	0	20
2012.02.23	08:00:00	106.407	106.858	106.300	106.587	20562	0	20
2012.02.23	12:00:00	106.586	106.784	106.438	106.593	18491	0	22
2012.02.23	16:00:00	106.594	106.809	106.594	106.748	18051	0	20
2012.02.23	20:00:00	106.748	107.007	106.724	106.954	14901	0	22
2012.02.24	00:00:00	106.951	107.203	106.851	107.052	14556	0	23
2012.02.24	04:00:00	107.049	107.683	107.046	107.654	16794	0	20
2012.02.24	08:00:00	107.655	107.963	107.578	107.852	21106	0	20
2012.02.24	12:00:00	107.851	108.678	107.833	108.612	20302	0	20
2012.02.24	16:00:00	108.613	109.014	108.482	108.843	19083	0	20
2012.02.24	20:00:00	108.845	109.234	108.804	109.193	11174	0	22
2012.02.27	00:00:00	109.805	109.826	108.938	109.105	17802	0	22
2012.02.27	04:00:00	109.107	109.329	108.846	108.960	15000	0	20
2012.02.27	08:00:00	108.961	109.212	107.823	108.102	21640	0	20
2012.02.27	12:00:00	108.103	108.304	107.185	107.527	21407	0	20
2012.02.27	16:00:00	107.530	108.036	107.410	107.597	19535	0	20
2012.02.27	20:00:00	107.597	108.023	107.593	107.796	14933	0	20
2012.02.28	00:00:00	107.797	107.928	107.286	107.575	17449	0	22
2012.02.28	04:00:00	107.574	108.451	107.490	108.231	18015	0	20
2012.02.28	08:00:00	108.230	108.731	107.963	108.221	22524	0	20
2012.02.28	12:00:00	108.219	108.448	107.828	108.086	21024	0	20
2012.02.28	16:00:00	108.086	108.411	107.854	108.234	20085	0	20
2012.02.28	20:00:00	108.234	108.421	108.194	108.326	13926	0	22
2012.02.29	00:00:00	108.327	108.710	108.322	108.560	16837	0	22
2012.02.29	04:00:00	108.561	108.574	108.078	108.420	16725	0	20
2012.02.29	08:00:00	108.422	108.566	108.081	108.261	21614	0	20
2012.02.29	12:00:00	108.260	108.329	107.874	108.226	20470	0	20
2012.02.29	16:00:00	108.226	108.481	107.926	108.257	23785	0	20
2012.02.29	20:00:00	108.257	108.370	108.058	108.293	17968	0	22
2012.03.01	00:00:00	108.293	108.437	108.143	108.194	18049	0	22
2012.03.01	04:00:00	108.194	108.228	107.880	108.112	16182	0	20
2012.03.01	08:00:00	108.112	108.310	107.678	107.954	21103	0	20
2012.03.01	12:00:00	107.953	108.220	107.844	108.180	20548	0	20
2012.03.01	16:00:00	108.181	108.192	107.734	108.033	19433	0	20
2012.03.01	20:00:00	108.031	108.050	107.857	108.030	14159	0	22
2012.03.02	00:00:00	108.029	108.313	107.943	108.198	15576	0	22
2012.03.02	04:00:00	108.198	108.430	108.189	108.426	15628	0	22
2012.03.02	08:00:00	108.425	108.440	107.875	107.925	21449	0	20
2012.03.02	12:00:00	107.924	108.022	107.619	107.627	20500	0	20
2012.03.02	16:00:00	107.629	107.835	107.562	107.683	17943	0	38
2012.03.02	20:00:00	107.684	108.074	107.674	107.953	12206	0	22
2012.03.05	00:00:00	108.006	108.013	107.585	107.788	11693	0	21
2012.03.05	04:00:00	107.787	107.810	107.101	107.249	13996	0	20
2012.03.05	08:00:00	107.250	107.383	106.917	107.182	21565	0	20
2012.03.05	12:00:00	107.182	107.894	107.001	107.553	20804	0	20
2012.03.05	16:00:00	107.552	107.829	107.472	107.549	18389	0	20
2012.03.05	20:00:00	107.549	107.824	107.496	107.725	13006	0	20
2012.03.06	00:00:00	107.725	107.849	107.507	107.582	14506	0	20
2012.03.06	04:00:00	107.581	107.606	107.314	107.480	17217	0	20
2012.03.06	08:00:00	107.482	107.486	106.189	106.321	22805	0	20
2012.03.06	12:00:00	106.320	106.702	106.096	106.156	22095	0	20
2012.03.06	16:00:00	106.157	106.286	105.638	105.891	20886	0	20
2012.03.06	20:00:00	105.889	106.126	105.801	105.856	14123	0	21
2012.03.07	00:00:00	105.854	106.392	105.692	106.264	17078	0	22
2012.03.07	04:00:00	106.264	106.291	105.942	106.103	14938	0	20
2012.03.07	08:00:00	106.104	106.320	105.790	106.175	21303	0	20
2012.03.07	12:00:00	106.179	106.306	105.790	106.099	20804	0	20
2012.03.07	16:00:00	106.099	106.684	105.924	106.567	19675	0	20
2012.03.07	20:00:00	106.565	106.787	106.557	106.726	12524	0	20
2012.03.08	00:00:00	106.725	106.898	106.583	106.801	15024	0	35
2012.03.08	04:00:00	106.803	107.249	106.783	107.079	15571	0	20
2012.03.08	08:00:00	107.078	107.761	107.009	107.650	21823	0	20
2012.03.08	12:00:00	107.651	108.344	107.628	107.934	22405	0	20
2012.03.08	16:00:00	107.930	108.276	107.604	108.253	19716	0	20
2012.03.08	20:00:00	108.252	108.450	108.191	108.244	14739	0	22
2012.03.09	00:00:00	108.243	108.577	108.141	108.556	14335	0	22
2012.03.09	04:00:00	108.553	108.637	107.754	107.951	16162	0	20
2012.03.09	08:00:00	107.951	108.231	107.686	108.167	21040	0	20
2012.03.09	12:00:00	108.166	108.400	107.888	107.926	21840	0	20
2012.03.09	16:00:00	107.925	108.324	107.907	108.146	19828	0	20
2012.03.09	20:00:00	108.147	108.233	107.980	108.200	10824	0	22
2012.03.12	00:00:00	108.130	108.255	107.505	107.624	15808	0	20
2012.03.12	04:00:00	107.622	107.905	107.547	107.799	15516	0	20
2012.03.12	08:00:00	107.797	108.120	107.508	107.826	21078	0	20
2012.03.12	12:00:00	107.826	107.969	107.612	107.905	20353	0	20
2012.03.12	16:00:00	107.907	108.238	107.883	108.151	16887	0	20
2012.03.12	20:00:00	108.152	108.293	108.106	108.281	11278	0	20
2012.03.13	00:00:00	108.283	108.511	108.202	108.390	15225	0	23
2012.03.13	04:00:00	108.388	108.639	107.884	108.161	17243	0	20
2012.03.13	08:00:00	108.162	108.715	108.147	108.415	20553	0	20
2012.03.13	12:00:00	108.412	108.481	107.959	108.239	20371	0	20
2012.03.13	16:00:00	108.238	108.567	108.233	108.337	18863	0	22
2012.03.13	20:00:00	108.335	108.587	108.319	108.555	14575	0	20
2012.03.14	00:00:00	108.553	108.722	108.413	108.614	14730	0	22
2012.03.14	04:00:00	108.617	108.785	108.382	108.408	15421	0	20
2012.03.14	08:00:00	108.408	109.104	108.371	109.091	21529	0	20
2012.03.14	12:00:00	109.088	109.363	108.977	109.146	21678	0	20
2012.03.14	16:00:00	109.148	109.166	108.829	109.003	20042	0	20
2012.03.14	20:00:00	109.007	109.188	108.978	109.123	12052	0	20
2012.03.15	00:00:00	109.125	109.475	109.100	109.466	17123	0	22
2012.03.15	04:00:00	109.465	109.626	109.293	109.401	15667	0	20
2012.03.15	08:00:00	109.403	109.482	108.781	108.980	20985	0	20
2012.03.15	12:00:00	108.981	109.154	108.584	108.909	23022	0	20
2012.03.15	16:00:00	108.908	109.218	108.771	109.191	19058	0	20
2012.03.15	20:00:00	109.190	109.370	109.131	109.301	12439	0	21
2012.03.16	00:00:00	109.299	109.361	109.004	109.139	14547	0	22
2012.03.16	04:00:00	109.141	109.344	109.016	109.231	15655	0	20
2012.03.16	08:00:00	109.232	109.514	109.199	109.363	18202	0	20
2012.03.16	12:00:00	109.363	109.870	109.335	109.823	22485	0	20
2012.03.16	16:00:00	109.823	109.957	109.645	109.790	15565	0	20
2012.03.16	20:00:00	109.791	109.974	109.708	109.926	6543	0	22
2012.03.19	00:00:00	110.056	110.134	109.744	109.785	14421	0	20
2012.03.19	04:00:00	109.784	109.964	109.724	109.782	13929	0	20
2012.03.19	08:00:00	109.785	109.794	109.170	109.441	20236	0	20
2012.03.19	12:00:00	109.439	110.082	109.304	110.047	20161	0	20
2012.03.19	16:00:00	110.049	110.550	109.991	110.404	18281	0	20
2012.03.19	20:00:00	110.406	110.442	110.267	110.343	9807	0	20
2012.03.20	00:00:00	110.345	110.477	110.277	110.384	11263	0	20
2012.03.20	04:00:00	110.385	110.455	110.286	110.398	10737	0	20
2012.03.20	08:00:00	110.396	110.817	110.333	110.581	19594	0	20
2012.03.20	12:00:00	110.583	110.638	110.279	110.451	20628	0	20
2012.03.20	16:00:00	110.450	110.751	110.398	110.707	16301	0	22
2012.03.20	20:00:00	110.708	110.757	110.622	110.693	9803	0	20
2012.03.21	00:00:00	110.695	111.087	110.620	111.037	14369	0	22
2012.03.21	04:00:00	111.038	111.156	110.936	110.953	14697	0	20
2012.03.21	08:00:00	110.951	111.422	110.801	111.280	20868	0	20
2012.03.21	12:00:00	111.279	111.395	110.685	110.717	21320	0	20
2012.03.21	16:00:00	110.718	110.733	110.036	110.184	17485	0	20
2012.03.21	20:00:00	110.187	110.287	110.070	110.221	9833	0	21
2012.03.22	00:00:00	110.220	110.421	109.875	110.225	16063	0	20
2012.03.22	04:00:00	110.223	110.442	109.995	110.320	15903	0	20
2012.03.22	08:00:00	110.320	110.455	108.775	109.144	23430	0	20
2012.03.22	12:00:00	109.145	109.571	108.680	108.768	23819	0	20
2012.03.22	16:00:00	108.770	109.136	108.480	108.853	19592	0	20
2012.03.22	20:00:00	108.852	109.073	108.733	109.048	11021	0	20
2012.03.23	00:00:00	109.047	109.463	108.880	109.423	15783	0	22
2012.03.23	04:00:00	109.422	109.431	109.209	109.227	13738	0	20
2012.03.23	08:00:00	109.233	109.818	109.187	109.570	22422	0	20
2012.03.23	12:00:00	109.572	109.592	108.574	109.042	23234	0	20
2012.03.23	16:00:00	109.040	109.496	108.814	109.398	19025	0	20
2012.03.23	20:00:00	109.401	109.424	109.222	109.237	5752	0	20
2012.03.26	00:00:00	109.373	109.842	109.364	109.751	12759	0	20
2012.03.26	04:00:00	109.749	109.805	109.483	109.507	13932	0	20
2012.03.26	08:00:00	109.504	109.790	109.172	109.391	21574	0	20
2012.03.26	12:00:00	109.391	110.253	109.388	110.203	22446	0	20
2012.03.26	16:00:00	110.199	110.536	110.171	110.441	17605	0	20
2012.03.26	20:00:00	110.440	110.711	110.419	110.685	11725	0	22
2012.03.27	00:00:00	110.684	110.920	110.574	110.594	12505	0	24
2012.03.27	04:00:00	110.593	110.662	110.534	110.608	11488	0	38
2012.03.27	08:00:00	110.605	110.767	110.403	110.497	19258	0	4
2012.03.27	12:00:00	110.503	111.246	110.344	111.132	20273	0	20
2012.03.27	16:00:00	111.131	111.197	110.736	110.905	16997	0	20
2012.03.27	20:00:00	110.906	110.913	110.675	110.799	10444	0	20
2012.03.28	00:00:00	110.801	110.871	110.528	110.695	14115	0	20
2012.03.28	04:00:00	110.697	110.714	110.404	110.549	14455	0	20
2012.03.28	08:00:00	110.549	110.843	110.150	110.651	20784	0	20
2012.03.28	12:00:00	110.654	110.908	110.453	110.475	20707	0	6
2012.03.28	16:00:00	110.475	110.623	109.865	110.195	19875	0	20
2012.03.28	20:00:00	110.192	110.381	110.051	110.357	10984	0	23
2012.03.29	00:00:00	110.355	110.501	109.985	110.042	13264	0	23
2012.03.29	04:00:00	110.043	110.230	109.953	110.085	14337	0	20
2012.03.29	08:00:00	110.085	110.143	109.262	109.316	21125	0	20
2012.03.29	12:00:00	109.311	109.411	108.768	108.981	21613	0	20
2012.03.29	16:00:00	108.983	109.379	108.820	109.313	19123	0	20
2012.03.29	20:00:00	109.311	109.676	109.305	109.568	12047	0	22
2012.03.30	00:00:00	109.567	109.873	109.028	109.620	16837	0	20
2012.03.30	04:00:00	109.620	109.712	109.321	109.350	15632	0	20
2012.03.30	08:00:00	109.352	109.863	109.245	109.539	22195	0	20
2012.03.30	12:00:00	109.538	109.814	109.376	109.737	20542	0	20
2012.03.30	16:00:00	109.740	110.376	109.445	110.295	20195	0	20
2012.03.30	20:00:00	110.293	110.593	110.289	110.524	10633	0	25
2012.04.02	00:00:00	110.810	111.132	110.551	110.965	12113	0	20
2012.04.02	04:00:00	110.964	111.053	110.697	110.748	9789	0	15
2012.04.02	08:00:00	110.747	110.939	110.274	110.558	16864	0	15
2012.04.02	12:00:00	110.557	110.632	109.100	109.186	20013	0	15
2012.04.02	16:00:00	109.184	109.634	108.948	109.523	19666	0	15
2012.04.02	20:00:00	109.525	109.582	109.250	109.322	11072	0	20
2012.04.03	00:00:00	109.324	109.560	108.685	109.265	14206	0	22
2012.04.03	04:00:00	109.266	109.537	109.179	109.347	14771	0	15
2012.04.03	08:00:00	109.347	109.628	109.262	109.491	20273	0	15
2012.04.03	12:00:00	109.489	109.768	109.234	109.631	20091	0	15
2012.04.03	16:00:00	109.629	109.765	109.362	109.515	17687	0	15
2012.04.03	20:00:00	109.516	109.801	109.488	109.592	17282	0	21
2012.04.04	00:00:00	109.591	109.690	109.217	109.243	14886	0	20
2012.04.04	04:00:00	109.239	109.242	108.951	109.027	14710	0	15
2012.04.04	08:00:00	109.025	109.226	108.243	108.431	22577	0	4
2012.04.04	12:00:00	108.433	108.433	107.893	108.238	23163	0	15
2012.04.04	16:00:00	108.236	108.624	108.043	108.503	20073	0	15
2012.04.04	20:00:00	108.502	108.549	108.274	108.287	11532	0	20
2012.04.05	00:00:00	108.290	108.401	108.086	108.116	11924	0	20
2012.04.05	04:00:00	108.115	108.268	108.011	108.124	13850	0	15
2012.04.05	08:00:00	108.124	108.381	107.044	107.219	22305	0	15
2012.04.05	12:00:00	107.217	107.548	106.881	107.426	22957	0	15
2012.04.05	16:00:00	107.427	107.675	107.390	107.540	18170	0	15
2012.04.05	20:00:00	107.538	107.686	107.480	107.596	10501	0	22
2012.04.06	00:00:00	107.595	107.647	107.284	107.523	10459	0	20
2012.04.06	04:00:00	107.522	107.596	107.395	107.541	8800	0	15
2012.04.06	08:00:00	107.543	107.801	107.520	107.754	11572	0	15
2012.04.06	12:00:00	107.753	107.823	106.539	106.648	15660	0	15
2012.04.06	16:00:00	106.648	106.900	106.594	106.828	12366	0	15
2012.04.06	20:00:00	106.830	106.893	106.680	106.816	5696	0	20
2012.04.09	00:00:00	106.796	106.807	106.167	106.359	11871	0	20
2012.04.09	04:00:00	106.361	106.462	106.260	106.370	10481	0	15
2012.04.09	08:00:00	106.368	106.465	106.207	106.358	13824	0	15
2012.04.09	12:00:00	106.363	106.457	106.109	106.232	14576	0	15
2012.04.09	16:00:00	106.231	107.234	106.151	107.143	17133	0	15
2012.04.09	20:00:00	107.143	107.151	106.756	106.906	10333	0	20
2012.04.10	00:00:00	106.905	107.459	106.860	107.373	12465	0	20
2012.04.10	04:00:00	107.374	107.435	106.547	106.750	16289	0	15
2012.04.10	08:00:00	106.749	106.761	105.974	106.214	22126	0	15
2012.04.10	12:00:00	106.215	106.526	105.962	106.169	21212	0	15
2012.04.10	16:00:00	106.168	106.199	105.534	105.720	22024	0	15
2012.04.10	20:00:00	105.720	105.781	105.470	105.603	13631	0	20
2012.04.11	00:00:00	105.604	105.688	105.443	105.588	12699	0	20
2012.04.11	04:00:00	105.586	106.047	105.558	105.915	14525	0	15
2012.04.11	08:00:00	105.914	106.292	105.547	106.228	22943	0	15
2012.04.11	12:00:00	106.225	106.563	106.058	106.419	21245	0	15
2012.04.11	16:00:00	106.420	106.675	105.884	106.196	19113	0	10
2012.04.11	20:00:00	106.195	106.213	105.912	106.008	11362	0	20
2012.04.12	00:00:00	106.006	106.285	105.956	106.242	12887	0	22
2012.04.12	04:00:00	106.244	106.414	106.126	106.341	14061	0	15
2012.04.12	08:00:00	106.340	106.587	106.092	106.315	21943	0	11
2012.04.12	12:00:00	106.314	106.687	106.224	106.559	20917	0	15
2012.04.12	16:00:00	106.558	106.791	106.444	106.628	19170	0	15
2012.04.12	20:00:00	106.626	106.697	106.511	106.638	10239	0	20
2012.04.13	00:00:00	106.637	107.086	106.603	106.991	11512	0	20
2012.04.13	04:00:00	106.988	106.988	106.610	106.709	13430	0	15
2012.04.13	08:00:00	106.710	106.712	106.312	106.448	20444	0	15
2012.04.13	12:00:00	106.450	106.753	106.156	106.163	19628	0	15
2012.04.13	16:00:00	106.160	106.164	105.742	105.905	17802	0	15
2012.04.13	20:00:00	105.906	106.105	105.732	105.806	9272	0	20
2012.04.16	00:00:00	105.786	105.807	105.239	105.328	13430	0	20
2012.04.16	04:00:00	105.331	105.397	104.818	104.980	13875	0	15
2012.04.16	08:00:00	104.980	105.264	104.641	105.247	21763	0	15
2012.04.16	12:00:00	105.248	105.486	105.042	105.083	19743	0	15
2012.04.16	16:00:00	105.082	105.715	104.630	105.657	20245	0	15
2012.04.16	20:00:00	105.656	105.781	105.560	105.612	11969	0	20
2012.04.17	00:00:00	105.613	105.674	105.479	105.591	11992	0	20
2012.04.17	04:00:00	105.590	105.621	105.323	105.344	13184	0	15
2012.04.17	08:00:00	105.346	106.300	105.275	105.932	21093	0	15
2012.04.17	12:00:00	105.932	106.162	105.723	105.857	19996	0	15
2012.04.17	16:00:00	105.858	106.285	105.671	106.031	17485	0	15
2012.04.17	20:00:00	106.031	106.257	105.987	106.180	10271	0	20
2012.04.18	00:00:00	106.178	106.668	106.165	106.449	12850	0	20
2012.04.18	04:00:00	106.451	106.883	106.448	106.705	13323	0	15
2012.04.18	08:00:00	106.702	106.823	106.337	106.575	21538	0	15
2012.04.18	12:00:00	106.575	106.654	106.163	106.527	20458	0	15
2012.04.18	16:00:00	106.529	106.761	106.295	106.513	17921	0	15
2012.04.18	20:00:00	106.511	106.721	106.481	106.628	10311	0	19
2012.04.19	00:00:00	106.628	106.982	106.531	106.893	12615	0	20
2012.04.19	04:00:00	106.890	106.948	106.636	106.858	11737	0	15
2012.04.19	08:00:00	106.853	107.324	106.776	107.217	21779	0	15
2012.04.19	12:00:00	107.216	107.274	106.504	106.976	21891	0	15
2012.04.19	16:00:00	106.978	107.264	106.794	106.906	19342	0	15
2012.04.19	20:00:00	106.907	107.258	106.865	107.178	11579	0	20
2012.04.20	00:00:00	107.179	107.386	107.152	107.168	11515	0	20
2012.04.20	04:00:00	107.171	107.300	107.094	107.284	11115	0	15
2012.04.20	08:00:00	107.284	107.655	107.136	107.621	21387	0	15
2012.04.20	12:00:00	107.620	107.955	107.557	107.769	20310	0	15
2012.04.20	16:00:00	107.767	107.986	107.730	107.812	15931	0	15
2012.04.20	20:00:00	107.810	107.819	107.667	107.755	7727	0	21
2012.04.23	00:00:00	107.615	107.795	107.146	107.190	7015	0	20
2012.04.23	04:00:00	107.188	107.409	107.127	107.227	7516	0	15
2012.04.23	08:00:00	107.230	107.265	106.355	106.556	18196	0	15
2012.04.23	12:00:00	106.554	106.653	106.403	106.562	17954	0	15
2012.04.23	16:00:00	106.563	106.609	106.313	106.505	14850	0	15
2012.04.23	20:00:00	106.504	106.841	106.470	106.781	8926	0	20
2012.04.24	00:00:00	106.780	106.804	106.605	106.671	8662	0	22
2012.04.24	04:00:00	106.671	106.711	106.308	106.442	12086	0	15
2012.04.24	08:00:00	106.441	107.083	106.420	106.894	19366	0	15
2012.04.24	12:00:00	106.893	107.077	106.542	106.958	18167	0	15
2012.04.24	16:00:00	106.957	107.298	106.942	107.118	14980	0	12
2012.04.24	20:00:00	107.117	107.389	107.086	107.295	9813	0	22
2012.04.25	00:00:00	107.293	107.594	107.291	107.394	10272	0	20
2012.04.25	04:00:00	107.392	107.639	107.258	107.308	11050	0	15
2012.04.25	08:00:00	107.307	107.605	107.115	107.290	19514	0	15
2012.04.25	12:00:00	107.293	107.513	107.149	107.401	19145	0	15
2012.04.25	16:00:00	107.402	107.587	107.178	107.497	18950	0	15
2012.04.25	20:00:00	107.496	107.633	107.394	107.511	12522	0	21
2012.04.26	00:00:00	107.514	107.642	107.428	107.507	10297	0	23
2012.04.26	04:00:00	107.509	107.512	107.257	107.325	11929	0	15
2012.04.26	08:00:00	107.326	107.601	106.877	106.993	19544	0	15
2012.04.26	12:00:00	106.994	107.032	106.483	106.785	19884	0	15
2012.04.26	16:00:00	106.786	107.077	106.751	107.055	16859	0	15
2012.04.26	20:00:00	107.053	107.272	106.787	106.843	12044	0	22
2012.04.27	00:00:00	106.842	107.247	106.755	106.951	12482	0	22
2012.04.27	04:00:00	106.952	107.468	106.291	106.651	17385	0	15
2012.04.27	08:00:00	106.648	106.900	106.154	106.684	22458	0	15
2012.04.27	12:00:00	106.688	106.935	106.491	106.676	19799	0	15
2012.04.27	16:00:00	106.672	106.715	106.507	106.649	15790	0	15
2012.04.27	20:00:00	106.647	106.675	106.252	106.361	7896	0	21
2012.04.30	00:00:00	106.363	106.425	106.168	106.230	7185	0	20
2012.04.30	04:00:00	106.230	106.243	106.035	106.174	9638	0	15
2012.04.30	08:00:00	106.175	106.329	105.995	106.049	18784	0	15
2012.04.30	12:00:00	106.044	106.051	105.668	105.695	18003	0	15
2012.04.30	16:00:00	105.700	105.897	105.450	105.639	15336	0	15
2012.04.30	20:00:00	105.637	105.715	105.552	105.700	8702	0	20
2012.05.01	00:00:00	105.701	105.837	105.674	105.747	8631	0	20
2012.05.01	04:00:00	105.749	105.879	105.551	105.678	11203	0	15
2012.05.01	08:00:00	105.679	106.024	105.532	105.793	15705	0	15
2012.05.01	12:00:00	105.792	106.019	105.740	105.849	14032	0	15
2012.05.01	16:00:00	105.848	106.127	105.828	106.097	14469	0	15
2012.05.01	20:00:00	106.098	106.197	105.960	106.019	8336	0	15
2012.05.02	00:00:00	106.016	106.214	105.846	105.944	10048	0	22
2012.05.02	04:00:00	105.945	106.325	105.908	106.186	11691	0	15
2012.05.02	08:00:00	106.186	106.534	105.483	105.593	20926	0	15
2012.05.02	12:00:00	105.595	105.698	105.132	105.404	18982	0	15
2012.05.02	16:00:00	105.405	105.613	105.284	105.471	16375	0	15
2012.05.02	20:00:00	105.469	105.553	105.369	105.388	8356	0	20
2012.05.03	00:00:00	105.387	105.441	105.300	105.338	7655	0	22
2012.05.03	04:00:00	105.339	105.430	105.314	105.390	8036	0	15
2012.05.03	08:00:00	105.390	105.707	105.371	105.570	17620	0	15
2012.05.03	12:00:00	105.567	106.113	105.417	105.913	18906	0	15
2012.05.03	16:00:00	105.914	105.920	105.536	105.577	14934	0	15
2012.05.03	20:00:00	105.579	105.611	105.395	105.460	8867	0	20
2012.05.04	00:00:00	105.460	105.562	105.331	105.459	7724	0	20
2012.05.04	04:00:00	105.460	105.493	105.398	105.460	7920	0	15
2012.05.04	08:00:00	105.459	105.484	105.200	105.338	16092	0	15
2012.05.04	12:00:00	105.338	105.545	104.951	105.128	19597	0	15
2012.05.04	16:00:00	105.129	105.161	104.445	104.459	17507	0	15
2012.05.04	20:00:00	104.458	104.587	104.391	104.464	6890	0	20
2012.05.07	00:00:00	103.887	103.906	103.225	103.619	17940	0	22
2012.05.07	04:00:00	103.618	103.744	103.482	103.708	12779	0	15
2012.05.07	08:00:00	103.707	104.014	103.624	103.985	19066	0	15
2012.05.07	12:00:00	103.984	104.327	103.870	104.258	17466	0	15
2012.05.07	16:00:00	104.258	104.439	104.106	104.366	15052	0	15
2012.05.07	20:00:00	104.364	104.417	104.236	104.315	8859	0	20
2012.05.08	00:00:00	104.317	104.427	104.189	104.217	11262	0	20
2012.05.08	04:00:00	104.217	104.296	104.160	104.271	11210	0	15
2012.05.08	08:00:00	104.266	104.267	103.725	103.815	20568	0	15
2012.05.08	12:00:00	103.818	104.095	103.729	103.746	20042	0	15
2012.05.08	16:00:00	103.748	104.057	103.522	103.961	18160	0	15
2012.05.08	20:00:00	103.965	104.050	103.801	103.839	10818	0	19
2012.05.09	00:00:00	103.841	103.925	103.629	103.658	11582	0	22
2012.05.09	04:00:00	103.659	103.663	103.384	103.470	13484	0	15
2012.05.09	08:00:00	103.471	103.725	103.257	103.371	20317	0	15
2012.05.09	12:00:00	103.371	103.451	102.876	102.966	20900	0	15
2012.05.09	16:00:00	102.967	103.411	102.752	103.324	20540	0	15
2012.05.09	20:00:00	103.325	103.347	102.896	102.993	12087	0	19
2012.05.10	00:00:00	102.994	103.196	102.931	103.186	11407	0	22
2012.05.10	04:00:00	103.187	103.332	103.004	103.150	13576	0	15
2012.05.10	08:00:00	103.140	103.439	102.971	102.989	19132	0	15
2012.05.10	12:00:00	102.987	103.680	102.947	103.661	20222	0	15
2012.05.10	16:00:00	103.661	103.761	103.478	103.505	17709	0	15
2012.05.10	20:00:00	103.505	103.606	103.261	103.316	11261	0	15
2012.05.11	00:00:00	103.315	103.457	103.143	103.185	12779	0	22
2012.05.11	04:00:00	103.185	103.301	103.058	103.158	13455	0	15
2012.05.11	08:00:00	103.158	103.538	102.963	103.400	20159	0	15
2012.05.11	12:00:00	103.402	103.579	103.161	103.370	19106	0	15
2012.05.11	16:00:00	103.370	103.583	103.205	103.245	16304	0	15
2012.05.11	20:00:00	103.248	103.273	103.167	103.230	7525	0	21
2012.05.14	00:00:00	103.020	103.360	102.976	103.146	9142	0	23
2012.05.14	04:00:00	103.147	103.184	103.037	103.117	8317	0	15
2012.05.14	08:00:00	103.116	103.295	102.936	102.963	18174	0	15
2012.05.14	12:00:00	102.964	103.072	102.222	102.354	16857	0	15
2012.05.14	16:00:00	102.354	102.616	102.246	102.585	13580	0	15
2012.05.14	20:00:00	102.585	102.662	102.355	102.426	6689	0	20
2012.05.15	00:00:00	102.428	102.571	102.266	102.397	8773	0	20
2012.05.15	04:00:00	102.395	102.590	102.366	102.577	9000	0	15
2012.05.15	08:00:00	102.578	102.864	102.569	102.671	16174	0	15
2012.05.15	12:00:00	102.674	102.823	102.154	102.327	17208	0	15
2012.05.15	16:00:00	102.328	102.532	102.097	102.277	16122	0	15
2012.05.15	20:00:00	102.278	102.334	102.041	102.165	9056	0	21
2012.05.16	00:00:00	102.164	102.364	102.133	102.343	8488	0	23
2012.05.16	04:00:00	102.343	102.359	102.099	102.243	10729	0	15
2012.05.16	08:00:00	102.243	102.346	101.902	102.094	19787	0	15
2012.05.16	12:00:00	102.093	102.700	102.074	102.466	17493	0	15
2012.05.16	16:00:00	102.465	102.545	102.014	102.220	16399	0	15
2012.05.16	20:00:00	102.221	102.237	101.997	102.158	9117	0	19
2012.05.17	00:00:00	102.160	102.374	102.148	102.324	8520	0	20
2012.05.17	04:00:00	102.325	102.352	102.215	102.334	9362	0	15
2012.05.17	08:00:00	102.335	102.345	102.062	102.124	16019	0	15
2012.05.17	12:00:00	102.123	102.153	101.587	101.762	18191	0	15
2012.05.17	16:00:00	101.761	101.782	100.555	100.942	20637	0	15
2012.05.17	20:00:00	100.942	100.943	100.569	100.589	10607	0	20
2012.05.18	00:00:00	100.591	100.861	100.587	100.747	9889	0	20
2012.05.18	04:00:00	100.746	100.801	100.220	100.370	12283	0	15
2012.05.18	08:00:00	100.370	100.799	100.203	100.747	19668	0	15
2012.05.18	12:00:00	100.747	101.020	100.664	100.857	18878	0	15
2012.05.18	16:00:00	100.856	100.909	100.464	100.622	19656	0	15
2012.05.18	20:00:00	100.621	101.086	100.576	100.951	12574	0	19
2012.05.21	00:00:00	101.207	101.405	100.856	101.398	15364	0	22
2012.05.21	04:00:00	101.399	101.409	101.220	101.337	12838	0	15
2012.05.21	08:00:00	101.338	101.569	101.095	101.271	20931	0	15
2012.05.21	12:00:00	101.269	101.326	100.927	101.118	18826	0	15
2012.05.21	16:00:00	101.116	101.496	101.064	101.366	17113	0	15
2012.05.21	20:00:00	101.364	101.694	101.294	101.544	11988	0	22
2012.05.22	00:00:00	101.547	101.751	101.423	101.477	12645	0	22
2012.05.22	04:00:00	101.476	101.694	101.439	101.677	12866	0	15
2012.05.22	08:00:00	101.678	101.931	101.540	101.749	21331	0	15
2012.05.22	12:00:00	101.752	102.042	101.560	101.869	19990	0	15
2012.05.22	16:00:00	101.865	102.112	101.670	101.730	19163	0	15
2012.05.22	20:00:00	101.730	101.936	101.121	101.401	14529	0	20
2012.05.23	00:00:00	101.403	101.464	101.030	101.259	15624	0	22
2012.05.23	04:00:00	101.261	101.269	100.727	100.827	16094	0	15
2012.05.23	08:00:00	100.826	100.899	100.155	100.381	21541	0	15
2012.05.23	12:00:00	100.381	100.822	100.273	100.404	20556	0	15
2012.05.23	16:00:00	100.406	100.457	99.527	99.822	22600	0	15
2012.05.23	20:00:00	99.824	100.171	99.657	99.999	14409	0	21
2012.05.24	00:00:00	100.001	100.163	99.709	99.930	14477	0	22
2012.05.24	04:00:00	99.931	100.076	99.856	99.951	14625	0	15
2012.05.24	08:00:00	99.953	100.114	99.356	99.823	21617	0	15
2012.05.24	12:00:00	99.821	100.249	99.638	99.889	21166	0	15
2012.05.24	16:00:00	99.890	100.158	99.633	99.698	20675	0	15
2012.05.24	20:00:00	99.695	99.855	99.607	99.767	13403	0	20
2012.05.25	00:00:00	99.766	100.016	99.717	99.876	11697	0	22
2012.05.25	04:00:00	99.872	100.048	99.791	99.907	14639	0	15
2012.05.25	08:00:00	99.904	100.316	99.786	100.044	20526	0	7
2012.05.25	12:00:00	100.041	100.149	99.472	99.812	21966	0	15
2012.05.25	16:00:00	99.814	99.845	99.560	99.690	17980	0	15
2012.05.25	20:00:00	99.690	99.735	99.611	99.720	8825	0	19
2012.05.28	00:00:00	100.142	100.149	99.774	100.027	14294	0	22
2012.05.28	04:00:00	100.028	100.033	99.931	99.991	13002	0	15
2012.05.28	08:00:00	99.991	100.215	99.706	99.859	19655	0	15
2012.05.28	12:00:00	99.864	99.957	99.546	99.604	17193	0	15
2012.05.28	16:00:00	99.604	99.717	99.500	99.615	13912	0	15
2012.05.28	20:00:00	99.622	99.688	99.603	99.656	6423	0	20
2012.05.29	00:00:00	99.658	99.773	99.544	99.643	13417	0	22
2012.05.29	04:00:00	99.641	99.729	99.492	99.710	13772	0	15
2012.05.29	08:00:00	99.709	99.931	99.600	99.676	21383	0	15
2012.05.29	12:00:00	99.674	99.787	99.537	99.559	20379	0	15
2012.05.29	16:00:00	99.562	99.741	98.933	99.212	21157	0	15
2012.05.29	20:00:00	99.213	99.454	99.162	99.301	13030	0	21
2012.05.30	00:00:00	99.301	99.363	99.028	99.109	14820	0	22
2012.05.30	04:00:00	99.106	99.122	98.942	99.045	14881	0	15
2012.05.30	08:00:00	99.046	99.160	98.261	98.466	22107	0	15
2012.05.30	12:00:00	98.465	98.662	97.920	98.068	23466	0	15
2012.05.30	16:00:00	98.070	98.098	97.757	97.867	21073	0	14
2012.05.30	20:00:00	97.865	97.937	97.750	97.843	13363	0	23
2012.05.31	00:00:00	97.845	97.896	97.390	97.510	16698	0	22
2012.05.31	04:00:00	97.508	97.631	97.347	97.612	14731	0	15
2012.05.31	08:00:00	97.610	98.018	97.588	97.915	21947	0	14
2012.05.31	12:00:00	97.915	97.949	97.070	97.218	21971	0	14
2012.05.31	16:00:00	97.217	97.291	96.503	96.913	23185	0	15
2012.05.31	20:00:00	96.911	97.018	96.803	96.858	14584	0	20
2012.06.01	00:00:00	96.859	97.100	96.776	96.959	16004	0	23
2012.06.01	04:00:00	96.962	97.058	96.753	97.035	15876	0	15
2012.06.01	08:00:00	97.036	97.037	96.160	96.270	22138	0	15
2012.06.01	12:00:00	96.272	97.464	95.581	96.915	24075	0	15
2012.06.01	16:00:00	96.914	97.167	96.516	96.932	23218	0	15
2012.06.01	20:00:00	96.930	97.229	96.889	96.981	14633	0	23
2012.06.04	00:00:00	97.129	97.229	96.755	96.837	16376	0	22
2012.06.04	04:00:00	96.835	97.096	96.807	97.067	14502	0	15
2012.06.04	08:00:00	97.066	97.092	96.822	97.046	19306	0	15
2012.06.04	12:00:00	97.048	97.697	97.024	97.633	20544	0	15
2012.06.04	16:00:00	97.632	97.941	97.613	97.812	20249	0	15
2012.06.04	20:00:00	97.810	97.993	97.758	97.872	13388	0	21
2012.06.05	00:00:00	97.871	98.260	97.870	98.181	13991	0	22
2012.06.05	04:00:00	98.182	98.223	97.999	98.217	14685	0	15
2012.06.05	08:00:00	98.218	98.241	97.037	97.143	22115	0	15
2012.06.05	12:00:00	97.141	98.295	97.079	98.073	21653	0	15
2012.06.05	16:00:00	98.074	98.239	97.704	97.968	20078	0	15
2012.06.05	20:00:00	97.969	98.105	97.929	98.045	11085	0	19
2012.06.06	00:00:00	98.046	98.323	97.914	98.311	14120	0	22
2012.06.06	04:00:00	98.313	98.773	98.267	98.372	17837	0	15
2012.06.06	08:00:00	98.370	99.282	98.369	98.844	22952	0	15
2012.06.06	12:00:00	98.847	99.200	98.234	99.020	23759	0	15
2012.06.06	16:00:00	99.021	99.392	98.628	99.286	21383	0	14
2012.06.06	20:00:00	99.285	99.710	99.257	99.676	14444	0	22
2012.06.07	00:00:00	99.678	99.883	99.550	99.848	15211	0	22
2012.06.07	04:00:00	99.847	99.886	99.586	99.847	15093	0	15
2012.06.07	08:00:00	99.849	100.085	99.406	100.044	22212	0	15
2012.06.07	12:00:00	100.043	100.612	99.678	100.459	23924	0	15
2012.06.07	16:00:00	100.464	100.554	99.758	100.245	23419	0	15
2012.06.07	20:00:00	100.244	100.417	99.947	100.087	13336	0	19
2012.06.08	00:00:00	100.086	100.256	99.432	99.455	15509	0	22
2012.06.08	04:00:00	99.458	99.567	99.077	99.146	17582	0	15
2012.06.08	08:00:00	99.144	99.170	98.548	99.023	24125	0	15
2012.06.08	12:00:00	99.021	99.066	98.643	98.893	22853	0	15
2012.06.08	16:00:00	98.894	99.353	98.851	99.339	18923	0	15
2012.06.08	20:00:00	99.346	99.490	99.171	99.460	10946	0	22
2012.06.11	00:00:00	100.528	100.907	100.314	100.681	17398	0	22
2012.06.11	04:00:00	100.684	100.730	100.452	100.680	13006	0	15
2012.06.11	08:00:00	100.679	100.731	99.798	99.850	22269	0	15
2012.06.11	12:00:00	99.855	99.937	99.419	99.688	21952	0	15
2012.06.11	16:00:00	99.683	99.893	99.221	99.341	21210	0	15
2012.06.11	20:00:00	99.342	99.342	98.931	98.951	13803	0	21
2012.06.12	00:00:00	98.952	99.032	98.705	98.990	15074	0	22
2012.06.12	04:00:00	98.989	99.538	98.944	99.318	15707	0	15
2012.06.12	08:00:00	99.317	99.776	99.148	99.385	23300	0	15
2012.06.12	12:00:00	99.389	99.660	99.188	99.305	22311	0	15
2012.06.12	16:00:00	99.304	99.403	98.844	99.264	22371	0	15
2012.06.12	20:00:00	99.260	99.594	99.186	99.490	13958	0	21
2012.06.13	00:00:00	99.491	99.685	99.311	99.356	13505	0	22
2012.06.13	04:00:00	99.358	99.557	99.297	99.522	13571	0	15
2012.06.13	08:00:00	99.522	99.974	99.435	99.919	23543	0	15
2012.06.13	12:00:00	99.920	99.988	99.287	99.432	22533	0	15
2012.06.13	16:00:00	99.433	100.093	99.432	99.893	21519	0	15
2012.06.13	20:00:00	99.892	99.934	99.689	99.821	14202	0	21
2012.06.14	00:00:00	99.819	99.913	99.632	99.751	11758	0	20
2012.06.14	04:00:00	99.750	99.994	99.721	99.869	12608	0	15
2012.06.14	08:00:00	99.867	99.958	99.481	99.607	22520	0	15
2012.06.14	12:00:00	99.608	99.851	99.462	99.843	21865	0	15
2012.06.14	16:00:00	99.843	100.039	99.779	99.877	18570	0	15
2012.06.14	20:00:00	99.879	100.290	99.810	100.268	16050	0	22
2012.06.15	00:00:00	100.270	100.342	99.999	100.010	12339	0	22
2012.06.15	04:00:00	100.008	100.088	99.537	99.604	15979	0	15
2012.06.15	08:00:00	99.603	99.784	99.358	99.358	21983	0	15
2012.06.15	12:00:00	99.360	99.469	99.077	99.272	22395	0	15
2012.06.15	16:00:00	99.272	99.587	99.258	99.460	19542	0	15
2012.06.15	20:00:00	99.458	99.687	99.392	99.412	11187	0	19
2012.06.18	00:00:00	100.526	100.842	100.412	100.508	18113	0	22
2012.06.18	04:00:00	100.509	100.710	100.414	100.692	15627	0	15
2012.06.18	08:00:00	100.693	100.801	99.774	100.016	24212	0	15
2012.06.18	12:00:00	100.015	100.196	99.223	99.360	22598	0	15
2012.06.18	16:00:00	99.360	99.541	99.112	99.446	20327	0	15
2012.06.18	20:00:00	99.447	99.572	99.422	99.471	11421	0	18
2012.06.19	00:00:00	99.471	99.620	99.379	99.517	12395	0	22
2012.06.19	04:00:00	99.516	99.657	99.480	99.576	12820	0	15
2012.06.19	08:00:00	99.577	99.646	99.176	99.533	23122	0	15
2012.06.19	12:00:00	99.534	100.001	99.450	99.946	20301	0	15
2012.06.19	16:00:00	99.947	100.480	99.892	100.469	20631	0	15
2012.06.19	20:00:00	100.467	100.468	100.072	100.209	12593	0	18
2012.06.20	00:00:00	100.211	100.332	99.817	99.868	12966	0	22
2012.06.20	04:00:00	99.865	100.083	99.834	100.019	11900	0	15
2012.06.20	08:00:00	100.017	100.327	99.883	100.245	21431	0	15
2012.06.20	12:00:00	100.247	100.809	100.115	100.777	20163	0	15
2012.06.20	16:00:00	100.779	101.393	100.446	101.072	23849	0	15
2012.06.20	20:00:00	101.074	101.181	100.509	100.904	16179	0	20
2012.06.21	00:00:00	100.906	100.965	100.532	100.770	13414	0	22
2012.06.21	04:00:00	100.771	101.130	100.771	101.052	14183	0	15
2012.06.21	08:00:00	101.050	101.368	100.666	101.211	22523	0	15
2012.06.21	12:00:00	101.211	101.615	101.151	101.284	22960	0	15
2012.06.21	16:00:00	101.288	101.311	100.511	100.758	23431	0	15
2012.06.21	20:00:00	100.759	100.894	100.604	100.647	15100	0	22
2012.06.22	00:00:00	100.648	100.747	100.377	100.687	13911	0	22
2012.06.22	04:00:00	100.685	101.112	100.645	101.039	14766	0	15
2012.06.22	08:00:00	101.038	101.051	100.621	100.791	22034	0	15
2012.06.22	12:00:00	100.789	101.133	100.552	101.019	22067	0	15
2012.06.22	16:00:00	101.021	101.219	100.794	101.057	19721	0	15
2012.06.22	20:00:00	101.055	101.165	100.988	101.065	9614	0	22
2012.06.25	00:00:00	101.014	101.105	100.627	100.715	11848	0	20
2012.06.25	04:00:00	100.711	100.767	100.394	100.400	12931	0	15
2012.06.25	08:00:00	100.399	100.415	99.619	99.672	22203	0	15
2012.06.25	12:00:00	99.672	99.809	99.374	99.478	20649	0	15
2012.06.25	16:00:00	99.479	99.581	99.152	99.495	19223	0	12
2012.06.25	20:00:00	99.494	99.629	99.478	99.555	11023	0	20
2012.06.26	00:00:00	99.554	99.875	99.472	99.810	11831	0	22
2012.06.26	04:00:00	99.812	99.841	99.288	99.541	15002	0	15
2012.06.26	08:00:00	99.542	99.811	98.913	99.240	23089	0	15
2012.06.26	12:00:00	99.243	99.348	98.740	99.208	19637	0	15
2012.06.26	16:00:00	99.210	99.339	98.826	99.213	19762	0	15
2012.06.26	20:00:00	99.215	99.437	99.211	99.305	11471	0	20
2012.06.27	00:00:00	99.303	99.405	99.063	99.160	12317	0	22
2012.06.27	04:00:00	99.158	99.373	99.127	99.312	12636	0	14
2012.06.27	08:00:00	99.313	99.597	99.223	99.348	20772	0	15
2012.06.27	12:00:00	99.350	99.603	99.217	99.319	20125	0	15
2012.06.27	16:00:00	99.320	99.552	99.305	99.357	19106	0	14
2012.06.27	20:00:00	99.360	99.475	99.291	99.359	10261	0	22
2012.06.28	00:00:00	99.358	99.457	99.205	99.251	11201	0	20
2012.06.28	04:00:00	99.252	99.466	99.151	99.403	14543	0	15
2012.06.28	08:00:00	99.405	99.443	98.322	98.549	21920	0	15
2012.06.28	12:00:00	98.549	98.985	98.478	98.679	21390	0	15
2012.06.28	16:00:00	98.681	98.752	98.501	98.595	18400	0	15
2012.06.28	20:00:00	98.597	98.886	98.551	98.798	12576	0	22
2012.06.29	00:00:00	98.797	98.828	98.523	98.690	12648	0	20
2012.06.29	04:00:00	98.692	100.202	98.576	99.961	20251	0	15
2012.06.29	08:00:00	99.960	100.507	99.706	99.903	24089	0	15
2012.06.29	12:00:00	99.903	100.955	99.831	100.765	23381	0	15
2012.06.29	16:00:00	100.765	101.381	100.750	101.085	21527	0	15
2012.06.29	20:00:00	101.088	101.237	100.944	101.044	10875	0	21
2012.07.02	00:00:00	101.257	101.258	100.689	100.768	10341	0	20
2012.07.02	04:00:00	100.769	100.798	100.328	100.380	10540	0	15
2012.07.02	08:00:00	100.378	100.979	100.343	100.470	21517	0	15
2012.07.02	12:00:00	100.469	100.751	100.354	100.493	18934	0	15
2012.07.02	16:00:00	100.488	100.488	99.754	99.903	19304	0	15
2012.07.02	20:00:00	99.903	100.085	99.883	100.066	10661	0	20
2012.07.03	00:00:00	100.066	100.221	99.880	100.138	11497	0	20
2012.07.03	04:00:00	100.137	100.581	100.110	100.562	15024	0	15
2012.07.03	08:00:00	100.564	100.702	100.332	100.481	20438	0	15
2012.07.03	12:00:00	100.483	100.529	100.192	100.425	18759	0	15
2012.07.03	16:00:00	100.425	100.815	100.414	100.691	18430	0	15
2012.07.03	20:00:00	100.694	100.733	100.542	100.618	7943	0	19
2012.07.04	00:00:00	100.621	100.656	100.216	100.277	11423	0	20
2012.07.04	04:00:00	100.278	100.494	100.278	100.431	12965	0	15
2012.07.04	08:00:00	100.431	100.487	100.261	100.378	18144	0	15
2012.07.04	12:00:00	100.380	100.422	100.161	100.221	15938	0	15
2012.07.04	16:00:00	100.220	100.263	99.790	100.059	14364	0	15
2012.07.04	20:00:00	100.059	100.084	99.980	100.049	11148	0	20
2012.07.05	00:00:00	100.049	100.330	99.956	100.293	12647	0	20
2012.07.05	04:00:00	100.292	100.299	99.840	99.937	13205	0	15
2012.07.05	08:00:00	99.940	99.972	99.543	99.695	20007	0	9
2012.07.05	12:00:00	99.693	99.746	98.937	99.046	23516	0	15
2012.07.05	16:00:00	99.049	99.085	98.784	98.962	18265	0	15
2012.07.05	20:00:00	98.961	99.056	98.891	99.004	10765	0	20
2012.07.06	00:00:00	99.006	99.090	98.923	98.968	12020	0	20
2012.07.06	04:00:00	98.967	99.000	98.887	98.946	12903	0	15
2012.07.06	08:00:00	98.947	99.050	98.708	98.910	19324	0	15
2012.07.06	12:00:00	98.908	98.936	97.888	97.968	20598	0	15
2012.07.06	16:00:00	97.969	98.010	97.628	97.831	19803	0	15
2012.07.06	20:00:00	97.830	97.923	97.646	97.851	9618	0	21
2012.07.09	00:00:00	97.717	97.852	97.474	97.793	10051	0	18
2012.07.09	04:00:00	97.791	98.036	97.783	97.976	12296	0	15
2012.07.09	08:00:00	97.978	98.021	97.679	97.785	18477	0	14
2012.07.09	12:00:00	97.800	97.998	97.700	97.840	18049	0	15
2012.07.09	16:00:00	97.838	98.122	97.751	98.030	17191	0	14
2012.07.09	20:00:00	98.029	98.062	97.926	97.960	10339	0	20
2012.07.10	00:00:00	97.960	98.046	97.752	97.826	10869	0	20
2012.07.10	04:00:00	97.827	97.889	97.630	97.693	12077	0	15
2012.07.10	08:00:00	97.692	97.908	97.305	97.820	20130	0	15
2012.07.10	12:00:00	97.821	97.892	97.340	97.482	18414	0	15
2012.07.10	16:00:00	97.483	97.521	97.217	97.352	17202	0	14
2012.07.10	20:00:00	97.350	97.381	97.231	97.272	11115	0	19
2012.07.11	00:00:00	97.273	97.298	97.086	97.257	9805	0	22
2012.07.11	04:00:00	97.253	97.367	97.168	97.327	11404	0	15
2012.07.11	08:00:00	97.326	97.458	97.128	97.332	18934	0	15
2012.07.11	12:00:00	97.333	97.554	96.993	97.468	18410	0	14
2012.07.11	16:00:00	97.470	97.727	97.428	97.642	18961	0	15
2012.07.11	20:00:00	97.642	97.703	97.283	97.597	13549	0	19
2012.07.12	00:00:00	97.599	97.603	97.325	97.354	11577	0	22
2012.07.12	04:00:00	97.351	97.842	97.221	97.248	16342	0	15
2012.07.12	08:00:00	97.252	97.256	96.749	96.896	19919	0	15
2012.07.12	12:00:00	96.898	96.903	96.417	96.601	20439	0	15
2012.07.12	16:00:00	96.599	96.781	96.501	96.711	18259	0	11
2012.07.12	20:00:00	96.711	96.824	96.630	96.710	10532	0	20
2012.07.13	00:00:00	96.710	96.909	96.603	96.848	12124	0	21
2012.07.13	04:00:00	96.846	96.936	96.701	96.740	13097	0	15
2012.07.13	08:00:00	96.739	96.816	96.553	96.700	18480	0	15
2012.07.13	12:00:00	96.700	96.985	96.433	96.852	19308	0	14
2012.07.13	16:00:00	96.851	97.038	96.829	96.917	15532	0	15
2012.07.13	20:00:00	96.920	97.092	96.894	96.966	8152	0	20
2012.07.16	00:00:00	97.047	97.103	96.783	96.816	8224	0	20
2012.07.16	04:00:00	96.817	96.855	96.750	96.852	8409	0	15
2012.07.16	08:00:00	96.850	96.861	96.178	96.263	17703	0	15
2012.07.16	12:00:00	96.261	96.572	96.161	96.289	18826	0	15
2012.07.16	16:00:00	96.290	96.734	96.191	96.732	16534	0	15
2012.07.16	20:00:00	96.732	96.834	96.710	96.754	10578	0	22
2012.07.17	00:00:00	96.757	97.212	96.645	97.045	11941	0	20
2012.07.17	04:00:00	97.046	97.095	96.914	96.945	12072	0	15
2012.07.17	08:00:00	96.943	97.365	96.882	97.107	18495	0	15
2012.07.17	12:00:00	97.107	97.209	97.008	97.055	17346	0	15
2012.07.17	16:00:00	97.056	97.072	96.403	97.004	20687	0	15
2012.07.17	20:00:00	97.001	97.268	96.985	97.162	11621	0	20
2012.07.18	00:00:00	97.163	97.295	97.105	97.222	10610	0	20
2012.07.18	04:00:00	97.220	97.258	96.865	96.967	13360	0	15
2012.07.18	08:00:00	96.965	97.198	96.649	96.690	18159	0	15
2012.07.18	12:00:00	96.690	96.847	96.465	96.706	19720	0	15
2012.07.18	16:00:00	96.709	96.810	96.552	96.627	17083	0	15
2012.07.18	20:00:00	96.626	96.796	96.532	96.779	10729	0	20
2012.07.19	00:00:00	96.777	96.807	96.596	96.638	11387	0	22
2012.07.19	04:00:00	96.639	96.656	96.415	96.509	13688	0	15
2012.07.19	08:00:00	96.508	96.805	96.417	96.722	19132	0	15
2012.07.19	12:00:00	96.724	96.808	96.170	96.272	20976	0	15
2012.07.19	16:00:00	96.273	96.583	96.126	96.408	18292	0	15
2012.07.19	20:00:00	96.409	96.524	96.361	96.506	10638	0	20
2012.07.20	00:00:00	96.505	96.697	96.373	96.429	12853	0	22
2012.07.20	04:00:00	96.431	96.511	96.262	96.291	12767	0	15
2012.07.20	08:00:00	96.292	96.482	96.157	96.157	17379	0	15
2012.07.20	12:00:00	96.158	96.194	95.410	95.501	20633	0	15
2012.07.20	16:00:00	95.499	95.622	95.372	95.443	16888	0	15
2012.07.20	20:00:00	95.441	95.505	95.337	95.395	8501	0	21
2012.07.23	00:00:00	95.094	95.250	94.930	95.019	13911	0	20
2012.07.23	04:00:00	95.021	95.023	94.495	94.547	13895	0	15
2012.07.23	08:00:00	94.546	94.583	94.241	94.480	20962	0	15
2012.07.23	12:00:00	94.478	94.920	94.392	94.555	20511	0	15
2012.07.23	16:00:00	94.556	95.216	94.523	95.077	18922	0	15
2012.07.23	20:00:00	95.080	95.175	94.838	94.891	11856	0	20
2012.07.24	00:00:00	94.894	95.004	94.834	94.866	10496	0	20
2012.07.24	04:00:00	94.864	94.979	94.789	94.948	13735	0	15
2012.07.24	08:00:00	94.948	94.955	94.431	94.580	19971	0	15
2012.07.24	12:00:00	94.581	94.787	94.447	94.645	19369	0	15
2012.07.24	16:00:00	94.644	94.658	94.108	94.255	18828	0	15
2012.07.24	20:00:00	94.252	94.394	94.187	94.270	12039	0	20
2012.07.25	00:00:00	94.272	94.347	94.129	94.322	12599	0	22
2012.07.25	04:00:00	94.322	94.459	94.240	94.280	12845	0	15
2012.07.25	08:00:00	94.279	95.017	94.170	94.869	21581	0	15
2012.07.25	12:00:00	94.867	95.193	94.724	94.917	21079	0	15
2012.07.25	16:00:00	94.916	95.077	94.769	94.966	18363	0	15
2012.07.25	20:00:00	94.964	95.041	94.870	94.937	10730	0	19
2012.07.26	00:00:00	94.935	94.972	94.698	94.812	12043	0	20
2012.07.26	04:00:00	94.811	95.023	94.730	94.921	12395	0	15
2012.07.26	08:00:00	94.918	95.082	94.657	94.710	18853	0	15
2012.07.26	12:00:00	94.711	96.259	94.686	96.126	24325	0	15
2012.07.26	16:00:00	96.125	96.412	96.019	96.099	18870	0	15
2012.07.26	20:00:00	96.098	96.154	95.992	96.034	10384	0	20
2012.07.27	00:00:00	96.033	96.187	96.003	96.066	11717	0	22
2012.07.27	04:00:00	96.064	96.168	96.047	96.158	13195	0	15
2012.07.27	08:00:00	96.158	96.496	95.636	95.831	20815	0	15
2012.07.27	12:00:00	95.830	96.858	95.795	96.830	21921	0	15
2012.07.27	16:00:00	96.831	97.323	96.821	96.871	19739	0	15
2012.07.27	20:00:00	96.869	96.870	96.494	96.641	12345	0	22
2012.07.30	00:00:00	96.556	96.651	96.354	96.368	12086	0	22
2012.07.30	04:00:00	96.366	96.398	96.255	96.319	11035	0	15
2012.07.30	08:00:00	96.321	96.370	95.765	96.055	20673	0	15
2012.07.30	12:00:00	96.053	96.074	95.527	95.883	20485	0	15
2012.07.30	16:00:00	95.885	95.922	95.660	95.794	15636	0	15
2012.07.30	20:00:00	95.794	95.871	95.754	95.785	9252	0	22
2012.07.31	00:00:00	95.786	95.946	95.735	95.889	10896	0	22
2012.07.31	04:00:00	95.891	96.124	95.869	95.994	14023	0	14
2012.07.31	08:00:00	95.994	96.091	95.847	96.082	19837	0	15
2012.07.31	12:00:00	96.081	96.273	95.907	96.176	20367	0	15
2012.07.31	16:00:00	96.178	96.255	96.015	96.170	17395	0	15
2012.07.31	20:00:00	96.169	96.184	96.036	96.074	10384	0	21
2012.08.01	00:00:00	96.076	96.086	95.692	95.813	11609	0	20
2012.08.01	04:00:00	95.812	96.284	95.795	96.281	11742	0	14
2012.08.01	08:00:00	96.283	96.450	96.028	96.168	19140	0	15
2012.08.01	12:00:00	96.168	96.352	96.062	96.255	18466	0	15
2012.08.01	16:00:00	96.256	96.350	96.038	96.044	15335	0	5
2012.08.01	20:00:00	96.045	96.087	95.795	95.903	14483	0	20
2012.08.02	00:00:00	95.904	96.065	95.807	96.037	12344	0	20
2012.08.02	04:00:00	96.037	96.160	96.025	96.096	12646	0	15
2012.08.02	08:00:00	96.096	96.298	95.989	96.079	19037	0	15
2012.08.02	12:00:00	96.079	96.938	95.162	95.563	24369	0	15
2012.08.02	16:00:00	95.565	95.572	94.920	95.147	20200	0	15
2012.08.02	20:00:00	95.145	95.349	95.139	95.315	10968	0	22
2012.08.03	00:00:00	95.316	95.330	95.017	95.117	10492	0	20
2012.08.03	04:00:00	95.119	95.324	95.089	95.322	10907	0	15
2012.08.03	08:00:00	95.320	95.789	95.247	95.731	19891	0	15
2012.08.03	12:00:00	95.733	96.931	95.722	96.879	23764	0	4
2012.08.03	16:00:00	96.878	97.387	96.830	97.222	19285	0	15
2012.08.03	20:00:00	97.221	97.336	97.156	97.181	8433	0	22
2012.08.06	00:00:00	97.425	97.788	97.207	97.241	14796	0	18
2012.08.06	04:00:00	97.243	97.270	97.060	97.078	11709	0	15
2012.08.06	08:00:00	97.076	97.140	96.726	96.851	19696	0	15
2012.08.06	12:00:00	96.853	97.144	96.690	97.058	17931	0	15
2012.08.06	16:00:00	97.055	97.164	96.880	96.899	16261	0	15
2012.08.06	20:00:00	96.896	97.098	96.895	97.019	9634	0	20
2012.08.07	00:00:00	97.019	97.082	96.823	97.029	9894	0	20
2012.08.07	04:00:00	97.027	97.122	96.930	96.970	11916	0	15
2012.08.07	08:00:00	96.972	97.434	96.864	97.073	20016	0	15
2012.08.07	12:00:00	97.072	97.733	97.024	97.667	20466	0	15
2012.08.07	16:00:00	97.668	97.806	97.542	97.735	16189	0	15
2012.08.07	20:00:00	97.741	97.741	97.388	97.434	9834	0	18
2012.08.08	00:00:00	97.435	97.472	97.232	97.381	12713	0	20
2012.08.08	04:00:00	97.380	97.382	97.180	97.183	12590	0	15
2012.08.08	08:00:00	97.181	97.189	96.675	96.762	19901	0	15
2012.08.08	12:00:00	96.761	96.896	96.574	96.782	19393	0	15
2012.08.08	16:00:00	96.783	97.087	96.747	96.920	16270	0	15
2012.08.08	20:00:00	96.922	97.046	96.826	96.979	9628	0	22
2012.08.09	00:00:00	96.977	97.270	96.960	97.195	11546	0	20
2012.08.09	04:00:00	97.197	97.227	96.936	97.093	14951	0	15
2012.08.09	08:00:00	97.089	97.239	96.762	96.889	18839	0	15
2012.08.09	12:00:00	96.891	96.896	96.319	96.788	21296	0	15
2012.08.09	16:00:00	96.790	96.984	96.442	96.516	17528	0	15
2012.08.09	20:00:00	96.517	96.702	96.503	96.686	8994	0	20
2012.08.10	00:00:00	96.686	96.728	96.500	96.657	12112	0	22
2012.08.10	04:00:00	96.658	96.686	96.510	96.517	13436	0	15
2012.08.10	08:00:00	96.516	96.583	96.143	96.296	18368	0	15
2012.08.10	12:00:00	96.297	96.313	95.711	95.921	17975	0	15
2012.08.10	16:00:00	95.923	96.334	95.896	96.173	15693	0	15
2012.08.10	20:00:00	96.173	96.272	96.137	96.154	6869	0	20
2012.08.13	00:00:00	96.187	96.217	95.930	96.163	10259	0	22
2012.08.13	04:00:00	96.163	96.369	96.135	96.160	10360	0	15
2012.08.13	08:00:00	96.162	96.389	96.007	96.229	14223	0	15
2012.08.13	12:00:00	96.229	96.848	96.209	96.818	15759	0	14
2012.08.13	16:00:00	96.819	96.902	96.548	96.602	11245	0	14
2012.08.13	20:00:00	96.605	96.706	96.547	96.587	5240	0	20
2012.08.14	00:00:00	96.587	96.852	96.536	96.825	6897	0	20
2012.08.14	04:00:00	96.826	96.956	96.766	96.949	10169	0	15
2012.08.14	08:00:00	96.949	97.303	96.903	97.041	19977	0	15
2012.08.14	12:00:00	97.043	97.455	96.939	97.233	19375	0	15
2012.08.14	16:00:00	97.233	97.334	96.964	97.118	15362	0	15
2012.08.14	20:00:00	97.119	97.154	96.942	96.989	9200	0	19
2012.08.15	00:00:00	96.988	97.225	96.968	97.149	10719	0	20
2012.08.15	04:00:00	97.148	97.161	97.040	97.112	9249	0	15
2012.08.15	08:00:00	97.113	97.415	97.096	97.162	18287	0	15
2012.08.15	12:00:00	97.164	97.171	96.528	96.736	19709	0	15
2012.08.15	16:00:00	96.734	96.983	96.613	96.914	15222	0	15
2012.08.15	20:00:00	96.909	97.075	96.878	97.018	8402	0	19
2012.08.16	00:00:00	97.022	97.385	96.982	97.252	11531	0	20
2012.08.16	04:00:00	97.251	97.455	97.234	97.414	13403	0	15
2012.08.16	08:00:00	97.416	97.425	97.094	97.133	18954	0	15
2012.08.16	12:00:00	97.135	97.735	97.113	97.656	18840	0	15
2012.08.16	16:00:00	97.654	98.170	97.493	98.145	17670	0	15
2012.08.16	20:00:00	98.145	98.148	97.939	98.018	9734	0	20
2012.08.17	00:00:00	98.016	98.102	97.878	98.042	10585	0	20
2012.08.17	04:00:00	98.043	98.107	97.868	98.000	12638	0	15
2012.08.17	08:00:00	98.002	98.399	97.972	98.308	18899	0	15
2012.08.17	12:00:00	98.305	98.306	97.852	97.981	17865	0	15
2012.08.17	16:00:00	97.983	98.011	97.714	97.969	15114	0	15
2012.08.17	20:00:00	97.968	98.187	97.959	98.109	7088	0	18
2012.08.20	00:00:00	98.171	98.174	97.996	98.168	11002	0	10
2012.08.20	04:00:00	98.170	98.209	97.937	98.063	10965	0	15
2012.08.20	08:00:00	98.060	98.345	98.045	98.146	17653	0	15
2012.08.20	12:00:00	98.142	98.152	97.724	97.787	18625	0	15
2012.08.20	16:00:00	97.785	98.055	97.749	97.958	13901	0	15
2012.08.20	20:00:00	97.959	98.134	97.945	98.130	8430	0	21
2012.08.21	00:00:00	98.129	98.129	97.969	98.090	9180	0	20
2012.08.21	04:00:00	98.091	98.091	97.952	97.984	5918	0	15
2012.08.21	08:00:00	97.983	98.655	97.975	98.526	16725	0	15
2012.08.21	12:00:00	98.527	99.036	98.525	98.954	16780	0	15
2012.08.21	16:00:00	98.948	99.173	98.906	98.937	14019	0	15
2012.08.21	20:00:00	98.935	98.952	98.701	98.867	8107	0	20
2012.08.22	00:00:00	98.868	98.881	98.716	98.756	10354	0	20
2012.08.22	04:00:00	98.755	98.841	98.697	98.770	10373	0	15
2012.08.22	08:00:00	98.772	99.010	98.668	98.833	17495	0	15
2012.08.22	12:00:00	98.835	98.900	98.500	98.801	18882	0	15
2012.08.22	16:00:00	98.801	98.835	98.640	98.739	15663	0	15
2012.08.22	20:00:00	98.740	98.841	98.105	98.427	15790	0	21
2012.08.23	00:00:00	98.426	98.603	98.373	98.551	11987	0	22
2012.08.23	04:00:00	98.550	98.561	98.395	98.451	13090	0	15
2012.08.23	08:00:00	98.450	98.803	98.320	98.659	19545	0	15
2012.08.23	12:00:00	98.656	98.795	98.450	98.503	18705	0	15
2012.08.23	16:00:00	98.502	98.735	98.268	98.615	17123	0	15
2012.08.23	20:00:00	98.617	98.689	98.517	98.671	8967	0	20
2012.08.24	00:00:00	98.672	98.717	98.556	98.688	11304	0	22
2012.08.24	04:00:00	98.687	98.816	98.590	98.721	10365	0	15
2012.08.24	08:00:00	98.718	98.727	98.445	98.450	18313	0	15
2012.08.24	12:00:00	98.450	98.476	97.966	98.190	18932	0	15
2012.08.24	16:00:00	98.187	98.745	98.179	98.596	15374	0	14
2012.08.24	20:00:00	98.593	98.607	98.362	98.408	7000	0	22
2012.08.27	00:00:00	98.421	98.617	98.408	98.515	11638	0	11
2012.08.27	04:00:00	98.517	98.538	98.401	98.441	9497	0	15
2012.08.27	08:00:00	98.437	98.630	98.308	98.445	13709	0	15
2012.08.27	12:00:00	98.449	98.703	98.448	98.499	13112	0	15
2012.08.27	16:00:00	98.498	98.572	98.400	98.458	9735	0	15
2012.08.27	20:00:00	98.460	98.523	98.388	98.416	7296	0	20
2012.08.28	00:00:00	98.419	98.496	97.883	98.016	10379	0	20
2012.08.28	04:00:00	98.016	98.144	97.938	98.065	10698	0	15
2012.08.28	08:00:00	98.062	98.665	97.981	98.548	17112	0	15
2012.08.28	12:00:00	98.546	98.818	98.457	98.554	16525	0	15
2012.08.28	16:00:00	98.554	98.723	98.514	98.614	13287	0	15
2012.08.28	20:00:00	98.614	98.697	98.608	98.668	8048	0	20
2012.08.29	00:00:00	98.666	98.774	98.646	98.676	9628	0	20
2012.08.29	04:00:00	98.674	98.746	98.628	98.629	9133	0	15
2012.08.29	08:00:00	98.632	98.688	98.375	98.654	16054	0	15
2012.08.29	12:00:00	98.657	98.815	98.525	98.564	15887	0	15
2012.08.29	16:00:00	98.565	98.784	98.540	98.664	13535	0	15
2012.08.29	20:00:00	98.663	98.672	98.540	98.594	7885	0	20
2012.08.30	00:00:00	98.591	98.694	98.527	98.598	10079	0	20
2012.08.30	04:00:00	98.600	98.760	98.500	98.697	10161	0	15
2012.08.30	08:00:00	98.688	98.779	98.601	98.697	14901	0	15
2012.08.30	12:00:00	98.695	98.708	98.464	98.573	14814	0	15
2012.08.30	16:00:00	98.575	98.657	98.036	98.203	14684	0	15
2012.08.30	20:00:00	98.205	98.392	98.197	98.318	8816	0	20
2012.08.31	00:00:00	98.319	98.348	98.199	98.282	10596	0	20
2012.08.31	04:00:00	98.285	98.290	98.020	98.076	10893	0	15
2012.08.31	08:00:00	98.071	98.761	97.973	98.700	16456	0	15
2012.08.31	12:00:00	98.705	99.015	98.630	98.745	19200	0	15
2012.08.31	16:00:00	98.743	98.896	98.342	98.395	19556	0	15
2012.08.31	20:00:00	98.400	98.565	98.397	98.565	8832	0	20
2012.09.03	00:00:00	98.538	98.538	98.213	98.303	9700	0	22
2012.09.03	04:00:00	98.305	98.553	98.296	98.405	9189	0	15
2012.09.03	08:00:00	98.407	98.630	98.344	98.435	15552	0	15
2012.09.03	12:00:00	98.434	98.493	98.390	98.447	12349	0	15
2012.09.03	16:00:00	98.448	98.686	98.385	98.585	11373	0	14
2012.09.03	20:00:00	98.582	98.599	98.520	98.539	5413	0	20
2012.09.04	00:00:00	98.542	98.908	98.515	98.877	10316	0	20
2012.09.04	04:00:00	98.876	98.981	98.792	98.873	11714	0	14
2012.09.04	08:00:00	98.871	99.008	98.768	98.891	16287	0	15
2012.09.04	12:00:00	98.892	98.943	98.465	98.602	17000	0	15
2012.09.04	16:00:00	98.603	98.633	98.396	98.511	15396	0	15
2012.09.04	20:00:00	98.507	98.651	98.476	98.559	8524	0	20
2012.09.05	00:00:00	98.561	98.579	98.231	98.376	11826	0	20
2012.09.05	04:00:00	98.376	98.408	98.170	98.277	10798	0	15
2012.09.05	08:00:00	98.279	98.430	97.980	98.429	18012	0	15
2012.09.05	12:00:00	98.430	98.903	98.221	98.734	20452	0	15
2012.09.05	16:00:00	98.734	98.897	98.639	98.733	16131	0	14
2012.09.05	20:00:00	98.739	98.808	98.703	98.802	7951	0	15
2012.09.06	00:00:00	98.802	98.875	98.747	98.851	9250	0	22
2012.09.06	04:00:00	98.850	98.922	98.801	98.891	9662	0	15
2012.09.06	08:00:00	98.889	99.079	98.797	98.949	18379	0	15
2012.09.06	12:00:00	98.951	99.630	98.896	99.334	21605	0	15
2012.09.06	16:00:00	99.335	99.792	99.268	99.734	17523	0	7
2012.09.06	20:00:00	99.733	99.761	99.587	99.626	9266	0	20
2012.09.07	00:00:00	99.625	99.726	99.597	99.631	10281	0	20
2012.09.07	04:00:00	99.633	99.764	99.620	99.735	10360	0	15
2012.09.07	08:00:00	99.733	100.133	99.712	100.111	19377	0	15
2012.09.07	12:00:00	100.111	100.417	99.808	99.869	22175	0	15
2012.09.07	16:00:00	99.869	100.091	99.812	100.041	17036	0	15
2012.09.07	20:00:00	100.039	100.297	100.016	100.246	9160	0	22
2012.09.10	00:00:00	100.187	100.258	99.964	100.049	7007	0	20
2012.09.10	04:00:00	100.049	100.092	99.959	100.023	6786	0	15
2012.09.10	08:00:00	100.024	100.217	99.964	100.050	13121	0	15
2012.09.10	12:00:00	100.049	100.147	99.953	100.011	13839	0	15
2012.09.10	16:00:00	100.012	100.223	99.973	100.009	14023	0	15
2012.09.10	20:00:00	100.007	100.045	99.816	99.846	9649	0	22
2012.09.11	00:00:00	99.847	99.880	99.805	99.862	9710	0	22
2012.09.11	04:00:00	99.863	100.031	99.804	99.867	10872	0	15
2012.09.11	08:00:00	99.865	100.232	99.735	99.904	19757	0	15
2012.09.11	12:00:00	99.908	99.930	99.515	99.925	19173	0	15
2012.09.11	16:00:00	99.926	100.098	99.792	100.037	16963	0	15
2012.09.11	20:00:00	100.040	100.079	99.862	99.973	9558	0	20
2012.09.12	00:00:00	99.974	100.189	99.902	100.079	11293	0	22
2012.09.12	04:00:00	100.078	100.294	100.071	100.218	11805	0	15
2012.09.12	08:00:00	100.221	100.632	99.741	100.614	22445	0	15
2012.09.12	12:00:00	100.612	100.612	100.306	100.484	19662	0	15
2012.09.12	16:00:00	100.485	100.531	100.288	100.464	16487	0	15
2012.09.12	20:00:00	100.468	100.518	100.342	100.391	8983	0	17
2012.09.13	00:00:00	100.392	100.467	100.303	100.439	10552	0	20
2012.09.13	04:00:00	100.441	100.503	100.375	100.428	11507	0	15
2012.09.13	08:00:00	100.427	100.457	100.184	100.280	17431	0	15
2012.09.13	12:00:00	100.282	100.321	99.831	99.916	16802	0	15
2012.09.13	16:00:00	99.912	100.442	99.514	100.373	21647	0	15
2012.09.13	20:00:00	100.373	100.760	100.370	100.615	14125	0	21
2012.09.14	00:00:00	100.617	100.929	100.616	100.859	12548	0	22
2012.09.14	04:00:00	100.858	101.203	100.839	101.121	13254	0	15
2012.09.14	08:00:00	101.123	102.131	101.033	102.043	20440	0	15
2012.09.14	12:00:00	102.045	102.886	101.965	102.834	22664	0	15
2012.09.14	16:00:00	102.835	103.004	102.508	102.659	20253	0	15
2012.09.14	20:00:00	102.659	102.919	102.563	102.908	9898	0	19
2012.09.17	00:00:00	102.833	102.926	102.642	102.683	10348	0	20
2012.09.17	04:00:00	102.682	102.917	102.625	102.794	11380	0	15
2012.09.17	08:00:00	102.794	102.922	102.590	102.809	17374	0	15
2012.09.17	12:00:00	102.811	103.850	102.571	103.626	18610	0	15
2012.09.17	16:00:00	103.623	103.683	103.128	103.208	16979	0	15
2012.09.17	20:00:00	103.209	103.292	103.069	103.233	11107	0	22
2012.09.18	00:00:00	103.231	103.252	102.768	103.008	12526	0	22
2012.09.18	04:00:00	103.011	103.077	102.896	102.958	12084	0	15
2012.09.18	08:00:00	102.958	103.210	102.570	102.581	19258	0	15
2012.09.18	12:00:00	102.580	102.805	102.396	102.673	18444	0	15
2012.09.18	16:00:00	102.671	102.785	102.425	102.555	17790	0	15
2012.09.18	20:00:00	102.558	102.863	102.526	102.757	10776	0	20
2012.09.19	00:00:00	102.756	102.816	102.464	102.543	11225	0	22
2012.09.19	04:00:00	102.542	103.625	102.515	103.555	17047	0	15
2012.09.19	08:00:00	103.560	103.561	102.628	102.640	20768	0	15
2012.09.19	12:00:00	102.642	102.838	102.100	102.192	20855	0	15
2012.09.19	16:00:00	102.192	102.524	102.137	102.212	18068	0	15
2012.09.19	20:00:00	102.215	102.405	102.169	102.236	10285	0	19
2012.09.20	00:00:00	102.235	102.385	102.123	102.124	11099	0	20
2012.09.20	04:00:00	102.124	102.180	101.378	101.386	16704	0	15
2012.09.20	08:00:00	101.383	101.603	100.987	101.147	21150	0	15
2012.09.20	12:00:00	101.147	101.392	100.929	101.009	19361	0	15
2012.09.20	16:00:00	101.008	101.489	101.008	101.378	17194	0	15
2012.09.20	20:00:00	101.380	101.565	101.360	101.434	10225	0	20
2012.09.21	00:00:00	101.435	101.656	101.433	101.559	11637	0	22
2012.09.21	04:00:00	101.561	101.623	101.450	101.508	12848	0	15
2012.09.21	08:00:00	101.508	102.093	101.247	101.887	20229	0	15
2012.09.21	12:00:00	101.884	101.997	101.381	101.814	20480	0	15
2012.09.21	16:00:00	101.816	101.816	101.465	101.553	16949	0	15
2012.09.21	20:00:00	101.553	101.563	101.398	101.431	7513	0	20
2012.09.24	00:00:00	101.401	101.410	100.875	100.935	11040	0	4
2012.09.24	04:00:00	100.937	101.213	100.853	101.012	11820	0	15
2012.09.24	08:00:00	101.013	101.275	100.603	100.689	18522	0	15
2012.09.24	12:00:00	100.689	100.945	100.571	100.719	16104	0	15
2012.09.24	16:00:00	100.722	100.778	100.350	100.594	14165	0	15
2012.09.24	20:00:00	100.592	100.703	100.559	100.664	8539	0	20
2012.09.25	00:00:00	100.663	100.822	100.648	100.724	9166	0	22
2012.09.25	04:00:00	100.725	100.805	100.292	100.327	11127	0	15
2012.09.25	08:00:00	100.328	100.565	100.157	100.208	19205	0	15
2012.09.25	12:00:00	100.207	100.811	100.165	100.734	18850	0	15
2012.09.25	16:00:00	100.733	101.035	100.730	100.782	16910	0	15
2012.09.25	20:00:00	100.780	100.792	100.293	100.389	10980	0	20
2012.09.26	00:00:00	100.391	100.457	100.237	100.394	8510	0	20
2012.09.26	04:00:00	100.393	100.423	99.976	99.991	10183	0	15
2012.09.26	08:00:00	99.989	100.106	99.706	99.923	19063	0	15
2012.09.26	12:00:00	99.924	100.103	99.765	99.953	18433	0	14
2012.09.26	16:00:00	99.953	100.062	99.818	99.937	17031	0	15
2012.09.26	20:00:00	99.940	100.082	99.897	100.062	9239	0	20
2012.09.27	00:00:00	100.062	100.159	99.900	100.065	10428	0	22
2012.09.27	04:00:00	100.064	100.251	99.959	100.219	12572	0	15
2012.09.27	08:00:00	100.218	100.262	99.797	99.804	18089	0	15
2012.09.27	12:00:00	99.806	100.055	99.781	99.967	17859	0	15
2012.09.27	16:00:00	99.967	100.326	99.634	100.269	19801	0	15
2012.09.27	20:00:00	100.268	100.347	100.180	100.240	10677	0	20
2012.09.28	00:00:00	100.240	100.257	100.114	100.211	7969	0	20
2012.09.28	04:00:00	100.210	100.334	100.080	100.131	9537	0	15
2012.09.28	08:00:00	100.130	100.665	100.096	100.496	18826	0	15
2012.09.28	12:00:00	100.496	100.550	100.218	100.260	19252	0	15
2012.09.28	16:00:00	100.261	100.478	99.917	100.424	21193	0	15
2012.09.28	20:00:00	100.423	100.448	100.047	100.191	10720	0	21
2012.10.01	00:00:00	100.175	100.211	99.808	99.848	11428	0	16
2012.10.01	04:00:00	99.847	99.910	99.776	99.896	9308	0	15
2012.10.01	08:00:00	99.894	100.692	99.860	100.590	19257	0	15
2012.10.01	12:00:00	100.586	100.806	100.401	100.574	16339	0	15
2012.10.01	16:00:00	100.573	101.019	100.462	100.623	15613	0	15
2012.10.01	20:00:00	100.621	100.633	100.423	100.508	6947	0	20
2012.10.02	00:00:00	100.509	100.735	100.497	100.719	6400	0	20
2012.10.02	04:00:00	100.718	100.858	100.607	100.799	7943	0	15
2012.10.02	08:00:00	100.801	101.061	100.478	100.865	14894	0	15
2012.10.02	12:00:00	100.864	101.088	100.798	100.993	14139	0	15
2012.10.02	16:00:00	100.994	101.185	100.832	100.975	14486	0	15
2012.10.02	20:00:00	100.970	100.998	100.839	100.966	6689	0	20
2012.10.03	00:00:00	100.967	101.096	100.883	100.932	6644	0	20
2012.10.03	04:00:00	100.931	100.949	100.768	100.907	8998	0	15
2012.10.03	08:00:00	100.908	101.192	100.710	101.130	17662	0	15
2012.10.03	12:00:00	101.131	101.288	100.916	101.198	18017	0	15
2012.10.03	16:00:00	101.200	101.464	101.156	101.302	16539	0	15
2012.10.03	20:00:00	101.302	101.372	101.251	101.321	9228	0	20
2012.10.04	00:00:00	101.321	101.409	101.298	101.314	8856	0	20
2012.10.04	04:00:00	101.316	101.770	101.311	101.582	12406	0	15
2012.10.04	08:00:00	101.577	101.808	101.480	101.678	16837	0	15
2012.10.04	12:00:00	101.673	102.127	101.657	102.003	18036	0	15
2012.10.04	16:00:00	102.002	102.108	101.850	102.043	17653	0	15
2012.10.04	20:00:00	102.045	102.196	101.987	102.166	9794	0	22
2012.10.05	00:00:00	102.165	102.267	102.153	102.206	8876	0	20
2012.10.05	04:00:00	102.208	102.208	101.855	101.969	10681	0	15
2012.10.05	08:00:00	101.971	102.155	101.840	102.030	15985	0	15
2012.10.05	12:00:00	102.028	102.788	101.993	102.749	18740	0	15
2012.10.05	16:00:00	102.748	102.792	102.472	102.510	16730	0	15
2012.10.05	20:00:00	102.521	102.572	102.373	102.549	9091	0	22
2012.10.08	00:00:00	102.448	102.494	102.307	102.373	7676	0	17
2012.10.08	04:00:00	102.374	102.388	101.950	102.006	9516	0	15
2012.10.08	08:00:00	102.008	102.048	101.238	101.266	17800	0	15
2012.10.08	12:00:00	101.267	101.548	101.113	101.473	16177	0	15
2012.10.08	16:00:00	101.475	101.558	101.290	101.545	13756	0	15
2012.10.08	20:00:00	101.540	101.639	101.498	101.531	7525	0	20
2012.10.09	00:00:00	101.534	101.756	101.490	101.579	7181	0	20
2012.10.09	04:00:00	101.578	101.838	101.563	101.782	6669	0	15
2012.10.09	08:00:00	101.783	101.831	101.012	101.267	14559	0	15
2012.10.09	12:00:00	101.267	101.426	101.068	101.170	14467	0	15
2012.10.09	16:00:00	101.169	101.219	100.583	100.625	14664	0	15
2012.10.09	20:00:00	100.624	100.827	100.606	100.820	6502	0	20
2012.10.10	00:00:00	100.820	100.825	100.464	100.690	7222	0	20
2012.10.10	04:00:00	100.688	100.689	100.432	100.590	8229	0	15
2012.10.10	08:00:00	100.593	100.857	100.483	100.664	13502	0	15
2012.10.10	12:00:00	100.663	101.060	100.642	100.876	12267	0	15
2012.10.10	16:00:00	100.876	101.153	100.740	100.783	13509	0	15
2012.10.10	20:00:00	100.780	100.918	100.381	100.427	8764	0	20
2012.10.11	00:00:00	100.428	100.481	100.145	100.212	9367	0	20
2012.10.11	04:00:00	100.212	100.509	100.200	100.306	8165	0	8
2012.10.11	08:00:00	100.302	100.705	100.146	100.646	14292	0	15
2012.10.11	12:00:00	100.646	101.702	100.601	101.607	15776	0	15
2012.10.11	16:00:00	101.608	101.699	101.229	101.267	12008	0	15
2012.10.11	20:00:00	101.266	101.374	101.207	101.366	5707	0	19
2012.10.12	00:00:00	101.364	101.587	101.297	101.504	6585	0	20
2012.10.12	04:00:00	101.503	101.574	101.234	101.329	6778	0	15
2012.10.12	08:00:00	101.328	101.901	101.292	101.685	14385	0	15
2012.10.12	12:00:00	101.686	101.857	101.627	101.806	13752	0	15
2012.10.12	16:00:00	101.807	101.839	101.301	101.526	10173	0	15
2012.10.12	20:00:00	101.530	101.623	101.497	101.586	4659	0	20
2012.10.15	00:00:00	101.607	101.619	101.029	101.279	7917	0	14
2012.10.15	04:00:00	101.277	101.505	101.167	101.458	9106	0	15
2012.10.15	08:00:00	101.461	102.078	101.241	102.039	14096	0	15
2012.10.15	12:00:00	102.040	102.279	101.904	101.937	12815	0	15
2012.10.15	16:00:00	101.937	102.037	101.827	101.931	12169	0	15
2012.10.15	20:00:00	101.925	101.945	101.787	101.878	5534	0	20
2012.10.16	00:00:00	101.879	102.263	101.859	102.121	7761	0	20
2012.10.16	04:00:00	102.122	102.383	102.083	102.311	7649	0	15
2012.10.16	08:00:00	102.311	102.673	102.307	102.544	15030	0	15
2012.10.16	12:00:00	102.546	103.070	102.468	102.980	15765	0	15
2012.10.16	16:00:00	102.979	102.986	102.618	102.907	12744	0	15
2012.10.16	20:00:00	102.905	103.348	102.848	103.291	7133	0	20
2012.10.17	00:00:00	103.290	103.507	103.109	103.214	8788	0	20
2012.10.17	04:00:00	103.211	103.293	102.915	102.939	8722	0	15
2012.10.17	08:00:00	102.938	103.351	102.904	103.236	14912	0	15
2012.10.17	12:00:00	103.236	103.435	103.140	103.290	15172	0	15
2012.10.17	16:00:00	103.287	103.526	103.264	103.517	13736	0	15
2012.10.17	20:00:00	103.517	103.730	103.511	103.674	7268	0	22
2012.10.18	00:00:00	103.676	103.735	103.603	103.706	7807	0	20
2012.10.18	04:00:00	103.707	103.834	103.535	103.716	9546	0	15
2012.10.18	08:00:00	103.715	104.063	103.373	103.879	15318	0	15
2012.10.18	12:00:00	103.879	104.020	103.779	103.962	14177	0	15
2012.10.18	16:00:00	103.964	104.121	103.457	103.505	14716	0	15
2012.10.18	20:00:00	103.503	103.668	103.292	103.611	8981	0	20
2012.10.19	00:00:00	103.610	103.787	103.594	103.722	7155	0	20
2012.10.19	04:00:00	103.721	103.790	103.611	103.751	6748	0	15
2012.10.19	08:00:00	103.750	103.761	103.348	103.361	12687	0	15
2012.10.19	12:00:00	103.363	103.606	103.173	103.447	14018	0	15
2012.10.19	16:00:00	103.447	103.454	103.134	103.239	13283	0	15
2012.10.19	20:00:00	103.241	103.334	103.189	103.261	5507	0	15
2012.10.22	00:00:00	103.266	103.466	103.130	103.413	6840	0	12
2012.10.22	04:00:00	103.412	104.004	103.385	103.872	7795	0	15
2012.10.22	08:00:00	103.871	104.274	103.742	104.187	14423	0	15
2012.10.22	12:00:00	104.181	104.391	104.128	104.236	13017	0	15
2012.10.22	16:00:00	104.236	104.444	104.103	104.152	13559	0	15
2012.10.22	20:00:00	104.152	104.465	104.146	104.424	7207	0	20
2012.10.23	00:00:00	104.424	104.582	104.214	104.309	7577	0	20
2012.10.23	04:00:00	104.310	104.375	104.140	104.255	7022	0	15
2012.10.23	08:00:00	104.254	104.285	103.821	104.135	14586	0	15
2012.10.23	12:00:00	104.136	104.186	103.429	103.488	16485	0	15
2012.10.23	16:00:00	103.487	103.613	103.276	103.535	13491	0	15
2012.10.23	20:00:00	103.540	103.716	103.513	103.694	7337	0	20
2012.10.24	00:00:00	103.696	103.814	103.529	103.733	6531	0	20
2012.10.24	04:00:00	103.733	103.794	103.520	103.590	7242	0	15
2012.10.24	08:00:00	103.590	103.759	102.981	103.156	15638	0	15
2012.10.24	12:00:00	103.155	103.645	103.028	103.528	14566	0	15
2012.10.24	16:00:00	103.526	103.570	103.295	103.365	12127	0	15
2012.10.24	20:00:00	103.365	103.558	103.277	103.497	8825	0	20
2012.10.25	00:00:00	103.499	103.754	103.451	103.722	6668	0	20
2012.10.25	04:00:00	103.723	104.139	103.689	104.101	8041	0	15
2012.10.25	08:00:00	104.099	104.411	104.042	104.243	13934	0	15
2012.10.25	12:00:00	104.248	104.301	103.988	104.123	12595	0	15
2012.10.25	16:00:00	104.121	104.162	103.526	103.943	13491	0	15
2012.10.25	20:00:00	103.943	104.022	103.730	103.990	7526	0	20
2012.10.26	00:00:00	103.987	104.033	103.691	103.853	6921	0	20
2012.10.26	04:00:00	103.854	103.894	103.486	103.563	7894	0	15
2012.10.26	08:00:00	103.564	103.608	103.203	103.330	11157	0	13
2012.10.26	12:00:00	103.329	103.351	102.718	102.809	16579	0	32
2012.10.26	16:00:00	102.811	103.132	102.674	103.032	12293	0	12
2012.10.26	20:00:00	103.034	103.090	102.884	103.044	4644	0	10
2012.10.29	00:00:00	103.012	103.145	102.845	103.113	4369	0	11
2012.10.29	04:00:00	103.109	103.133	102.919	103.026	3862	0	7
2012.10.29	08:00:00	103.025	103.028	102.511	102.695	11365	0	11
2012.10.29	12:00:00	102.697	102.861	102.554	102.850	9680	0	26
2012.10.29	16:00:00	102.847	103.039	102.797	102.979	6606	0	9
2012.10.29	20:00:00	102.978	103.020	102.917	102.930	2683	0	10
2012.10.30	00:00:00	102.929	103.252	102.903	103.131	6807	0	9
2012.10.30	04:00:00	103.130	103.403	102.162	102.617	11856	0	10
2012.10.30	08:00:00	102.616	102.969	102.599	102.862	11656	0	17
2012.10.30	12:00:00	102.864	103.235	102.754	103.175	9537	0	32
2012.10.30	16:00:00	103.173	103.313	103.126	103.170	5742	0	10
2012.10.30	20:00:00	103.174	103.210	103.095	103.203	3143	0	9
2012.10.31	00:00:00	103.204	103.286	103.058	103.113	7442	0	11
2012.10.31	04:00:00	103.109	103.212	103.068	103.144	4964	0	10
2012.10.31	08:00:00	103.145	103.893	103.096	103.826	12629	0	4
2012.10.31	12:00:00	103.825	103.929	103.490	103.518	13447	0	15
2012.10.31	16:00:00	103.517	103.753	103.328	103.404	11666	0	15
2012.10.31	20:00:00	103.403	103.514	103.344	103.423	5202	0	20
2012.11.01	00:00:00	103.423	103.796	103.407	103.747	6586	0	20
2012.11.01	04:00:00	103.748	103.878	103.650	103.679	6979	0	15
2012.11.01	08:00:00	103.679	103.691	103.327	103.551	12150	0	15
2012.11.01	12:00:00	103.554	103.980	103.554	103.802	14055	0	15
2012.11.01	16:00:00	103.803	103.929	103.590	103.724	10871	0	15
2012.11.01	20:00:00	103.724	103.788	103.675	103.781	5360	0	20
2012.11.02	00:00:00	103.781	103.854	103.730	103.781	6145	0	20
2012.11.02	04:00:00	103.780	103.797	103.457	103.660	6488	0	15
2012.11.02	08:00:00	103.659	103.680	103.230	103.409	12655	0	4
2012.11.02	12:00:00	103.408	103.791	103.302	103.399	16225	0	15
2012.11.02	16:00:00	103.399	103.456	103.045	103.123	11339	0	15
2012.11.02	20:00:00	103.124	103.321	103.105	103.203	3434	0	20
2012.11.05	00:00:00	103.219	103.328	103.105	103.208	6597	0	4
2012.11.05	04:00:00	103.205	103.257	103.062	103.185	6890	0	15
2012.11.05	08:00:00	103.184	103.188	102.540	102.759	13317	0	15
2012.11.05	12:00:00	102.760	102.827	102.437	102.534	12388	0	15
2012.11.05	16:00:00	102.532	102.652	102.470	102.621	10921	0	15
2012.11.05	20:00:00	102.621	102.754	102.590	102.658	5992	0	20
2012.11.06	00:00:00	102.659	102.714	102.514	102.563	5875	0	20
2012.11.06	04:00:00	102.564	102.571	102.259	102.420	8352	0	4
2012.11.06	08:00:00	102.417	102.795	102.176	102.636	14158	0	15
2012.11.06	12:00:00	102.636	102.878	102.449	102.757	12804	0	15
2012.11.06	16:00:00	102.756	103.082	102.660	103.037	11756	0	15
2012.11.06	20:00:00	103.037	103.141	102.929	102.965	6150	0	20
2012.11.07	00:00:00	102.965	102.993	102.285	102.334	9999	0	20
2012.11.07	04:00:00	102.333	103.170	102.277	103.018	14033	0	15
2012.11.07	08:00:00	103.020	103.410	103.013	103.153	14306	0	15
2012.11.07	12:00:00	103.153	103.156	101.799	102.012	18551	0	15
2012.11.07	16:00:00	102.010	102.083	101.799	102.036	14497	0	15
2012.11.07	20:00:00	102.037	102.174	101.909	102.095	8569	0	19
2012.11.08	00:00:00	102.093	102.141	101.813	101.903	8013	0	20
2012.11.08	04:00:00	101.903	102.063	101.740	101.979	7956	0	15
2012.11.08	08:00:00	101.985	102.127	101.631	101.660	14028	0	15
2012.11.08	12:00:00	101.663	101.912	101.587	101.881	14861	0	15
2012.11.08	16:00:00	101.880	101.916	101.027	101.305	15347	0	15
2012.11.08	20:00:00	101.305	101.315	101.048	101.286	7839	0	20
2012.11.09	00:00:00	101.287	101.586	101.189	101.577	8571	0	20
2012.11.09	04:00:00	101.576	101.736	101.505	101.597	8380	0	15
2012.11.09	08:00:00	101.595	101.595	100.667	100.729	15823	0	15
2012.11.09	12:00:00	100.731	100.871	100.419	100.807	15592	0	15
2012.11.09	16:00:00	100.807	101.192	100.791	100.985	14281	0	15
2012.11.09	20:00:00	100.984	101.110	100.922	101.007	5418	0	20
2012.11.12	00:00:00	101.012	101.240	100.991	101.118	7046	0	4
2012.11.12	04:00:00	101.116	101.286	101.101	101.165	5647	0	15
2012.11.12	08:00:00	101.169	101.170	100.868	100.986	12523	0	15
2012.11.12	12:00:00	100.985	101.116	100.900	100.976	10816	0	15
2012.11.12	16:00:00	100.977	101.044	100.920	100.980	8019	0	15
2012.11.12	20:00:00	100.979	101.095	100.962	101.083	4690	0	19
2012.11.13	00:00:00	101.084	101.189	100.649	100.714	8534	0	20
2012.11.13	04:00:00	100.715	100.752	100.418	100.613	8044	0	15
2012.11.13	08:00:00	100.618	100.784	100.319	100.772	14414	0	15
2012.11.13	12:00:00	100.773	101.238	100.605	100.922	14148	0	5
2012.11.13	16:00:00	100.920	101.064	100.844	100.915	11651	0	15
2012.11.13	20:00:00	100.914	100.929	100.803	100.884	5751	0	20
2012.11.14	00:00:00	100.885	101.192	100.872	101.146	7653	0	20
2012.11.14	04:00:00	101.147	101.539	101.013	101.429	8199	0	15
2012.11.14	08:00:00	101.429	101.971	101.387	101.948	15801	0	15
2012.11.14	12:00:00	101.953	102.388	101.937	102.290	14248	0	15
2012.11.14	16:00:00	102.291	102.360	102.023	102.245	12448	0	15
2012.11.14	20:00:00	102.247	102.381	102.066	102.072	8341	0	15
2012.11.15	00:00:00	102.073	102.222	102.000	102.196	7641	0	20
2012.11.15	04:00:00	102.197	103.195	102.131	102.852	11971	0	15
2012.11.15	08:00:00	102.851	103.695	102.836	103.644	14438	0	15
2012.11.15	12:00:00	103.642	103.944	103.471	103.749	15220	0	15
2012.11.15	16:00:00	103.750	103.977	103.574	103.728	13509	0	15
2012.11.15	20:00:00	103.729	103.759	103.578	103.679	6824	0	20
2012.11.16	00:00:00	103.680	103.873	103.561	103.580	6851	0	20
2012.11.16	04:00:00	103.580	103.686	103.228	103.326	9153	0	15
2012.11.16	08:00:00	103.327	103.563	103.042	103.285	14226	0	15
2012.11.16	12:00:00	103.287	103.499	103.245	103.343	12513	0	15
2012.11.16	16:00:00	103.344	103.637	103.079	103.548	14791	0	15
2012.11.16	20:00:00	103.547	103.676	103.256	103.592	6101	0	20
2012.11.19	00:00:00	103.746	104.084	103.543	103.673	10235	0	4
2012.11.19	04:00:00	103.673	103.796	103.505	103.749	6625	0	15
2012.11.19	08:00:00	103.748	103.884	103.525	103.639	12503	0	15
2012.11.19	12:00:00	103.639	103.863	103.529	103.821	11545	0	15
2012.11.19	16:00:00	103.820	104.054	103.797	103.946	11185	0	15
2012.11.19	20:00:00	103.944	104.320	103.774	103.940	8482	0	9
2012.11.20	00:00:00	103.939	104.028	103.806	103.886	7278	0	20
2012.11.20	04:00:00	103.887	104.128	103.826	103.914	8361	0	15
2012.11.20	08:00:00	103.913	104.220	103.663	104.096	14939	0	15
2012.11.20	12:00:00	104.097	104.622	104.074	104.476	14911	0	15
2012.11.20	16:00:00	104.476	104.761	104.406	104.555	11895	0	15
2012.11.20	20:00:00	104.556	104.752	104.547	104.669	6827	0	20
2012.11.21	00:00:00	104.670	104.976	104.610	104.890	8752	0	20
2012.11.21	04:00:00	104.889	105.057	104.091	104.472	12689	0	15
2012.11.21	08:00:00	104.471	105.266	104.302	105.254	15664	0	4
2012.11.21	12:00:00	105.253	105.831	105.217	105.690	15296	0	15
2012.11.21	16:00:00	105.691	105.796	105.507	105.783	10612	0	15
2012.11.21	20:00:00	105.783	105.883	105.664	105.856	5368	0	20
2012.11.22	00:00:00	105.857	106.250	105.853	105.955	9190	0	20
2012.11.22	04:00:00	105.957	105.973	105.708	105.948	7106	0	15
2012.11.22	08:00:00	105.951	106.571	105.941	106.255	15245	0	15
2012.11.22	12:00:00	106.256	106.495	105.860	106.094	12385	0	15
2012.11.22	16:00:00	106.093	106.394	105.971	106.039	11481	0	15
2012.11.22	20:00:00	106.040	106.290	106.033	106.195	7132	0	15
2012.11.23	00:00:00	106.194	106.257	105.872	106.061	5940	0	20
2012.11.23	04:00:00	106.059	106.205	105.875	106.057	6330	0	15
2012.11.23	08:00:00	106.059	106.311	105.713	106.027	15134	0	15
2012.11.23	12:00:00	106.028	106.726	105.949	106.683	13130	0	15
2012.11.23	16:00:00	106.681	106.968	106.591	106.923	12709	0	15
2012.11.23	20:00:00	106.922	106.951	106.844	106.887	3864	0	20
2012.11.26	00:00:00	106.877	107.125	106.487	106.657	8160	0	4
2012.11.26	04:00:00	106.658	106.750	106.247	106.422	7749	0	7
2012.11.26	08:00:00	106.423	106.769	106.079	106.377	14360	0	15
2012.11.26	12:00:00	106.376	106.673	106.284	106.518	12875	0	15
2012.11.26	16:00:00	106.521	106.643	106.373	106.471	9797	0	15
2012.11.26	20:00:00	106.469	106.717	106.355	106.613	7680	0	8
2012.11.27	00:00:00	106.613	106.755	106.173	106.450	9986	0	8
2012.11.27	04:00:00	106.449	106.881	106.355	106.785	8791	0	10
2012.11.27	08:00:00	106.785	106.950	106.180	106.277	14816	0	5
2012.11.27	12:00:00	106.279	106.565	106.112	106.400	14386	0	4
2012.11.27	16:00:00	106.401	106.473	106.142	106.359	11086	0	7
2012.11.27	20:00:00	106.358	106.367	106.168	106.196	7511	0	10
2012.11.28	00:00:00	106.196	106.340	105.722	105.857	9969	0	8
2012.11.28	04:00:00	105.858	105.943	105.510	105.690	9722	0	8
2012.11.28	08:00:00	105.690	106.000	105.551	105.769	14178	0	15
2012.11.28	12:00:00	105.768	105.780	105.384	105.484	14051	0	7
2012.11.28	16:00:00	105.483	106.012	105.275	105.899	14411	0	15
2012.11.28	20:00:00	105.899	106.376	105.786	106.291	7796	0	7
2012.11.29	00:00:00	106.292	106.483	106.144	106.292	8923	0	7
2012.11.29	04:00:00	106.292	106.494	106.207	106.292	8181	0	12
2012.11.29	08:00:00	106.292	106.709	106.273	106.610	13279	0	15
2012.11.29	12:00:00	106.609	106.804	106.422	106.632	13833	0	15
2012.11.29	16:00:00	106.631	106.692	106.204	106.532	13872	0	15
2012.11.29	20:00:00	106.535	106.596	106.468	106.564	5287	0	9
2012.11.30	00:00:00	106.564	107.289	106.429	107.130	9926	0	5
2012.11.30	04:00:00	107.130	107.244	106.997	107.147	9707	0	15
2012.11.30	08:00:00	107.149	107.663	107.116	107.450	15292	0	15
2012.11.30	12:00:00	107.450	107.638	107.092	107.225	14355	0	15
2012.11.30	16:00:00	107.223	107.425	107.220	107.261	12817	0	15
2012.11.30	20:00:00	107.260	107.263	107.020	107.086	5881	0	20
2012.12.03	00:00:00	107.071	107.486	107.010	107.402	7959	0	9
2012.12.03	04:00:00	107.403	107.520	107.124	107.262	7256	0	9
2012.12.03	08:00:00	107.262	107.334	106.847	107.037	13482	0	15
2012.12.03	12:00:00	107.034	107.481	106.914	107.391	13802	0	15
2012.12.03	16:00:00	107.396	107.576	107.210	107.317	11216	0	15
2012.12.03	20:00:00	107.317	107.402	107.263	107.309	6831	0	9
2012.12.04	00:00:00	107.306	107.347	107.029	107.092	7458	0	5
2012.12.04	04:00:00	107.091	107.311	107.066	107.220	8277	0	15
2012.12.04	08:00:00	107.220	107.334	106.919	107.202	14008	0	15
2012.12.04	12:00:00	107.199	107.386	107.065	107.205	13461	0	4
2012.12.04	16:00:00	107.205	107.275	106.949	107.225	12275	0	15
2012.12.04	20:00:00	107.224	107.305	107.139	107.223	6944	0	12
2012.12.05	00:00:00	107.222	107.804	107.129	107.695	8373	0	13
2012.12.05	04:00:00	107.694	107.945	107.652	107.906	9639	0	15
2012.12.05	08:00:00	107.903	107.955	107.524	107.570	11080	0	15
2012.12.05	12:00:00	107.570	107.662	107.177	107.330	12173	0	15
2012.12.05	16:00:00	107.332	107.849	107.332	107.729	12796	0	15
2012.12.05	20:00:00	107.727	107.822	107.655	107.718	6269	0	10
2012.12.06	00:00:00	107.719	107.785	107.457	107.776	8135	0	20
2012.12.06	04:00:00	107.775	107.817	107.551	107.664	7820	0	15
2012.12.06	08:00:00	107.667	107.881	107.471	107.681	11970	0	15
2012.12.06	12:00:00	107.680	107.832	107.163	107.183	15522	0	4
2012.12.06	16:00:00	107.184	107.187	106.603	106.685	12419	0	15
2012.12.06	20:00:00	106.687	106.904	106.679	106.776	6139	0	10
2012.12.07	00:00:00	106.775	107.068	106.775	106.962	6042	0	5
2012.12.07	04:00:00	106.962	106.984	106.692	106.822	5201	0	10
2012.12.07	08:00:00	106.818	106.847	106.195	106.473	13399	0	15
2012.12.07	12:00:00	106.472	106.843	106.116	106.566	15958	0	15
2012.12.07	16:00:00	106.567	106.689	106.321	106.457	11518	0	15
2012.12.07	20:00:00	106.458	106.649	106.426	106.630	4236	0	10
2012.12.10	00:00:00	106.485	106.623	106.383	106.436	7211	0	4
2012.12.10	04:00:00	106.437	106.464	106.203	106.393	6366	0	9
2012.12.10	08:00:00	106.392	106.427	105.971	106.036	13333	0	15
2012.12.10	12:00:00	106.037	106.466	105.999	106.442	12042	0	6
2012.12.10	16:00:00	106.445	106.623	106.293	106.536	9355	0	15
2012.12.10	20:00:00	106.537	106.634	106.456	106.553	4620	0	9
2012.12.11	00:00:00	106.553	106.723	106.501	106.606	5321	0	20
2012.12.11	04:00:00	106.605	106.742	106.467	106.688	6928	0	10
2012.12.11	08:00:00	106.687	107.070	106.538	106.929	12800	0	15
2012.12.11	12:00:00	106.928	107.191	106.887	107.079	11888	0	15
2012.12.11	16:00:00	107.078	107.389	106.956	107.323	11184	0	15
2012.12.11	20:00:00	107.324	107.410	107.206	107.361	5857	0	7
2012.12.12	00:00:00	107.363	107.442	107.254	107.395	5719	0	11
2012.12.12	04:00:00	107.394	107.606	107.363	107.569	6162	0	9
2012.12.12	08:00:00	107.570	107.965	107.531	107.931	13566	0	15
2012.12.12	12:00:00	107.931	108.191	107.884	108.028	11958	0	15
2012.12.12	16:00:00	108.027	109.028	107.998	108.831	15175	0	15
2012.12.12	20:00:00	108.830	108.925	108.593	108.718	8460	0	20
2012.12.13	00:00:00	108.719	109.018	108.650	108.968	7320	0	8
2012.12.13	04:00:00	108.970	109.482	108.958	109.482	8771	0	15
2012.12.13	08:00:00	109.482	109.527	108.634	108.893	14991	0	15
2012.12.13	12:00:00	108.893	109.241	108.784	109.155	13519	0	15
2012.12.13	16:00:00	109.155	109.442	109.023	109.272	12641	0	15
2012.12.13	20:00:00	109.266	109.397	109.215	109.324	6231	0	6
2012.12.14	00:00:00	109.325	109.645	109.263	109.644	6777	0	20
2012.12.14	04:00:00	109.645	109.972	109.643	109.760	10132	0	9
2012.12.14	08:00:00	109.762	109.793	109.389	109.521	13993	0	15
2012.12.14	12:00:00	109.520	109.816	109.083	109.176	13816	0	15
2012.12.14	16:00:00	109.176	109.917	109.038	109.847	13572	0	15
2012.12.14	20:00:00	109.845	109.913	109.719	109.902	5200	0	9
2012.12.17	00:00:00	110.924	110.934	110.361	110.462	9096	0	4
2012.12.17	04:00:00	110.459	110.789	110.399	110.401	7340	0	9
2012.12.17	08:00:00	110.398	110.656	109.925	110.110	15190	0	15
2012.12.17	12:00:00	110.111	110.464	110.016	110.293	12949	0	15
2012.12.17	16:00:00	110.293	110.416	110.170	110.285	10991	0	5
2012.12.17	20:00:00	110.284	110.430	110.231	110.369	4758	0	4
2012.12.18	00:00:00	110.369	110.654	110.360	110.559	6081	0	4
2012.12.18	04:00:00	110.558	110.739	110.547	110.595	6734	0	5
2012.12.18	08:00:00	110.597	110.693	110.390	110.520	12262	0	15
2012.12.18	12:00:00	110.520	110.731	110.431	110.651	12224	0	15
2012.12.18	16:00:00	110.650	111.424	110.637	111.333	13987	0	4
2012.12.18	20:00:00	111.334	111.464	111.269	111.433	6888	0	4
2012.12.19	00:00:00	111.434	111.683	111.393	111.606	7392	0	6
2012.12.19	04:00:00	111.608	111.765	111.581	111.653	7083	0	15
2012.12.19	08:00:00	111.660	112.126	111.528	112.052	15125	0	15
2012.12.19	12:00:00	112.051	112.487	112.031	112.288	15250	0	15
2012.12.19	16:00:00	112.287	112.287	111.589	111.828	14052	0	15
2012.12.19	20:00:00	111.825	111.891	110.806	110.994	10072	0	20
2012.12.20	00:00:00	111.007	111.536	111.007	111.375	9516	0	7
2012.12.20	04:00:00	111.375	111.612	110.723	110.955	10858	0	4
2012.12.20	08:00:00	110.956	111.307	110.814	111.231	13852	0	15
2012.12.20	12:00:00	111.233	112.139	111.204	111.799	15140	0	15
2012.12.20	16:00:00	111.799	111.896	111.457	111.809	13560	0	15
2012.12.20	20:00:00	111.808	111.812	111.697	111.712	6408	0	7
2012.12.21	00:00:00	111.721	111.768	110.615	110.683	14160	0	20
2012.12.21	04:00:00	110.683	111.142	110.673	110.908	10005	0	9
2012.12.21	08:00:00	110.909	111.425	110.661	111.102	15764	0	15
2012.12.21	12:00:00	111.098	111.186	110.655	110.755	15267	0	15
2012.12.21	16:00:00	110.751	111.172	110.671	110.900	13888	0	15
2012.12.21	20:00:00	110.899	111.088	110.812	111.076	5110	0	12
2012.12.24	00:00:00	111.186	111.356	111.143	111.209	6858	0	4
2012.12.24	04:00:00	111.209	111.256	111.122	111.239	5185	0	6
2012.12.24	08:00:00	111.240	111.660	111.225	111.618	9868	0	15
2012.12.24	12:00:00	111.619	111.961	111.562	111.918	10935	0	15
2012.12.24	16:00:00	111.919	111.997	111.683	111.788	9322	0	4
2012.12.26	08:00:00	112.448	112.834	112.438	112.731	12538	0	15
2012.12.26	12:00:00	112.731	113.124	112.578	113.060	11389	0	9
2012.12.26	16:00:00	113.061	113.376	112.976	113.209	11522	0	15
2012.12.26	20:00:00	113.205	113.270	113.027	113.036	6274	0	13
2012.12.27	00:00:00	113.035	113.575	113.020	113.573	10009	0	20
2012.12.27	04:00:00	113.572	113.640	113.448	113.547	8863	0	10
2012.12.27	08:00:00	113.547	113.834	113.463	113.776	12977	0	15
2012.12.27	12:00:00	113.776	114.309	113.706	114.176	14656	0	4
2012.12.27	16:00:00	114.174	114.199	113.404	113.782	16463	0	15
2012.12.27	20:00:00	113.781	114.246	113.574	114.204	9426	0	16
2012.12.28	00:00:00	114.183	114.682	114.162	114.381	11154	0	14
2012.12.28	04:00:00	114.382	114.538	114.382	114.523	8212	0	15
2012.12.28	08:00:00	114.524	114.589	113.287	113.617	15041	0	15
2012.12.28	12:00:00	113.621	114.003	113.394	113.754	12118	0	15
2012.12.28	16:00:00	113.755	113.974	113.674	113.714	9788	0	13
2012.12.28	20:00:00	113.712	113.870	113.510	113.539	6013	0	12
2012.12.31	00:00:00	113.424	113.791	113.424	113.585	5931	0	12
2012.12.31	04:00:00	113.585	113.817	113.440	113.516	6181	0	14
2012.12.31	08:00:00	113.513	113.663	113.434	113.560	10051	0	15
2012.12.31	12:00:00	113.559	114.249	113.492	114.169	11020	0	15
2012.12.31	16:00:00	114.168	114.432	113.927	114.304	11665	0	8
2013.01.01	20:00:00	114.447	114.768	114.345	114.580	3106	0	8
2013.01.02	00:00:00	114.579	115.938	114.169	115.859	26186	0	8
2013.01.02	04:00:00	115.858	115.988	115.270	115.777	20625	0	8
2013.01.02	08:00:00	115.780	115.937	115.167	115.280	17105	0	15
2013.01.02	12:00:00	115.282	115.612	115.237	115.588	14199	0	15
2013.01.02	16:00:00	115.588	115.635	114.559	114.700	11858	0	8
2013.01.02	20:00:00	114.697	115.194	114.624	115.178	6838	0	16
2013.01.03	00:00:00	115.181	115.181	114.458	114.538	6916	0	10
2013.01.03	04:00:00	114.537	114.801	114.475	114.676	6305	0	13
2013.01.03	08:00:00	114.678	114.768	113.779	113.799	13780	0	15
2013.01.03	12:00:00	113.800	114.131	113.647	113.911	14600	0	15
2013.01.03	16:00:00	113.912	114.174	113.654	114.104	10563	0	11
2013.01.03	20:00:00	114.101	114.203	113.766	113.981	11528	0	20
2013.01.04	00:00:00	113.979	114.365	113.968	114.233	10227	0	13
2013.01.04	04:00:00	114.232	114.514	114.226	114.395	7590	0	15
2013.01.04	08:00:00	114.400	114.951	114.258	114.784	15041	0	14
2013.01.04	12:00:00	114.785	115.053	114.274	114.657	16318	0	15
2013.01.04	16:00:00	114.658	115.283	114.608	115.146	12893	0	15
2013.01.04	20:00:00	115.143	115.403	115.085	115.191	5807	0	11
2013.01.07	00:00:00	115.517	115.519	114.788	114.952	9985	0	8
2013.01.07	04:00:00	114.950	115.141	114.295	114.469	10080	0	13
2013.01.07	08:00:00	114.468	114.682	114.105	114.600	13744	0	15
2013.01.07	12:00:00	114.602	114.827	114.238	114.601	12136	0	15
2013.01.07	16:00:00	114.601	115.144	114.600	114.963	10956	0	14
2013.01.07	20:00:00	114.964	115.209	114.662	114.796	7616	0	15
2013.01.08	00:00:00	114.798	115.225	114.476	115.068	11387	0	20
2013.01.08	04:00:00	115.067	115.128	114.534	114.677	9048	0	10
2013.01.08	08:00:00	114.675	114.824	114.475	114.763	12505	0	15
2013.01.08	12:00:00	114.765	114.929	114.243	114.294	13618	0	15
2013.01.08	16:00:00	114.295	114.300	113.632	114.099	12200	0	14
2013.01.08	20:00:00	114.098	114.136	113.545	113.603	8098	0	8
2013.01.09	00:00:00	113.602	114.434	113.592	114.344	11042	0	17
2013.01.09	04:00:00	114.344	114.512	114.182	114.454	8295	0	15
2013.01.09	08:00:00	114.455	114.782	114.232	114.298	13349	0	15
2013.01.09	12:00:00	114.299	114.536	114.046	114.524	13574	0	15
2013.01.09	16:00:00	114.523	115.021	114.425	114.637	12845	0	9
2013.01.09	20:00:00	114.634	114.977	114.515	114.928	7706	0	13
2013.01.10	00:00:00	114.926	115.129	114.814	114.894	9585	0	14
2013.01.10	04:00:00	114.894	115.120	114.844	115.076	7263	0	12
2013.01.10	08:00:00	115.073	115.490	114.995	115.397	13347	0	15
2013.01.10	12:00:00	115.396	116.465	115.357	116.236	16396	0	15
2013.01.10	16:00:00	116.237	116.978	116.188	116.947	14546	0	15
2013.01.10	20:00:00	116.948	118.224	116.825	117.976	12004	0	11
2013.01.11	00:00:00	117.972	118.579	117.666	117.933	13389	0	20
2013.01.11	04:00:00	117.934	118.199	117.770	117.866	9607	0	8
2013.01.11	08:00:00	117.870	118.270	117.870	118.008	15699	0	13
2013.01.11	12:00:00	118.017	119.327	117.626	119.155	16270	0	15
2013.01.11	16:00:00	119.154	119.229	118.584	119.000	14426	0	15
2013.01.11	20:00:00	119.002	119.065	118.853	118.987	5906	0	14
2013.01.14	00:00:00	119.593	119.976	119.373	119.884	9648	0	8
2013.01.14	04:00:00	119.884	120.115	119.835	119.869	7437	0	15
2013.01.14	08:00:00	119.872	119.914	119.240	119.296	14335	0	15
2013.01.14	12:00:00	119.297	119.489	118.951	119.058	14195	0	15
2013.01.14	16:00:00	119.055	119.499	118.881	119.417	12126	0	15
2013.01.14	20:00:00	119.418	119.846	119.414	119.684	8756	0	20
2013.01.15	00:00:00	119.685	119.972	119.173	119.173	9865	0	20
2013.01.15	04:00:00	119.174	119.216	118.322	118.453	13092	0	15
2013.01.15	08:00:00	118.454	118.974	118.274	118.555	17141	0	15
2013.01.15	12:00:00	118.553	118.586	117.649	118.426	19223	0	15
2013.01.15	16:00:00	118.422	118.739	117.613	117.892	14973	0	15
2013.01.15	20:00:00	117.892	118.314	117.755	118.100	9752	0	8
2013.01.16	00:00:00	118.097	118.173	117.002	117.302	13834	0	20
2013.01.16	04:00:00	117.300	117.355	116.856	117.346	12687	0	15
2013.01.16	08:00:00	117.345	117.487	116.463	117.432	18082	0	15
2013.01.16	12:00:00	117.427	117.639	116.668	117.295	17458	0	15
2013.01.16	16:00:00	117.293	118.026	117.252	117.818	13285	0	8
2013.01.16	20:00:00	117.816	117.816	117.330	117.706	7331	0	20
2013.01.17	00:00:00	117.701	118.186	117.509	117.587	11502	0	20
2013.01.17	04:00:00	117.589	117.977	117.001	117.867	13567	0	15
2013.01.17	08:00:00	117.868	119.483	117.617	119.389	18554	0	15
2013.01.17	12:00:00	119.386	119.752	119.020	119.293	17530	0	15
2013.01.17	16:00:00	119.296	120.310	119.141	120.208	16031	0	15
2013.01.17	20:00:00	120.209	120.584	120.078	120.309	10904	0	20
2013.01.18	00:00:00	120.310	120.514	119.796	120.071	12745	0	12
2013.01.18	04:00:00	120.072	120.695	120.065	120.635	12715	0	15
2013.01.18	08:00:00	120.636	120.684	119.633	120.083	17661	0	15
2013.01.18	12:00:00	120.082	120.352	119.516	119.809	16324	0	8
2013.01.18	16:00:00	119.812	120.036	119.342	119.921	13612	0	15
2013.01.18	20:00:00	119.917	120.008	119.830	119.972	5598	0	8
2013.01.21	00:00:00	120.002	120.147	119.085	119.575	12318	0	11
2013.01.21	04:00:00	119.572	119.610	119.114	119.308	9115	0	15
2013.01.21	08:00:00	119.309	119.554	118.881	119.157	14546	0	15
2013.01.21	12:00:00	119.158	119.392	119.007	119.347	10223	0	15
2013.01.21	16:00:00	119.348	119.679	119.322	119.504	10076	0	12
2013.01.21	20:00:00	119.502	119.645	119.225	119.592	9000	0	17
2013.01.22	00:00:00	119.584	119.598	118.823	118.991	11982	0	9
2013.01.22	04:00:00	118.994	120.150	118.643	119.270	17884	0	15
2013.01.22	08:00:00	119.269	119.378	117.326	118.442	21314	0	15
2013.01.22	12:00:00	118.445	118.698	118.048	118.285	16006	0	8
2013.01.22	16:00:00	118.287	118.289	117.579	118.094	13744	0	15
2013.01.22	20:00:00	118.092	118.298	118.050	118.232	6725	0	12
2013.01.23	00:00:00	118.231	118.324	117.709	118.088	10056	0	8
2013.01.23	04:00:00	118.087	118.105	117.149	117.235	12751	0	15
2013.01.23	08:00:00	117.232	117.988	117.048	117.729	17003	0	15
2013.01.23	12:00:00	117.730	118.301	117.656	118.109	14995	0	15
2013.01.23	16:00:00	118.112	118.282	117.527	117.947	13817	0	15
2013.01.23	20:00:00	117.948	118.165	117.801	117.836	8371	0	14
2013.01.24	00:00:00	117.835	118.478	117.577	118.391	11517	0	8
2013.01.24	04:00:00	118.393	119.250	118.247	119.156	12887	0	15
2013.01.24	08:00:00	119.153	119.573	118.638	119.349	16816	0	15
2013.01.24	12:00:00	119.352	120.111	119.223	119.933	15492	0	15
2013.01.24	16:00:00	119.935	120.575	119.885	120.195	14259	0	15
2013.01.24	20:00:00	120.190	121.061	120.173	120.976	10503	0	8
2013.01.25	00:00:00	120.972	121.293	120.662	121.034	11875	0	20
2013.01.25	04:00:00	121.037	121.228	120.732	121.147	9687	0	8
2013.01.25	08:00:00	121.147	122.190	121.133	121.732	17623	0	15
2013.01.25	12:00:00	121.725	122.766	121.625	122.547	18817	0	15
2013.01.25	16:00:00	122.535	122.682	122.157	122.630	12531	0	10
2013.01.25	20:00:00	122.633	122.679	122.173	122.335	6479	0	8
2013.01.28	00:00:00	122.576	122.901	122.185	122.578	10672	0	8
2013.01.28	04:00:00	122.582	122.618	121.920	122.088	8933	0	13
2013.01.28	08:00:00	122.089	122.210	121.621	121.969	14666	0	15
2013.01.28	12:00:00	121.969	122.588	121.747	122.145	15346	0	15
2013.01.28	16:00:00	122.147	122.266	121.820	122.087	12029	0	15
2013.01.28	20:00:00	122.093	122.249	121.861	121.884	7700	0	9
2013.01.29	00:00:00	121.878	122.162	121.546	122.125	11231	0	16
2013.01.29	04:00:00	122.126	122.431	121.863	121.960	10452	0	12
2013.01.29	08:00:00	121.960	122.088	121.361	121.454	15234	0	15
2013.01.29	12:00:00	121.453	122.415	121.213	122.172	16288	0	15
2013.01.29	16:00:00	122.168	122.400	121.901	122.316	13323	0	12
2013.01.29	20:00:00	122.311	122.554	122.256	122.397	8745	0	10
2013.01.30	00:00:00	122.394	122.746	122.324	122.693	9637	0	12
2013.01.30	04:00:00	122.694	122.817	122.525	122.658	9130	0	15
2013.01.30	08:00:00	122.654	123.814	122.610	123.755	18837	0	15
2013.01.30	12:00:00	123.753	123.850	123.014	123.540	16769	0	15
2013.01.30	16:00:00	123.539	123.719	123.282	123.568	13091	0	15
2013.01.30	20:00:00	123.569	123.840	123.474	123.559	11949	0	13
2013.01.31	00:00:00	123.558	123.667	123.149	123.267	10972	0	13
2013.01.31	04:00:00	123.266	123.593	123.070	123.169	11210	0	15
2013.01.31	08:00:00	123.167	123.557	122.979	123.387	15853	0	15
2013.01.31	12:00:00	123.388	123.828	123.187	123.792	14737	0	15
2013.01.31	16:00:00	123.798	124.161	123.602	124.003	14700	0	15
2013.01.31	20:00:00	124.006	124.658	123.973	124.634	10476	0	10
2013.02.01	00:00:00	124.634	125.025	124.616	124.873	12190	0	20
2013.02.01	04:00:00	124.874	125.691	124.856	125.635	12622	0	8
2013.02.01	08:00:00	125.636	126.147	125.266	125.957	16787	0	15
2013.02.01	12:00:00	125.961	125.973	124.835	125.131	19003	0	15
2013.02.01	16:00:00	125.134	126.964	125.134	126.437	17733	0	15
2013.02.01	20:00:00	126.435	126.906	126.394	126.619	8063	0	14
2013.02.04	00:00:00	126.693	126.768	126.051	126.254	10982	0	8
2013.02.04	04:00:00	126.253	126.500	126.086	126.235	9000	0	15
2013.02.04	08:00:00	126.239	126.695	125.831	125.994	18235	0	15
2013.02.04	12:00:00	125.995	126.138	125.486	125.917	17358	0	15
2013.02.04	16:00:00	125.922	125.955	124.657	124.795	16163	0	15
2013.02.04	20:00:00	124.795	124.954	124.169	124.359	11145	0	20
2013.02.05	00:00:00	124.361	124.995	124.339	124.616	12319	0	16
2013.02.05	04:00:00	124.620	124.726	124.196	124.238	11191	0	15
2013.02.05	08:00:00	124.238	126.022	124.014	125.967	20995	0	15
2013.02.05	12:00:00	125.966	126.703	125.721	126.235	20408	0	15
2013.02.05	16:00:00	126.236	126.930	125.973	126.756	17495	0	15
2013.02.05	20:00:00	126.753	127.404	126.699	127.275	11478	0	20
2013.02.06	00:00:00	127.276	127.631	126.845	127.387	13240	0	20
2013.02.06	04:00:00	127.388	127.694	127.050	127.365	12552	0	15
2013.02.06	08:00:00	127.366	127.452	126.527	126.874	18870	0	15
2013.02.06	12:00:00	126.872	126.959	125.930	126.388	19732	0	15
2013.02.06	16:00:00	126.389	126.822	126.035	126.148	15148	0	15
2013.02.06	20:00:00	126.150	126.646	126.050	126.415	9979	0	8
2013.02.07	00:00:00	126.416	126.559	126.030	126.206	11865	0	20
2013.02.07	04:00:00	126.207	126.847	126.062	126.693	10358	0	14
2013.02.07	08:00:00	126.697	127.448	126.364	127.368	18461	0	15
2013.02.07	12:00:00	127.367	127.452	125.541	125.638	20014	0	15
2013.02.07	16:00:00	125.640	125.672	124.490	125.208	17868	0	15
2013.02.07	20:00:00	125.207	125.544	125.127	125.526	10726	0	15
2013.02.08	00:00:00	125.526	125.563	125.115	125.337	11689	0	14
2013.02.08	04:00:00	125.338	125.465	124.870	125.064	10536	0	11
2013.02.08	08:00:00	125.063	125.063	123.535	124.058	22958	0	15
2013.02.08	12:00:00	124.047	124.489	123.424	124.295	20240	0	8
2013.02.08	16:00:00	124.282	124.360	123.709	124.035	14264	0	15
2013.02.08	20:00:00	124.034	124.124	123.821	123.832	5128	0	9
2013.02.11	00:00:00	123.746	124.050	123.603	123.671	7501	0	8
2013.02.11	04:00:00	123.670	124.028	123.632	123.973	7728	0	11
2013.02.11	08:00:00	123.972	125.080	123.710	124.998	17330	0	13
2013.02.11	12:00:00	124.994	125.381	124.599	124.659	16631	0	13
2013.02.11	16:00:00	124.660	125.490	124.523	125.355	14136	0	13
2013.02.11	20:00:00	125.356	126.616	125.007	126.306	14156	0	14
2013.02.12	00:00:00	126.305	126.487	126.137	126.331	10747	0	10
2013.02.12	04:00:00	126.331	126.380	125.585	125.918	12173	0	11
2013.02.12	08:00:00	125.919	126.825	125.588	126.694	19444	0	11
2013.02.12	12:00:00	126.693	126.942	125.081	125.305	19281	0	11
2013.02.12	16:00:00	125.301	125.980	125.000	125.764	17561	0	11
2013.02.12	20:00:00	125.765	125.951	125.313	125.404	9814	0	11
2013.02.13	00:00:00	125.405	125.683	125.349	125.358	9743	0	16
2013.02.13	04:00:00	125.358	125.428	124.771	125.022	12655	0	11
2013.02.13	08:00:00	125.020	126.192	124.921	126.115	18557	0	11
2013.02.13	12:00:00	126.111	126.559	125.768	126.066	19355	0	11
2013.02.13	16:00:00	126.067	126.134	125.349	125.745	13470	0	8
2013.02.13	20:00:00	125.745	125.797	125.264	125.374	8720	0	11
2013.02.14	00:00:00	125.374	125.944	125.207	125.716	11031	0	14
2013.02.14	04:00:00	125.715	125.948	125.460	125.567	10748	0	15
2013.02.14	08:00:00	125.569	125.652	124.422	124.489	18363	0	13
2013.02.14	12:00:00	124.479	124.706	124.007	124.264	18231	0	8
2013.02.14	16:00:00	124.264	124.373	123.808	124.157	14726	0	8
2013.02.14	20:00:00	124.158	124.246	123.815	124.068	10894	0	16
2013.02.15	00:00:00	124.068	124.372	123.628	124.043	13159	0	14
2013.02.15	04:00:00	124.043	124.138	123.188	124.069	14880	0	13
2013.02.15	08:00:00	124.070	124.143	122.898	123.405	12422	0	11
2013.02.15	12:00:00	123.403	124.949	123.228	124.651	14160	0	8
2013.02.15	16:00:00	124.632	125.273	124.617	124.936	9273	0	8
2013.02.15	20:00:00	124.936	125.070	124.632	124.875	4608	0	8
2013.02.18	00:00:00	125.302	125.683	125.006	125.575	8708	0	8
2013.02.18	04:00:00	125.573	125.585	125.194	125.376	6373	0	10
2013.02.18	08:00:00	125.373	125.883	125.114	125.540	11125	0	8
2013.02.18	12:00:00	125.539	125.580	125.148	125.317	8147	0	11
2013.02.18	16:00:00	125.314	125.532	125.246	125.474	6325	0	11
2013.02.18	20:00:00	125.467	125.496	125.321	125.383	4878	0	8
2013.02.19	00:00:00	125.385	125.446	124.888	125.147	7154	0	10
2013.02.19	04:00:00	125.147	125.191	124.955	125.048	6395	0	11
2013.02.19	08:00:00	125.045	125.238	124.552	124.694	11426	0	13
2013.02.19	12:00:00	124.696	125.181	124.619	125.107	8406	0	8
2013.02.19	16:00:00	125.109	125.315	124.901	124.980	7907	0	8
2013.02.19	20:00:00	124.982	125.350	124.917	125.233	5123	0	8
2013.02.20	00:00:00	125.234	125.881	125.202	125.434	8259	0	9
2013.02.20	04:00:00	125.433	125.480	124.902	125.262	7730	0	8
2013.02.20	08:00:00	125.261	125.417	124.969	125.152	10438	0	13
2013.02.20	12:00:00	125.146	125.537	124.870	125.262	9800	0	13
2013.02.20	16:00:00	125.260	125.402	124.753	124.989	8488	0	8
2013.02.20	20:00:00	124.987	125.218	124.172	124.515	8938	0	8
2013.02.21	00:00:00	124.514	124.693	124.200	124.316	7209	0	10
2013.02.21	04:00:00	124.315	124.324	123.630	124.027	8024	0	13
2013.02.21	08:00:00	124.026	124.114	122.521	122.736	13195	0	8
2013.02.21	12:00:00	122.744	123.242	122.260	122.960	11675	0	10
2013.02.21	16:00:00	122.960	123.148	122.438	122.643	7588	0	8
2013.02.21	20:00:00	122.637	122.916	122.435	122.643	6140	0	12
2013.02.22	00:00:00	122.651	123.163	122.592	122.871	8176	0	8
2013.02.22	04:00:00	122.868	123.446	122.861	123.260	7032	0	8
2013.02.22	08:00:00	123.261	123.762	123.033	123.128	11682	0	13
2013.02.22	12:00:00	123.127	123.432	122.680	122.755	10724	0	10
2013.02.22	16:00:00	122.769	123.262	122.562	123.167	7535	0	8
2013.02.22	20:00:00	123.164	123.217	123.046	123.196	4160	0	15
2013.02.25	00:00:00	124.266	124.507	123.907	124.133	8145	0	13
2013.02.25	04:00:00	124.132	124.659	123.985	124.526	6229	0	10
2013.02.25	08:00:00	124.522	124.667	124.091	124.517	11321	0	13
2013.02.25	12:00:00	124.516	125.207	124.284	124.943	11417	0	13
2013.02.25	16:00:00	124.941	125.071	121.724	121.724	14754	0	13
2013.02.25	20:00:00	121.717	121.841	118.736	120.338	16036	0	16
2013.02.26	00:00:00	120.336	121.352	120.293	120.959	11094	0	16
2013.02.26	04:00:00	120.954	120.968	119.815	119.866	10983	0	8
2013.02.26	08:00:00	119.860	121.062	119.041	120.275	15640	0	13
2013.02.26	12:00:00	120.278	120.774	119.848	120.562	13140	0	13
2013.02.26	16:00:00	120.586	121.026	118.973	119.824	15478	0	8
2013.02.26	20:00:00	119.822	120.256	119.767	120.157	6493	0	13
2013.02.27	00:00:00	120.156	120.512	119.524	119.940	8540	0	12
2013.02.27	04:00:00	119.939	120.337	119.736	119.892	9097	0	13
2013.02.27	08:00:00	119.887	120.401	119.771	120.106	12996	0	13
2013.02.27	12:00:00	120.105	120.335	119.213	119.786	11642	0	13
2013.02.27	16:00:00	119.791	120.491	119.662	120.396	10238	0	13
2013.02.27	20:00:00	120.390	121.450	120.385	121.120	7860	0	8
2013.02.28	00:00:00	121.114	121.816	121.073	121.418	9032	0	16
2013.02.28	04:00:00	121.419	121.601	121.125	121.418	7049	0	10
2013.02.28	08:00:00	121.416	121.561	120.596	120.771	11481	0	13
2013.02.28	12:00:00	120.776	121.308	120.639	121.005	10463	0	10
2013.02.28	16:00:00	121.007	121.471	120.520	121.297	9376	0	13
2013.02.28	20:00:00	121.296	121.322	120.823	121.033	7023	0	14
2013.03.01	00:00:00	121.032	121.193	120.810	121.120	6696	0	10
2013.03.01	04:00:00	121.119	121.263	120.748	120.879	5794	0	10
2013.03.01	08:00:00	120.881	121.438	120.764	121.008	11552	0	8
2013.03.01	12:00:00	121.006	121.239	120.351	120.526	12496	0	8
2013.03.01	16:00:00	120.524	122.151	120.496	121.782	13321	0	13
2013.03.01	20:00:00	121.779	121.918	121.716	121.838	4698	0	14
2013.03.04	00:00:00	121.737	121.976	121.376	121.436	2893	0	8
2013.03.04	04:00:00	121.443	121.798	121.318	121.359	2612	0	5
2013.03.04	08:00:00	121.350	121.907	121.268	121.613	2764	0	8
2013.03.04	12:00:00	121.571	121.771	121.385	121.514	2191	0	8
2013.03.04	16:00:00	121.519	121.641	121.130	121.418	2607	0	8
2013.03.04	20:00:00	121.403	121.808	121.313	121.745	2238	0	8
2013.03.05	00:00:00	121.747	121.847	121.533	121.602	2148	0	8
2013.03.05	04:00:00	121.595	121.623	121.142	121.318	2197	0	8
2013.03.05	08:00:00	121.310	121.751	121.263	121.406	2350	0	8
2013.03.05	12:00:00	121.405	121.596	121.309	121.528	2246	0	8
2013.03.05	16:00:00	121.548	121.836	121.494	121.742	2433	0	8
2013.03.05	20:00:00	121.741	121.848	121.613	121.764	2237	0	8
2013.03.06	00:00:00	121.780	121.810	121.513	121.675	2087	0	8
2013.03.06	04:00:00	121.674	121.801	121.645	121.735	1979	0	8
2013.03.06	08:00:00	121.737	122.075	121.616	121.713	2268	0	8
2013.03.06	12:00:00	121.700	121.961	121.559	121.721	5046	0	5
2013.03.06	16:00:00	121.724	122.014	121.544	121.963	11189	0	1
2013.03.06	20:00:00	121.963	122.271	121.757	121.961	9579	0	6
2013.03.07	00:00:00	121.961	122.149	121.884	122.071	9513	0	9
2013.03.07	04:00:00	122.069	122.086	121.850	122.041	7802	0	7
2013.03.07	08:00:00	122.041	122.848	121.939	122.565	13888	0	1
2013.03.07	12:00:00	122.568	123.835	122.451	123.674	17000	0	4
2013.03.07	16:00:00	123.674	124.578	123.656	124.545	12885	0	1
2013.03.07	20:00:00	124.543	124.548	124.196	124.392	6465	0	6
2013.03.08	00:00:00	124.391	124.843	124.257	124.831	10440	0	4
2013.03.08	04:00:00	124.817	124.977	124.638	124.706	8610	0	7
2013.03.08	08:00:00	124.704	125.640	124.665	125.512	10255	0	1
2013.03.08	12:00:00	125.513	125.898	124.657	124.724	12048	0	1
2013.03.08	16:00:00	124.731	125.020	123.798	124.472	8829	0	5
2013.03.08	20:00:00	124.475	124.939	124.454	124.821	4373	0	4
2013.03.11	00:00:00	124.903	125.158	124.638	125.144	8714	0	6
2013.03.11	04:00:00	125.148	125.169	124.825	124.978	6929	0	7
2013.03.11	08:00:00	124.977	125.159	124.812	124.891	10127	0	7
2013.03.11	12:00:00	124.891	125.079	124.811	125.018	9414	0	5
2013.03.11	16:00:00	125.018	125.551	124.919	125.529	9127	0	1
2013.03.11	20:00:00	125.523	125.973	125.468	125.928	7632	0	7
2013.03.12	00:00:00	125.930	126.030	125.637	125.873	9716	0	6
2013.03.12	04:00:00	125.875	125.908	125.353	125.454	8695	0	4
2013.03.12	08:00:00	125.456	125.646	124.382	124.772	15781	0	6
2013.03.12	12:00:00	124.771	125.768	124.518	125.335	15427	0	4
2013.03.12	16:00:00	125.335	125.383	124.670	124.928	12450	0	5
2013.03.12	20:00:00	124.926	125.233	124.880	124.907	7276	0	6
2013.03.13	00:00:00	124.907	125.214	124.730	124.968	10791	0	1
2013.03.13	04:00:00	124.969	125.002	124.645	124.903	10401	0	6
2013.03.13	08:00:00	124.905	124.965	124.442	124.482	15640	0	5
2013.03.13	12:00:00	124.482	124.866	124.175	124.349	17104	0	2
2013.03.13	16:00:00	124.350	124.596	124.212	124.455	11538	0	1
2013.03.13	20:00:00	124.450	124.608	124.341	124.437	7098	0	1
2013.03.14	00:00:00	124.432	124.548	124.048	124.238	10396	0	8
2013.03.14	04:00:00	124.239	124.411	124.167	124.378	9441	0	7
2013.03.14	08:00:00	124.380	125.237	124.344	124.593	15365	0	3
2013.03.14	12:00:00	124.594	124.880	124.506	124.673	16104	0	4
2013.03.14	16:00:00	124.674	124.931	124.562	124.854	14607	0	1
2013.03.14	20:00:00	124.854	125.031	124.816	125.002	6689	0	8
2013.03.15	00:00:00	125.002	125.166	124.816	125.059	10018	0	4
2013.03.15	04:00:00	125.061	125.332	125.003	125.192	8800	0	7
2013.03.15	08:00:00	125.192	125.734	124.904	125.527	13605	0	1
2013.03.15	12:00:00	125.529	125.782	124.574	124.668	17173	0	4
2013.03.15	16:00:00	124.669	124.935	124.205	124.594	13195	0	4
2013.03.15	20:00:00	124.596	124.712	124.469	124.589	3545	0	11
2013.03.18	00:00:00	122.474	122.700	122.036	122.138	13349	0	4
2013.03.18	04:00:00	122.140	122.301	121.633	121.903	10582	0	1
2013.03.18	08:00:00	121.905	123.356	121.716	122.870	17736	0	1
2013.03.18	12:00:00	122.871	123.318	122.569	123.110	15447	0	1
2013.03.18	16:00:00	123.108	123.946	122.936	123.541	13664	0	1
2013.03.18	20:00:00	123.544	123.682	122.856	123.438	8771	0	4
2013.03.19	00:00:00	123.439	124.121	123.321	124.002	10947	0	1
2013.03.19	04:00:00	124.001	124.014	123.400	123.721	9218	0	4
2013.03.19	08:00:00	123.718	123.869	123.140	123.216	14766	0	1
2013.03.19	12:00:00	123.217	123.700	122.861	123.035	14832	0	1
2013.03.19	16:00:00	123.041	123.142	121.828	122.434	18024	0	1
2013.03.19	20:00:00	122.431	122.737	121.988	122.172	9813	0	1
2013.03.20	00:00:00	122.172	122.340	122.027	122.317	7956	0	7
2013.03.20	04:00:00	122.314	122.671	122.265	122.623	6956	0	1
2013.03.20	08:00:00	122.624	123.389	122.547	123.211	16342	0	1
2013.03.20	12:00:00	123.212	124.001	123.017	123.756	16587	0	1
2013.03.20	16:00:00	123.782	124.494	123.570	124.111	13600	0	1
2013.03.20	20:00:00	124.112	124.406	124.095	124.239	8564	0	1
2013.03.21	00:00:00	124.241	124.370	123.967	124.292	10015	0	1
2013.03.21	04:00:00	124.291	124.349	123.751	123.810	8900	0	1
2013.03.21	08:00:00	123.808	124.204	122.855	123.129	18299	0	1
2013.03.21	12:00:00	123.137	123.305	122.459	122.828	17759	0	1
2013.03.21	16:00:00	122.824	123.428	122.039	122.555	14926	0	1
2013.03.21	20:00:00	122.553	122.731	122.225	122.631	9302	0	1
2013.03.22	00:00:00	122.631	122.690	122.371	122.509	9584	0	1
2013.03.22	04:00:00	122.504	122.645	121.884	122.190	9110	0	1
2013.03.22	08:00:00	122.187	122.431	121.459	122.365	16481	0	1
2013.03.22	12:00:00	122.364	123.454	122.354	122.974	17283	0	1
2013.03.22	16:00:00	122.972	123.348	122.358	122.599	12947	0	1
2013.03.22	20:00:00	122.601	122.917	122.589	122.663	4401	0	8
2013.03.25	00:00:00	122.747	123.847	122.743	123.601	13823	0	1
2013.03.25	04:00:00	123.600	123.739	123.315	123.441	8657	0	1
2013.03.25	08:00:00	123.441	123.498	122.836	123.132	13807	0	1
2013.03.25	12:00:00	123.134	123.235	121.659	121.852	16546	0	2
2013.03.25	16:00:00	121.854	121.911	120.077	120.962	18014	0	1
2013.03.25	20:00:00	120.962	121.163	120.773	121.162	8508	0	5
2013.03.26	00:00:00	121.164	121.556	120.720	121.272	11714	0	3
2013.03.26	04:00:00	121.272	121.436	121.061	121.363	8358	0	1
2013.03.26	08:00:00	121.363	121.632	120.857	121.344	14903	0	1
2013.03.26	12:00:00	121.348	121.573	120.758	121.385	16787	0	1
2013.03.26	16:00:00	121.371	121.595	121.080	121.496	11454	0	1
2013.03.26	20:00:00	121.496	121.731	121.385	121.724	6212	0	1
2013.03.27	00:00:00	121.722	121.852	121.576	121.788	9266	0	1
2013.03.27	04:00:00	121.788	121.865	121.587	121.707	8952	0	1
2013.03.27	08:00:00	121.705	121.798	120.560	120.723	15962	0	1
2013.03.27	12:00:00	120.722	120.742	119.956	120.364	17185	0	1
2013.03.27	16:00:00	120.365	120.781	120.342	120.548	11744	0	2
2013.03.27	20:00:00	120.553	120.738	120.453	120.560	6305	0	5
2013.03.28	00:00:00	120.561	120.690	120.205	120.207	10517	0	6
2013.03.28	04:00:00	120.207	120.612	120.134	120.516	8116	0	5
2013.03.28	08:00:00	120.518	120.776	119.743	120.566	15724	0	1
2013.03.28	12:00:00	120.568	120.940	120.432	120.776	15371	0	1
2013.03.28	16:00:00	120.777	120.870	120.406	120.678	11464	0	1
2013.03.28	20:00:00	120.685	120.844	120.616	120.826	5699	0	1
2013.03.29	00:00:00	120.826	120.827	120.562	120.692	9362	0	5
2013.03.29	04:00:00	120.693	120.749	120.288	120.534	8491	0	1
2013.03.29	08:00:00	120.532	120.669	120.297	120.583	8264	0	5
2013.03.29	12:00:00	120.584	120.760	120.536	120.704	5846	0	1
2013.03.29	16:00:00	120.703	120.828	120.634	120.783	6738	0	1
2013.03.29	20:00:00	120.783	120.812	120.666	120.727	3011	0	15
2013.04.01	00:00:00	120.741	120.865	119.973	120.021	8653	0	1
2013.04.01	04:00:00	120.022	120.232	119.932	120.064	8343	0	5
2013.04.01	08:00:00	120.063	120.200	119.493	119.804	8545	0	1
2013.04.01	12:00:00	119.806	120.245	119.801	119.950	7692	0	1
2013.04.01	16:00:00	119.944	120.147	119.708	119.938	9145	0	1
2013.04.01	20:00:00	119.937	120.054	119.549	119.693	5743	0	7
2013.04.02	00:00:00	119.695	119.874	119.479	119.744	9281	0	4
2013.04.02	04:00:00	119.743	119.787	119.172	119.231	9517	0	1
2013.04.02	08:00:00	119.231	119.912	119.136	119.838	15514	0	1
2013.04.02	12:00:00	119.848	119.942	119.430	119.725	13254	0	2
2013.04.02	16:00:00	119.722	120.141	119.586	119.736	9952	0	5
2013.04.02	20:00:00	119.733	119.826	119.561	119.714	5234	0	7
2013.04.03	00:00:00	119.715	119.978	119.604	119.855	7822	0	6
2013.04.03	04:00:00	119.856	119.868	119.662	119.767	6878	0	6
2013.04.03	08:00:00	119.769	120.171	119.447	120.025	12429	0	1
2013.04.03	12:00:00	120.027	120.066	119.482	119.504	13467	0	1
2013.04.03	16:00:00	119.503	119.596	119.111	119.167	11647	0	1
2013.04.03	20:00:00	119.166	119.584	119.105	119.541	6349	0	4
2013.04.04	00:00:00	119.542	119.578	119.150	119.429	7670	0	4
2013.04.04	04:00:00	119.426	121.463	119.183	121.413	12892	0	1
2013.04.04	08:00:00	121.408	122.698	121.382	122.232	18258	0	1
2013.04.04	12:00:00	122.234	123.109	121.589	122.985	17152	0	1
2013.04.04	16:00:00	122.979	124.485	122.979	124.375	14207	0	1
2013.04.04	20:00:00	124.377	124.669	124.289	124.627	8003	0	5
2013.04.05	00:00:00	124.625	125.497	124.422	125.232	11552	0	2
2013.04.05	04:00:00	125.233	125.589	124.366	124.491	14526	0	1
2013.04.05	08:00:00	124.490	124.606	123.862	124.231	15898	0	1
2013.04.05	12:00:00	124.230	125.749	124.010	125.709	18258	0	1
2013.04.05	16:00:00	125.707	126.755	125.670	126.704	15385	0	3
2013.04.05	20:00:00	126.701	127.282	126.655	126.710	8965	0	6
2013.04.08	00:00:00	127.650	128.431	127.412	127.846	15161	0	5
2013.04.08	04:00:00	127.847	128.141	127.716	127.931	10191	0	3
2013.04.08	08:00:00	127.930	128.837	127.783	128.340	17033	0	1
2013.04.08	12:00:00	128.348	128.641	128.038	128.314	14863	0	1
2013.04.08	16:00:00	128.317	129.084	128.296	129.084	13668	0	2
2013.04.08	20:00:00	129.085	129.501	128.960	129.495	9301	0	4
2013.04.09	00:00:00	129.494	129.889	129.339	129.789	13302	0	5
2013.04.09	04:00:00	129.789	129.927	129.091	129.202	10849	0	1
2013.04.09	08:00:00	129.204	129.343	128.430	128.998	17609	0	1
2013.04.09	12:00:00	128.996	129.368	128.830	129.006	14048	0	1
2013.04.09	16:00:00	129.006	129.977	128.962	129.859	14295	0	1
2013.04.09	20:00:00	129.860	130.088	129.419	129.727	7250	0	1
2013.04.10	00:00:00	129.729	129.904	129.401	129.512	9271	0	9
2013.04.10	04:00:00	129.508	129.755	129.454	129.618	9090	0	8
2013.04.10	08:00:00	129.616	130.495	129.515	130.118	14983	0	6
2013.04.10	12:00:00	130.118	130.493	129.488	130.192	15722	0	6
2013.04.10	16:00:00	130.190	130.369	129.981	130.212	12857	0	6
2013.04.10	20:00:00	130.211	130.528	130.166	130.407	7363	0	7
2013.04.11	00:00:00	130.407	130.484	129.903	129.967	10006	0	8
2013.04.11	04:00:00	129.967	130.266	129.697	130.242	9183	0	6
2013.04.11	08:00:00	130.244	130.481	130.106	130.363	13189	0	7
2013.04.11	12:00:00	130.364	130.817	129.744	129.947	16837	0	8
2013.04.11	16:00:00	129.952	131.026	129.942	130.971	13914	0	9
2013.04.11	20:00:00	130.972	131.111	130.502	130.796	8203	0	6
2013.04.12	00:00:00	130.791	130.791	130.458	130.511	9263	0	8
2013.04.12	04:00:00	130.511	130.688	130.297	130.456	8833	0	6
2013.04.12	08:00:00	130.457	130.460	129.011	129.372	17190	0	6
2013.04.12	12:00:00	129.370	129.834	129.135	129.581	16625	0	8
2013.04.12	16:00:00	129.584	129.717	129.217	129.634	13562	0	9
2013.04.12	20:00:00	129.633	129.655	128.584	128.985	8673	0	7
2013.04.15	00:00:00	128.854	129.313	128.738	129.034	12350	0	9
2013.04.15	04:00:00	128.999	129.010	127.525	128.169	15609	0	9
2013.04.15	08:00:00	128.168	128.632	127.853	127.958	16824	0	6
2013.04.15	12:00:00	127.956	128.432	127.528	128.090	17900	0	6
2013.04.15	16:00:00	128.062	128.565	127.662	127.694	15296	0	9
2013.04.15	20:00:00	127.690	127.708	124.963	125.988	18797	0	8
2013.04.16	00:00:00	126.017	126.813	125.933	126.388	16108	0	10
2013.04.16	04:00:00	126.383	127.810	126.232	127.251	14665	0	7
2013.04.16	08:00:00	127.250	128.243	127.136	127.974	20096	0	8
2013.04.16	12:00:00	127.962	128.908	127.838	128.772	18523	0	6
2013.04.16	16:00:00	128.770	129.001	128.244	128.777	17938	0	6
2013.04.16	20:00:00	128.778	128.884	128.434	128.855	9015	0	6
2013.04.17	00:00:00	128.855	129.596	128.507	129.472	12558	0	8
2013.04.17	04:00:00	129.471	129.727	129.169	129.515	11627	0	6
2013.04.17	08:00:00	129.514	129.732	128.894	129.076	17544	0	6
2013.04.17	12:00:00	129.075	129.172	128.102	128.388	18899	0	6
2013.04.17	16:00:00	128.410	128.410	126.434	127.262	19844	0	6
2013.04.17	20:00:00	127.265	128.103	127.035	128.082	11572	0	6
2013.04.18	00:00:00	128.085	128.098	127.154	127.695	11523	0	8
2013.04.18	04:00:00	127.700	128.430	127.533	127.896	13082	0	9
2013.04.18	08:00:00	127.894	128.778	127.612	128.609	16368	0	10
2013.04.18	12:00:00	128.610	128.711	127.947	128.074	16199	0	6
2013.04.18	16:00:00	128.081	128.655	127.578	128.201	16787	0	6
2013.04.18	20:00:00	128.202	128.271	127.750	128.161	9899	0	6
2013.04.19	00:00:00	128.159	128.400	128.055	128.328	9082	0	10
2013.04.19	04:00:00	128.327	128.935	128.278	128.744	11700	0	10
2013.04.19	08:00:00	128.746	130.011	128.743	129.937	18336	0	6
2013.04.19	12:00:00	129.931	130.229	129.546	129.823	16358	0	6
2013.04.19	16:00:00	129.827	130.148	129.371	129.704	14605	0	6
2013.04.19	20:00:00	129.701	130.245	129.696	129.850	8337	0	6
2013.04.22	00:00:00	130.395	130.659	130.218	130.527	10562	0	10
2013.04.22	04:00:00	130.529	130.601	130.091	130.381	9299	0	7
2013.04.22	08:00:00	130.386	130.511	129.885	130.172	15037	0	5
2013.04.22	12:00:00	130.172	130.271	129.486	129.634	13986	0	6
2013.04.22	16:00:00	129.636	129.739	128.914	129.465	13409	0	3
2013.04.22	20:00:00	129.463	129.985	129.456	129.694	8092	0	2
2013.04.23	00:00:00	129.694	129.817	129.204	129.330	9031	0	2
2013.04.23	04:00:00	129.333	129.354	128.528	128.812	13070	0	6
2013.04.23	08:00:00	128.816	129.342	127.925	128.178	17883	0	2
2013.04.23	12:00:00	128.181	129.446	127.866	129.262	16198	0	2
2013.04.23	16:00:00	129.262	129.601	128.267	129.271	15239	0	4
2013.04.23	20:00:00	129.274	129.372	128.914	129.188	8567	0	7
2013.04.24	00:00:00	129.188	129.696	129.122	129.223	11565	0	5
2013.04.24	04:00:00	129.220	129.352	128.848	129.329	10148	0	7
2013.04.24	08:00:00	129.330	129.683	128.805	129.663	16769	0	6
2013.04.24	12:00:00	129.659	129.791	128.987	129.155	14046	0	2
2013.04.24	16:00:00	129.152	129.467	128.813	129.418	10776	0	6
2013.04.24	20:00:00	129.416	129.654	129.379	129.497	6161	0	6
2013.04.25	00:00:00	129.495	129.895	129.356	129.757	8420	0	6
2013.04.25	04:00:00	129.757	129.784	129.298	129.338	9661	0	6
2013.04.25	08:00:00	129.340	129.860	129.047	129.486	15195	0	6
2013.04.25	12:00:00	129.485	129.873	129.292	129.369	14169	0	2
2013.04.25	16:00:00	129.366	129.451	129.170	129.340	12508	0	6
2013.04.25	20:00:00	129.341	129.523	129.022	129.206	7893	0	7
2013.04.26	00:00:00	129.205	129.297	128.818	129.196	10732	0	7
2013.04.26	04:00:00	129.201	129.372	128.057	128.295	15951	0	6
2013.04.26	08:00:00	128.298	128.848	127.977	128.459	16957	0	6
2013.04.26	12:00:00	128.459	128.476	127.604	127.720	22347	0	2
2013.04.26	16:00:00	127.721	127.903	127.136	127.780	14444	0	6
2013.04.26	20:00:00	127.781	128.079	127.612	127.668	6252	0	6
2013.04.29	00:00:00	127.925	127.945	127.268	127.345	8229	0	9
2013.04.29	04:00:00	127.344	127.524	127.048	127.357	8731	0	10
2013.04.29	08:00:00	127.356	128.319	127.327	127.889	14546	0	6
2013.04.29	12:00:00	127.890	128.347	127.847	128.048	13772	0	6
2013.04.29	16:00:00	128.048	128.587	127.985	128.276	12163	0	6
2013.04.29	20:00:00	128.284	128.447	127.918	128.085	7346	0	6
2013.04.30	00:00:00	128.090	128.451	128.051	128.318	8558	0	10
2013.04.30	04:00:00	128.317	128.401	128.098	128.198	9036	0	10
2013.04.30	08:00:00	128.219	128.219	127.325	127.408	15506	0	6
2013.04.30	12:00:00	127.405	128.327	127.199	128.231	14687	0	1
2013.04.30	16:00:00	128.231	128.512	127.844	128.368	14533	0	2
2013.04.30	20:00:00	128.365	128.447	128.137	128.212	7122	0	4
2013.05.01	00:00:00	128.225	128.298	127.848	128.089	8581	0	1
2013.05.01	04:00:00	128.090	128.225	127.984	128.176	6492	0	5
2013.05.01	08:00:00	128.178	128.873	128.162	128.773	9331	0	1
2013.05.01	12:00:00	128.774	128.924	128.305	128.363	13453	0	1
2013.05.01	16:00:00	128.347	128.650	128.071	128.200	10545	0	1
2013.05.01	20:00:00	128.201	128.825	128.032	128.245	10307	0	4
2013.05.02	00:00:00	128.246	128.383	127.927	128.275	9416	0	4
2013.05.02	04:00:00	128.284	128.341	127.880	128.098	8085	0	5
2013.05.02	08:00:00	128.096	128.238	127.760	128.035	13083	0	1
2013.05.02	12:00:00	128.035	129.904	127.502	127.950	18265	0	1
2013.05.02	16:00:00	127.952	128.183	127.870	128.095	12785	0	1
2013.05.02	20:00:00	128.095	128.138	127.786	127.900	6515	0	4
2013.05.03	00:00:00	127.908	128.165	127.874	128.132	4982	0	3
2013.05.03	04:00:00	128.133	128.205	128.053	128.103	4835	0	5
2013.05.03	08:00:00	128.102	128.913	128.074	128.791	12694	0	1
2013.05.03	12:00:00	128.788	130.178	128.356	129.986	15915	0	2
2013.05.03	16:00:00	129.993	130.335	129.713	129.914	11399	0	1
2013.05.03	20:00:00	129.915	130.040	129.780	129.792	4474	0	5
2013.05.06	00:00:00	130.055	130.180	129.963	130.055	6182	0	4
2013.05.06	04:00:00	130.059	130.079	129.966	129.992	4575	0	5
2013.05.06	08:00:00	129.993	130.402	129.990	130.197	10121	0	1
2013.05.06	12:00:00	130.196	130.206	129.880	130.070	8494	0	1
2013.05.06	16:00:00	130.070	130.229	129.602	130.033	7726	0	1
2013.05.06	20:00:00	130.033	130.072	129.822	129.858	4708	0	1
2013.05.07	00:00:00	129.858	129.988	129.226	129.419	9033	0	6
2013.05.07	04:00:00	129.419	129.809	129.325	129.617	8578	0	5
2013.05.07	08:00:00	129.617	129.700	129.326	129.649	12126	0	1
2013.05.07	12:00:00	129.647	130.360	129.647	129.895	12908	0	4
2013.05.07	16:00:00	129.896	130.008	129.295	129.631	10385	0	4
2013.05.07	20:00:00	129.632	129.632	129.346	129.422	5525	0	4
2013.05.08	00:00:00	129.422	129.801	128.978	129.732	9299	0	4
2013.05.08	04:00:00	129.734	129.812	129.488	129.573	7320	0	1
2013.05.08	08:00:00	129.574	129.927	129.320	129.869	12972	0	1
2013.05.08	12:00:00	129.866	130.182	129.727	130.081	14257	0	1
2013.05.08	16:00:00	130.083	130.415	129.931	130.165	10456	0	1
2013.05.08	20:00:00	130.163	130.264	129.951	130.209	6246	0	4
2013.05.09	00:00:00	130.203	130.235	129.995	130.028	7455	0	1
2013.05.09	04:00:00	130.023	130.149	129.790	129.819	7052	0	1
2013.05.09	08:00:00	129.818	130.229	129.628	129.716	11684	0	1
2013.05.09	12:00:00	129.718	130.247	129.585	130.094	13124	0	1
2013.05.09	16:00:00	130.090	131.681	129.815	131.473	13716	0	1
2013.05.09	20:00:00	131.483	131.760	130.796	131.270	13379	0	4
2013.05.10	00:00:00	131.266	131.899	131.068	131.846	12487	0	5
2013.05.10	04:00:00	131.844	131.857	131.515	131.713	9515	0	5
2013.05.10	08:00:00	131.713	132.153	131.562	131.694	16530	0	1
2013.05.10	12:00:00	131.697	132.253	131.676	132.010	17208	0	1
2013.05.10	16:00:00	132.013	132.177	131.606	131.846	14532	0	1
2013.05.10	20:00:00	131.842	132.059	131.765	131.951	5131	0	4
2013.05.13	00:00:00	132.099	132.395	131.978	132.090	10345	0	1
2013.05.13	04:00:00	132.090	132.232	131.860	131.915	9092	0	5
2013.05.13	08:00:00	131.916	132.058	131.571	131.868	13021	0	4
2013.05.13	12:00:00	131.869	132.249	131.830	132.013	13695	0	4
2013.05.13	16:00:00	132.013	132.313	131.981	132.233	10968	0	5
2013.05.13	20:00:00	132.233	132.302	131.985	132.107	5860	0	4
2013.05.14	00:00:00	132.105	132.227	131.850	132.142	9935	0	5
2013.05.14	04:00:00	132.145	132.282	131.717	131.845	9198	0	1
2013.05.14	08:00:00	131.851	132.162	131.596	132.010	14686	0	1
2013.05.14	12:00:00	131.995	132.121	131.533	132.036	14045	0	1
2013.05.14	16:00:00	132.035	132.767	131.985	132.305	13858	0	1
2013.05.14	20:00:00	132.307	132.369	132.103	132.248	6895	0	1
2013.05.15	00:00:00	132.257	132.338	132.017	132.109	8730	0	1
2013.05.15	04:00:00	132.111	132.291	132.056	132.148	7451	0	1
2013.05.15	08:00:00	132.150	132.430	131.866	132.007	15271	0	1
2013.05.15	12:00:00	132.012	132.316	131.186	131.369	16303	0	1
2013.05.15	16:00:00	131.365	131.914	131.271	131.648	12859	0	1
2013.05.15	20:00:00	131.653	131.860	131.489	131.697	6840	0	1
2013.05.16	00:00:00	131.695	131.771	131.283	131.457	9112	0	1
2013.05.16	04:00:00	131.454	131.779	131.391	131.721	8478	0	1
2013.05.16	08:00:00	131.723	132.178	131.574	132.047	13884	0	1
2013.05.16	12:00:00	132.050	132.203	131.795	131.915	14617	0	1
2013.05.16	16:00:00	131.915	131.948	131.578	131.643	12754	0	1
2013.05.16	20:00:00	131.641	131.949	131.598	131.691	8230	0	1
2013.05.17	00:00:00	131.697	131.769	131.515	131.636	7713	0	1
2013.05.17	04:00:00	131.639	131.663	131.476	131.592	7161	0	1
2013.05.17	08:00:00	131.590	132.083	131.587	131.898	12905	0	1
2013.05.17	12:00:00	131.898	132.012	131.302	131.728	14703	0	1
2013.05.17	16:00:00	131.747	132.300	131.742	132.236	12014	0	1
2013.05.17	20:00:00	132.234	132.534	132.213	132.487	6172	0	1
2013.05.20	00:00:00	131.864	132.093	131.736	131.894	10402	0	1
2013.05.20	04:00:00	131.894	131.966	131.801	131.908	8661	0	5
2013.05.20	08:00:00	131.909	132.038	131.821	132.014	11124	0	1
2013.05.20	12:00:00	132.015	132.126	131.559	131.751	11967	0	4
2013.05.20	16:00:00	131.759	131.968	131.668	131.772	10743	0	1
2013.05.20	20:00:00	131.769	131.991	131.639	131.755	7535	0	4
2013.05.21	00:00:00	131.752	132.298	131.676	132.163	11016	0	1
2013.05.21	04:00:00	132.164	132.205	132.046	132.151	8073	0	4
2013.05.21	08:00:00	132.144	132.333	132.098	132.124	12126	0	4
2013.05.21	12:00:00	132.124	132.395	131.993	132.230	12127	0	1
2013.05.21	16:00:00	132.230	132.399	131.940	132.334	13704	0	4
2013.05.21	20:00:00	132.335	132.400	132.216	132.290	5245	0	5
2013.05.22	00:00:00	132.291	132.680	132.209	132.549	8371	0	1
2013.05.22	04:00:00	132.552	132.590	132.313	132.456	7718	0	5
2013.05.22	08:00:00	132.458	133.195	132.418	132.969	13693	0	1
2013.05.22	12:00:00	132.968	133.456	132.949	133.344	14217	0	4
2013.05.22	16:00:00	133.343	133.798	132.801	132.982	21352	0	1
2013.05.22	20:00:00	132.984	133.066	131.962	132.538	17005	0	5
2013.05.23	00:00:00	132.540	132.868	132.387	132.647	15012	0	5
2013.05.23	04:00:00	132.651	132.672	130.970	131.110	23218	0	5
2013.05.23	08:00:00	131.108	131.256	129.968	130.344	32424	0	5
2013.05.23	12:00:00	130.343	131.265	130.287	131.118	24546	0	5
2013.05.23	16:00:00	131.120	131.956	130.841	131.686	15653	0	6
2013.05.23	20:00:00	131.679	131.981	131.577	131.888	9402	0	6
2013.05.24	00:00:00	131.889	132.516	131.783	132.157	12803	0	8
2013.05.24	04:00:00	132.157	132.186	130.696	131.538	19907	0	5
2013.05.24	08:00:00	131.545	132.566	131.258	131.708	22263	0	5
2013.05.24	12:00:00	131.711	131.955	130.636	130.828	25266	0	5
2013.05.24	16:00:00	130.828	130.935	130.294	130.401	18853	0	5
2013.05.24	20:00:00	130.401	131.028	130.089	130.948	8246	0	5
2013.05.27	00:00:00	130.971	131.058	130.265	130.509	14978	0	5
2013.05.27	04:00:00	130.504	130.714	130.387	130.643	10248	0	5
2013.05.27	08:00:00	130.641	130.859	130.416	130.508	13743	0	5
2013.05.27	12:00:00	130.519	130.752	130.450	130.699	8863	0	5
2013.05.27	16:00:00	130.701	130.891	130.620	130.683	7961	0	5
2013.05.27	20:00:00	130.683	130.776	130.453	130.714	5616	0	5
2013.05.28	00:00:00	130.711	131.441	130.660	131.310	15350	0	5
2013.05.28	04:00:00	131.308	131.821	131.258	131.716	14656	0	5
2013.05.28	08:00:00	131.719	132.023	131.530	131.964	19757	0	5
2013.05.28	12:00:00	131.962	132.143	131.796	132.037	17810	0	5
2013.05.28	16:00:00	132.065	132.143	131.274	131.311	21183	0	5
2013.05.28	20:00:00	131.308	131.660	131.159	131.441	12705	0	5
2013.05.29	00:00:00	131.444	131.702	131.141	131.271	14756	0	5
2013.05.29	04:00:00	131.269	131.620	131.254	131.365	12771	0	5
2013.05.29	08:00:00	131.360	131.467	130.705	131.167	23434	0	5
2013.05.29	12:00:00	131.170	131.230	130.761	130.970	25751	0	5
2013.05.29	16:00:00	130.970	131.072	130.391	130.709	21746	0	5
2013.05.29	20:00:00	130.709	130.975	130.646	130.884	9827	0	5
2013.05.30	00:00:00	130.888	131.466	130.329	131.237	15708	0	5
2013.05.30	04:00:00	131.234	131.325	130.533	130.766	16007	0	5
2013.05.30	08:00:00	130.766	131.060	130.193	131.015	21621	0	5
2013.05.30	12:00:00	131.014	131.928	130.920	131.858	27246	0	5
2013.05.30	16:00:00	131.858	131.946	131.370	131.720	19196	0	5
2013.05.30	20:00:00	131.715	131.828	131.248	131.442	9830	0	5
2013.05.31	00:00:00	131.459	132.073	131.451	131.737	14465	0	5
2013.05.31	04:00:00	131.736	131.795	131.373	131.469	13151	0	5
2013.05.31	08:00:00	131.469	131.741	130.268	130.515	24455	0	5
2013.05.31	12:00:00	130.515	131.063	130.294	130.954	22587	0	5
2013.05.31	16:00:00	130.954	131.108	130.630	130.787	20534	0	5
2013.05.31	20:00:00	130.784	130.946	130.387	130.528	12021	0	5
2013.06.03	00:00:00	130.614	130.865	130.435	130.765	12221	0	5
2013.06.03	04:00:00	130.768	130.982	130.546	130.590	12616	0	5
2013.06.03	08:00:00	130.588	130.845	130.322	130.604	20719	0	5
2013.06.03	12:00:00	130.604	130.768	129.665	129.710	19357	0	5
2013.06.03	16:00:00	129.707	130.063	129.517	129.796	22600	0	5
2013.06.03	20:00:00	129.796	130.183	129.721	129.967	11123	0	5
2013.06.04	00:00:00	129.976	130.473	129.928	130.178	13910	0	5
2013.06.04	04:00:00	130.178	130.530	130.017	130.478	12665	0	5
2013.06.04	08:00:00	130.476	131.398	130.463	131.026	20928	0	5
2013.06.04	12:00:00	131.026	131.295	130.741	130.944	20929	0	5
2013.06.04	16:00:00	130.942	131.018	130.643	130.757	17801	0	5
2013.06.04	20:00:00	130.754	131.011	130.640	130.870	9577	0	5
2013.06.05	00:00:00	130.870	131.164	130.853	130.978	12700	0	5
2013.06.05	04:00:00	130.978	131.401	130.116	130.325	20309	0	5
2013.06.05	08:00:00	130.321	130.623	130.062	130.125	21209	0	5
2013.06.05	12:00:00	130.126	130.308	129.763	130.173	21284	0	5
2013.06.05	16:00:00	130.162	130.271	129.597	129.928	21061	0	5
2013.06.05	20:00:00	129.926	129.996	129.630	129.805	10196	0	5
2013.06.06	00:00:00	129.684	130.026	129.420	129.859	12666	0	18
2013.06.06	04:00:00	129.860	130.054	129.704	129.957	16547	0	13
2013.06.06	08:00:00	129.958	130.340	129.805	130.087	20251	0	13
2013.06.06	12:00:00	130.083	130.716	129.716	130.572	19980	0	13
2013.06.06	16:00:00	130.569	130.655	127.484	128.042	28496	0	13
2013.06.06	20:00:00	128.037	128.807	128.031	128.425	17026	0	13
2013.06.07	00:00:00	128.429	129.073	128.417	128.872	14351	0	18
2013.06.07	04:00:00	128.872	128.916	126.749	127.723	24412	0	13
2013.06.07	08:00:00	127.721	128.763	127.432	127.602	25480	0	13
2013.06.07	12:00:00	127.600	127.769	126.155	127.449	25821	0	13
2013.06.07	16:00:00	127.448	129.116	127.159	128.869	26739	0	13
2013.06.07	20:00:00	128.872	129.174	128.576	128.896	13016	0	13
2013.06.10	00:00:00	129.071	129.975	128.996	129.385	15151	0	18
2013.06.10	04:00:00	129.387	129.741	129.206	129.644	15644	0	13
2013.06.10	08:00:00	129.645	130.521	129.533	130.479	19398	0	12
2013.06.10	12:00:00	130.478	130.764	130.164	130.403	19466	0	10
2013.06.10	16:00:00	130.407	131.102	130.401	130.661	24891	0	10
2013.06.10	20:00:00	130.658	130.985	130.562	130.910	13079	0	13
2013.06.11	00:00:00	130.910	131.295	130.703	130.899	12091	0	18
2013.06.11	04:00:00	130.901	131.130	129.922	130.325	19965	0	13
2013.06.11	08:00:00	130.322	130.632	129.587	129.644	22756	0	13
2013.06.11	12:00:00	129.642	129.739	128.159	128.666	25171	0	13
2013.06.11	16:00:00	128.665	128.834	128.274	128.667	24062	0	13
2013.06.11	20:00:00	128.668	128.751	127.103	127.827	18707	0	13
2013.06.12	00:00:00	127.826	128.409	127.712	128.288	11921	0	18
2013.06.12	04:00:00	128.287	128.547	128.099	128.439	13905	0	13
2013.06.12	08:00:00	128.444	129.337	128.264	128.565	21091	0	13
2013.06.12	12:00:00	128.565	128.642	127.960	128.306	19193	0	13
2013.06.12	16:00:00	128.304	128.460	127.032	127.463	26036	0	13
2013.06.12	20:00:00	127.464	128.144	127.345	128.045	16477	0	13
2013.06.13	00:00:00	128.037	128.109	127.194	127.314	12374	0	18
2013.06.13	04:00:00	127.312	127.313	126.244	126.461	20724	0	13
2013.06.13	08:00:00	126.458	126.506	125.364	125.869	23540	0	13
2013.06.13	12:00:00	125.865	125.999	125.167	125.757	21986	0	13
2013.06.13	16:00:00	125.756	126.011	124.965	125.927	24246	0	13
2013.06.13	20:00:00	125.929	127.740	125.875	127.543	17563	0	13
2013.06.14	00:00:00	127.864	127.945	126.223	126.715	18619	0	5
2013.06.14	04:00:00	126.719	127.268	126.474	126.770	17418	0	5
2013.06.14	08:00:00	126.770	126.963	126.293	126.491	19528	0	5
2013.06.14	12:00:00	126.491	126.893	126.236	126.645	19265	0	5
2013.06.14	16:00:00	126.644	127.007	125.182	125.578	22213	0	5
2013.06.14	20:00:00	125.578	126.095	125.424	125.503	8203	0	5
2013.06.17	00:00:00	125.724	126.347	125.675	126.208	13002	0	5
2013.06.17	04:00:00	126.199	126.396	126.037	126.394	10216	0	5
2013.06.17	08:00:00	126.394	126.847	126.362	126.522	15720	0	5
2013.06.17	12:00:00	126.525	126.704	126.320	126.472	15194	0	5
2013.06.17	16:00:00	126.469	126.734	126.431	126.635	13541	0	5
2013.06.17	20:00:00	126.636	126.922	126.130	126.510	14511	0	5
2013.06.18	00:00:00	126.509	126.854	126.206	126.588	14055	0	5
2013.06.18	04:00:00	126.591	126.764	126.449	126.604	10388	0	5
2013.06.18	08:00:00	126.615	127.684	126.403	127.571	19025	0	5
2013.06.18	12:00:00	127.577	127.926	127.340	127.891	18727	0	5
2013.06.18	16:00:00	127.890	128.072	127.421	127.642	15988	0	5
2013.06.18	20:00:00	127.643	127.876	127.561	127.763	8313	0	5
2013.06.19	00:00:00	127.766	128.114	127.735	127.892	11110	0	5
2013.06.19	04:00:00	127.892	127.917	127.433	127.591	12515	0	5
2013.06.19	08:00:00	127.591	127.651	127.058	127.277	16824	0	5
2013.06.19	12:00:00	127.286	127.528	127.171	127.294	14246	0	5
2013.06.19	16:00:00	127.301	127.969	127.229	127.886	13381	0	5
2013.06.19	20:00:00	127.847	128.763	127.556	128.030	21232	0	5
2013.06.20	00:00:00	128.030	128.523	127.821	128.053	18478	0	5
2013.06.20	04:00:00	128.053	128.806	128.033	128.528	17103	0	5
2013.06.20	08:00:00	128.530	129.907	128.530	129.285	27282	0	5
2013.06.20	12:00:00	129.279	129.486	128.868	129.112	24148	0	5
2013.06.20	16:00:00	129.105	129.814	128.825	129.632	22354	0	5
2013.06.20	20:00:00	129.632	129.639	128.210	128.705	14926	0	5
2013.06.21	00:00:00	128.701	128.886	128.213	128.336	16526	0	5
2013.06.21	04:00:00	128.334	129.548	128.325	129.355	16521	0	5
2013.06.21	08:00:00	129.352	129.696	128.632	128.936	20310	0	5
2013.06.21	12:00:00	128.936	129.164	128.410	128.551	21012	0	5
2013.06.21	16:00:00	128.550	128.674	127.789	128.363	22647	0	5
2013.06.21	20:00:00	128.363	128.496	128.226	128.415	8499	0	5
2013.06.24	00:00:00	128.391	129.110	128.374	128.728	16404	0	5
2013.06.24	04:00:00	128.726	129.204	128.648	128.870	15448	0	5
2013.06.24	08:00:00	128.872	129.106	128.192	128.349	21205	0	5
2013.06.24	12:00:00	128.354	128.876	127.448	127.472	23003	0	5
2013.06.24	16:00:00	127.467	128.234	127.286	128.190	20689	0	5
2013.06.24	20:00:00	128.177	128.406	127.996	128.238	11013	0	5
2013.06.25	00:00:00	128.235	128.668	127.963	128.526	13424	0	5
2013.06.25	04:00:00	128.528	128.559	127.586	127.948	17319	0	5
2013.06.25	08:00:00	127.938	128.344	127.293	127.471	21432	0	5
2013.06.25	12:00:00	127.468	128.048	127.452	127.915	19933	0	5
2013.06.25	16:00:00	127.925	128.083	127.735	127.972	17607	0	5
2013.06.25	20:00:00	127.973	128.201	127.895	128.141	7919	0	5
2013.06.26	00:00:00	128.141	128.449	127.943	128.012	13440	0	5
2013.06.26	04:00:00	128.013	128.030	127.407	127.452	14948	0	5
2013.06.26	08:00:00	127.453	127.650	127.010	127.038	21077	0	5
2013.06.26	12:00:00	127.042	127.494	126.967	127.090	20202	0	5
2013.06.26	16:00:00	127.098	127.187	126.572	127.048	17822	0	5
2013.06.26	20:00:00	127.048	127.326	126.959	127.166	9469	0	5
2013.06.27	00:00:00	127.161	127.319	127.041	127.207	8968	0	18
2013.06.27	04:00:00	127.208	127.472	127.185	127.399	13573	0	13
2013.06.27	08:00:00	127.403	128.082	127.298	127.879	19753	0	13
2013.06.27	12:00:00	127.878	128.165	127.464	128.113	18791	0	13
2013.06.27	16:00:00	128.114	128.209	127.901	127.999	21782	0	13
2013.06.27	20:00:00	127.999	128.373	127.980	128.200	10262	0	13
2013.06.28	00:00:00	128.198	128.664	128.161	128.571	10098	0	18
2013.06.28	04:00:00	128.573	129.364	128.453	129.171	16372	0	13
2013.06.28	08:00:00	129.170	129.247	128.852	129.113	19034	0	13
2013.06.28	12:00:00	129.115	129.621	129.055	129.595	19219	0	13
2013.06.28	16:00:00	129.597	129.643	128.940	129.172	23743	0	13
2013.06.28	20:00:00	129.171	129.252	128.940	128.942	10039	0	13
2013.07.01	00:00:00	129.108	129.477	129.079	129.284	11354	0	1
2013.07.01	04:00:00	129.284	129.602	129.252	129.569	10160	0	1
2013.07.01	08:00:00	129.570	130.056	129.450	129.984	15834	0	1
2013.07.01	12:00:00	129.982	130.033	129.834	129.964	12926	0	1
2013.07.01	16:00:00	129.958	130.250	129.800	130.156	15193	0	1
2013.07.01	20:00:00	130.155	130.249	130.025	130.113	7298	0	1
2013.07.02	00:00:00	130.121	130.272	129.978	129.990	8802	0	1
2013.07.02	04:00:00	129.989	130.421	129.908	130.401	9833	0	1
2013.07.02	08:00:00	130.400	130.635	129.837	129.972	16270	0	1
2013.07.02	12:00:00	129.972	130.538	129.892	130.506	16602	0	1
2013.07.02	16:00:00	130.503	131.119	130.490	130.923	16169	0	1
2013.07.02	20:00:00	130.924	130.930	130.328	130.630	9443	0	1
2013.07.03	00:00:00	130.628	130.858	130.312	130.403	11862	0	1
2013.07.03	04:00:00	130.399	130.732	130.329	130.501	11532	0	1
2013.07.03	08:00:00	130.503	130.799	128.998	129.335	21879	0	1
2013.07.03	12:00:00	129.335	129.497	128.645	129.295	19791	0	1
2013.07.03	16:00:00	129.295	130.282	129.062	129.991	16168	0	5
2013.07.03	20:00:00	129.988	130.099	129.797	130.014	6430	0	5
2013.07.04	00:00:00	130.013	130.204	129.739	129.773	10437	0	5
2013.07.04	04:00:00	129.774	129.852	129.600	129.769	9723	0	5
2013.07.04	08:00:00	129.769	129.796	129.361	129.532	13975	0	5
2013.07.04	12:00:00	129.531	129.824	128.831	129.160	17237	0	5
2013.07.04	16:00:00	129.161	129.365	129.026	129.224	9814	0	5
2013.07.04	20:00:00	129.227	129.333	128.998	129.267	3234	0	5
2013.07.05	00:00:00	129.269	129.628	129.167	129.538	11471	0	5
2013.07.05	04:00:00	129.533	129.554	129.193	129.363	8780	0	5
2013.07.05	08:00:00	129.366	129.427	128.580	128.746	15373	0	5
2013.07.05	12:00:00	128.746	129.701	128.634	129.524	19735	0	5
2013.07.05	16:00:00	129.528	129.752	129.297	129.690	15262	0	5
2013.07.05	20:00:00	129.690	129.881	129.664	129.765	5614	0	5
2013.07.08	00:00:00	129.831	130.188	129.641	129.691	11629	0	5
2013.07.08	04:00:00	129.692	129.916	129.516	129.663	10316	0	5
2013.07.08	08:00:00	129.659	130.179	129.397	130.011	14726	0	5
2013.07.08	12:00:00	130.006	130.117	129.834	130.023	14384	0	5
2013.07.08	16:00:00	130.027	130.173	129.701	129.783	12560	0	5
2013.07.08	20:00:00	129.783	130.096	129.727	129.822	6895	0	5
2013.07.09	00:00:00	129.827	130.119	129.692	130.113	11220	0	5
2013.07.09	04:00:00	130.113	130.487	129.809	130.427	10478	0	5
2013.07.09	08:00:00	130.428	130.561	130.114	130.302	16031	0	5
2013.07.09	12:00:00	130.308	130.320	129.980	130.060	13805	0	5
2013.07.09	16:00:00	130.060	130.069	128.706	128.941	16473	0	5
2013.07.09	20:00:00	128.943	129.346	128.884	129.240	6624	0	5
2013.07.10	00:00:00	129.242	129.344	129.137	129.301	9241	0	5
2013.07.10	04:00:00	129.304	129.304	128.210	128.593	14435	0	5
2013.07.10	08:00:00	128.597	128.845	128.014	128.264	18694	0	5
2013.07.10	12:00:00	128.266	128.914	128.201	128.852	14501	0	5
2013.07.10	16:00:00	128.854	129.064	128.498	128.924	14397	0	5
2013.07.10	20:00:00	128.930	129.815	128.573	129.609	18691	0	5
2013.07.11	00:00:00	129.609	130.428	129.054	129.955	23864	0	5
2013.07.11	04:00:00	129.955	130.072	129.157	129.418	21571	0	5
2013.07.11	08:00:00	129.407	129.804	129.071	129.623	21818	0	5
2013.07.11	12:00:00	129.619	129.831	129.120	129.207	19288	0	5
2013.07.11	16:00:00	129.207	129.567	128.644	129.533	17809	0	5
2013.07.11	20:00:00	129.533	129.745	129.223	129.613	12648	0	5
2013.07.12	00:00:00	129.613	129.952	129.194	129.624	11787	0	5
2013.07.12	04:00:00	129.623	129.754	129.411	129.502	8579	0	5
2013.07.12	08:00:00	129.500	129.617	129.061	129.431	14321	0	1
2013.07.12	12:00:00	129.428	129.922	128.906	128.993	19665	0	1
2013.07.12	16:00:00	128.992	129.933	128.907	129.785	15841	0	1
2013.07.12	20:00:00	129.783	129.875	129.561	129.570	5290	0	1
2013.07.15	00:00:00	129.738	129.790	129.478	129.628	5848	0	1
2013.07.15	04:00:00	129.628	129.832	129.393	129.744	5770	0	1
2013.07.15	08:00:00	129.749	130.271	129.635	130.026	13311	0	1
2013.07.15	12:00:00	130.026	130.705	130.017	130.307	19514	0	1
2013.07.15	16:00:00	130.310	130.632	130.141	130.466	13670	0	1
2013.07.15	20:00:00	130.459	130.586	130.294	130.581	8233	0	1
2013.07.16	00:00:00	130.581	130.647	130.312	130.388	10398	0	1
2013.07.16	04:00:00	130.390	130.594	130.291	130.585	9295	0	1
2013.07.16	08:00:00	130.585	130.814	130.036	130.323	16780	0	1
2013.07.16	12:00:00	130.318	130.625	130.161	130.516	18765	0	1
2013.07.16	16:00:00	130.516	130.698	130.261	130.372	15322	0	1
2013.07.16	20:00:00	130.372	130.592	130.264	130.423	9611	0	1
2013.07.17	00:00:00	130.423	130.761	130.289	130.719	10322	0	1
2013.07.17	04:00:00	130.720	130.759	130.467	130.509	8483	0	1
2013.07.17	08:00:00	130.509	131.357	130.450	131.011	16068	0	1
2013.07.17	12:00:00	131.013	131.195	130.307	130.590	17792	0	1
2013.07.17	16:00:00	130.597	130.878	130.465	130.715	19457	0	1
2013.07.17	20:00:00	130.719	130.797	130.478	130.682	7609	0	1
2013.07.18	00:00:00	130.682	130.918	130.532	130.836	9253	0	1
2013.07.18	04:00:00	130.831	131.155	130.733	131.045	10702	0	1
2013.07.18	08:00:00	131.047	131.467	131.040	131.192	15846	0	1
2013.07.18	12:00:00	131.190	131.348	131.061	131.277	15643	0	1
2013.07.18	16:00:00	131.296	131.820	131.291	131.796	15727	0	1
2013.07.18	20:00:00	131.803	131.887	131.563	131.795	8449	0	1
2013.07.19	00:00:00	131.795	132.092	131.393	131.596	13541	0	1
2013.07.19	04:00:00	131.595	131.746	131.214	131.413	14829	0	1
2013.07.19	08:00:00	131.421	131.755	131.266	131.616	16127	0	1
2013.07.19	12:00:00	131.618	131.780	131.388	131.451	14529	0	1
2013.07.19	16:00:00	131.453	131.976	131.419	131.786	12025	0	1
2013.07.19	20:00:00	131.783	132.234	131.635	132.188	5767	0	1
2013.07.22	00:00:00	131.862	132.239	131.153	131.453	14352	0	1
2013.07.22	04:00:00	131.451	131.624	131.330	131.490	10824	0	1
2013.07.22	08:00:00	131.490	131.797	131.434	131.751	13673	0	1
2013.07.22	12:00:00	131.748	131.850	131.360	131.428	14522	0	1
2013.07.22	16:00:00	131.429	131.455	131.148	131.296	13463	0	1
2013.07.22	20:00:00	131.296	131.431	131.167	131.323	5920	0	1
2013.07.23	00:00:00	131.325	131.438	130.765	131.394	11655	0	1
2013.07.23	04:00:00	131.393	131.481	131.128	131.218	10904	0	1
2013.07.23	08:00:00	131.218	131.780	131.091	131.687	15365	0	1
2013.07.23	12:00:00	131.685	132.017	131.627	131.742	15021	0	1
2013.07.23	16:00:00	131.742	131.928	131.521	131.587	14096	0	1
2013.07.23	20:00:00	131.587	131.694	131.430	131.538	7838	0	1
2013.07.24	00:00:00	131.537	131.663	131.370	131.641	9517	0	1
2013.07.24	04:00:00	131.637	131.852	131.525	131.813	9971	0	1
2013.07.24	08:00:00	131.813	132.608	131.714	132.455	16051	0	1
2013.07.24	12:00:00	132.463	132.733	132.260	132.566	13063	0	1
2013.07.24	16:00:00	132.564	132.697	132.247	132.262	17050	0	1
2013.07.24	20:00:00	132.261	132.428	132.152	132.320	7492	0	1
2013.07.25	00:00:00	132.345	132.482	132.044	132.068	9979	0	1
2013.07.25	04:00:00	132.068	132.295	131.983	132.094	9179	0	1
2013.07.25	08:00:00	132.094	132.348	131.583	131.665	16544	0	1
2013.07.25	12:00:00	131.662	131.982	131.454	131.933	17581	0	1
2013.07.25	16:00:00	131.937	131.980	131.635	131.807	14060	0	1
2013.07.25	20:00:00	131.809	132.025	131.472	131.770	12839	0	1
2013.07.26	00:00:00	131.788	131.911	131.532	131.682	11401	0	1
2013.07.26	04:00:00	131.681	131.740	130.994	131.137	13239	0	1
2013.07.26	08:00:00	131.134	131.366	130.941	131.096	15736	0	1
2013.07.26	12:00:00	131.099	131.099	130.280	130.325	16586	0	1
2013.07.26	16:00:00	130.326	130.438	130.083	130.277	15172	0	1
2013.07.26	20:00:00	130.273	130.539	130.226	130.474	5906	0	1
2013.07.29	00:00:00	130.524	130.525	129.914	129.958	12563	0	1
2013.07.29	04:00:00	129.956	130.215	129.766	129.883	12488	0	1
2013.07.29	08:00:00	129.883	130.231	129.793	129.874	16351	0	1
2013.07.29	12:00:00	129.877	130.027	129.676	129.842	14154	0	1
2013.07.29	16:00:00	129.846	130.084	129.586	129.610	13424	0	1
2013.07.29	20:00:00	129.618	129.939	129.604	129.853	6342	0	1
2013.07.30	00:00:00	129.852	130.183	129.762	130.067	9678	0	1
2013.07.30	04:00:00	130.063	130.517	129.978	130.308	11726	0	1
2013.07.30	08:00:00	130.310	130.437	130.026	130.066	14796	0	1
2013.07.30	12:00:00	130.065	130.309	129.866	130.296	14858	0	1
2013.07.30	16:00:00	130.295	130.305	129.826	129.935	13144	0	1
2013.07.30	20:00:00	129.936	130.104	129.908	130.022	6136	0	1
2013.07.31	00:00:00	130.022	130.142	129.808	130.051	10072	0	1
2013.07.31	04:00:00	130.053	130.116	129.781	129.782	10282	0	1
2013.07.31	08:00:00	129.779	129.999	129.603	129.650	17415	0	1
2013.07.31	12:00:00	129.651	130.253	129.335	130.064	19598	0	1
2013.07.31	16:00:00	130.062	130.787	130.021	130.412	15606	0	1
2013.07.31	20:00:00	130.462	130.618	130.020	130.039	14957	0	1
2013.08.01	00:00:00	130.042	130.417	129.933	130.288	11233	0	1
2013.08.01	04:00:00	130.288	130.629	130.271	130.625	11486	0	1
2013.08.01	08:00:00	130.625	130.982	130.412	130.660	15358	0	1
2013.08.01	12:00:00	130.656	131.395	130.414	131.192	19072	0	1
2013.08.01	16:00:00	131.192	131.482	131.120	131.454	15285	0	1
2013.08.01	20:00:00	131.454	131.547	131.355	131.433	8053	0	1
2013.08.02	00:00:00	131.442	131.561	131.256	131.404	10251	0	1
2013.08.02	04:00:00	131.402	131.633	131.228	131.617	10289	0	1
2013.08.02	08:00:00	131.617	131.860	131.546	131.797	13745	0	1
2013.08.02	12:00:00	131.797	131.957	131.170	131.562	18905	0	1
2013.08.02	16:00:00	131.558	131.621	131.071	131.444	15256	0	1
2013.08.02	20:00:00	131.445	131.488	131.262	131.333	5686	0	1
2013.08.05	00:00:00	131.452	131.553	131.194	131.237	9387	0	1
2013.08.05	04:00:00	131.235	131.353	130.900	130.934	8405	0	1
2013.08.05	08:00:00	130.932	131.005	130.535	130.633	15307	0	1
2013.08.05	12:00:00	130.635	130.737	130.535	130.606	12157	0	1
2013.08.05	16:00:00	130.602	130.886	130.458	130.659	11995	0	1
2013.08.05	20:00:00	130.652	130.670	130.146	130.295	7596	0	1
2013.08.06	00:00:00	130.295	130.318	129.892	129.962	9298	0	1
2013.08.06	04:00:00	129.963	130.459	129.801	130.458	12510	0	1
2013.08.06	08:00:00	130.458	130.729	130.217	130.256	13974	0	1
2013.08.06	12:00:00	130.256	130.566	130.120	130.520	13955	0	1
2013.08.06	16:00:00	130.516	130.516	129.887	129.981	15161	0	1
2013.08.06	20:00:00	129.977	130.174	129.891	130.105	6877	0	1
2013.08.07	00:00:00	130.105	130.116	129.142	129.412	13540	0	1
2013.08.07	04:00:00	129.411	129.582	129.077	129.078	10818	0	1
2013.08.07	08:00:00	129.075	129.289	128.557	128.903	19253	0	1
2013.08.07	12:00:00	128.898	129.465	128.628	128.661	18080	0	1
2013.08.07	16:00:00	128.661	128.927	128.466	128.782	14752	0	1
2013.08.07	20:00:00	128.786	128.816	128.440	128.524	9075	0	1
2013.08.08	00:00:00	128.524	129.226	128.514	128.790	11848	0	1
2013.08.08	04:00:00	128.793	129.136	128.356	128.405	13236	0	1
2013.08.08	08:00:00	128.403	128.746	128.215	128.577	16849	0	1
2013.08.08	12:00:00	128.574	128.797	128.332	128.512	13689	0	1
2013.08.08	16:00:00	128.519	129.038	128.293	129.027	15577	0	1
2013.08.08	20:00:00	129.027	129.452	128.943	129.264	7513	0	1
2013.08.09	00:00:00	129.262	129.710	129.153	129.255	11477	0	1
2013.08.09	04:00:00	129.255	129.421	128.914	129.333	9323	0	1
2013.08.09	08:00:00	129.339	129.469	129.157	129.199	13331	0	1
2013.08.09	12:00:00	129.199	129.207	128.599	128.771	13579	0	1
2013.08.09	16:00:00	128.770	128.775	128.306	128.635	12818	0	1
2013.08.09	20:00:00	128.633	128.671	128.282	128.344	5706	0	1
2013.08.12	00:00:00	128.419	128.549	127.968	128.407	10142	0	1
2013.08.12	04:00:00	128.407	128.729	128.336	128.608	10117	0	1
2013.08.12	08:00:00	128.605	128.900	128.516	128.595	13257	0	1
2013.08.12	12:00:00	128.595	128.739	128.369	128.387	11795	0	1
2013.08.12	16:00:00	128.382	128.500	128.288	128.449	10544	0	1
2013.08.12	20:00:00	128.448	129.171	128.333	129.122	7480	0	1
2013.08.13	00:00:00	129.121	129.513	129.095	129.290	11141	0	1
2013.08.13	04:00:00	129.292	129.767	129.174	129.686	9839	0	1
2013.08.13	08:00:00	129.686	130.388	129.602	130.312	16883	0	1
2013.08.13	12:00:00	130.310	130.467	129.980	130.003	16007	0	1
2013.08.13	16:00:00	130.004	130.325	129.718	130.263	14409	0	1
2013.08.13	20:00:00	130.265	130.343	130.116	130.264	6359	0	1
2013.08.14	00:00:00	130.302	130.363	130.128	130.139	7697	0	1
2013.08.14	04:00:00	130.141	130.659	129.835	130.568	10808	0	1
2013.08.14	08:00:00	130.568	130.646	130.030	130.068	15394	0	1
2013.08.14	12:00:00	130.067	130.349	130.000	130.113	13116	0	1
2013.08.14	16:00:00	130.114	130.186	129.955	130.067	11417	0	1
2013.08.14	20:00:00	130.068	130.183	129.946	129.946	6339	0	1
2013.08.15	00:00:00	129.947	130.369	129.668	130.180	11070	0	1
2013.08.15	04:00:00	130.183	130.200	129.758	129.805	12457	0	1
2013.08.15	08:00:00	129.806	130.245	129.790	130.090	12361	0	1
2013.08.15	12:00:00	130.094	130.723	130.008	130.073	17659	0	1
2013.08.15	16:00:00	130.062	130.098	129.423	129.999	18658	0	1
2013.08.15	20:00:00	129.999	130.054	129.668	129.840	11720	0	1
2013.08.16	00:00:00	129.843	130.118	129.575	129.975	9032	0	1
2013.08.16	04:00:00	129.977	130.429	129.861	130.165	10553	0	1
2013.08.16	08:00:00	130.168	130.285	129.810	129.927	13701	0	1
2013.08.16	12:00:00	129.928	130.212	129.871	130.085	13338	0	1
2013.08.16	16:00:00	130.095	130.266	129.872	130.059	13731	0	1
2013.08.16	20:00:00	130.056	130.198	129.954	129.979	5614	0	1
2013.08.19	00:00:00	130.180	130.421	129.853	129.982	10019	0	1
2013.08.19	04:00:00	129.985	130.144	129.899	130.136	8405	0	1
2013.08.19	08:00:00	130.142	130.438	129.991	130.376	12662	0	1
2013.08.19	12:00:00	130.375	131.034	130.375	130.907	16344	0	1
2013.08.19	16:00:00	130.907	130.960	130.284	130.334	11341	0	1
2013.08.19	20:00:00	130.332	130.351	130.017	130.187	6540	0	1
2013.08.20	00:00:00	130.187	130.497	130.076	130.406	8213	0	1
2013.08.20	04:00:00	130.408	130.416	129.813	129.851	10618	0	1
2013.08.20	08:00:00	129.852	130.515	129.286	130.433	19448	0	1
2013.08.20	12:00:00	130.430	130.793	129.906	130.471	18440	0	1
2013.08.20	16:00:00	130.451	130.636	130.189	130.533	12338	0	1
2013.08.20	20:00:00	130.532	130.627	130.436	130.565	5554	0	1
2013.08.21	00:00:00	130.568	130.909	130.389	130.495	9729	0	1
2013.08.21	04:00:00	130.496	131.010	130.388	130.852	11488	0	1
2013.08.21	08:00:00	130.867	130.979	130.330	130.547	14304	0	1
2013.08.21	12:00:00	130.550	130.758	130.411	130.699	12345	0	1
2013.08.21	16:00:00	130.697	130.819	130.466	130.496	11589	0	1
2013.08.21	20:00:00	130.494	130.926	130.286	130.503	14011	0	1
2013.08.22	00:00:00	130.503	131.138	130.405	131.069	10714	0	1
2013.08.22	04:00:00	131.071	131.187	130.838	131.046	8328	0	1
2013.08.22	08:00:00	131.042	131.649	130.806	131.391	16287	0	1
2013.08.22	12:00:00	131.389	131.488	131.250	131.456	14683	0	1
2013.08.22	16:00:00	131.458	131.860	131.440	131.809	12553	0	1
2013.08.22	20:00:00	131.808	131.960	131.550	131.904	7005	0	1
2013.08.23	00:00:00	131.896	132.339	131.827	132.174	10133	0	1
2013.08.23	04:00:00	132.176	132.263	131.888	131.985	8073	0	1
2013.08.23	08:00:00	131.993	132.303	131.892	132.192	14856	0	1
2013.08.23	12:00:00	132.194	132.422	132.023	132.157	13870	0	1
2013.08.23	16:00:00	132.152	132.227	131.875	132.149	13117	0	1
2013.08.23	20:00:00	132.147	132.150	131.949	132.057	3945	0	1
2013.08.26	00:00:00	131.951	132.309	131.946	132.079	8102	0	1
2013.08.26	04:00:00	132.081	132.098	131.813	131.918	6430	0	1
2013.08.26	08:00:00	131.920	131.972	131.637	131.860	8322	0	1
2013.08.26	12:00:00	131.858	131.974	131.542	131.741	10302	0	1
2013.08.26	16:00:00	131.737	131.955	131.672	131.899	7811	0	1
2013.08.26	20:00:00	131.898	131.928	131.542	131.610	5690	0	1
2013.08.27	00:00:00	131.620	131.741	131.249	131.312	9842	0	1
2013.08.27	04:00:00	131.308	131.583	131.058	131.153	7880	0	1
2013.08.27	08:00:00	131.154	131.305	130.301	130.430	16097	0	1
2013.08.27	12:00:00	130.435	130.563	129.839	130.389	16254	0	1
2013.08.27	16:00:00	130.389	130.493	129.919	130.010	15185	0	1
2013.08.27	20:00:00	130.006	130.075	129.861	129.925	8150	0	1
2013.08.28	00:00:00	129.926	130.188	129.656	130.094	10078	0	1
2013.08.28	04:00:00	130.096	130.289	129.717	130.112	11126	0	1
2013.08.28	08:00:00	130.117	130.551	130.059	130.318	14407	0	1
2013.08.28	12:00:00	130.331	130.417	129.890	130.071	16562	0	1
2013.08.28	16:00:00	130.067	130.399	129.980	130.302	13186	0	1
2013.08.28	20:00:00	130.301	130.410	130.201	130.326	5854	0	1
2013.08.29	00:00:00	130.326	130.510	130.073	130.105	8757	0	1
2013.08.29	04:00:00	130.105	130.265	129.985	130.135	9495	0	1
2013.08.29	08:00:00	130.133	130.388	130.013	130.186	16610	0	1
2013.08.29	12:00:00	130.188	130.531	129.994	130.158	16255	0	1
2013.08.29	16:00:00	130.156	130.286	130.039	130.051	12332	0	1
2013.08.29	20:00:00	130.052	130.234	130.028	130.167	6870	0	1
2013.08.30	00:00:00	130.167	130.337	130.021	130.085	9382	0	1
2013.08.30	04:00:00	130.087	130.247	129.954	130.008	9477	0	1
2013.08.30	08:00:00	130.004	130.081	129.602	129.876	13872	0	1
2013.08.30	12:00:00	129.876	130.164	129.712	129.917	13078	0	1
2013.08.30	16:00:00	129.910	129.930	129.303	129.663	13960	0	1
2013.08.30	20:00:00	129.656	129.794	129.563	129.696	5455	0	1
2013.09.02	00:00:00	129.893	130.154	129.786	130.124	10056	0	1
2013.09.02	04:00:00	130.125	130.315	129.968	130.236	8421	0	1
2013.09.02	08:00:00	130.238	131.380	130.229	131.288	14700	0	1
2013.09.02	12:00:00	131.290	131.297	130.862	130.890	8240	0	1
2013.09.02	16:00:00	130.890	131.095	130.866	131.040	8408	0	1
2013.09.02	20:00:00	131.041	131.151	130.989	131.117	4246	0	1
2013.09.03	00:00:00	131.115	131.476	131.061	131.280	9883	0	1
2013.09.03	04:00:00	131.275	131.339	131.007	131.129	9391	0	1
2013.09.03	08:00:00	131.135	131.302	130.645	130.976	14168	0	1
2013.09.03	12:00:00	130.977	131.216	130.901	130.970	11543	0	1
2013.09.03	16:00:00	130.965	131.396	130.706	130.770	13945	0	1
2013.09.03	20:00:00	130.768	131.225	130.760	131.080	6329	0	1
2013.09.04	00:00:00	131.088	131.273	130.984	131.070	8012	0	1
2013.09.04	04:00:00	131.076	131.350	130.951	131.316	8442	0	1
2013.09.04	08:00:00	131.318	131.439	131.024	131.156	11865	0	1
2013.09.04	12:00:00	131.154	131.247	130.812	131.176	11386	0	1
2013.09.04	16:00:00	131.176	131.814	131.120	131.743	10983	0	1
2013.09.04	20:00:00	131.747	131.794	131.515	131.713	6210	0	1
2013.09.05	00:00:00	131.716	131.761	131.521	131.529	7382	0	1
2013.09.05	04:00:00	131.529	131.757	131.452	131.518	9361	0	1
2013.09.05	08:00:00	131.518	131.921	131.174	131.822	13422	0	1
2013.09.05	12:00:00	131.810	132.147	131.029	131.359	13915	0	1
2013.09.05	16:00:00	131.377	131.593	131.161	131.324	11399	0	1
2013.09.05	20:00:00	131.321	131.459	131.271	131.400	5496	0	1
2013.09.06	00:00:00	131.401	131.474	130.868	130.925	9038	0	1
2013.09.06	04:00:00	130.919	131.183	130.915	130.985	8554	0	1
2013.09.06	08:00:00	130.983	131.052	130.567	130.708	10609	0	1
2013.09.06	12:00:00	130.702	130.918	129.909	130.043	13172	0	1
2013.09.06	16:00:00	130.044	130.496	129.924	130.496	10412	0	1
2013.09.06	20:00:00	130.499	130.838	130.458	130.572	6585	0	1
2013.09.09	00:00:00	131.434	131.844	131.192	131.332	11027	0	1
2013.09.09	04:00:00	131.331	131.367	131.035	131.292	7129	0	1
2013.09.09	08:00:00	131.290	131.357	130.981	131.181	11814	0	1
2013.09.09	12:00:00	131.175	131.520	131.159	131.493	10039	0	1
2013.09.09	16:00:00	131.493	132.205	131.471	132.148	10727	0	1
2013.09.09	20:00:00	132.145	132.153	131.935	132.016	4608	0	1
2013.09.10	00:00:00	132.026	132.226	131.930	132.046	8250	0	1
2013.09.10	04:00:00	132.046	132.243	131.918	132.143	8044	0	1
2013.09.10	08:00:00	132.143	132.693	132.143	132.543	13686	0	1
2013.09.10	12:00:00	132.544	133.122	132.528	133.059	12782	0	1
2013.09.10	16:00:00	133.060	133.300	132.795	133.111	10781	0	1
2013.09.10	20:00:00	133.109	133.289	133.044	133.163	5479	0	1
2013.09.11	00:00:00	133.164	133.367	132.882	133.096	9001	0	1
2013.09.11	04:00:00	133.098	133.353	133.064	133.069	9159	0	1
2013.09.11	08:00:00	133.067	133.154	132.779	132.967	11519	0	1
2013.09.11	12:00:00	132.971	133.077	132.867	132.909	11099	0	1
2013.09.11	16:00:00	132.900	133.237	132.773	133.101	12697	0	1
2013.09.11	20:00:00	133.102	133.149	132.870	133.072	6565	0	1
2013.09.12	00:00:00	133.070	133.094	132.366	132.499	10025	0	1
2013.09.12	04:00:00	132.500	132.713	132.337	132.347	8762	0	1
2013.09.12	08:00:00	132.354	132.529	131.958	132.013	12294	0	1
2013.09.12	12:00:00	132.017	132.251	131.880	131.996	11956	0	1
2013.09.12	16:00:00	131.996	132.220	131.731	132.191	12722	0	1
2013.09.12	20:00:00	132.192	132.401	132.068	132.314	6248	0	1
2013.09.13	00:00:00	132.314	132.569	132.287	132.501	9327	0	1
2013.09.13	04:00:00	132.502	132.643	132.276	132.592	8878	0	1
2013.09.13	08:00:00	132.591	132.634	132.385	132.440	10474	0	1
2013.09.13	12:00:00	132.438	132.524	131.975	132.061	11563	0	1
2013.09.13	16:00:00	132.063	132.076	131.659	131.982	9469	0	1
2013.09.13	20:00:00	131.984	132.143	131.967	132.085	4459	0	2
2013.09.16	00:00:00	132.049	132.399	131.964	132.157	9233	0	1
2013.09.16	04:00:00	132.157	132.245	132.062	132.145	4564	0	1
2013.09.16	08:00:00	132.150	132.159	131.872	131.932	11422	0	1
2013.09.16	12:00:00	131.934	132.139	131.899	132.008	10744	0	1
2013.09.16	16:00:00	132.005	132.244	131.888	132.128	9787	0	1
2013.09.16	20:00:00	132.128	132.278	132.065	132.131	6575	0	1
2013.09.17	00:00:00	132.131	132.348	132.034	132.300	6812	0	1
2013.09.17	04:00:00	132.300	132.421	132.224	132.249	6992	0	1
2013.09.17	08:00:00	132.249	132.636	132.189	132.504	11154	0	1
2013.09.17	12:00:00	132.501	132.633	132.342	132.477	9971	0	1
2013.09.17	16:00:00	132.476	132.641	132.396	132.523	9370	0	1
2013.09.17	20:00:00	132.529	132.578	132.371	132.404	4753	0	1
2013.09.18	00:00:00	132.413	132.594	132.358	132.537	6382	0	1
2013.09.18	04:00:00	132.536	132.556	132.459	132.535	5473	0	1
2013.09.18	08:00:00	132.534	132.587	131.862	132.136	10632	0	1
2013.09.18	12:00:00	132.136	132.257	131.985	132.008	9815	0	1
2013.09.18	16:00:00	132.010	132.374	131.998	132.162	10221	0	1
2013.09.18	20:00:00	132.164	132.682	131.949	132.601	15089	0	1
2013.09.19	00:00:00	132.601	132.869	132.509	132.762	10458	0	1
2013.09.19	04:00:00	132.762	133.203	132.741	133.060	9269	0	1
2013.09.19	08:00:00	133.060	134.215	133.017	134.065	15489	0	1
2013.09.19	12:00:00	134.064	134.703	133.933	134.671	13511	0	1
2013.09.19	16:00:00	134.671	134.943	134.259	134.308	13532	0	1
2013.09.19	20:00:00	134.308	134.669	134.206	134.489	6654	0	1
2013.09.20	00:00:00	134.501	134.734	134.453	134.594	7460	0	1
2013.09.20	04:00:00	134.596	134.602	134.269	134.402	6651	0	1
2013.09.20	08:00:00	134.406	134.607	134.161	134.343	10593	0	1
2013.09.20	12:00:00	134.345	134.703	134.329	134.618	12562	0	1
2013.09.20	16:00:00	134.619	134.667	134.324	134.460	11076	0	1
2013.09.20	20:00:00	134.461	134.481	134.256	134.269	4772	0	1
2013.09.23	00:00:00	134.333	134.421	134.079	134.081	4910	0	1
2013.09.23	04:00:00	134.081	134.154	133.978	134.128	4110	0	1
2013.09.23	08:00:00	134.132	134.134	133.546	133.704	10884	0	1
2013.09.23	12:00:00	133.704	133.779	133.389	133.394	11723	0	1
2013.09.23	16:00:00	133.401	133.572	133.089	133.511	10722	0	1
2013.09.23	20:00:00	133.513	133.542	133.221	133.303	5642	0	1
2013.09.24	00:00:00	133.314	133.433	133.131	133.137	6618	0	1
2013.09.24	04:00:00	133.136	133.602	133.135	133.573	6880	0	1
2013.09.24	08:00:00	133.568	133.999	133.182	133.187	12411	0	1
2013.09.24	12:00:00	133.188	133.289	132.797	133.173	12427	0	1
2013.09.24	16:00:00	133.173	133.551	132.698	133.385	11946	0	1
2013.09.24	20:00:00	133.378	133.390	132.940	132.986	6273	0	1
2013.09.25	00:00:00	132.994	133.101	132.825	132.978	6409	0	1
2013.09.25	04:00:00	132.976	133.016	132.809	132.855	6215	0	1
2013.09.25	08:00:00	132.861	133.243	132.686	133.148	12340	0	1
2013.09.25	12:00:00	133.150	133.330	132.921	133.322	11339	0	1
2013.09.25	16:00:00	133.305	133.554	133.199	133.274	11001	0	1
2013.09.25	20:00:00	133.272	133.312	133.099	133.109	6411	0	1
2013.09.26	00:00:00	133.116	133.178	132.885	133.129	6722	0	1
2013.09.26	04:00:00	133.135	133.932	133.132	133.762	11487	0	1
2013.09.26	08:00:00	133.760	133.911	132.976	133.083	12383	0	1
2013.09.26	12:00:00	133.085	133.627	132.954	133.575	10723	0	1
2013.09.26	16:00:00	133.569	133.753	133.306	133.372	11462	0	1
2013.09.26	20:00:00	133.366	133.569	133.175	133.490	6355	0	1
2013.09.27	00:00:00	133.478	133.575	133.291	133.349	6542	0	2
2013.09.27	04:00:00	133.349	133.349	132.989	133.028	7944	0	1
2013.09.27	08:00:00	133.027	133.304	132.975	132.997	10565	0	1
2013.09.27	12:00:00	132.998	133.533	132.991	133.153	12360	0	1
2013.09.27	16:00:00	133.155	133.283	132.761	132.777	10964	0	1
2013.09.27	20:00:00	132.775	132.920	132.623	132.788	5519	0	1
2013.09.30	00:00:00	131.842	132.127	131.817	131.881	9594	0	1
2013.09.30	04:00:00	131.880	132.392	131.851	132.055	7596	0	1
2013.09.30	08:00:00	132.058	132.332	131.796	132.022	11457	0	1
2013.09.30	12:00:00	132.020	132.416	131.639	132.211	13044	0	1
2013.09.30	16:00:00	132.211	133.228	132.178	132.922	12895	0	1
2013.09.30	20:00:00	132.922	133.063	132.753	132.832	8107	0	1
2013.10.01	00:00:00	132.836	133.188	132.825	133.187	7642	0	1
2013.10.01	04:00:00	133.183	133.479	132.795	132.862	11981	0	1
2013.10.01	08:00:00	132.862	133.221	132.380	132.512	14947	0	1
2013.10.01	12:00:00	132.511	132.967	132.323	132.777	12857	0	1
2013.10.01	16:00:00	132.795	132.964	132.582	132.674	12304	0	1
2013.10.01	20:00:00	132.670	132.675	132.321	132.573	7197	0	1
2013.10.02	00:00:00	132.572	132.608	132.206	132.312	7793	0	1
2013.10.02	04:00:00	132.317	132.429	132.027	132.088	9109	0	1
2013.10.02	08:00:00	132.090	132.161	131.489	131.909	14107	0	1
2013.10.02	12:00:00	131.908	132.385	131.421	132.111	14073	0	1
2013.10.02	16:00:00	132.113	132.504	131.974	132.376	12253	0	1
2013.10.02	20:00:00	132.373	132.428	132.164	132.268	6477	0	1
2013.10.03	00:00:00	132.266	132.744	132.132	132.647	8926	0	1
2013.10.03	04:00:00	132.647	133.024	132.646	132.862	8880	0	1
2013.10.03	08:00:00	132.849	133.205	132.779	132.996	11874	0	1
2013.10.03	12:00:00	132.993	133.054	132.625	132.663	11467	0	1
2013.10.03	16:00:00	132.670	132.757	132.155	132.495	15358	0	1
2013.10.03	20:00:00	132.498	132.591	132.368	132.437	7321	0	1
2013.10.04	00:00:00	132.440	132.687	132.247	132.465	8582	0	1
2013.10.04	04:00:00	132.461	132.602	132.241	132.332	8336	0	1
2013.10.04	08:00:00	132.328	132.386	132.043	132.052	11695	0	1
2013.10.04	12:00:00	132.051	132.210	131.770	131.913	10823	0	1
2013.10.04	16:00:00	131.908	132.179	131.861	131.962	11667	0	1
2013.10.04	20:00:00	131.962	132.151	131.953	132.134	4926	0	2
2013.10.07	00:00:00	131.953	132.046	131.630	131.722	10402	0	3
2013.10.07	04:00:00	131.724	131.867	131.665	131.739	6422	0	2
2013.10.07	08:00:00	131.739	131.846	131.514	131.649	10709	0	1
2013.10.07	12:00:00	131.647	131.670	131.369	131.406	9459	0	1
2013.10.07	16:00:00	131.415	131.786	131.413	131.641	10415	0	1
2013.10.07	20:00:00	131.641	131.678	131.143	131.274	7581	0	1
2013.10.08	00:00:00	131.275	131.448	131.172	131.300	8119	0	1
2013.10.08	04:00:00	131.300	131.848	131.280	131.719	8682	0	1
2013.10.08	08:00:00	131.719	131.854	131.573	131.791	10047	0	1
2013.10.08	12:00:00	131.789	132.034	131.643	131.933	9771	0	1
2013.10.08	16:00:00	131.941	132.010	131.470	131.525	11717	0	1
2013.10.08	20:00:00	131.525	131.700	131.432	131.493	6884	0	1
2013.10.09	00:00:00	131.499	132.015	131.490	131.857	7812	0	1
2013.10.09	04:00:00	131.856	132.178	131.850	132.068	8003	0	2
2013.10.09	08:00:00	132.063	132.108	131.596	131.691	11246	0	1
2013.10.09	12:00:00	131.685	131.768	131.352	131.442	10997	0	1
2013.10.09	16:00:00	131.442	131.590	131.244	131.562	11275	0	1
2013.10.09	20:00:00	131.567	131.745	131.482	131.673	9353	0	1
2013.10.10	00:00:00	131.680	131.926	131.662	131.852	7740	0	1
2013.10.10	04:00:00	131.859	132.015	131.783	132.012	7500	0	1
2013.10.10	08:00:00	132.011	132.389	131.819	132.282	10187	0	1
2013.10.10	12:00:00	132.282	132.724	132.220	132.641	11797	0	1
2013.10.10	16:00:00	132.641	132.807	132.528	132.754	11078	0	1
2013.10.10	20:00:00	132.752	132.961	132.685	132.929	7892	0	1
2013.10.11	00:00:00	132.930	133.225	132.444	133.221	9667	0	1
2013.10.11	04:00:00	133.220	133.444	133.117	133.217	7072	0	1
2013.10.11	08:00:00	133.219	133.594	133.032	133.547	10233	0	1
2013.10.11	12:00:00	133.556	133.594	133.198	133.347	9756	0	1
2013.10.11	16:00:00	133.347	133.475	133.225	133.380	11120	0	2
2013.10.11	20:00:00	133.381	133.542	133.367	133.455	5685	0	1
2013.10.14	00:00:00	133.149	133.312	133.149	133.290	4926	0	1
2013.10.14	04:00:00	133.289	133.333	133.257	133.292	2733	0	2
2013.10.14	08:00:00	133.291	133.344	133.143	133.258	6474	0	2
2013.10.14	12:00:00	133.255	133.405	133.168	133.376	7120	0	2
2013.10.14	16:00:00	133.377	133.579	133.279	133.506	7521	0	1
2013.10.14	20:00:00	133.496	133.825	133.486	133.759	6069	0	1
2013.10.15	00:00:00	133.759	133.792	133.433	133.495	6490	0	1
2013.10.15	04:00:00	133.496	133.631	133.482	133.506	4994	0	2
2013.10.15	08:00:00	133.507	133.552	133.211	133.231	10112	0	1
2013.10.15	12:00:00	133.239	133.242	132.829	132.976	11947	0	2
2013.10.15	16:00:00	132.987	133.182	132.881	132.929	11542	0	1
2013.10.15	20:00:00	132.930	133.039	132.630	132.818	9865	0	1
2013.10.16	00:00:00	132.828	133.327	132.745	133.118	9843	0	1
2013.10.16	04:00:00	133.115	133.251	132.963	133.097	6975	0	1
2013.10.16	08:00:00	133.094	133.225	132.972	133.111	9044	0	2
2013.10.16	12:00:00	133.113	133.715	133.058	133.654	10861	0	2
2013.10.16	16:00:00	133.651	133.748	133.236	133.542	14389	0	1
2013.10.16	20:00:00	133.544	133.743	133.490	133.690	6929	0	1
2013.10.17	00:00:00	133.693	133.836	133.621	133.647	7668	0	1
2013.10.17	04:00:00	133.649	133.718	133.330	133.445	7952	0	1
2013.10.17	08:00:00	133.445	133.767	133.350	133.548	13702	0	1
2013.10.17	12:00:00	133.547	133.791	133.480	133.730	12555	0	1
2013.10.17	16:00:00	133.739	133.906	133.570	133.797	10529	0	1
2013.10.17	20:00:00	133.795	133.945	133.754	133.845	5874	0	1
2013.10.18	00:00:00	133.845	134.101	133.812	134.032	6223	0	1
2013.10.18	04:00:00	134.034	134.078	133.851	133.941	5372	0	1
2013.10.18	08:00:00	133.939	134.181	133.692	133.692	10729	0	1
2013.10.18	12:00:00	133.691	133.875	133.611	133.801	10675	0	1
2013.10.18	16:00:00	133.799	134.038	133.679	133.893	8143	0	1
2013.10.18	20:00:00	133.893	133.951	133.704	133.704	4087	0	1
2013.10.21	00:00:00	134.002	134.139	133.868	133.949	5874	0	1
2013.10.21	04:00:00	133.951	134.106	133.918	134.106	5023	0	1
2013.10.21	08:00:00	134.104	134.326	134.000	134.188	8666	0	1
2013.10.21	12:00:00	134.188	134.254	134.073	134.091	8450	0	1
2013.10.21	16:00:00	134.091	134.369	134.091	134.332	7253	0	1
2013.10.21	20:00:00	134.330	134.365	134.236	134.269	5031	0	1
2013.10.22	00:00:00	134.281	134.327	134.196	134.307	4090	0	1
2013.10.22	04:00:00	134.310	134.443	134.284	134.368	4891	0	1
2013.10.22	08:00:00	134.368	134.525	134.334	134.512	7244	0	1
2013.10.22	12:00:00	134.512	135.379	134.341	135.331	10930	0	1
2013.10.22	16:00:00	135.325	135.503	135.116	135.208	10698	0	1
2013.10.22	20:00:00	135.209	135.276	135.117	135.174	5268	0	1
2013.10.23	00:00:00	135.173	135.276	135.047	135.114	5126	0	1
2013.10.23	04:00:00	135.114	135.156	133.974	134.097	10674	0	1
2013.10.23	08:00:00	134.095	134.370	133.603	133.850	12364	0	1
2013.10.23	12:00:00	133.850	134.209	133.651	134.023	10847	0	1
2013.10.23	16:00:00	134.025	134.201	133.909	134.102	10674	0	1
2013.10.23	20:00:00	134.105	134.200	134.029	134.072	5276	0	1
2013.10.24	00:00:00	134.075	134.420	133.890	134.272	7271	0	1
2013.10.24	04:00:00	134.273	134.764	134.107	134.677	7030	0	1
2013.10.24	08:00:00	134.679	134.788	134.030	134.386	11588	0	1
2013.10.24	12:00:00	134.387	134.527	134.248	134.283	11624	0	1
2013.10.24	16:00:00	134.282	134.480	134.259	134.379	9301	0	1
2013.10.24	20:00:00	134.374	134.400	134.227	134.295	4987	0	1
2013.10.25	00:00:00	134.304	134.434	134.072	134.208	6626	0	1
2013.10.25	04:00:00	134.208	134.351	133.980	134.219	9168	0	1
2013.10.25	08:00:00	134.216	134.247	133.885	134.126	11214	0	1
2013.10.25	12:00:00	134.126	134.317	134.076	134.235	11031	0	1
2013.10.25	16:00:00	134.235	134.523	134.226	134.359	9192	0	1
2013.10.25	20:00:00	134.359	134.508	134.357	134.410	3838	0	2
2013.10.28	00:00:00	134.659	134.813	134.559	134.735	6030	0	1
2013.10.28	04:00:00	134.739	134.827	134.636	134.692	5338	0	1
2013.10.28	08:00:00	134.694	134.930	134.677	134.818	7814	0	1
2013.10.28	12:00:00	134.816	134.820	134.553	134.626	9986	0	1
2013.10.28	16:00:00	134.626	134.847	134.563	134.840	7522	0	1
2013.10.28	20:00:00	134.844	134.844	134.599	134.640	4559	0	1
2013.10.29	00:00:00	134.636	134.685	134.289	134.414	7500	0	1
2013.10.29	04:00:00	134.418	134.526	134.287	134.512	6357	0	1
2013.10.29	08:00:00	134.512	134.525	134.263	134.394	9513	0	1
2013.10.29	12:00:00	134.394	135.170	134.390	135.098	13192	0	1
2013.10.29	16:00:00	135.097	135.172	134.874	134.882	10912	0	1
2013.10.29	20:00:00	134.879	135.028	134.872	134.942	5597	0	1
2013.10.30	00:00:00	134.944	134.981	134.765	134.905	7063	0	2
2013.10.30	04:00:00	134.904	135.014	134.804	134.950	5720	0	2
2013.10.30	08:00:00	134.953	135.241	134.918	135.215	9746	0	1
2013.10.30	12:00:00	135.216	135.300	135.038	135.241	9561	0	1
2013.10.30	16:00:00	135.238	135.323	135.046	135.317	11181	0	1
2013.10.30	20:00:00	135.318	135.449	135.171	135.177	6797	0	1
2013.10.31	00:00:00	135.179	135.273	135.085	135.195	6945	0	1
2013.10.31	04:00:00	135.195	135.198	134.599	134.736	7918	0	1
2013.10.31	08:00:00	134.736	134.837	134.079	134.116	10799	0	1
2013.10.31	12:00:00	134.117	134.220	133.757	133.859	13483	0	1
2013.10.31	16:00:00	133.860	133.868	133.339	133.620	11475	0	1
2013.10.31	20:00:00	133.620	133.669	133.451	133.639	5891	0	1
2013.11.01	00:00:00	133.630	133.641	132.987	133.066	7708	0	1
2013.11.01	04:00:00	133.068	133.136	132.603	132.818	7961	0	1
2013.11.01	08:00:00	132.820	133.044	132.653	132.895	10779	0	1
2013.11.01	12:00:00	132.893	133.414	132.834	133.357	12191	0	1
2013.11.01	16:00:00	133.358	133.393	133.116	133.232	9594	0	1
2013.11.01	20:00:00	133.235	133.244	132.972	132.972	2901	0	1
2013.11.04	00:00:00	133.131	133.327	133.116	133.250	4191	0	1
2013.11.04	04:00:00	133.253	133.253	132.863	133.184	3985	0	1
2013.11.04	08:00:00	133.174	133.335	133.057	133.300	6268	0	6
2013.11.04	12:00:00	133.303	133.342	133.094	133.219	5784	0	6
2013.11.04	16:00:00	133.218	133.339	133.194	133.274	6183	0	6
2013.11.04	20:00:00	133.269	133.351	133.187	133.300	5494	0	1
2013.11.05	00:00:00	133.302	133.332	132.703	132.768	6755	0	1
2013.11.05	04:00:00	132.769	133.054	132.715	132.864	6541	0	1
2013.11.05	08:00:00	132.863	132.944	132.370	132.678	11163	0	1
2013.11.05	12:00:00	132.678	132.709	132.412	132.477	10331	0	1
2013.11.05	16:00:00	132.480	132.939	132.461	132.818	9862	0	1
2013.11.05	20:00:00	132.818	132.836	132.696	132.741	5522	0	1
2013.11.06	00:00:00	132.741	132.838	132.548	132.822	5838	0	1
2013.11.06	04:00:00	132.819	133.452	132.816	133.148	7325	0	1
2013.11.06	08:00:00	133.151	133.219	132.862	133.179	7552	0	1
2013.11.06	12:00:00	133.183	133.701	133.144	133.611	8999	0	1
2013.11.06	16:00:00	133.614	133.725	133.317	133.455	9078	0	1
2013.11.06	20:00:00	133.454	133.478	133.276	133.301	5008	0	1
2013.11.07	00:00:00	133.305	133.420	133.214	133.284	6742	0	1
2013.11.07	04:00:00	133.284	133.437	133.240	133.392	5248	0	1
2013.11.07	08:00:00	133.390	133.526	133.291	133.304	7994	0	1
2013.11.07	12:00:00	133.304	133.406	131.888	132.611	15062	0	1
2013.11.07	16:00:00	132.615	132.627	131.227	131.355	16292	0	1
2013.11.07	20:00:00	131.357	131.736	131.256	131.707	10521	0	1
2013.11.08	00:00:00	131.707	131.793	131.522	131.686	8422	0	1
2013.11.08	04:00:00	131.683	131.708	131.305	131.543	7016	0	1
2013.11.08	08:00:00	131.540	131.906	131.495	131.761	9544	0	1
2013.11.08	12:00:00	131.760	132.160	131.572	131.983	13500	0	1
2013.11.08	16:00:00	131.985	132.351	131.932	132.300	12646	0	1
2013.11.08	20:00:00	132.304	132.542	132.295	132.367	5165	0	2
2013.11.11	00:00:00	132.466	132.497	132.207	132.264	7485	0	1
2013.11.11	04:00:00	132.264	132.303	132.207	132.275	4316	0	1
2013.11.11	08:00:00	132.275	132.894	132.263	132.839	9414	0	2
2013.11.11	12:00:00	132.837	133.121	132.754	133.076	8342	0	1
2013.11.11	16:00:00	133.076	133.148	132.979	133.042	7071	0	1
2013.11.11	20:00:00	133.042	133.080	132.904	132.939	4294	0	2
2013.11.12	00:00:00	132.943	133.367	132.909	133.310	8456	0	1
2013.11.12	04:00:00	133.310	133.442	133.234	133.373	7170	0	1
2013.11.12	08:00:00	133.373	133.673	133.159	133.640	13475	0	1
2013.11.12	12:00:00	133.642	134.008	133.426	133.950	13450	0	1
2013.11.12	16:00:00	133.951	133.982	133.725	133.831	10830	0	1
2013.11.12	20:00:00	133.832	133.924	133.698	133.838	5586	0	1
2013.11.13	00:00:00	133.848	133.955	133.678	133.776	7248	0	1
2013.11.13	04:00:00	133.779	133.839	133.698	133.802	6181	0	1
2013.11.13	08:00:00	133.798	133.846	133.399	133.612	10775	0	1
2013.11.13	12:00:00	133.611	133.760	133.231	133.396	12272	0	1
2013.11.13	16:00:00	133.403	133.832	133.226	133.800	11505	0	1
2013.11.13	20:00:00	133.800	133.938	133.616	133.850	8663	0	1
2013.11.14	00:00:00	133.847	134.225	133.736	134.224	10472	0	1
2013.11.14	04:00:00	134.222	134.321	134.103	134.173	8894	0	1
2013.11.14	08:00:00	134.171	134.610	134.099	134.324	12999	0	1
2013.11.14	12:00:00	134.325	134.582	134.143	134.483	12355	0	1
2013.11.14	16:00:00	134.483	134.691	134.382	134.594	12384	0	1
2013.11.14	20:00:00	134.596	134.715	134.525	134.676	6010	0	1
2013.11.15	00:00:00	134.678	134.933	134.623	134.853	9281	0	1
2013.11.15	04:00:00	134.853	134.925	134.486	134.739	7470	0	2
2013.11.15	08:00:00	134.745	135.045	134.645	135.008	11321	0	1
2013.11.15	12:00:00	135.012	135.221	134.911	135.162	11344	0	1
2013.11.15	16:00:00	135.163	135.259	135.019	135.170	7990	0	2
2013.11.15	20:00:00	135.169	135.311	135.158	135.176	3977	0	2
2013.11.18	00:00:00	135.266	135.350	135.103	135.209	7530	0	1
2013.11.18	04:00:00	135.209	135.258	134.870	134.948	6991	0	1
2013.11.18	08:00:00	134.947	135.133	134.791	135.110	9942	0	1
2013.11.18	12:00:00	135.108	135.314	135.084	135.299	10200	0	1
2013.11.18	16:00:00	135.298	135.333	135.127	135.234	9205	0	1
2013.11.18	20:00:00	135.236	135.293	134.746	134.940	7352	0	1
2013.11.19	00:00:00	134.940	134.977	134.606	134.706	8474	0	1
2013.11.19	04:00:00	134.708	134.980	134.687	134.931	6507	0	1
2013.11.19	08:00:00	134.931	135.162	134.651	134.754	11775	0	1
2013.11.19	12:00:00	134.754	135.210	134.699	135.033	11198	0	1
2013.11.19	16:00:00	135.039	135.715	135.028	135.616	12033	0	1
2013.11.19	20:00:00	135.617	135.684	135.508	135.612	6364	0	1
2013.11.20	00:00:00	135.615	135.940	135.458	135.534	9684	0	1
2013.11.20	04:00:00	135.535	135.695	135.455	135.521	5569	0	1
2013.11.20	08:00:00	135.519	135.602	135.113	135.139	12038	0	1
2013.11.20	12:00:00	135.138	135.426	135.003	135.186	11772	0	1
2013.11.20	16:00:00	135.170	135.286	134.412	134.540	12307	0	1
2013.11.20	20:00:00	134.541	134.573	134.108	134.451	10618	0	1
2013.11.21	00:00:00	134.454	134.954	134.412	134.706	9709	0	1
2013.11.21	04:00:00	134.706	135.299	134.672	135.247	9006	0	1
2013.11.21	08:00:00	135.248	135.637	135.020	135.604	12941	0	1
2013.11.21	12:00:00	135.604	135.995	135.417	135.820	13488	0	1
2013.11.21	16:00:00	135.817	136.028	135.757	135.952	11801	0	1
2013.11.21	20:00:00	135.952	136.424	135.881	136.340	7352	0	1
2013.11.22	00:00:00	136.337	136.549	136.222	136.347	8460	0	1
2013.11.22	04:00:00	136.347	136.464	136.016	136.207	8636	0	1
2013.11.22	08:00:00	136.207	136.940	136.147	136.736	11720	0	1
2013.11.22	12:00:00	136.736	136.990	136.592	136.811	11695	0	1
2013.11.22	16:00:00	136.810	137.268	136.747	137.146	7757	0	1
2013.11.22	20:00:00	137.145	137.330	137.136	137.294	3563	0	1
2013.11.25	00:00:00	137.263	137.933	137.018	137.680	7582	0	1
2013.11.25	04:00:00	137.682	137.978	137.669	137.935	5752	0	1
2013.11.25	08:00:00	137.929	137.983	137.368	137.434	8993	0	1
2013.11.25	12:00:00	137.434	137.733	137.293	137.306	9051	0	1
2013.11.25	16:00:00	137.313	137.487	137.164	137.447	7107	0	1
2013.11.25	20:00:00	137.449	137.482	137.100	137.278	4921	0	1
2013.11.26	00:00:00	137.285	137.578	137.134	137.235	5934	0	1
2013.11.26	04:00:00	137.231	137.452	137.231	137.375	4238	0	1
2013.11.26	08:00:00	137.382	137.674	137.284	137.447	9493	0	1
2013.11.26	12:00:00	137.448	137.538	137.305	137.412	8558	0	1
2013.11.26	16:00:00	137.402	137.514	137.172	137.393	8130	0	1
2013.11.26	20:00:00	137.393	137.510	137.281	137.427	4442	0	1
2013.11.27	00:00:00	137.433	137.607	137.285	137.530	5682	0	1
2013.11.27	04:00:00	137.530	138.160	137.492	137.872	7150	0	1
2013.11.27	08:00:00	137.872	138.531	137.867	138.423	11071	0	1
2013.11.27	12:00:00	138.426	138.790	138.319	138.691	11738	0	1
2013.11.27	16:00:00	138.698	138.777	138.512	138.574	9663	0	1
2013.11.27	20:00:00	138.575	138.832	138.551	138.810	4861	0	1
2013.11.28	00:00:00	138.818	138.821	138.309	138.567	7556	0	1
2013.11.28	04:00:00	138.568	138.826	138.511	138.796	5651	0	1
2013.11.28	08:00:00	138.795	139.133	138.612	138.945	11178	0	1
2013.11.28	12:00:00	138.945	139.177	138.877	139.052	8327	0	2
2013.11.28	16:00:00	139.056	139.129	138.975	139.040	6963	0	1
2013.11.28	20:00:00	139.038	139.246	139.007	139.142	4824	0	1
2013.11.29	00:00:00	139.133	139.703	139.103	139.634	9021	0	1
2013.11.29	04:00:00	139.632	139.663	139.090	139.240	9046	0	1
2013.11.29	08:00:00	139.244	139.369	138.966	139.160	12088	0	1
2013.11.29	12:00:00	139.161	139.327	139.103	139.117	10395	0	2
2013.11.29	16:00:00	139.122	139.472	139.116	139.211	10620	0	1
2013.11.29	20:00:00	139.212	139.265	139.067	139.162	4287	0	1
2013.12.02	00:00:00	139.274	139.505	139.031	139.204	8440	0	1
2013.12.02	04:00:00	139.204	139.373	139.122	139.314	5231	0	2
2013.12.02	08:00:00	139.314	139.580	139.119	139.206	12104	0	1
2013.12.02	12:00:00	139.207	139.503	139.047	139.362	12145	0	1
2013.12.02	16:00:00	139.327	139.701	139.262	139.584	11374	0	1
2013.12.02	20:00:00	139.587	139.594	139.323	139.360	5655	0	1
2013.12.03	00:00:00	139.360	139.585	139.245	139.486	6879	0	1
2013.12.03	04:00:00	139.486	139.942	139.478	139.861	7597	0	1
2013.12.03	08:00:00	139.862	140.021	139.285	139.492	12455	0	1
2013.12.03	12:00:00	139.493	139.506	139.108	139.415	13319	0	1
2013.12.03	16:00:00	139.412	139.535	138.917	138.972	13213	0	1
2013.12.03	20:00:00	138.972	139.366	138.703	139.193	9298	0	1
2013.12.04	00:00:00	139.195	139.492	138.928	139.337	10577	0	1
2013.12.04	04:00:00	139.338	139.461	139.231	139.427	8380	0	1
2013.12.04	08:00:00	139.430	139.602	139.287	139.349	12502	0	1
2013.12.04	12:00:00	139.351	139.407	138.734	138.791	14736	0	1
2013.12.04	16:00:00	138.795	139.190	138.427	138.568	15632	0	1
2013.12.04	20:00:00	138.569	139.156	138.561	139.076	9346	0	1
2013.12.05	00:00:00	139.076	139.187	138.813	138.968	8377	0	1
2013.12.05	04:00:00	138.967	139.291	138.785	139.087	9411	0	1
2013.12.05	08:00:00	139.087	139.146	138.614	138.710	13402	0	1
2013.12.05	12:00:00	138.706	139.322	138.459	139.188	14820	0	1
2013.12.05	16:00:00	139.211	139.565	138.881	138.974	14655	0	1
2013.12.05	20:00:00	138.974	139.211	138.910	139.165	7579	0	1
2013.12.06	00:00:00	139.162	139.356	138.933	139.157	8109	0	1
2013.12.06	04:00:00	139.159	139.541	139.094	139.520	8538	0	2
2013.12.06	08:00:00	139.520	139.726	139.430	139.503	9935	0	1
2013.12.06	12:00:00	139.501	140.660	139.479	140.561	14076	0	1
2013.12.06	16:00:00	140.575	140.952	140.413	140.900	12413	0	1
2013.12.06	20:00:00	140.898	141.043	140.856	141.007	5271	0	1
2013.12.09	00:00:00	141.401	141.538	141.077	141.162	9125	0	1
2013.12.09	04:00:00	141.164	141.286	140.992	141.120	5754	0	2
2013.12.09	08:00:00	141.123	141.533	141.058	141.288	10846	0	1
2013.12.09	12:00:00	141.291	141.506	141.238	141.476	10480	0	1
2013.12.09	16:00:00	141.475	141.934	141.398	141.867	11228	0	1
2013.12.09	20:00:00	141.866	141.943	141.761	141.859	6336	0	1
2013.12.10	00:00:00	141.863	142.085	141.825	142.031	7981	0	1
2013.12.10	04:00:00	142.032	142.166	141.948	142.104	6585	0	1
2013.12.10	08:00:00	142.104	142.142	141.696	141.715	10856	0	1
2013.12.10	12:00:00	141.711	141.744	141.275	141.601	13112	0	1
2013.12.10	16:00:00	141.601	141.821	141.291	141.384	10917	0	1
2013.12.10	20:00:00	141.384	141.579	141.365	141.552	6469	0	1
2013.12.11	00:00:00	141.551	141.685	141.311	141.350	6831	0	1
2013.12.11	04:00:00	141.348	141.458	141.138	141.377	7325	0	1
2013.12.11	08:00:00	141.377	141.393	140.914	141.123	12168	0	1
2013.12.11	12:00:00	141.123	141.623	141.040	141.392	10962	0	1
2013.12.11	16:00:00	141.392	141.568	141.075	141.548	13165	0	1
2013.12.11	20:00:00	141.549	141.563	141.135	141.262	6951	0	1
2013.12.12	00:00:00	141.264	141.630	141.187	141.464	8135	0	1
2013.12.12	04:00:00	141.467	141.618	141.328	141.484	6527	0	2
2013.12.12	08:00:00	141.484	141.922	141.463	141.511	11600	0	1
2013.12.12	12:00:00	141.508	141.836	141.393	141.807	13352	0	1
2013.12.12	16:00:00	141.814	141.943	141.595	141.890	13387	0	1
2013.12.12	20:00:00	141.893	142.452	141.863	142.395	8231	0	1
2013.12.13	00:00:00	142.403	142.524	142.205	142.412	9085	0	1
2013.12.13	04:00:00	142.415	142.822	142.413	142.528	9167	0	1
2013.12.13	08:00:00	142.529	142.635	142.035	142.117	11294	0	1
2013.12.13	12:00:00	142.117	142.422	141.445	141.519	13378	0	1
2013.12.13	16:00:00	141.517	141.811	141.418	141.693	10299	0	1
2013.12.13	20:00:00	141.698	141.908	141.490	141.735	4643	0	2
2013.12.16	00:00:00	141.709	141.915	141.474	141.578	8147	0	1
2013.12.16	04:00:00	141.578	141.606	141.217	141.438	7850	0	1
2013.12.16	08:00:00	141.435	142.055	141.269	142.031	12097	0	1
2013.12.16	12:00:00	142.031	142.119	141.687	141.773	11792	0	1
2013.12.16	16:00:00	141.771	141.883	141.467	141.658	10400	0	1
2013.12.16	20:00:00	141.662	141.853	141.650	141.830	4802	0	1
2013.12.17	00:00:00	141.832	141.864	141.699	141.824	5241	0	1
2013.12.17	04:00:00	141.826	141.950	141.719	141.850	4835	0	1
2013.12.17	08:00:00	141.845	141.937	141.599	141.765	9210	0	2
2013.12.17	12:00:00	141.766	141.766	141.338	141.343	10769	0	1
2013.12.17	16:00:00	141.345	141.433	140.980	141.286	12015	0	1
2013.12.17	20:00:00	141.286	141.388	141.233	141.262	5552	0	1
2013.12.18	00:00:00	141.255	141.883	141.224	141.798	8481	0	1
2013.12.18	04:00:00	141.797	141.888	141.720	141.806	5206	0	1
2013.12.18	08:00:00	141.804	141.881	141.391	141.586	10330	0	3
2013.12.18	12:00:00	141.585	141.812	141.509	141.795	10476	0	1
2013.12.18	16:00:00	141.797	142.110	141.587	141.587	10871	0	1
2013.12.18	20:00:00	141.435	142.897	141.435	142.575	16761	0	1
2013.12.19	00:00:00	142.571	142.689	141.858	141.959	10441	0	1
2013.12.19	04:00:00	141.957	142.307	141.877	142.164	7670	0	1
2013.12.19	08:00:00	142.166	142.360	142.040	142.348	10612	0	1
2013.12.19	12:00:00	142.348	142.573	142.260	142.343	13398	0	1
2013.12.19	16:00:00	142.345	142.493	142.138	142.302	10540	0	1
2013.12.19	20:00:00	142.300	142.460	142.197	142.321	6172	0	1
2013.12.20	00:00:00	142.320	142.436	142.201	142.357	7614	0	1
2013.12.20	04:00:00	142.354	142.589	142.283	142.317	6532	0	1
2013.12.20	08:00:00	142.316	142.711	142.260	142.641	9603	0	1
2013.12.20	12:00:00	142.641	142.734	142.485	142.724	11319	0	1
2013.12.20	16:00:00	142.721	142.737	142.100	142.302	11514	0	1
2013.12.20	20:00:00	142.301	142.371	142.227	142.261	4224	0	1
2013.12.23	00:00:00	142.262	142.483	142.245	142.330	2954	0	4
2013.12.23	04:00:00	142.328	142.383	142.244	142.366	2635	0	2
2013.12.23	08:00:00	142.366	142.390	142.159	142.178	6905	0	1
2013.12.23	12:00:00	142.180	142.584	142.096	142.490	8048	0	1
2013.12.23	16:00:00	142.486	142.702	142.449	142.473	7203	0	2
2013.12.23	20:00:00	142.473	142.752	142.464	142.697	5240	0	3
2013.12.24	00:00:00	142.687	142.877	142.620	142.761	6043	0	1
2013.12.24	04:00:00	142.759	142.833	142.502	142.655	5009	0	2
2013.12.24	08:00:00	142.654	142.677	142.511	142.657	6742	0	1
2013.12.24	12:00:00	142.660	142.698	142.452	142.546	5794	0	1
2013.12.24	16:00:00	142.545	142.655	142.489	142.602	6873	0	1
2013.12.26	08:00:00	143.395	143.531	143.314	143.440	7058	0	1
2013.12.26	12:00:00	143.440	143.510	143.330	143.378	7400	0	1
2013.12.26	16:00:00	143.376	143.481	143.289	143.426	5055	0	2
2013.12.26	20:00:00	143.426	143.521	143.367	143.474	3571	0	1
2013.12.27	00:00:00	143.474	143.922	143.464	143.812	7446	0	1
2013.12.27	04:00:00	143.816	144.205	143.814	144.168	7541	0	1
2013.12.27	08:00:00	144.164	144.723	144.013	144.680	11397	0	1
2013.12.27	12:00:00	144.679	145.684	144.670	144.807	12928	0	1
2013.12.27	16:00:00	144.811	144.868	144.490	144.702	9793	0	1
2013.12.27	20:00:00	144.700	144.700	144.376	144.549	4833	0	2
2013.12.30	00:00:00	144.881	145.001	144.670	144.833	6973	0	1
2013.12.30	04:00:00	144.832	144.852	144.551	144.766	5170	0	2
2013.12.30	08:00:00	144.769	144.997	144.657	144.772	8569	0	1
2013.12.30	12:00:00	144.776	145.093	144.653	145.065	9965	0	1
2013.12.30	16:00:00	145.074	145.165	144.958	145.076	7961	0	1
2013.12.30	20:00:00	145.076	145.127	144.772	144.923	4237	0	2
2013.12.31	00:00:00	144.922	145.043	144.656	144.659	4916	0	2
2013.12.31	04:00:00	144.655	144.904	144.650	144.713	3099	0	2
2013.12.31	08:00:00	144.712	144.813	144.486	144.505	8004	0	1
2013.12.31	12:00:00	144.506	144.744	144.475	144.506	7119	0	1
2013.12.31	16:00:00	144.506	145.137	144.410	145.128	9382	0	1
2014.01.01	20:00:00	144.780	145.039	144.735	144.946	5712	0	8
2014.01.02	00:00:00	144.970	145.125	144.799	144.882	16776	0	8
2014.01.02	04:00:00	144.879	145.007	144.717	144.821	13076	0	8
2014.01.02	08:00:00	144.824	144.852	144.506	144.636	12922	0	1
2014.01.02	12:00:00	144.636	144.638	142.979	143.069	15526	0	1
2014.01.02	16:00:00	143.080	143.516	142.894	143.067	12110	0	1
2014.01.02	20:00:00	143.069	143.303	142.840	143.249	6972	0	1
2014.01.03	00:00:00	143.249	143.313	142.224	142.433	7304	0	1
2014.01.03	04:00:00	142.436	142.576	142.088	142.345	7475	0	1
2014.01.03	08:00:00	142.350	142.629	142.077	142.484	11669	0	1
2014.01.03	12:00:00	142.485	142.694	141.965	142.134	12943	0	2
2014.01.03	16:00:00	142.135	142.410	141.961	142.099	9936	0	1
2014.01.03	20:00:00	142.099	142.505	142.052	142.426	5760	0	1
2014.01.06	00:00:00	142.531	142.658	141.498	141.710	11413	0	1
2014.01.06	04:00:00	141.708	141.875	141.532	141.772	7085	0	1
2014.01.06	08:00:00	141.773	142.388	141.628	142.309	11952	0	1
2014.01.06	12:00:00	142.317	142.744	142.186	142.665	11269	0	1
2014.01.06	16:00:00	142.659	142.775	141.733	142.150	14154	0	1
2014.01.06	20:00:00	142.150	142.254	141.961	142.096	6544	0	1
2014.01.07	00:00:00	142.098	142.342	141.941	142.160	8391	0	1
2014.01.07	04:00:00	142.162	142.516	142.162	142.223	7929	0	1
2014.01.07	08:00:00	142.225	142.492	141.986	142.469	11741	0	1
2014.01.07	12:00:00	142.471	142.589	142.336	142.525	11874	0	1
2014.01.07	16:00:00	142.527	142.576	142.217	142.296	11071	0	1
2014.01.07	20:00:00	142.295	142.547	142.201	142.504	5886	0	2
2014.01.08	00:00:00	142.503	142.974	142.442	142.892	8407	0	2
2014.01.08	04:00:00	142.892	143.154	142.830	142.973	7996	0	1
2014.01.08	08:00:00	142.975	143.161	142.199	142.314	12790	0	1
2014.01.08	12:00:00	142.318	142.670	142.232	142.560	12225	0	1
2014.01.08	16:00:00	142.571	142.767	142.303	142.443	11141	0	1
2014.01.08	20:00:00	142.444	142.523	142.120	142.367	8217	0	1
2014.01.09	00:00:00	142.366	142.494	142.172	142.471	7315	0	1
2014.01.09	04:00:00	142.469	142.644	142.305	142.603	6146	0	1
2014.01.09	08:00:00	142.602	143.033	142.536	142.886	11039	0	1
2014.01.09	12:00:00	142.886	143.028	142.038	142.398	14212	0	1
2014.01.09	16:00:00	142.401	142.561	142.106	142.358	10931	0	1
2014.01.09	20:00:00	142.365	142.671	142.285	142.586	5943	0	2
2014.01.10	00:00:00	142.588	142.797	142.558	142.737	6647	0	1
2014.01.10	04:00:00	142.738	142.952	142.722	142.872	5742	0	1
2014.01.10	08:00:00	142.872	142.934	142.662	142.663	8998	0	2
2014.01.10	12:00:00	142.664	143.048	142.086	142.390	13863	0	1
2014.01.10	16:00:00	142.391	142.553	142.056	142.190	12718	0	1
2014.01.10	20:00:00	142.191	142.391	142.107	142.348	5156	0	3
2014.01.13	00:00:00	142.231	142.289	141.217	141.453	8295	0	1
2014.01.13	04:00:00	141.451	141.570	141.350	141.436	5354	0	1
2014.01.13	08:00:00	141.433	141.519	141.149	141.160	9825	0	1
2014.01.13	12:00:00	141.159	141.513	140.523	140.953	13534	0	1
2014.01.13	16:00:00	140.948	141.152	140.496	140.596	11856	0	1
2014.01.13	20:00:00	140.601	140.892	140.557	140.865	8716	0	1
2014.01.14	00:00:00	140.859	141.383	140.789	141.378	8823	0	1
2014.01.14	04:00:00	141.379	141.473	141.088	141.330	7335	0	2
2014.01.14	08:00:00	141.327	141.886	141.165	141.663	12382	0	1
2014.01.14	12:00:00	141.678	141.814	141.549	141.723	11064	0	1
2014.01.14	16:00:00	141.727	142.356	141.704	142.321	12038	0	1
2014.01.14	20:00:00	142.325	142.626	142.318	142.513	7311	0	1
2014.01.15	00:00:00	142.515	142.589	142.246	142.442	8944	0	1
2014.01.15	04:00:00	142.441	142.443	142.258	142.407	5794	0	2
2014.01.15	08:00:00	142.408	142.416	141.919	142.121	11098	0	1
2014.01.15	12:00:00	142.121	142.150	141.795	141.923	11381	0	1
2014.01.15	16:00:00	141.920	142.302	141.911	142.223	11660	0	1
2014.01.15	20:00:00	142.224	142.350	142.203	142.262	5097	0	1
2014.01.16	00:00:00	142.262	142.843	142.179	142.842	8085	0	1
2014.01.16	04:00:00	142.841	142.907	142.536	142.670	6235	0	1
2014.01.16	08:00:00	142.672	142.740	142.431	142.573	9559	0	1
2014.01.16	12:00:00	142.573	142.625	142.005	142.160	12255	0	1
2014.01.16	16:00:00	142.151	142.216	141.707	142.002	10627	0	1
2014.01.16	20:00:00	142.000	142.153	141.843	142.063	5537	0	2
2014.01.17	00:00:00	142.070	142.160	141.834	142.002	6443	0	1
2014.01.17	04:00:00	142.002	142.151	141.958	142.082	4518	0	2
2014.01.17	08:00:00	142.085	142.108	141.773	141.986	9941	0	1
2014.01.17	12:00:00	141.988	142.047	141.486	141.609	11079	0	1
2014.01.17	16:00:00	141.609	141.683	140.973	141.081	11375	0	2
2014.01.17	20:00:00	141.079	141.291	141.013	141.211	4458	0	1
2014.01.20	00:00:00	141.135	141.147	140.319	140.681	9429	0	1
2014.01.20	04:00:00	140.685	140.986	140.600	140.971	6125	0	2
2014.01.20	08:00:00	140.974	141.376	140.950	141.203	9026	0	1
2014.01.20	12:00:00	141.201	141.254	140.923	141.096	7847	0	1
2014.01.20	16:00:00	141.093	141.290	140.976	141.278	5508	0	1
2014.01.20	20:00:00	141.278	141.374	141.156	141.215	3739	0	1
2014.01.21	00:00:00	141.215	141.816	141.085	141.795	8634	0	1
2014.01.21	04:00:00	141.794	141.831	141.516	141.642	6555	0	1
2014.01.21	08:00:00	141.643	141.855	141.554	141.773	10710	0	1
2014.01.21	12:00:00	141.773	141.812	141.298	141.355	11031	0	1
2014.01.21	16:00:00	141.347	141.357	141.035	141.197	10887	0	1
2014.01.21	20:00:00	141.197	141.541	141.170	141.417	4943	0	1
2014.01.22	00:00:00	141.417	141.667	141.283	141.632	7969	0	1
2014.01.22	04:00:00	141.632	141.762	141.055	141.575	10405	0	1
2014.01.22	08:00:00	141.575	141.645	141.113	141.264	10715	0	1
2014.01.22	12:00:00	141.264	141.828	141.264	141.596	10573	0	1
2014.01.22	16:00:00	141.601	141.738	141.287	141.473	9740	0	1
2014.01.22	20:00:00	141.468	141.652	141.406	141.590	5174	0	1
2014.01.23	00:00:00	141.587	141.923	141.497	141.688	8493	0	1
2014.01.23	04:00:00	141.695	141.762	141.215	141.348	8981	0	1
2014.01.23	08:00:00	141.351	142.412	141.262	142.258	13609	0	1
2014.01.23	12:00:00	142.258	142.267	141.456	141.496	14819	0	1
2014.01.23	16:00:00	141.499	141.960	141.135	141.138	14609	0	1
2014.01.23	20:00:00	141.136	141.546	141.029	141.529	9271	0	1
2014.01.24	00:00:00	141.525	141.768	141.434	141.655	8793	0	1
2014.01.24	04:00:00	141.651	141.667	141.147	141.424	9497	0	1
2014.01.24	08:00:00	141.422	141.753	140.230	140.242	16540	0	1
2014.01.24	12:00:00	140.240	140.499	139.818	140.001	17836	0	1
2014.01.24	16:00:00	140.001	140.184	139.756	140.091	14993	0	1
2014.01.24	20:00:00	140.091	140.107	139.798	139.894	6908	0	1
2014.01.27	00:00:00	139.629	140.164	139.444	140.105	11479	0	1
2014.01.27	04:00:00	140.104	140.308	139.987	140.202	8173	0	1
2014.01.27	08:00:00	140.203	140.687	140.135	140.403	14950	0	1
2014.01.27	12:00:00	140.399	140.693	140.211	140.371	13462	0	1
2014.01.27	16:00:00	140.369	140.376	139.786	140.291	15604	0	1
2014.01.27	20:00:00	140.292	140.515	140.147	140.348	7930	0	1
2014.01.28	00:00:00	140.348	140.478	140.172	140.365	7701	0	1
2014.01.28	04:00:00	140.366	140.573	140.312	140.450	7511	0	1
2014.01.28	08:00:00	140.450	140.982	140.286	140.569	13379	0	1
2014.01.28	12:00:00	140.569	140.782	140.291	140.529	12930	0	1
2014.01.28	16:00:00	140.527	140.729	140.378	140.523	11182	0	1
2014.01.28	20:00:00	140.526	141.252	140.481	141.106	7738	0	1
2014.01.29	00:00:00	141.112	141.216	140.768	140.849	7919	0	1
2014.01.29	04:00:00	140.851	141.209	140.839	141.108	6638	0	1
2014.01.29	08:00:00	141.101	141.247	140.412	140.551	13580	0	1
2014.01.29	12:00:00	140.553	140.611	139.231	139.599	16979	0	1
2014.01.29	16:00:00	139.616	139.726	139.368	139.455	13264	0	1
2014.01.29	20:00:00	139.349	139.774	139.046	139.554	12416	0	1
2014.01.30	00:00:00	139.560	139.828	139.385	139.495	8902	0	1
2014.01.30	04:00:00	139.490	139.946	139.413	139.857	8206	0	1
2014.01.30	08:00:00	139.857	139.862	138.890	139.197	14787	0	1
2014.01.30	12:00:00	139.194	139.608	139.125	139.339	15056	0	1
2014.01.30	16:00:00	139.339	139.429	139.134	139.177	12259	0	1
2014.01.30	20:00:00	139.172	139.359	139.096	139.353	6474	0	1
2014.01.31	00:00:00	139.352	139.500	139.147	139.249	6853	0	1
2014.01.31	04:00:00	139.250	139.276	138.666	138.733	8976	0	1
2014.01.31	08:00:00	138.733	139.227	138.423	138.559	13678	0	1
2014.01.31	12:00:00	138.570	138.638	137.895	137.944	16024	0	1
2014.01.31	16:00:00	137.940	138.251	137.506	138.203	13585	0	1
2014.01.31	20:00:00	138.202	138.253	137.466	137.499	6666	0	1
2014.02.03	00:00:00	137.734	138.089	137.733	138.051	8866	0	1
2014.02.03	04:00:00	138.051	138.102	137.662	137.784	7330	0	1
2014.02.03	08:00:00	137.781	137.995	137.345	137.428	14350	0	1
2014.02.03	12:00:00	137.428	137.858	137.158	137.205	13150	0	1
2014.02.03	16:00:00	137.209	137.247	136.602	136.731	16574	0	1
2014.02.03	20:00:00	136.716	136.807	136.361	136.788	9525	0	1
2014.02.04	00:00:00	136.757	137.012	136.631	136.868	10389	0	1
2014.02.04	04:00:00	136.867	136.929	136.225	136.677	12564	0	1
2014.02.04	08:00:00	136.684	137.155	136.477	136.887	14687	0	1
2014.02.04	12:00:00	136.886	137.165	136.805	136.977	13114	0	1
2014.02.04	16:00:00	136.982	137.437	136.922	137.274	12497	0	1
2014.02.04	20:00:00	137.278	137.434	137.249	137.340	6513	0	1
2014.02.05	00:00:00	137.340	137.539	136.865	136.947	10157	0	1
2014.02.05	04:00:00	136.942	137.185	136.829	136.847	9467	0	1
2014.02.05	08:00:00	136.848	137.122	136.546	136.791	16793	0	1
2014.02.05	12:00:00	136.795	137.045	136.579	136.894	20306	0	1
2014.02.05	16:00:00	136.899	137.361	136.781	137.305	20563	0	1
2014.02.05	20:00:00	137.306	137.386	137.101	137.383	7509	0	1
2014.02.06	00:00:00	137.383	137.578	137.102	137.278	10313	0	1
2014.02.06	04:00:00	137.274	137.476	137.054	137.144	9179	0	1
2014.02.06	08:00:00	137.143	137.389	137.047	137.349	12657	0	1
2014.02.06	12:00:00	137.343	138.512	136.750	138.443	23074	0	1
2014.02.06	16:00:00	138.447	138.821	138.441	138.522	15181	0	1
2014.02.06	20:00:00	138.525	138.822	138.513	138.578	7460	0	1
2014.02.07	00:00:00	138.581	138.764	138.521	138.633	8176	0	1
2014.02.07	04:00:00	138.634	138.903	138.576	138.843	6945	0	1
2014.02.07	08:00:00	138.843	138.858	138.165	138.505	14405	0	1
2014.02.07	12:00:00	138.503	139.362	138.166	139.158	21870	0	1
2014.02.07	16:00:00	139.158	139.388	138.839	139.384	16422	0	1
2014.02.07	20:00:00	139.384	139.603	139.354	139.517	7144	0	1
2014.02.10	00:00:00	139.769	139.798	139.404	139.525	9403	0	1
2014.02.10	04:00:00	139.524	139.598	139.420	139.509	6240	0	1
2014.02.10	08:00:00	139.511	139.560	139.193	139.243	11932	0	1
2014.02.10	12:00:00	139.241	139.414	139.176	139.295	11233	0	1
2014.02.10	16:00:00	139.301	139.437	139.168	139.381	9264	0	1
2014.02.10	20:00:00	139.384	139.541	139.315	139.473	5093	0	1
2014.02.11	00:00:00	139.473	139.788	139.346	139.590	5164	0	1
2014.02.11	04:00:00	139.590	139.929	139.585	139.732	4774	0	1
2014.02.11	08:00:00	139.734	140.084	139.624	139.953	10661	0	1
2014.02.11	12:00:00	139.951	140.300	139.276	139.719	12569	0	1
2014.02.11	16:00:00	139.717	140.240	139.680	139.955	12777	0	1
2014.02.11	20:00:00	139.955	140.038	139.901	139.953	5360	0	1
2014.02.12	00:00:00	139.954	139.971	139.663	139.794	8372	0	1
2014.02.12	04:00:00	139.795	139.875	139.706	139.818	6979	0	1
2014.02.12	08:00:00	139.818	139.892	139.569	139.679	10399	0	1
2014.02.12	12:00:00	139.687	139.729	138.673	139.146	13741	0	1
2014.02.12	16:00:00	139.147	139.494	139.050	139.385	11460	0	1
2014.02.12	20:00:00	139.383	139.446	139.202	139.405	6104	0	1
2014.02.13	00:00:00	139.406	139.406	139.138	139.326	8111	0	1
2014.02.13	04:00:00	139.326	139.332	138.874	139.039	10817	0	1
2014.02.13	08:00:00	139.041	139.683	138.919	139.291	12878	0	1
2014.02.13	12:00:00	139.291	139.509	139.062	139.221	12937	0	1
2014.02.13	16:00:00	139.225	139.767	139.192	139.692	10868	0	1
2014.02.13	20:00:00	139.693	139.914	139.680	139.861	5823	0	1
2014.02.14	00:00:00	139.871	140.060	139.514	139.514	9309	0	1
2014.02.14	04:00:00	139.509	139.511	138.986	139.224	11296	0	1
2014.02.14	08:00:00	139.221	139.686	139.221	139.426	12448	0	1
2014.02.14	12:00:00	139.428	139.645	139.334	139.395	11792	0	1
2014.02.14	16:00:00	139.395	139.568	139.303	139.467	8652	0	1
2014.02.14	20:00:00	139.469	139.591	139.369	139.374	3602	0	1
2014.02.17	00:00:00	139.368	139.465	138.948	139.355	10308	0	1
2014.02.17	04:00:00	139.354	139.445	139.212	139.370	6311	0	1
2014.02.17	08:00:00	139.370	139.751	139.287	139.680	10193	0	1
2014.02.17	12:00:00	139.679	139.724	139.522	139.648	7250	0	1
2014.02.17	16:00:00	139.650	139.721	139.581	139.652	5066	0	1
2014.02.17	20:00:00	139.650	139.754	139.627	139.725	3672	0	1
2014.02.18	00:00:00	139.736	140.006	139.619	139.748	8970	0	1
2014.02.18	04:00:00	139.749	140.856	139.491	140.667	12111	0	1
2014.02.18	08:00:00	140.669	140.724	140.260	140.556	12871	0	1
2014.02.18	12:00:00	140.556	141.032	140.518	140.847	12207	0	1
2014.02.18	16:00:00	140.832	140.860	140.668	140.739	9424	0	1
2014.02.18	20:00:00	140.741	140.915	140.708	140.902	5383	0	1
2014.02.19	00:00:00	140.902	140.902	140.607	140.735	8047	0	1
2014.02.19	04:00:00	140.734	140.754	140.549	140.549	6488	0	1
2014.02.19	08:00:00	140.546	140.643	140.244	140.247	10256	0	1
2014.02.19	12:00:00	140.240	140.542	139.999	140.516	11372	0	1
2014.02.19	16:00:00	140.519	140.869	140.491	140.624	10413	0	1
2014.02.19	20:00:00	140.627	140.786	140.348	140.506	8705	0	1
2014.02.20	00:00:00	140.509	140.620	140.041	140.176	10294	0	1
2014.02.20	04:00:00	140.177	140.412	140.050	140.107	9096	0	1
2014.02.20	08:00:00	140.118	140.173	139.194	139.615	13370	0	1
2014.02.20	12:00:00	139.612	140.365	139.540	140.136	12695	0	1
2014.02.20	16:00:00	140.105	140.369	140.004	140.293	11654	0	1
2014.02.20	20:00:00	140.293	140.445	140.213	140.432	5693	0	1
2014.02.21	00:00:00	140.432	140.663	140.332	140.572	7838	0	1
2014.02.21	04:00:00	140.572	140.744	140.498	140.682	6862	0	1
2014.02.21	08:00:00	140.682	140.809	140.312	140.399	10539	0	1
2014.02.21	12:00:00	140.398	141.263	140.357	141.126	11108	0	1
2014.02.21	16:00:00	141.120	141.253	140.878	141.029	11621	0	1
2014.02.21	20:00:00	141.028	141.034	140.774	140.812	4332	0	1
2014.02.24	00:00:00	140.895	141.039	140.596	140.654	8022	0	1
2014.02.24	04:00:00	140.654	140.654	140.341	140.565	8293	0	1
2014.02.24	08:00:00	140.564	140.984	140.485	140.884	10416	0	1
2014.02.24	12:00:00	140.884	140.912	140.510	140.663	11917	0	1
2014.02.24	16:00:00	140.665	140.899	140.561	140.814	10626	0	1
2014.02.24	20:00:00	140.814	140.864	140.658	140.746	5386	0	1
2014.02.25	00:00:00	140.743	140.964	140.701	140.786	7322	0	2
2014.02.25	04:00:00	140.796	140.927	140.715	140.819	6101	0	1
2014.02.25	08:00:00	140.822	140.842	140.529	140.746	10509	0	1
2014.02.25	12:00:00	140.746	140.830	140.459	140.498	11837	0	1
2014.02.25	16:00:00	140.493	140.612	140.128	140.421	11181	0	1
2014.02.25	20:00:00	140.422	140.536	140.269	140.481	6480	0	1
2014.02.26	00:00:00	140.481	140.727	140.379	140.641	8243	0	1
2014.02.26	04:00:00	140.641	140.714	140.504	140.588	6686	0	1
2014.02.26	08:00:00	140.585	140.784	140.498	140.690	10158	0	1
2014.02.26	12:00:00	140.688	140.706	139.651	139.713	12684	0	1
2014.02.26	16:00:00	139.708	140.289	139.667	140.215	12753	0	1
2014.02.26	20:00:00	140.215	140.228	140.041	140.065	7098	0	1
2014.02.27	00:00:00	140.072	140.201	139.870	140.151	8084	0	1
2014.02.27	04:00:00	140.149	140.219	140.026	140.128	6184	0	1
2014.02.27	08:00:00	140.138	140.172	138.788	139.042	14143	0	1
2014.02.27	12:00:00	139.043	139.761	138.936	139.736	14062	0	1
2014.02.27	16:00:00	139.741	140.188	139.428	140.083	12441	0	1
2014.02.27	20:00:00	140.079	140.120	139.897	140.050	6489	0	1
2014.02.28	00:00:00	140.051	140.093	139.573	139.651	8885	0	1
2014.02.28	04:00:00	139.650	139.650	139.116	139.527	9857	0	1
2014.02.28	08:00:00	139.528	140.665	139.304	140.540	14400	0	1
2014.02.28	12:00:00	140.542	141.087	140.466	140.981	14530	0	1
2014.02.28	16:00:00	140.981	141.115	140.807	140.923	10949	0	1
2014.02.28	20:00:00	140.923	140.961	140.419	140.450	7936	0	1
2014.03.03	00:00:00	139.886	139.968	139.460	139.809	9778	0	1
2014.03.03	04:00:00	139.811	139.877	139.649	139.810	6222	0	1
2014.03.03	08:00:00	139.811	139.816	139.436	139.559	11642	0	1
2014.03.03	12:00:00	139.559	139.841	139.278	139.669	12793	0	1
2014.03.03	16:00:00	139.668	139.827	139.258	139.351	12581	0	1
2014.03.03	20:00:00	139.350	139.376	139.149	139.332	5788	0	1
2014.03.04	00:00:00	139.330	139.571	139.270	139.473	6259	0	1
2014.03.04	04:00:00	139.474	140.348	139.460	140.010	7450	0	1
2014.03.04	08:00:00	140.004	140.279	139.868	140.208	11746	0	1
2014.03.04	12:00:00	140.203	140.455	140.081	140.326	12414	0	1
2014.03.04	16:00:00	140.334	140.486	140.246	140.319	10146	0	1
2014.03.04	20:00:00	140.318	140.575	140.243	140.496	5702	0	1
2014.03.05	00:00:00	140.496	140.510	140.254	140.352	6221	0	1
2014.03.05	04:00:00	140.352	140.461	140.188	140.319	6121	0	1
2014.03.05	08:00:00	140.319	140.779	140.272	140.469	11771	0	1
2014.03.05	12:00:00	140.470	140.756	140.369	140.673	12960	0	1
2014.03.05	16:00:00	140.672	140.728	140.447	140.554	9820	0	1
2014.03.05	20:00:00	140.552	140.615	140.403	140.606	6367	0	1
2014.03.06	00:00:00	140.607	140.877	140.502	140.701	8204	0	1
2014.03.06	04:00:00	140.701	141.027	140.685	140.963	8074	0	1
2014.03.06	08:00:00	140.964	141.179	140.892	141.044	10112	0	1
2014.03.06	12:00:00	141.057	142.755	140.967	142.710	14998	0	1
2014.03.06	16:00:00	142.710	142.915	142.524	142.668	11591	0	1
2014.03.06	20:00:00	142.668	142.992	142.650	142.874	6318	0	1
2014.03.07	00:00:00	142.876	142.950	142.667	142.726	7707	0	1
2014.03.07	04:00:00	142.727	142.785	142.535	142.656	6902	0	1
2014.03.07	08:00:00	142.651	143.015	142.594	142.972	9830	0	1
2014.03.07	12:00:00	142.971	143.788	142.917	143.490	25728	0	0
2014.03.07	16:00:00	143.490	143.565	143.012	143.341	24364	0	0
2014.03.07	20:00:00	143.341	143.362	143.209	143.260	7865	0	0
2014.03.10	00:00:00	143.165	143.387	142.963	143.129	16060	0	0
2014.03.10	04:00:00	143.130	143.227	142.990	143.132	10142	0	0
2014.03.10	08:00:00	143.132	143.615	142.849	143.316	22622	0	0
2014.03.10	12:00:00	143.316	143.557	143.072	143.116	23638	0	0
2014.03.10	16:00:00	143.111	143.363	143.070	143.119	15981	0	0
2014.03.10	20:00:00	143.119	143.371	143.098	143.345	6340	0	0
2014.03.11	00:00:00	143.346	143.438	143.231	143.421	10787	0	0
2014.03.11	04:00:00	143.422	143.425	143.079	143.269	12158	0	0
2014.03.11	08:00:00	143.269	143.329	142.910	142.957	22870	0	0
2014.03.11	12:00:00	142.954	143.262	142.819	143.223	21274	0	0
2014.03.11	16:00:00	143.223	143.293	142.666	142.728	23176	0	0
2014.03.11	20:00:00	142.728	142.820	142.618	142.636	9008	0	0
2014.03.12	00:00:00	142.638	142.881	142.384	142.860	17135	0	0
2014.03.12	04:00:00	142.858	142.864	142.497	142.595	11169	0	0
2014.03.12	08:00:00	142.596	142.633	142.235	142.319	22230	0	0
2014.03.12	12:00:00	142.320	142.842	142.315	142.702	31045	0	0
2014.03.12	16:00:00	142.703	142.965	142.687	142.759	19797	0	0
2014.03.12	20:00:00	142.759	142.901	142.722	142.811	6971	0	0
2014.03.13	00:00:00	142.810	142.980	142.641	142.861	14902	0	0
2014.03.13	04:00:00	142.860	143.379	142.805	142.961	17198	0	0
2014.03.13	08:00:00	142.964	143.192	142.835	143.158	24454	0	0
2014.03.13	12:00:00	143.157	143.360	142.474	142.559	29431	0	0
2014.03.13	16:00:00	142.560	142.644	140.710	140.871	45527	0	0
2014.03.13	20:00:00	140.871	141.321	140.723	141.264	19571	0	0
2014.03.14	00:00:00	141.264	141.281	140.939	141.042	18648	0	0
2014.03.14	04:00:00	141.044	141.074	140.624	140.753	17143	0	0
2014.03.14	08:00:00	140.753	141.240	140.727	141.086	24886	0	0
2014.03.14	12:00:00	141.087	141.506	140.445	140.982	40686	0	0
2014.03.14	16:00:00	140.984	141.362	140.690	140.809	31111	0	0
2014.03.14	20:00:00	140.807	141.047	140.806	141.005	6148	0	0
2014.03.17	00:00:00	140.944	141.267	140.884	141.220	13678	0	0
2014.03.17	04:00:00	141.221	141.336	140.988	141.288	12230	0	0
2014.03.17	08:00:00	141.288	141.693	140.948	141.458	26170	0	0
2014.03.17	12:00:00	141.459	141.978	141.299	141.520	28539	0	0
2014.03.17	16:00:00	141.517	141.652	141.460	141.606	17309	0	0
2014.03.17	20:00:00	141.607	141.830	141.580	141.777	7354	0	0
2014.03.18	00:00:00	141.775	141.960	141.682	141.812	11628	0	0
2014.03.18	04:00:00	141.812	141.922	141.548	141.567	9554	0	0
2014.03.18	08:00:00	141.567	141.567	140.738	140.976	25932	0	0
2014.03.18	12:00:00	140.976	141.866	140.756	140.875	40716	0	0
2014.03.18	16:00:00	140.878	141.407	140.835	141.407	21576	0	0
2014.03.18	20:00:00	141.407	141.448	141.194	141.234	7019	0	0
2014.03.19	00:00:00	141.234	141.359	141.080	141.167	10431	0	0
2014.03.19	04:00:00	141.167	141.477	141.062	141.417	13404	0	0
2014.03.19	08:00:00	141.417	141.610	141.279	141.432	21579	0	0
2014.03.19	12:00:00	141.432	141.470	141.144	141.261	20884	0	0
2014.03.19	16:00:00	141.261	141.922	141.216	141.716	32365	0	0
2014.03.19	20:00:00	141.716	141.908	141.428	141.501	17863	0	0
2014.03.20	00:00:00	141.501	141.720	141.294	141.720	16744	0	0
2014.03.20	04:00:00	141.720	141.726	141.386	141.480	14576	0	0
2014.03.20	08:00:00	141.481	141.711	140.975	141.056	31483	0	0
2014.03.20	12:00:00	141.057	141.188	140.817	141.030	30700	0	0
2014.03.20	16:00:00	141.032	141.264	140.844	141.205	19146	0	0
2014.03.20	20:00:00	141.205	141.205	141.029	141.076	5618	0	0
2014.03.21	00:00:00	141.076	141.154	140.974	141.060	5842	0	0
2014.03.21	04:00:00	141.061	141.184	141.021	141.118	5126	0	0
2014.03.21	08:00:00	141.117	141.187	140.437	141.031	21445	0	0
2014.03.21	12:00:00	141.030	141.292	140.914	141.188	22745	0	0
2014.03.21	16:00:00	141.188	141.224	140.932	141.002	16696	0	0
2014.03.21	20:00:00	141.000	141.084	140.838	141.069	5334	0	0
2014.03.24	00:00:00	140.975	141.493	140.896	141.423	14757	0	0
2014.03.24	04:00:00	141.423	141.474	141.263	141.388	10189	0	0
2014.03.24	08:00:00	141.389	141.886	140.998	141.082	23925	0	0
2014.03.24	12:00:00	141.082	141.189	140.721	140.862	21849	0	0
2014.03.24	16:00:00	140.864	141.740	140.732	141.495	22928	0	0
2014.03.24	20:00:00	141.495	141.529	141.386	141.454	6375	0	0
2014.03.25	00:00:00	141.453	141.515	141.330	141.435	8677	0	0
2014.03.25	04:00:00	141.435	141.593	141.349	141.423	10393	0	0
2014.03.25	08:00:00	141.423	141.538	141.087	141.271	22561	0	0
2014.03.25	12:00:00	141.271	141.532	140.987	141.034	26578	0	0
2014.03.25	16:00:00	141.032	141.536	140.692	141.393	27150	0	0
2014.03.25	20:00:00	141.393	141.478	141.323	141.420	6228	0	0
2014.03.26	00:00:00	141.419	141.502	141.311	141.374	10242	0	0
2014.03.26	04:00:00	141.375	141.379	141.192	141.298	9793	0	0
2014.03.26	08:00:00	141.299	141.392	141.050	141.238	16604	0	0
2014.03.26	12:00:00	141.239	141.315	141.100	141.140	23792	0	0
2014.03.26	16:00:00	141.143	141.244	140.579	140.765	25556	0	0
2014.03.26	20:00:00	140.765	140.808	140.499	140.648	9252	0	0
2014.03.27	00:00:00	140.650	140.672	140.270	140.397	15398	0	0
2014.03.27	04:00:00	140.399	141.035	140.362	140.813	15523	0	0
2014.03.27	08:00:00	140.814	140.883	140.319	140.597	23108	0	0
2014.03.27	12:00:00	140.596	140.912	140.550	140.557	31942	0	0
2014.03.27	16:00:00	140.560	140.618	140.178	140.460	23415	0	0
2014.03.27	20:00:00	140.460	140.513	140.320	140.458	7398	0	0
2014.03.28	00:00:00	140.459	140.496	140.233	140.367	12597	0	0
2014.03.28	04:00:00	140.367	140.518	140.353	140.402	9697	0	0
2014.03.28	08:00:00	140.402	140.636	139.960	140.626	22213	0	0
2014.03.28	12:00:00	140.622	141.463	140.525	141.308	29042	0	0
2014.03.28	16:00:00	141.308	141.644	141.269	141.358	17611	0	0
2014.03.28	20:00:00	141.357	141.502	141.271	141.375	3678	0	0
2014.03.31	00:00:00	141.504	141.672	141.384	141.460	11352	0	0
2014.03.31	04:00:00	141.450	141.513	141.317	141.504	9743	0	0
2014.03.31	08:00:00	141.504	142.413	141.364	142.360	26385	0	0
2014.03.31	12:00:00	142.360	142.602	142.253	142.442	24882	0	0
2014.03.31	16:00:00	142.439	142.527	141.786	141.911	24846	0	1
2014.03.31	20:00:00	141.910	142.275	141.908	142.172	10502	0	1
2014.04.01	00:00:00	142.173	142.354	142.004	142.195	13013	0	1
2014.04.01	04:00:00	142.194	142.322	142.138	142.238	8960	0	1
2014.04.01	08:00:00	142.237	142.636	142.159	142.550	19212	0	1
2014.04.01	12:00:00	142.549	142.860	142.429	142.781	19399	0	1
2014.04.01	16:00:00	142.783	143.024	142.693	142.980	22545	0	1
2014.04.01	20:00:00	142.979	143.063	142.952	143.016	6969	0	1
2014.04.02	00:00:00	143.016	143.442	142.920	143.380	12166	0	1
2014.04.02	04:00:00	143.380	143.396	143.213	143.265	8774	0	1
2014.04.02	08:00:00	143.266	143.474	143.031	143.170	17628	0	1
2014.04.02	12:00:00	143.170	143.173	142.742	142.899	22243	0	1
2014.04.02	16:00:00	142.900	142.933	142.722	142.840	18471	0	1
2014.04.02	20:00:00	142.840	143.033	142.749	142.972	8208	0	1
2014.04.03	00:00:00	142.974	143.180	142.911	142.937	10347	0	1
2014.04.03	04:00:00	142.939	143.189	142.916	142.926	10984	0	1
2014.04.03	08:00:00	142.926	143.177	142.854	143.093	16532	0	1
2014.04.03	12:00:00	143.093	143.442	142.613	142.712	32115	0	1
2014.04.03	16:00:00	142.709	142.766	142.297	142.581	18998	0	1
2014.04.03	20:00:00	142.582	142.621	142.416	142.550	7005	0	1
2014.04.04	00:00:00	142.550	142.619	142.462	142.517	7462	0	1
2014.04.04	04:00:00	142.517	142.548	142.337	142.362	7110	0	1
2014.04.04	08:00:00	142.362	142.438	142.235	142.428	13004	0	1
2014.04.04	12:00:00	142.427	142.533	141.937	141.944	32706	0	1
2014.04.04	16:00:00	141.942	142.306	141.491	141.500	36404	0	1
2014.04.04	20:00:00	141.502	141.585	141.378	141.498	8269	0	1
2014.04.07	00:00:00	141.579	141.659	141.375	141.511	8186	0	1
2014.04.07	04:00:00	141.512	141.586	141.119	141.210	9820	0	1
2014.04.07	08:00:00	141.206	141.646	141.201	141.624	15860	0	1
2014.04.07	12:00:00	141.623	141.772	141.542	141.763	18825	0	1
2014.04.07	16:00:00	141.767	141.892	141.572	141.627	14562	0	1
2014.04.07	20:00:00	141.627	141.795	141.582	141.629	5845	0	1
2014.04.08	00:00:00	141.630	141.717	141.217	141.362	8912	0	1
2014.04.08	04:00:00	141.361	141.621	141.227	141.483	7907	0	1
2014.04.08	08:00:00	141.483	141.499	141.127	141.206	17355	0	1
2014.04.08	12:00:00	141.207	141.294	140.754	140.991	24764	0	1
2014.04.08	16:00:00	140.993	141.156	140.560	140.598	51591	0	1
2014.04.08	20:00:00	140.599	140.602	140.080	140.520	25579	0	1
2014.04.09	00:00:00	140.522	140.706	140.451	140.523	26633	0	1
2014.04.09	04:00:00	140.522	140.774	140.465	140.705	24220	0	1
2014.04.09	08:00:00	140.705	140.924	140.601	140.786	33307	0	1
2014.04.09	12:00:00	140.784	140.965	140.632	140.776	20940	0	1
2014.04.09	16:00:00	140.776	140.889	140.627	140.840	14905	0	1
2014.04.09	20:00:00	140.838	141.330	140.737	141.288	12267	0	1
2014.04.10	00:00:00	141.288	141.552	141.199	141.232	8534	0	1
2014.04.10	04:00:00	141.232	141.250	140.750	140.935	9558	0	1
2014.04.10	08:00:00	140.938	141.044	140.597	140.719	16207	0	1
2014.04.10	12:00:00	140.717	141.374	140.683	141.081	17091	0	1
2014.04.10	16:00:00	141.085	141.193	140.772	140.948	20940	0	1
2014.04.10	20:00:00	140.948	141.058	140.762	140.874	9644	0	1
2014.04.11	00:00:00	140.874	141.290	140.705	141.170	9949	0	1
2014.04.11	04:00:00	141.170	141.248	141.094	141.147	6824	0	1
2014.04.11	08:00:00	141.147	141.556	140.997	141.062	15421	0	1
2014.04.11	12:00:00	141.059	141.129	140.643	140.958	21029	0	1
2014.04.11	16:00:00	140.957	141.293	140.874	141.108	18272	0	1
2014.04.11	20:00:00	141.108	141.194	140.983	141.103	6517	0	1
2014.04.14	00:00:00	140.799	140.804	140.422	140.680	9801	0	1
2014.04.14	04:00:00	140.680	140.869	140.580	140.672	6302	0	1
2014.04.14	08:00:00	140.674	140.904	140.507	140.603	14341	0	1
2014.04.14	12:00:00	140.605	140.922	140.569	140.585	16545	0	1
2014.04.14	16:00:00	140.599	140.799	140.526	140.645	14075	0	1
2014.04.14	20:00:00	140.646	140.813	140.452	140.749	7620	0	1
2014.04.15	00:00:00	140.750	140.879	140.701	140.750	8152	0	1
2014.04.15	04:00:00	140.750	140.902	140.679	140.764	6982	0	1
2014.04.15	08:00:00	140.764	140.839	140.291	140.502	13947	0	1
2014.04.15	12:00:00	140.504	140.774	140.481	140.703	13739	0	1
2014.04.15	16:00:00	140.707	140.759	140.230	140.548	23444	0	1
2014.04.15	20:00:00	140.551	140.821	140.545	140.680	8961	0	1
2014.04.16	00:00:00	140.685	141.084	140.646	141.066	7811	0	1
2014.04.16	04:00:00	141.069	141.401	140.997	141.392	7940	0	1
2014.04.16	08:00:00	141.388	141.765	141.167	141.607	14281	0	1
2014.04.16	12:00:00	141.611	141.627	141.316	141.348	12967	0	1
2014.04.16	16:00:00	141.349	141.460	141.184	141.347	16079	0	1
2014.04.16	20:00:00	141.346	141.385	141.201	141.228	5449	0	1
2014.04.17	00:00:00	141.231	141.368	141.135	141.148	6884	0	1
2014.04.17	04:00:00	141.148	141.235	140.985	141.178	7389	0	1
2014.04.17	08:00:00	141.178	141.528	141.101	141.473	10690	0	1
2014.04.17	12:00:00	141.473	141.624	141.346	141.379	12029	0	1
2014.04.17	16:00:00	141.381	141.585	141.313	141.546	12824	0	1
2014.04.17	20:00:00	141.546	141.564	141.349	141.445	4457	0	1
2014.04.18	00:00:00	141.446	141.652	141.425	141.557	4255	0	1
2014.04.18	04:00:00	141.556	141.560	141.369	141.469	3923	0	1
2014.04.18	08:00:00	141.474	141.591	141.454	141.546	3489	0	1
2014.04.18	12:00:00	141.545	141.554	141.441	141.488	2492	0	1
2014.04.18	16:00:00	141.489	141.537	141.456	141.468	2123	0	1
2014.04.18	20:00:00	141.468	141.518	141.393	141.403	1391	0	1
2014.04.21	00:00:00	141.529	141.820	141.448	141.745	6096	0	1
2014.04.21	04:00:00	141.747	141.792	141.644	141.695	3944	0	1
2014.04.21	08:00:00	141.694	141.814	141.636	141.760	3768	0	4
2014.04.21	12:00:00	141.758	141.809	141.668	141.729	5459	0	1
2014.04.21	16:00:00	141.730	141.756	141.404	141.486	6523	0	1
2014.04.21	20:00:00	141.487	141.590	141.470	141.561	3181	0	1
2014.04.22	00:00:00	141.565	141.686	141.510	141.597	5661	0	1
2014.04.22	04:00:00	141.597	141.653	141.436	141.446	5400	0	1
2014.04.22	08:00:00	141.444	141.628	141.211	141.481	12082	0	1
2014.04.22	12:00:00	141.480	141.771	141.471	141.687	11187	0	1
2014.04.22	16:00:00	141.689	141.707	141.451	141.622	10854	0	1
2014.04.22	20:00:00	141.625	141.714	141.574	141.632	4648	0	1
2014.04.23	00:00:00	141.633	141.783	141.615	141.671	6018	0	1
2014.04.23	04:00:00	141.671	141.752	141.606	141.715	5454	0	2
2014.04.23	08:00:00	141.716	141.996	141.457	141.497	14977	0	1
2014.04.23	12:00:00	141.495	141.606	141.378	141.543	11096	0	1
2014.04.23	16:00:00	141.552	141.596	141.183	141.315	12546	0	1
2014.04.23	20:00:00	141.315	141.715	141.301	141.665	5358	0	1
2014.04.24	00:00:00	141.660	141.698	141.566	141.607	5042	0	1
2014.04.24	04:00:00	141.607	141.654	141.327	141.468	7270	0	1
2014.04.24	08:00:00	141.469	141.790	141.377	141.514	12173	0	1
2014.04.24	12:00:00	141.515	141.778	141.132	141.200	16325	0	1
2014.04.24	16:00:00	141.201	141.589	141.046	141.366	14508	0	1
2014.04.24	20:00:00	141.368	141.549	141.364	141.465	5323	0	1
2014.04.25	00:00:00	141.466	141.746	141.351	141.645	7107	0	1
2014.04.25	04:00:00	141.645	141.729	141.492	141.574	5311	0	1
2014.04.25	08:00:00	141.574	141.618	141.370	141.478	10654	0	1
2014.04.25	12:00:00	141.477	141.517	141.033	141.224	14089	0	1
2014.04.25	16:00:00	141.230	141.429	141.116	141.380	12432	0	1
2014.04.25	20:00:00	141.380	141.396	141.275	141.345	4170	0	1
2014.04.28	00:00:00	141.345	141.454	140.989	141.174	6260	0	1
2014.04.28	04:00:00	141.176	141.324	141.141	141.296	4855	0	1
2014.04.28	08:00:00	141.293	142.029	141.270	141.924	13813	0	1
2014.04.28	12:00:00	141.924	141.989	141.764	141.972	12558	0	0
2014.04.28	16:00:00	141.972	142.145	141.688	141.766	16196	0	1
2014.04.28	20:00:00	141.764	142.054	141.727	141.944	6832	0	1
2014.04.29	00:00:00	141.950	142.122	141.917	142.027	3729	0	1
2014.04.29	04:00:00	142.027	142.148	142.027	142.114	2972	0	2
2014.04.29	08:00:00	142.115	142.447	142.109	142.328	12093	0	1
2014.04.29	12:00:00	142.327	142.473	141.824	141.901	15420	0	1
2014.04.29	16:00:00	141.880	141.938	141.585	141.668	13481	0	1
2014.04.29	20:00:00	141.667	141.796	141.597	141.770	4640	0	2
2014.04.30	00:00:00	141.768	141.775	141.509	141.510	5617	0	1
2014.04.30	04:00:00	141.512	141.521	141.269	141.288	7976	0	1
2014.04.30	08:00:00	141.287	141.863	141.125	141.781	15510	0	1
2014.04.30	12:00:00	141.781	142.135	141.695	141.744	17282	0	1
2014.04.30	16:00:00	141.747	141.825	141.547	141.576	12435	0	1
2014.04.30	20:00:00	141.575	141.825	141.562	141.730	8892	0	0
2014.05.01	00:00:00	141.730	141.870	141.679	141.689	4060	0	1
2014.05.01	04:00:00	141.883	141.896	141.770	141.772	1122	0	1
2014.05.01	08:00:00	141.770	142.011	141.758	141.921	7907	0	1
2014.05.01	12:00:00	141.922	142.001	141.813	141.901	8313	0	1
2014.05.01	16:00:00	141.902	141.951	141.770	141.808	11262	0	1
2014.05.01	20:00:00	141.810	141.914	141.791	141.891	5700	0	7
2014.05.02	00:00:00	141.890	141.938	141.777	141.862	5729	0	8
2014.05.02	04:00:00	141.860	141.970	141.817	141.935	6003	0	4
2014.05.02	08:00:00	141.935	142.073	141.935	141.991	11237	0	7
2014.05.02	12:00:00	141.990	142.402	141.990	142.031	26913	0	1
2014.05.02	16:00:00	142.031	142.132	141.646	141.841	14616	0	1
2014.05.02	20:00:00	141.839	141.876	141.701	141.717	4689	0	1
2014.05.05	00:00:00	141.848	141.856	141.285	141.316	4419	0	1
2014.05.05	04:00:00	141.317	141.448	141.302	141.418	4028	0	2
2014.05.05	08:00:00	141.420	141.669	141.359	141.408	7679	0	2
2014.05.05	12:00:00	141.408	141.673	141.406	141.673	9173	0	1
2014.05.05	16:00:00	141.661	141.737	141.607	141.685	8470	0	1
2014.05.05	20:00:00	141.686	141.747	141.651	141.729	3572	0	1
2014.05.06	00:00:00	141.729	141.781	141.667	141.699	2712	0	1
2014.05.06	04:00:00	141.698	141.710	141.578	141.618	3132	0	2
2014.05.06	08:00:00	141.618	142.090	141.578	141.928	11255	0	1
2014.05.06	12:00:00	141.929	142.012	141.544	141.570	16339	0	1
2014.05.06	16:00:00	141.570	141.616	141.356	141.441	21720	0	1
2014.05.06	20:00:00	141.441	141.687	141.419	141.675	8766	0	1
2014.05.07	00:00:00	141.673	141.744	141.430	141.460	8732	0	1
2014.05.07	04:00:00	141.459	141.546	141.203	141.220	10015	0	1
2014.05.07	08:00:00	141.220	141.452	141.151	141.324	18206	0	1
2014.05.07	12:00:00	141.324	142.005	141.324	141.886	24437	0	1
2014.05.07	16:00:00	141.886	141.965	141.420	141.492	29278	0	1
2014.05.07	20:00:00	141.492	141.796	141.489	141.710	7232	0	1
2014.05.08	00:00:00	141.712	141.824	141.582	141.593	7430	0	1
2014.05.08	04:00:00	141.596	141.809	141.589	141.628	9038	0	1
2014.05.08	08:00:00	141.627	142.015	141.497	141.921	17123	0	1
2014.05.08	12:00:00	141.921	142.366	141.109	141.162	26816	0	1
2014.05.08	16:00:00	141.160	141.194	140.596	140.686	20328	0	1
2014.05.08	20:00:00	140.686	140.734	140.528	140.687	9224	0	1
2014.05.09	00:00:00	140.687	140.784	140.527	140.784	7196	0	1
2014.05.09	04:00:00	140.784	140.804	140.674	140.787	5677	0	1
2014.05.09	08:00:00	140.786	140.793	140.432	140.584	12713	0	1
2014.05.09	12:00:00	140.583	140.598	139.989	140.223	18741	0	1
2014.05.09	16:00:00	140.223	140.259	139.885	139.998	15904	0	1
2014.05.09	20:00:00	140.000	140.136	139.906	140.133	4904	0	1
2014.05.12	00:00:00	140.091	140.378	140.065	140.221	7542	0	1
2014.05.12	04:00:00	140.224	140.400	140.198	140.326	6166	0	1
2014.05.12	08:00:00	140.326	140.452	140.208	140.343	11605	0	1
2014.05.12	12:00:00	140.341	140.535	140.179	140.477	11648	0	1
2014.05.12	16:00:00	140.478	140.629	140.408	140.549	10753	0	1
2014.05.12	20:00:00	140.551	140.571	140.477	140.536	4511	0	1
2014.05.13	00:00:00	140.537	140.721	140.516	140.637	6722	0	1
2014.05.13	04:00:00	140.637	140.781	140.591	140.731	6385	0	1
2014.05.13	08:00:00	140.731	140.944	140.532	140.583	13525	0	1
2014.05.13	12:00:00	140.593	140.619	140.036	140.113	22605	0	1
2014.05.13	16:00:00	140.111	140.316	139.987	140.120	16633	0	1
2014.05.13	20:00:00	140.121	140.184	140.094	140.140	4582	0	2
2014.05.14	00:00:00	140.140	140.168	139.931	140.079	6003	0	1
2014.05.14	04:00:00	140.077	140.204	140.027	140.066	6390	0	1
2014.05.14	08:00:00	140.069	140.273	139.482	139.672	17074	0	1
2014.05.14	12:00:00	139.671	139.793	139.504	139.534	14198	0	1
2014.05.14	16:00:00	139.542	139.637	139.501	139.526	8283	0	2
2014.05.14	20:00:00	139.529	139.754	139.459	139.667	4550	0	1
2014.05.15	00:00:00	139.671	139.800	139.471	139.729	5436	0	1
2014.05.15	04:00:00	139.731	139.828	139.635	139.720	4871	0	2
2014.05.15	08:00:00	139.732	139.861	139.097	139.160	11031	0	1
2014.05.15	12:00:00	139.160	139.363	138.998	139.007	11945	0	1
2014.05.15	16:00:00	139.014	139.373	138.972	139.181	24061	0	1
2014.05.15	20:00:00	139.179	139.290	139.152	139.266	6042	0	1
2014.05.16	00:00:00	139.268	139.398	139.152	139.276	6633	0	1
2014.05.16	04:00:00	139.278	139.303	139.082	139.223	7676	0	1
2014.05.16	08:00:00	139.223	139.436	139.153	139.155	12892	0	1
2014.05.16	12:00:00	139.155	139.338	138.776	139.256	17960	0	3
2014.05.16	16:00:00	139.259	139.291	138.964	138.969	12927	0	5
2014.05.16	20:00:00	138.971	139.116	138.944	138.993	4006	0	6
2014.05.19	00:00:00	139.048	139.196	139.003	139.130	6067	0	10
2014.05.19	04:00:00	139.131	139.262	138.918	138.974	8016	0	10
2014.05.19	08:00:00	138.976	139.169	138.668	138.783	15611	0	10
2014.05.19	12:00:00	138.783	138.894	138.667	138.753	14644	0	8
2014.05.19	16:00:00	138.753	138.967	138.613	138.902	12200	0	3
2014.05.19	20:00:00	138.901	139.184	138.886	139.110	5535	0	10
2014.05.20	00:00:00	139.113	139.288	139.032	139.257	6333	0	6
2014.05.20	04:00:00	139.250	139.305	139.145	139.152	6381	0	7
2014.05.20	08:00:00	139.158	139.161	138.540	138.785	14538	0	9
2014.05.20	12:00:00	138.784	138.997	138.661	138.668	13106	0	10
2014.05.20	16:00:00	138.669	138.806	138.540	138.624	13608	0	3
2014.05.20	20:00:00	138.623	138.843	138.619	138.788	5622	0	6
2014.05.21	00:00:00	138.789	138.855	138.688	138.758	7000	0	9
2014.05.21	04:00:00	138.760	138.925	138.563	138.739	9465	0	10
2014.05.21	08:00:00	138.740	138.743	138.216	138.342	17178	0	0
2014.05.21	12:00:00	138.341	138.570	138.140	138.556	15812	0	2
2014.05.21	16:00:00	138.555	138.774	138.394	138.698	12877	0	2
2014.05.21	20:00:00	138.698	138.837	138.598	138.807	8349	0	8
2014.05.22	00:00:00	138.806	138.853	138.639	138.813	7051	0	10
2014.05.22	04:00:00	138.814	139.121	138.771	138.962	9602	0	10
2014.05.22	08:00:00	138.960	139.094	138.703	138.955	13632	0	1
2014.05.22	12:00:00	138.955	138.984	138.702	138.774	13681	0	1
2014.05.22	16:00:00	138.775	138.997	138.729	138.914	10346	0	1
2014.05.22	20:00:00	138.915	139.021	138.876	138.952	7244	0	1
2014.05.23	00:00:00	138.954	139.030	138.845	138.874	10194	0	1
2014.05.23	04:00:00	138.875	138.955	138.721	138.739	9588	0	1
2014.05.23	08:00:00	138.738	138.854	138.593	138.817	11589	0	1
2014.05.23	12:00:00	138.819	138.946	138.772	138.889	11286	0	1
2014.05.23	16:00:00	138.890	139.000	138.739	138.950	11989	0	4
2014.05.23	20:00:00	138.949	139.057	138.893	138.953	4465	0	9
2014.05.26	00:00:00	138.939	138.992	138.818	138.855	5657	0	10
2014.05.26	04:00:00	138.854	138.872	138.724	138.834	4336	0	5
2014.05.26	08:00:00	138.833	139.091	138.827	139.064	7220	0	3
2014.05.26	12:00:00	139.064	139.068	138.917	138.979	4449	0	7
2014.05.26	16:00:00	138.982	139.093	138.964	139.078	3706	0	3
2014.05.26	20:00:00	139.080	139.102	139.015	139.075	2583	0	0
2014.05.27	00:00:00	139.074	139.359	139.054	139.263	5104	0	5
2014.05.27	04:00:00	139.263	139.306	139.115	139.151	4346	0	7
2014.05.27	08:00:00	139.148	139.204	138.813	139.052	10687	0	7
2014.05.27	12:00:00	139.054	139.224	138.904	139.051	10894	0	11
2014.05.27	16:00:00	139.044	139.118	138.937	139.053	8973	0	7
2014.05.27	20:00:00	139.053	139.106	138.979	139.083	4187	0	6
2014.05.28	00:00:00	139.086	139.102	138.867	138.960	4661	0	7
2014.05.28	04:00:00	138.961	139.021	138.902	138.924	4386	0	7
2014.05.28	08:00:00	138.921	138.999	138.637	138.790	10256	0	10
2014.05.28	12:00:00	138.789	138.839	138.324	138.387	11160	0	8
2014.05.28	16:00:00	138.389	138.453	138.292	138.372	9023	0	7
2014.05.28	20:00:00	138.372	138.491	138.366	138.386	3462	0	5
2014.05.29	00:00:00	138.385	138.436	138.207	138.230	4980	0	7
2014.05.29	04:00:00	138.234	138.442	138.234	138.298	5333	0	5
2014.05.29	08:00:00	138.300	138.375	137.972	138.235	10795	0	8
2014.05.29	12:00:00	138.236	138.512	138.223	138.326	10253	0	6
2014.05.29	16:00:00	138.324	138.353	138.124	138.307	9750	0	11
2014.05.29	20:00:00	138.306	138.474	138.280	138.367	3617	0	5
2014.05.30	00:00:00	138.386	138.401	138.220	138.224	5334	0	8
2014.05.30	04:00:00	138.224	138.252	138.079	138.164	5990	0	9
2014.05.30	08:00:00	138.163	138.432	138.105	138.357	9508	0	12
2014.05.30	12:00:00	138.364	138.760	138.282	138.646	10293	0	8
2014.05.30	16:00:00	138.646	138.869	138.608	138.799	8992	0	9
2014.05.30	20:00:00	138.800	138.808	138.615	138.734	3249	0	4
2014.06.02	00:00:00	138.784	138.951	138.659	138.939	4919	0	5
2014.06.02	04:00:00	138.938	139.120	138.921	139.015	6259	0	1
2014.06.02	08:00:00	139.022	139.064	138.684	138.805	12858	0	0
2014.06.02	12:00:00	138.805	139.250	138.734	139.177	12800	0	1
2014.06.02	16:00:00	139.173	139.259	138.979	139.256	12928	0	1
2014.06.02	20:00:00	139.256	139.321	139.183	139.217	4794	0	2
2014.06.03	00:00:00	139.217	139.342	139.182	139.244	6154	0	1
2014.06.03	04:00:00	139.244	139.310	139.153	139.153	5241	0	2
2014.06.03	08:00:00	139.154	139.424	139.101	139.338	13009	0	1
2014.06.03	12:00:00	139.338	139.747	139.333	139.672	13630	0	1
2014.06.03	16:00:00	139.672	139.755	139.481	139.748	11399	0	1
2014.06.03	20:00:00	139.749	139.773	139.635	139.728	5871	0	0
2014.06.04	00:00:00	139.724	139.799	139.634	139.749	7477	0	3
2014.06.04	04:00:00	139.748	139.956	139.692	139.832	7815	0	1
2014.06.04	08:00:00	139.824	139.854	139.550	139.649	13412	0	1
2014.06.04	12:00:00	139.653	139.884	139.620	139.673	13663	0	1
2014.06.04	16:00:00	139.694	139.927	139.621	139.698	12788	0	1
2014.06.04	20:00:00	139.698	139.747	139.652	139.710	5670	0	2
2014.06.05	00:00:00	139.710	139.712	139.411	139.447	7144	0	1
2014.06.05	04:00:00	139.448	139.529	139.339	139.506	6415	0	1
2014.06.05	08:00:00	139.506	139.577	139.412	139.566	10965	0	2
2014.06.05	12:00:00	139.566	139.803	138.674	139.349	19949	0	1
2014.06.05	16:00:00	139.350	139.985	139.182	139.898	16131	0	1
2014.06.05	20:00:00	139.897	139.962	139.791	139.937	6973	0	1
2014.06.06	00:00:00	139.934	139.969	139.715	139.781	7591	0	3
2014.06.06	04:00:00	139.785	139.853	139.716	139.742	5880	0	2
2014.06.06	08:00:00	139.743	139.807	139.381	139.419	12160	0	1
2014.06.06	12:00:00	139.419	139.912	139.273	139.835	18231	0	1
2014.06.06	16:00:00	139.833	139.912	139.737	139.884	11031	0	2
2014.06.06	20:00:00	139.882	139.940	139.791	139.793	4369	0	1
2014.06.09	00:00:00	139.930	140.089	139.861	139.943	6362	0	2
2014.06.09	04:00:00	139.943	139.983	139.804	139.853	5254	0	4
2014.06.09	08:00:00	139.852	139.962	139.584	139.584	11176	0	1
2014.06.09	12:00:00	139.583	139.621	139.265	139.294	12862	0	1
2014.06.09	16:00:00	139.294	139.456	139.264	139.307	9130	0	1
2014.06.09	20:00:00	139.307	139.398	139.277	139.392	4455	0	4
2014.06.10	00:00:00	139.392	139.420	139.105	139.118	6571	0	3
2014.06.10	04:00:00	139.122	139.174	138.974	139.058	7573	0	2
2014.06.10	08:00:00	139.052	139.172	138.600	138.638	14421	0	1
2014.06.10	12:00:00	138.634	138.677	138.450	138.599	14648	0	1
2014.06.10	16:00:00	138.600	138.748	138.550	138.592	11013	0	1
2014.06.10	20:00:00	138.591	138.665	138.556	138.632	4971	0	1
2014.06.11	00:00:00	138.634	138.655	138.374	138.397	6860	0	2
2014.06.11	04:00:00	138.403	138.570	138.290	138.568	6892	0	3
2014.06.11	08:00:00	138.568	138.594	138.074	138.082	13027	0	2
2014.06.11	12:00:00	138.080	138.240	137.968	138.097	14465	0	1
2014.06.11	16:00:00	138.097	138.120	137.872	138.022	11139	0	1
2014.06.11	20:00:00	138.020	138.121	137.974	138.034	5919	0	2
2014.06.12	00:00:00	138.030	138.213	137.996	138.198	6834	0	3
2014.06.12	04:00:00	138.197	138.336	138.165	138.196	6224	0	3
2014.06.12	08:00:00	138.196	138.306	137.799	137.947	13418	0	1
2014.06.12	12:00:00	137.947	138.175	137.941	138.030	12734	0	2
2014.06.12	16:00:00	138.029	138.117	137.814	137.827	13094	0	9
2014.06.12	20:00:00	137.828	137.972	137.716	137.856	7223	0	7
2014.06.13	00:00:00	137.856	138.044	137.743	138.040	7127	0	9
2014.06.13	04:00:00	138.041	138.305	137.955	138.284	7216	0	7
2014.06.13	08:00:00	138.278	138.548	138.194	138.390	12604	0	9
2014.06.13	12:00:00	138.389	138.401	138.007	138.137	13264	0	9
2014.06.13	16:00:00	138.135	138.209	137.966	138.050	10736	0	9
2014.06.13	20:00:00	138.050	138.190	138.019	138.164	3878	0	2
2014.06.16	00:00:00	138.101	138.114	137.808	137.863	5937	0	1
2014.06.16	04:00:00	137.862	137.948	137.769	137.876	5510	0	2
2014.06.16	08:00:00	137.875	137.948	137.702	137.857	12407	0	1
2014.06.16	12:00:00	137.857	138.167	137.773	138.078	12617	0	1
2014.06.16	16:00:00	138.077	138.269	138.066	138.195	10018	0	1
2014.06.16	20:00:00	138.195	138.246	138.150	138.190	4195	0	1
2014.06.17	00:00:00	138.188	138.459	138.186	138.387	6852	0	2
2014.06.17	04:00:00	138.384	138.439	138.237	138.296	6769	0	3
2014.06.17	08:00:00	138.293	138.537	138.211	138.354	11101	0	1
2014.06.17	12:00:00	138.354	138.442	138.275	138.360	11402	0	1
2014.06.17	16:00:00	138.362	138.496	138.303	138.320	8909	0	1
2014.06.17	20:00:00	138.320	138.400	138.303	138.392	3680	0	0
2014.06.18	00:00:00	138.397	138.471	138.341	138.390	5292	0	1
2014.06.18	04:00:00	138.390	138.576	138.367	138.485	5982	0	2
2014.06.18	08:00:00	138.484	138.695	138.437	138.588	11279	0	1
2014.06.18	12:00:00	138.589	138.684	138.525	138.631	10450	0	1
2014.06.18	16:00:00	138.632	138.742	138.543	138.692	9555	0	2
2014.06.18	20:00:00	138.687	138.740	138.410	138.503	11836	0	1
2014.06.19	00:00:00	138.505	138.586	138.430	138.490	6380	0	1
2014.06.19	04:00:00	138.490	138.579	138.424	138.467	5983	0	4
2014.06.19	08:00:00	138.467	138.867	138.453	138.795	14131	0	2
2014.06.19	12:00:00	138.798	138.824	138.667	138.823	11118	0	1
2014.06.19	16:00:00	138.826	138.888	138.669	138.708	12612	0	1
2014.06.19	20:00:00	138.708	138.769	138.672	138.697	5490	0	4
2014.06.20	00:00:00	138.697	138.756	138.629	138.683	5940	0	2
2014.06.20	04:00:00	138.682	138.853	138.672	138.846	5447	0	4
2014.06.20	08:00:00	138.846	138.892	138.683	138.780	10363	0	2
2014.06.20	12:00:00	138.779	138.842	138.538	138.695	12655	0	2
2014.06.20	16:00:00	138.694	138.818	138.547	138.815	9052	0	1
2014.06.20	20:00:00	138.814	138.860	138.765	138.814	3463	0	2
2014.06.23	00:00:00	138.762	138.811	138.667	138.667	5709	0	1
2014.06.23	04:00:00	138.666	138.787	138.650	138.717	6334	0	2
2014.06.23	08:00:00	138.719	138.783	138.280	138.329	11118	0	1
2014.06.23	12:00:00	138.328	138.571	138.290	138.447	9957	0	1
2014.06.23	16:00:00	138.444	138.610	138.397	138.599	8427	0	2
2014.06.23	20:00:00	138.600	138.684	138.586	138.638	4066	0	2
2014.06.24	00:00:00	138.631	138.653	138.454	138.491	5381	0	3
2014.06.24	04:00:00	138.490	138.627	138.464	138.603	4699	0	1
2014.06.24	08:00:00	138.602	138.924	138.591	138.757	13271	0	2
2014.06.24	12:00:00	138.757	138.850	138.732	138.779	9704	0	1
2014.06.24	16:00:00	138.778	138.910	138.681	138.802	10810	0	1
2014.06.24	20:00:00	138.804	138.836	138.625	138.698	5755	0	1
2014.06.25	00:00:00	138.700	138.717	138.562	138.642	4812	0	2
2014.06.25	04:00:00	138.642	138.695	138.582	138.634	4853	0	1
2014.06.25	08:00:00	138.634	138.817	138.600	138.638	9221	0	1
2014.06.25	12:00:00	138.639	138.839	138.626	138.747	12419	0	1
2014.06.25	16:00:00	138.747	138.899	138.718	138.892	9538	0	2
2014.06.25	20:00:00	138.897	138.897	138.757	138.804	4117	0	3
2014.06.26	00:00:00	138.807	138.823	138.630	138.689	4891	0	3
2014.06.26	04:00:00	138.689	138.802	138.683	138.767	4792	0	3
2014.06.26	08:00:00	138.766	138.809	138.479	138.551	10220	0	3
2014.06.26	12:00:00	138.550	138.609	137.919	137.992	13221	0	1
2014.06.26	16:00:00	137.992	138.452	137.940	138.402	12462	0	0
2014.06.26	20:00:00	138.404	138.486	138.353	138.404	5295	0	2
2014.06.27	00:00:00	138.416	138.443	138.207	138.316	5991	0	1
2014.06.27	04:00:00	138.319	138.319	138.062	138.136	8603	0	1
2014.06.27	08:00:00	138.134	138.192	137.991	138.047	11728	0	1
2014.06.27	12:00:00	138.047	138.241	137.981	138.222	10738	0	2
2014.06.27	16:00:00	138.222	138.318	138.159	138.304	9702	0	1
2014.06.27	20:00:00	138.303	138.485	138.299	138.396	3681	0	1
2014.06.30	00:00:00	138.394	138.450	138.189	138.207	4465	0	1
2014.06.30	04:00:00	138.206	138.281	138.102	138.185	4865	0	3
2014.06.30	08:00:00	138.184	138.514	138.172	138.403	11084	0	1
2014.06.30	12:00:00	138.404	138.562	138.340	138.554	10701	0	1
2014.06.30	16:00:00	138.551	138.729	138.487	138.661	11351	0	14
2014.06.30	20:00:00	138.662	138.745	138.649	138.713	4232	0	15
2014.07.01	00:00:00	138.714	138.942	138.672	138.942	6301	0	14
2014.07.01	04:00:00	138.942	138.964	138.764	138.845	7101	0	14
2014.07.01	08:00:00	138.843	139.118	138.755	139.091	10794	0	14
2014.07.01	12:00:00	139.092	139.126	138.860	138.928	10907	0	14
2014.07.01	16:00:00	138.929	139.027	138.841	138.915	11195	0	15
2014.07.01	20:00:00	138.916	138.946	138.854	138.906	4763	0	15
2014.07.02	00:00:00	138.906	138.996	138.864	138.963	5356	0	14
2014.07.02	04:00:00	138.965	139.018	138.817	138.828	5549	0	14
2014.07.02	08:00:00	138.827	138.896	138.538	138.576	10595	0	14
2014.07.02	12:00:00	138.575	138.956	138.564	138.946	11796	0	15
2014.07.02	16:00:00	138.947	139.053	138.886	139.041	10411	0	15
2014.07.02	20:00:00	139.042	139.057	138.948	138.982	4587	0	15
2014.07.03	00:00:00	138.983	139.167	138.965	139.128	7181	0	15
2014.07.03	04:00:00	139.126	139.143	138.970	139.031	6098	0	15
2014.07.03	08:00:00	139.032	139.267	139.020	139.160	12742	0	15
2014.07.03	12:00:00	139.161	139.270	138.954	139.107	17282	0	1
2014.07.03	16:00:00	139.108	139.141	138.998	139.084	12198	0	4
2014.07.03	20:00:00	139.083	139.113	139.041	139.086	3851	0	4
2014.07.04	00:00:00	139.086	139.117	138.928	138.967	5878	0	4
2014.07.04	04:00:00	138.966	139.008	138.792	138.819	6509	0	4
2014.07.04	08:00:00	138.820	138.857	138.581	138.672	9397	0	4
2014.07.04	12:00:00	138.671	138.756	138.647	138.710	7568	0	4
2014.07.04	16:00:00	138.709	138.826	138.672	138.762	6538	0	4
2014.07.04	20:00:00	138.758	138.813	138.700	138.748	2441	0	4
2014.07.07	00:00:00	138.749	138.828	138.709	138.779	6099	0	4
2014.07.07	04:00:00	138.778	138.804	138.671	138.693	5361	0	4
2014.07.07	08:00:00	138.690	138.769	138.552	138.556	12474	0	4
2014.07.07	12:00:00	138.563	138.643	138.460	138.484	12385	0	4
2014.07.07	16:00:00	138.486	138.612	138.437	138.592	10721	0	4
2014.07.07	20:00:00	138.589	138.628	138.562	138.609	4491	0	4
2014.07.08	00:00:00	138.609	138.622	138.380	138.510	7005	0	4
2014.07.08	04:00:00	138.509	138.540	138.448	138.467	5966	0	4
2014.07.08	08:00:00	138.467	138.546	138.274	138.279	12767	0	4
2014.07.08	12:00:00	138.278	138.344	138.109	138.217	12615	0	4
2014.07.08	16:00:00	138.216	138.277	138.137	138.229	11927	0	4
2014.07.08	20:00:00	138.232	138.261	138.182	138.220	4926	0	4
2014.07.09	00:00:00	138.228	138.286	138.149	138.245	6889	0	4
2014.07.09	04:00:00	138.246	138.400	138.222	138.389	7020	0	4
2014.07.09	08:00:00	138.390	138.481	138.296	138.377	12682	0	4
2014.07.09	12:00:00	138.381	138.469	138.314	138.450	11429	0	1
2014.07.09	16:00:00	138.451	138.761	138.451	138.607	8348	0	4
2014.07.09	20:00:00	138.602	138.675	138.533	138.638	8046	0	4
2014.07.10	00:00:00	138.638	138.642	138.509	138.554	6141	0	4
2014.07.10	04:00:00	138.552	138.581	138.502	138.543	5813	0	4
2014.07.10	08:00:00	138.544	138.580	138.047	138.056	15133	0	4
2014.07.10	12:00:00	138.056	138.060	137.581	137.646	17566	0	4
2014.07.10	16:00:00	137.645	137.882	137.494	137.825	12460	0	4
2014.07.10	20:00:00	137.825	137.919	137.708	137.866	5773	0	4
2014.07.11	00:00:00	137.867	137.871	137.700	137.746	6831	0	4
2014.07.11	04:00:00	137.745	137.860	137.671	137.696	6543	0	4
2014.07.11	08:00:00	137.698	138.045	137.698	137.840	12954	0	4
2014.07.11	12:00:00	137.840	137.911	137.685	137.814	30688	0	4
2014.07.11	16:00:00	137.813	137.898	137.720	137.866	24714	0	4
2014.07.11	20:00:00	137.866	137.972	137.739	137.885	6724	0	4
2014.07.14	00:00:00	137.872	137.941	137.825	137.876	12344	0	4
2014.07.14	04:00:00	137.877	137.987	137.859	137.957	8360	0	4
2014.07.14	08:00:00	137.956	138.407	137.867	138.247	28359	0	4
2014.07.14	12:00:00	138.247	138.374	138.220	138.334	24351	0	4
2014.07.14	16:00:00	138.333	138.449	138.253	138.276	20778	0	4
2014.07.14	20:00:00	138.275	138.356	138.266	138.317	7418	0	4
2014.07.15	00:00:00	138.317	138.425	138.293	138.402	11378	0	4
2014.07.15	04:00:00	138.401	138.410	138.299	138.321	9598	0	4
2014.07.15	08:00:00	138.322	138.416	137.979	138.115	33395	0	4
2014.07.15	12:00:00	138.116	138.349	138.048	138.093	33743	0	4
2014.07.15	16:00:00	138.091	138.140	137.887	137.952	12211	0	1
2014.07.15	20:00:00	137.952	137.995	137.920	137.956	5648	0	2
2014.07.16	00:00:00	137.958	138.086	137.940	137.989	6425	0	1
2014.07.16	04:00:00	137.989	138.024	137.917	137.947	5575	0	1
2014.07.16	08:00:00	137.950	137.982	137.628	137.695	8580	0	1
2014.07.16	12:00:00	137.693	137.780	137.542	137.601	8610	0	6
2014.07.16	16:00:00	137.600	137.665	137.491	137.504	8049	0	6
2014.07.16	20:00:00	137.504	137.575	137.479	137.503	5158	0	7
2014.07.17	00:00:00	137.502	137.539	137.406	137.419	6197	0	2
2014.07.17	04:00:00	137.421	137.457	137.219	137.225	5772	0	6
2014.07.17	08:00:00	137.228	137.416	137.228	137.340	7871	0	6
2014.07.17	12:00:00	137.340	137.355	137.178	137.322	8243	0	4
2014.07.17	16:00:00	137.341	137.399	136.909	136.983	11458	0	1
2014.07.17	20:00:00	136.983	137.028	136.754	136.823	7720	0	6
2014.07.18	00:00:00	136.823	136.954	136.705	136.909	8311	0	6
2014.07.18	04:00:00	136.909	137.127	136.885	136.998	4970	0	4
2014.07.18	08:00:00	137.000	137.287	136.970	137.046	8371	0	6
2014.07.18	12:00:00	137.046	137.158	136.768	136.949	10306	0	6
2014.07.18	16:00:00	136.952	137.136	136.892	137.105	9523	0	1
2014.07.18	20:00:00	137.107	137.130	137.029	137.079	4025	0	6
2014.07.21	00:00:00	137.103	137.152	137.022	137.033	5002	0	9
2014.07.21	04:00:00	137.031	137.145	137.015	137.094	6517	0	9
2014.07.21	08:00:00	137.089	137.102	136.881	137.036	9522	0	7
2014.07.21	12:00:00	137.033	137.071	136.929	136.931	9413	0	8
2014.07.21	16:00:00	136.931	137.068	136.928	137.059	8439	0	9
2014.07.21	20:00:00	137.060	137.143	137.019	137.129	4149	0	11
2014.07.22	00:00:00	137.129	137.275	137.102	137.258	6255	0	8
2014.07.22	04:00:00	137.258	137.336	137.202	137.333	5967	0	8
2014.07.22	08:00:00	137.326	137.326	136.806	136.922	13775	0	1
2014.07.22	12:00:00	136.922	136.993	136.581	136.662	20191	0	6
2014.07.22	16:00:00	136.664	136.781	136.578	136.660	12625	0	6
2014.07.22	20:00:00	136.660	136.671	136.594	136.639	3860	0	3
2014.07.23	00:00:00	136.638	136.751	136.463	136.531	7436	0	6
2014.07.23	04:00:00	136.531	136.573	136.500	136.549	6010	0	5
2014.07.23	08:00:00	136.553	136.597	136.406	136.501	14590	0	5
2014.07.23	12:00:00	136.501	136.651	136.489	136.585	12042	0	6
2014.07.23	16:00:00	136.586	136.757	136.566	136.637	10731	0	6
2014.07.23	20:00:00	136.638	136.715	136.584	136.698	3815	0	6
2014.07.24	00:00:00	136.695	136.730	136.614	136.680	6490	0	6
2014.07.24	04:00:00	136.680	136.701	136.499	136.542	6275	0	2
2014.07.24	08:00:00	136.538	136.978	136.362	136.856	17937	0	5
2014.07.24	12:00:00	136.857	137.097	136.808	137.054	15587	0	6
2014.07.24	16:00:00	137.051	137.189	136.997	137.132	12239	0	6
2014.07.24	20:00:00	137.134	137.136	136.994	137.059	4266	0	6
2014.07.25	00:00:00	137.056	137.076	136.971	137.021	6657	0	6
2014.07.25	04:00:00	137.021	137.094	136.987	136.998	5576	0	6
2014.07.25	08:00:00	137.000	137.246	136.962	137.061	15620	0	6
2014.07.25	12:00:00	137.062	137.089	136.748	136.793	16989	0	6
2014.07.25	16:00:00	136.792	136.834	136.649	136.679	17165	0	6
2014.07.25	20:00:00	136.680	136.796	136.625	136.625	7703	0	7
2014.07.28	00:00:00	136.703	136.758	136.635	136.700	10851	0	6
2014.07.28	04:00:00	136.701	136.771	136.698	136.712	5889	0	7
2014.07.28	08:00:00	136.711	136.912	136.709	136.846	11680	0	6
2014.07.28	12:00:00	136.845	136.912	136.713	136.797	12677	0	6
2014.07.28	16:00:00	136.797	136.905	136.725	136.889	14593	0	6
2014.07.28	20:00:00	136.888	136.894	136.818	136.870	11356	0	8
2014.07.29	00:00:00	136.871	136.933	136.827	136.912	7420	0	6
2014.07.29	04:00:00	136.912	136.997	136.867	136.971	6039	0	6
2014.07.29	08:00:00	136.971	137.064	136.844	136.947	12926	0	6
2014.07.29	12:00:00	136.946	137.102	136.752	136.852	18525	0	6
2014.07.29	16:00:00	136.859	136.983	136.852	136.915	19801	0	6
2014.07.29	20:00:00	136.915	136.960	136.854	136.923	12002	0	6
2014.07.30	00:00:00	136.924	136.968	136.830	136.947	9032	0	6
2014.07.30	04:00:00	136.948	136.973	136.873	136.921	5460	0	7
2014.07.30	08:00:00	136.921	137.034	136.858	137.002	15379	0	2
2014.07.30	12:00:00	137.002	137.404	136.983	137.302	17078	0	3
2014.07.30	16:00:00	137.306	137.808	137.259	137.523	15816	0	4
2014.07.30	20:00:00	137.515	137.851	137.515	137.712	11648	0	7
2014.07.31	00:00:00	137.713	137.795	137.677	137.699	7798	0	6
2014.07.31	04:00:00	137.700	137.710	137.624	137.635	6833	0	5
2014.07.31	08:00:00	137.638	137.845	137.581	137.666	12154	0	5
2014.07.31	12:00:00	137.663	137.824	137.620	137.721	12749	0	3
2014.07.31	16:00:00	137.719	137.769	137.508	137.687	13369	0	5
2014.07.31	20:00:00	137.685	137.769	137.605	137.628	7820	0	2
2014.08.01	00:00:00	137.626	137.776	137.562	137.701	8524	0	5
2014.08.01	04:00:00	137.705	137.805	137.682	137.764	6867	0	3
2014.08.01	08:00:00	137.768	137.894	137.729	137.892	11239	0	5
2014.08.01	12:00:00	137.889	137.999	137.738	137.807	15184	0	4
2014.08.01	16:00:00	137.801	137.915	137.562	137.637	15750	0	3
2014.08.01	20:00:00	137.639	137.743	137.638	137.675	6191	0	5
2014.08.04	00:00:00	137.726	137.773	137.620	137.756	6868	0	10
2014.08.04	04:00:00	137.756	137.876	137.737	137.874	5102	0	10
2014.08.04	08:00:00	137.873	137.906	137.664	137.736	13625	0	10
2014.08.04	12:00:00	137.734	137.814	137.556	137.577	13302	0	10
2014.08.04	16:00:00	137.577	137.601	137.420	137.512	14149	0	10
2014.08.04	20:00:00	137.512	137.684	137.497	137.646	6929	0	10
2014.08.05	00:00:00	137.646	137.718	137.612	137.639	6041	0	10
2014.08.05	04:00:00	137.640	137.672	137.518	137.574	5663	0	10
2014.08.05	08:00:00	137.573	137.683	137.333	137.451	15433	0	10
2014.08.05	12:00:00	137.451	137.562	137.405	137.450	13902	0	10
2014.08.05	16:00:00	137.448	137.552	137.098	137.098	15447	0	10
2014.08.05	20:00:00	137.101	137.250	137.070	137.212	6886	0	10
2014.08.06	00:00:00	137.211	137.231	137.080	137.088	6081	0	10
2014.08.06	04:00:00	137.087	137.156	137.033	137.119	5107	0	10
2014.08.06	08:00:00	137.120	137.120	136.730	136.799	13757	0	10
2014.08.06	12:00:00	136.797	136.797	136.434	136.684	18000	0	10
2014.08.06	16:00:00	136.685	136.789	136.152	136.497	17936	0	10
2014.08.06	20:00:00	136.497	136.716	136.459	136.676	5992	0	10
2014.08.07	00:00:00	136.675	136.838	136.578	136.798	7430	0	10
2014.08.07	04:00:00	136.799	137.117	136.734	136.991	8000	0	10
2014.08.07	08:00:00	136.991	136.995	136.708	136.888	10963	0	10
2014.08.07	12:00:00	136.889	136.952	136.554	136.606	17849	0	10
2014.08.07	16:00:00	136.606	136.633	136.262	136.376	14512	0	10
2014.08.07	20:00:00	136.375	136.431	136.304	136.423	5097	0	10
2014.08.08	00:00:00	136.422	136.457	135.918	135.918	10236	0	10
2014.08.08	04:00:00	135.917	136.065	135.722	135.954	14850	0	10
2014.08.08	08:00:00	135.953	136.402	135.849	136.285	17841	0	10
2014.08.08	12:00:00	136.285	136.615	136.268	136.459	16607	0	10
2014.08.08	16:00:00	136.462	136.866	136.427	136.817	14933	0	10
2014.08.08	20:00:00	136.815	136.941	136.763	136.831	4697	0	10
2014.08.11	00:00:00	136.900	136.964	136.742	136.848	7931	0	10
2014.08.11	04:00:00	136.850	136.920	136.835	136.839	4795	0	10
2014.08.11	08:00:00	136.840	136.857	136.592	136.668	10349	0	10
2014.08.11	12:00:00	136.668	136.788	136.626	136.697	9069	0	10
2014.08.11	16:00:00	136.700	136.784	136.636	136.736	7505	0	10
2014.08.11	20:00:00	136.734	136.812	136.723	136.775	3289	0	10
2014.08.12	00:00:00	136.775	136.884	136.771	136.796	5835	0	10
2014.08.12	04:00:00	136.797	136.832	136.720	136.732	4929	0	10
2014.08.12	08:00:00	136.730	136.768	136.437	136.534	10271	0	10
2014.08.12	12:00:00	136.536	136.554	136.362	136.505	10296	0	10
2014.08.12	16:00:00	136.506	136.663	136.406	136.661	10230	0	10
2014.08.12	20:00:00	136.663	136.711	136.606	136.680	4174	0	10
2014.08.13	00:00:00	136.681	136.754	136.609	136.679	4942	0	10
2014.08.13	04:00:00	136.679	136.730	136.625	136.631	4946	0	10
2014.08.13	08:00:00	136.632	136.917	136.631	136.848	12164	0	10
2014.08.13	12:00:00	136.847	137.175	136.753	137.004	14279	0	10
2014.08.13	16:00:00	137.003	137.072	136.895	136.907	11358	0	10
2014.08.13	20:00:00	136.909	136.987	136.853	136.866	3385	0	10
2014.08.14	00:00:00	136.871	137.112	136.852	137.025	5938	0	10
2014.08.14	04:00:00	137.027	137.135	137.001	137.035	4809	0	10
2014.08.14	08:00:00	137.031	137.096	136.790	137.020	13079	0	10
2014.08.14	12:00:00	137.017	137.240	136.925	137.201	12867	0	10
2014.08.14	16:00:00	137.203	137.228	136.953	136.959	9964	0	10
2014.08.14	20:00:00	136.958	136.990	136.907	136.955	3550	0	10
2014.08.15	00:00:00	136.957	136.993	136.889	136.950	4587	0	10
2014.08.15	04:00:00	136.949	137.069	136.914	137.036	4130	0	10
2014.08.15	08:00:00	137.035	137.324	136.997	137.098	9778	0	10
2014.08.15	12:00:00	137.098	137.613	137.089	137.453	13665	0	10
2014.08.15	16:00:00	137.453	137.501	136.765	137.010	21246	0	10
2014.08.15	20:00:00	137.009	137.165	137.002	137.100	4310	0	10
2014.08.18	00:00:00	137.092	137.189	136.990	137.057	5853	0	10
2014.08.18	04:00:00	137.056	137.082	136.963	137.054	4451	0	10
2014.08.18	08:00:00	137.051	137.212	137.036	137.200	8159	0	10
2014.08.18	12:00:00	137.201	137.259	137.080	137.098	8172	0	10
2014.08.18	16:00:00	137.099	137.139	136.899	137.103	8743	0	10
2014.08.18	20:00:00	137.104	137.104	136.999	137.044	2979	0	10
2014.08.19	00:00:00	137.045	137.134	136.984	137.039	4566	0	10
2014.08.19	04:00:00	137.040	137.092	137.007	137.041	3656	0	10
2014.08.19	08:00:00	137.040	137.059	136.861	137.030	10955	0	10
2014.08.19	12:00:00	137.028	137.153	136.809	136.875	14321	0	10
2014.08.19	16:00:00	136.873	137.039	136.817	136.996	9029	0	10
2014.08.19	20:00:00	136.994	137.106	136.990	137.067	3649	0	10
2014.08.20	00:00:00	137.066	137.175	137.056	137.072	5966	0	10
2014.08.20	04:00:00	137.072	137.342	137.010	137.329	8615	0	10
2014.08.20	08:00:00	137.326	137.381	137.217	137.268	14212	0	10
2014.08.20	12:00:00	137.268	137.341	137.138	137.272	12498	0	10
2014.08.20	16:00:00	137.270	137.413	137.203	137.364	9667	0	10
2014.08.20	20:00:00	137.362	137.661	137.346	137.491	12822	0	10
2014.08.21	00:00:00	137.492	137.729	137.460	137.702	7712	0	10
2014.08.21	04:00:00	137.703	137.706	137.537	137.593	6509	0	10
2014.08.21	08:00:00	137.593	137.837	137.534	137.771	13137	0	10
2014.08.21	12:00:00	137.770	137.771	137.621	137.644	10694	0	10
2014.08.21	16:00:00	137.642	137.934	137.562	137.792	12173	0	10
2014.08.21	20:00:00	137.792	137.942	137.788	137.909	3270	0	10
2014.08.22	00:00:00	137.908	137.998	137.875	137.967	4930	0	10
2014.08.22	04:00:00	137.963	137.963	137.776	137.804	6744	0	10
2014.08.22	08:00:00	137.804	137.914	137.592	137.642	9680	0	10
2014.08.22	12:00:00	137.642	137.775	137.309	137.724	11702	0	7
2014.08.22	16:00:00	137.723	137.893	137.535	137.585	20489	0	10
2014.08.22	20:00:00	137.587	137.733	137.480	137.605	5772	0	10
2014.08.25	00:00:00	137.458	137.553	137.401	137.466	10720	0	10
2014.08.25	04:00:00	137.482	137.667	137.469	137.560	6008	0	10
2014.08.25	08:00:00	137.560	137.580	137.174	137.282	10161	0	6
2014.08.25	12:00:00	137.283	137.306	137.088	137.271	9581	0	10
2014.08.25	16:00:00	137.271	137.312	137.162	137.178	6787	0	10
2014.08.25	20:00:00	137.178	137.290	137.154	137.239	3425	0	10
2014.08.26	00:00:00	137.239	137.289	137.015	137.095	7895	0	10
2014.08.26	04:00:00	137.095	137.175	137.012	137.129	7060	0	10
2014.08.26	08:00:00	137.129	137.273	137.021	137.113	11156	0	10
2014.08.26	12:00:00	137.114	137.177	137.071	137.123	12874	0	10
2014.08.26	16:00:00	137.125	137.412	137.101	137.136	12054	0	10
2014.08.26	20:00:00	137.135	137.164	137.006	137.072	5108	0	10
2014.08.27	00:00:00	137.072	137.145	136.881	136.961	7823	0	10
2014.08.27	04:00:00	136.961	136.980	136.811	136.978	8389	0	10
2014.08.27	08:00:00	136.978	137.074	136.915	137.018	12674	0	10
2014.08.27	12:00:00	137.020	137.055	136.783	136.808	11286	0	10
2014.08.27	16:00:00	136.807	137.293	136.739	137.156	13112	0	10
2014.08.27	20:00:00	137.152	137.170	137.009	137.050	4399	0	10
2014.08.28	00:00:00	137.051	137.159	136.875	137.158	8727	0	10
2014.08.28	04:00:00	137.161	137.166	136.988	137.048	6563	0	10
2014.08.28	08:00:00	137.048	137.213	136.662	136.663	13266	0	10
2014.08.28	12:00:00	136.663	136.862	136.414	136.699	18941	0	4
2014.08.28	16:00:00	136.694	136.795	136.614	136.734	11950	0	4
2014.08.28	20:00:00	136.734	136.772	136.658	136.739	5449	0	4
2014.08.29	00:00:00	136.738	136.773	136.670	136.720	6569	0	4
2014.08.29	04:00:00	136.719	136.853	136.687	136.797	6814	0	4
2014.08.29	08:00:00	136.796	137.078	136.579	136.938	14958	0	4
2014.08.29	12:00:00	136.939	137.183	136.931	136.998	14648	0	4
2014.08.29	16:00:00	136.999	137.028	136.589	136.776	13454	0	5
2014.08.29	20:00:00	136.776	136.794	136.648	136.683	4546	0	4
2014.09.01	00:00:00	136.739	136.796	136.672	136.691	5190	0	10
2014.09.01	04:00:00	136.690	136.776	136.658	136.749	5094	0	10
2014.09.01	08:00:00	136.749	137.006	136.678	136.989	10449	0	10
2014.09.01	12:00:00	136.990	137.038	136.906	136.907	5965	0	10
2014.09.01	16:00:00	136.909	136.965	136.869	136.911	4214	0	10
2014.09.01	20:00:00	136.910	137.007	136.906	136.944	2709	0	10
2014.09.02	00:00:00	136.945	137.362	136.923	137.343	8963	0	10
2014.09.02	04:00:00	137.344	137.599	137.315	137.532	9897	0	10
2014.09.02	08:00:00	137.533	137.721	137.511	137.571	13811	0	10
2014.09.02	12:00:00	137.571	137.817	137.542	137.743	11249	0	10
2014.09.02	16:00:00	137.745	138.097	137.726	138.018	13505	0	10
2014.09.02	20:00:00	138.019	138.045	137.950	138.019	4911	0	10
2014.09.03	00:00:00	138.017	138.253	137.998	138.124	8527	0	10
2014.09.03	04:00:00	138.124	138.195	137.767	137.858	9800	0	10
2014.09.03	08:00:00	137.858	138.279	137.759	138.048	20385	0	1
2014.09.03	12:00:00	138.046	138.264	137.963	137.975	12264	0	1
2014.09.03	16:00:00	137.975	137.998	137.724	137.737	10379	0	1
2014.09.03	20:00:00	137.737	137.916	137.683	137.871	5820	0	1
2014.09.04	00:00:00	137.871	137.973	137.853	137.920	6017	0	1
2014.09.04	04:00:00	137.920	137.951	137.743	137.850	6300	0	1
2014.09.04	08:00:00	137.850	138.014	137.772	137.834	9968	0	1
2014.09.04	12:00:00	137.833	137.923	136.397	136.643	32124	0	1
2014.09.04	16:00:00	136.648	136.739	135.965	136.277	20731	0	1
2014.09.04	20:00:00	136.276	136.330	136.063	136.227	8493	0	1
2014.09.05	00:00:00	136.230	136.614	136.205	136.294	13841	0	1
2014.09.05	04:00:00	136.293	136.303	136.153	136.237	8153	0	1
2014.09.05	08:00:00	136.236	136.352	136.109	136.214	14029	0	1
2014.09.05	12:00:00	136.213	136.358	135.958	136.021	25149	0	1
2014.09.05	16:00:00	136.021	136.119	135.815	136.078	19378	0	1
2014.09.05	20:00:00	136.077	136.148	136.029	136.114	6408	0	1
2014.09.08	00:00:00	136.191	136.316	136.017	136.122	11003	0	1
2014.09.08	04:00:00	136.125	136.134	135.887	135.979	8188	0	1
2014.09.08	08:00:00	135.980	136.212	135.930	136.162	21282	0	1
2014.09.08	12:00:00	136.162	136.446	136.152	136.434	19649	0	1
2014.09.08	16:00:00	136.434	136.995	136.352	136.676	24961	0	1
2014.09.08	20:00:00	136.676	136.800	136.589	136.702	12854	0	1
2014.09.09	00:00:00	136.703	136.855	136.622	136.676	13945	0	1
2014.09.09	04:00:00	136.677	136.883	136.675	136.880	17332	0	1
2014.09.09	08:00:00	136.876	137.036	136.764	136.956	21958	0	1
2014.09.09	12:00:00	136.955	136.991	136.773	136.833	22832	0	1
2014.09.09	16:00:00	136.835	137.486	136.834	137.464	22880	0	1
2014.09.09	20:00:00	137.463	137.506	137.291	137.435	14843	0	1
2014.09.10	00:00:00	137.435	137.543	137.311	137.499	13067	0	1
2014.09.10	04:00:00	137.498	137.711	137.404	137.612	14965	0	1
2014.09.10	08:00:00	137.613	138.173	137.590	138.063	26352	0	1
2014.09.10	12:00:00	138.063	138.114	137.670	137.847	18545	0	1
2014.09.10	16:00:00	137.848	137.881	137.655	137.798	13179	0	3
2014.09.10	20:00:00	137.798	138.042	137.731	137.990	7651	0	3
2014.09.11	00:00:00	137.983	138.092	137.731	137.782	9164	0	5
2014.09.11	04:00:00	137.780	138.151	137.757	138.069	9297	0	3
2014.09.11	08:00:00	138.067	138.356	137.888	138.178	12069	0	3
2014.09.11	12:00:00	138.179	138.452	138.109	138.315	16712	0	2
2014.09.11	16:00:00	138.315	138.519	138.126	138.227	25289	0	1
2014.09.11	20:00:00	138.228	138.432	138.214	138.298	12860	0	1
2014.09.12	00:00:00	138.300	138.585	138.300	138.559	12857	0	1
2014.09.12	04:00:00	138.559	138.742	138.541	138.592	12415	0	1
2014.09.12	08:00:00	138.590	138.669	138.443	138.520	19095	0	1
2014.09.12	12:00:00	138.518	138.803	138.490	138.750	25837	0	1
2014.09.12	16:00:00	138.752	139.156	138.734	138.933	23028	0	1
2014.09.12	20:00:00	138.933	139.196	138.893	139.179	9502	0	1
2014.09.15	00:00:00	139.127	139.182	138.941	139.002	8314	0	1
2014.09.15	04:00:00	139.002	139.103	138.886	138.987	8989	0	1
2014.09.15	08:00:00	138.987	138.997	138.571	138.588	18557	0	1
2014.09.15	12:00:00	138.586	138.637	138.469	138.585	20233	0	1
2014.09.15	16:00:00	138.584	138.847	138.561	138.667	17833	0	1
2014.09.15	20:00:00	138.669	138.747	138.618	138.717	8878	0	1
2014.09.16	00:00:00	138.717	138.726	138.524	138.582	12438	0	1
2014.09.16	04:00:00	138.579	138.802	138.567	138.767	12432	0	1
2014.09.16	08:00:00	138.768	138.789	138.527	138.644	22091	0	1
2014.09.16	12:00:00	138.647	138.791	138.575	138.742	21887	0	1
2014.09.16	16:00:00	138.743	138.971	138.627	138.855	22231	0	1
2014.09.16	20:00:00	138.856	138.923	138.802	138.835	5794	0	1
2014.09.17	00:00:00	138.833	138.955	138.771	138.886	6827	0	1
2014.09.17	04:00:00	138.886	138.931	138.800	138.877	6628	0	1
2014.09.17	08:00:00	138.877	139.136	138.792	139.092	13215	0	1
2014.09.17	12:00:00	139.092	139.197	138.960	139.111	13516	0	1
2014.09.17	16:00:00	139.113	139.522	139.052	139.457	15057	0	1
2014.09.17	20:00:00	139.398	139.637	139.146	139.344	27090	0	1
2014.09.18	00:00:00	139.348	139.625	139.316	139.617	12749	0	1
2014.09.18	04:00:00	139.617	140.067	139.596	140.021	11684	0	1
2014.09.18	08:00:00	140.023	140.236	139.844	139.871	18984	0	1
2014.09.18	12:00:00	139.871	140.278	139.843	140.180	18001	0	1
2014.09.18	16:00:00	140.167	140.519	140.161	140.400	15685	0	1
2014.09.18	20:00:00	140.400	140.541	140.359	140.484	6664	0	1
2014.09.19	00:00:00	140.490	141.212	140.409	140.869	15705	0	1
2014.09.19	04:00:00	140.867	141.223	140.729	140.794	16861	0	1
2014.09.19	08:00:00	140.795	140.919	140.031	140.253	18907	0	1
2014.09.19	12:00:00	140.253	140.267	139.683	139.922	19179	0	1
2014.09.19	16:00:00	139.922	139.997	139.761	139.917	16520	0	1
2014.09.19	20:00:00	139.916	139.943	139.803	139.874	4459	0	1
2014.09.22	00:00:00	139.840	140.126	139.757	140.010	45307	0	1
2014.09.22	04:00:00	140.015	140.043	139.769	140.041	39565	0	1
2014.09.22	08:00:00	140.042	140.204	139.946	140.172	31228	0	1
2014.09.22	12:00:00	140.174	140.206	139.916	139.964	15484	0	1
2014.09.22	16:00:00	139.965	140.014	139.634	139.731	16742	0	1
2014.09.22	20:00:00	139.733	139.853	139.668	139.790	7386	0	1
2014.09.23	00:00:00	139.795	139.853	139.663	139.773	7402	0	1
2014.09.23	04:00:00	139.773	139.875	139.670	139.701	7661	0	1
2014.09.23	08:00:00	139.702	139.780	139.271	139.670	19936	0	1
2014.09.23	12:00:00	139.669	140.218	139.620	140.127	18440	0	1
2014.09.23	16:00:00	140.129	140.178	139.902	139.946	16923	0	1
2014.09.23	20:00:00	139.948	140.100	139.844	139.870	7112	0	1
2014.09.24	00:00:00	139.870	139.898	139.364	139.676	12937	0	1
2014.09.24	04:00:00	139.677	139.709	139.486	139.539	9944	0	1
2014.09.24	08:00:00	139.539	139.661	139.405	139.549	16816	0	1
2014.09.24	12:00:00	139.550	139.655	139.101	139.138	19252	0	1
2014.09.24	16:00:00	139.137	139.345	139.002	139.213	17010	0	1
2014.09.24	20:00:00	139.214	139.488	139.207	139.376	7222	0	1
2014.09.25	00:00:00	139.376	139.705	139.361	139.517	11397	0	1
2014.09.25	04:00:00	139.514	139.574	139.277	139.359	11498	0	1
2014.09.25	08:00:00	139.362	139.426	138.834	139.064	22820	0	1
2014.09.25	12:00:00	139.064	139.075	138.624	138.698	19355	0	1
2014.09.25	16:00:00	138.699	138.767	138.434	138.498	24366	0	1
2014.09.25	20:00:00	138.498	138.691	138.495	138.669	8618	0	1
2014.09.26	00:00:00	138.670	138.707	138.385	138.645	12308	0	1
2014.09.26	04:00:00	138.650	139.019	138.650	138.912	14697	0	1
2014.09.26	08:00:00	138.912	139.088	138.815	138.998	17568	0	1
2014.09.26	12:00:00	138.999	139.016	138.638	138.697	21051	0	1
2014.09.26	16:00:00	138.703	138.820	138.522	138.733	16642	0	1
2014.09.26	20:00:00	138.734	138.859	138.557	138.612	6461	0	1
2014.09.29	00:00:00	138.663	138.807	138.604	138.786	13285	0	1
2014.09.29	04:00:00	138.784	139.062	138.662	138.928	13199	0	1
2014.09.29	08:00:00	138.929	139.134	138.838	138.885	19381	0	1
2014.09.29	12:00:00	138.888	139.009	138.741	138.866	20114	0	1
2014.09.29	16:00:00	138.868	138.986	138.659	138.881	16875	0	1
2014.09.29	20:00:00	138.881	138.949	138.827	138.878	6509	0	1
2014.09.30	00:00:00	138.882	138.916	138.708	138.763	9430	0	1
2014.09.30	04:00:00	138.763	138.833	138.660	138.786	11615	0	1
2014.09.30	08:00:00	138.784	138.869	138.025	138.144	23108	0	1
2014.09.30	12:00:00	138.144	138.351	137.945	138.258	24536	0	1
2014.09.30	16:00:00	138.258	138.589	138.225	138.484	19858	0	1
2014.09.30	20:00:00	138.484	138.558	138.367	138.437	7680	0	1
2014.10.01	00:00:00	138.435	138.665	138.400	138.595	11819	0	1
2014.10.01	04:00:00	138.594	138.803	138.580	138.623	14131	0	1
2014.10.01	08:00:00	138.623	138.667	138.183	138.431	18140	0	1
2014.10.01	12:00:00	138.428	138.549	138.049	138.185	22094	0	1
2014.10.01	16:00:00	138.186	138.200	137.697	137.816	25459	0	1
2014.10.01	20:00:00	137.816	137.851	137.382	137.518	12010	0	1
2014.10.02	00:00:00	137.520	137.723	137.503	137.516	13226	0	1
2014.10.02	04:00:00	137.517	137.713	137.298	137.415	18849	0	1
2014.10.02	08:00:00	137.412	137.556	136.957	137.307	23403	0	1
2014.10.02	12:00:00	137.308	137.644	137.157	137.451	26766	0	1
2014.10.02	16:00:00	137.451	137.451	136.872	137.242	26142	0	1
2014.10.02	20:00:00	137.242	137.427	137.242	137.338	10929	0	1
2014.10.03	00:00:00	137.339	137.838	137.303	137.814	11689	0	1
2014.10.03	04:00:00	137.812	137.882	137.645	137.789	10046	0	1
2014.10.03	08:00:00	137.787	137.851	137.409	137.505	15743	0	1
2014.10.03	12:00:00	137.503	137.625	137.113	137.353	24942	0	1
2014.10.03	16:00:00	137.343	137.442	137.239	137.292	18485	0	1
2014.10.03	20:00:00	137.290	137.429	137.277	137.361	5447	0	1
2014.10.06	00:00:00	137.336	137.433	137.157	137.256	9053	0	1
2014.10.06	04:00:00	137.256	137.261	137.086	137.127	6024	0	1
2014.10.06	08:00:00	137.130	137.321	137.048	137.186	15661	0	1
2014.10.06	12:00:00	137.184	137.388	137.184	137.345	13336	0	1
2014.10.06	16:00:00	137.345	137.386	137.120	137.308	20088	0	1
2014.10.06	20:00:00	137.308	137.773	137.286	137.586	14895	0	1
2014.10.07	00:00:00	137.584	137.767	137.511	137.599	13673	0	1
2014.10.07	04:00:00	137.599	137.765	136.985	136.993	16955	0	1
2014.10.07	08:00:00	136.993	137.321	136.874	136.906	24643	0	1
2014.10.07	12:00:00	136.908	137.014	136.688	136.798	24028	0	1
2014.10.07	16:00:00	136.799	137.017	136.561	136.890	21790	0	1
2014.10.07	20:00:00	136.892	137.046	136.673	136.969	12392	0	1
2014.10.08	00:00:00	136.962	137.054	136.655	136.952	16312	0	1
2014.10.08	04:00:00	136.952	137.062	136.796	136.963	12638	0	1
2014.10.08	08:00:00	136.963	136.990	136.686	136.884	21195	0	1
2014.10.08	12:00:00	136.883	137.184	136.864	137.016	20338	0	1
2014.10.08	16:00:00	137.014	137.626	137.014	137.599	23790	0	1
2014.10.08	20:00:00	137.599	137.940	137.501	137.661	20847	0	1
2014.10.09	00:00:00	137.663	137.874	137.607	137.669	15514	0	1
2014.10.09	04:00:00	137.666	137.711	137.434	137.482	14937	0	1
2014.10.09	08:00:00	137.484	137.765	137.295	137.670	25178	0	1
2014.10.09	12:00:00	137.672	137.677	137.056	137.124	26721	0	1
2014.10.09	16:00:00	137.124	137.284	136.752	136.802	29529	0	1
2014.10.09	20:00:00	136.803	136.956	136.648	136.807	11582	0	1
2014.10.10	00:00:00	136.807	137.026	136.660	136.982	14100	0	1
2014.10.10	04:00:00	136.986	137.076	136.821	136.904	10645	0	1
2014.10.10	08:00:00	136.901	136.958	136.521	136.561	23155	0	1
2014.10.10	12:00:00	136.563	136.585	136.074	136.371	26200	0	1
2014.10.10	16:00:00	136.368	136.416	135.990	136.137	24356	0	1
2014.10.10	20:00:00	136.135	136.152	135.838	135.935	7581	0	1
2014.10.13	00:00:00	135.781	135.970	135.550	135.965	14668	0	1
2014.10.13	04:00:00	135.962	136.026	135.846	135.938	10551	0	1
2014.10.13	08:00:00	135.940	136.304	135.881	136.140	20380	0	1
2014.10.13	12:00:00	136.141	136.299	135.941	136.121	18791	0	1
2014.10.13	16:00:00	136.121	136.268	136.005	136.086	22970	0	1
2014.10.13	20:00:00	136.087	136.384	135.884	136.312	16421	0	1
2014.10.14	00:00:00	136.315	136.491	136.155	136.463	13334	0	1
2014.10.14	04:00:00	136.464	136.548	136.216	136.277	12309	0	1
2014.10.14	08:00:00	136.277	136.279	135.102	135.116	27402	0	1
2014.10.14	12:00:00	135.115	135.559	135.037	135.417	26155	0	1
2014.10.14	16:00:00	135.417	135.699	135.372	135.502	23535	0	1
2014.10.14	20:00:00	135.504	135.630	135.160	135.612	13440	0	1
2014.10.15	00:00:00	135.609	135.709	135.241	135.347	14218	0	1
2014.10.15	04:00:00	135.349	135.711	135.272	135.635	11110	0	1
2014.10.15	08:00:00	135.631	136.066	135.495	135.729	25314	0	1
2014.10.15	12:00:00	135.731	135.910	135.321	135.734	35460	0	1
2014.10.15	16:00:00	135.733	135.772	135.136	135.305	41191	0	1
2014.10.15	20:00:00	135.304	136.047	135.269	135.924	21866	0	1
2014.10.16	00:00:00	135.924	136.231	135.662	136.027	18318	0	1
2014.10.16	04:00:00	136.021	136.200	135.941	136.000	13221	0	1
2014.10.16	08:00:00	135.998	136.031	134.904	134.912	34597	0	1
2014.10.16	12:00:00	134.910	135.177	134.143	135.147	37454	0	1
2014.10.16	16:00:00	135.168	136.292	134.991	135.983	33231	0	1
2014.10.16	20:00:00	135.983	136.234	135.816	136.083	12555	0	1
2014.10.17	00:00:00	136.085	136.414	136.052	136.165	13251	0	1
2014.10.17	04:00:00	136.165	136.204	135.808	136.021	12495	0	1
2014.10.17	08:00:00	136.019	136.714	135.756	136.451	24269	0	1
2014.10.17	12:00:00	136.448	136.665	136.035	136.084	18647	0	1
2014.10.17	16:00:00	136.087	136.393	136.061	136.288	21903	0	1
2014.10.17	20:00:00	136.288	136.466	136.077	136.377	8472	0	12
2014.10.20	00:00:00	136.552	136.925	136.462	136.801	14014	0	12
2014.10.20	04:00:00	136.801	137.008	136.737	136.800	11344	0	12
2014.10.20	08:00:00	136.803	136.839	136.508	136.820	21575	0	12
2014.10.20	12:00:00	136.821	136.835	136.269	136.496	21837	0	12
2014.10.20	16:00:00	136.492	136.863	136.357	136.727	19161	0	12
2014.10.20	20:00:00	136.726	136.964	136.714	136.857	6820	0	12
2014.10.21	00:00:00	136.858	136.893	136.534	136.631	11508	0	12
2014.10.21	04:00:00	136.640	136.751	136.258	136.383	15856	0	12
2014.10.21	08:00:00	136.383	136.788	136.279	136.326	23801	0	12
2014.10.21	12:00:00	136.327	136.473	135.876	135.947	25114	0	12
2014.10.21	16:00:00	135.955	135.955	135.686	135.896	19949	0	12
2014.10.21	20:00:00	135.895	136.195	135.893	136.116	7899	0	12
2014.10.22	00:00:00	136.115	136.139	135.933	136.024	10450	0	12
2014.10.22	04:00:00	136.023	136.198	135.973	136.049	9309	0	12
2014.10.22	08:00:00	136.050	136.175	135.502	135.650	20671	0	12
2014.10.22	12:00:00	135.649	136.031	135.649	135.845	22046	0	12
2014.10.22	16:00:00	135.845	135.910	135.573	135.589	22685	0	12
2014.10.22	20:00:00	135.593	135.635	135.429	135.556	9608	0	12
2014.10.23	00:00:00	135.553	135.600	135.427	135.498	9578	0	12
2014.10.23	04:00:00	135.499	135.675	135.481	135.624	9142	0	12
2014.10.23	08:00:00	135.622	136.282	135.202	136.135	24342	0	12
2014.10.23	12:00:00	136.133	136.657	136.092	136.533	22183	0	9
2014.10.23	16:00:00	136.532	136.999	136.515	136.884	20987	0	12
2014.10.23	20:00:00	136.884	136.965	136.774	136.944	11173	0	12
2014.10.24	00:00:00	136.945	136.945	136.520	136.748	14016	0	12
2014.10.24	04:00:00	136.749	136.796	136.612	136.616	9208	0	12
2014.10.24	08:00:00	136.615	136.958	136.585	136.784	19885	0	12
2014.10.24	12:00:00	136.783	137.069	136.487	136.908	21962	0	12
2014.10.24	16:00:00	136.905	137.066	136.786	136.909	22092	0	7
2014.10.24	20:00:00	136.911	137.019	136.858	137.016	4451	0	9
2014.10.27	00:00:00	137.125	137.236	136.946	137.110	16785	0	8
2014.10.27	04:00:00	137.111	137.247	137.032	137.059	10112	0	8
2014.10.27	08:00:00	137.057	137.150	136.607	136.614	20382	0	12
2014.10.27	12:00:00	136.616	137.019	136.582	136.976	24680	0	12
2014.10.27	16:00:00	136.976	137.054	136.784	136.848	16463	0	12
2014.10.27	20:00:00	136.850	136.965	136.845	136.914	6391	0	12
2014.10.28	00:00:00	136.918	137.207	136.884	137.017	10776	0	12
2014.10.28	04:00:00	137.013	137.073	136.901	136.970	8126	0	1
2014.10.28	08:00:00	136.969	137.248	136.956	137.221	17628	0	1
2014.10.28	12:00:00	137.222	137.628	137.184	137.614	27977	0	1
2014.10.28	16:00:00	137.613	137.792	137.541	137.651	14773	0	13
2014.10.28	20:00:00	137.651	137.769	137.632	137.680	6666	0	13
2014.10.29	00:00:00	137.680	137.805	137.659	137.736	9159	0	13
2014.10.29	04:00:00	137.735	137.770	137.593	137.593	7179	0	13
2014.10.29	08:00:00	137.593	137.753	137.411	137.697	16786	0	13
2014.10.29	12:00:00	137.697	137.929	137.631	137.881	19194	0	13
2014.10.29	16:00:00	137.883	138.023	137.402	137.559	25038	0	13
2014.10.29	20:00:00	137.561	137.674	137.445	137.497	13198	0	13
2014.10.30	00:00:00	137.495	137.721	137.434	137.588	14656	0	13
2014.10.30	04:00:00	137.587	137.637	137.334	137.487	11923	0	13
2014.10.30	08:00:00	137.487	137.519	137.038	137.230	26839	0	13
2014.10.30	12:00:00	137.226	137.520	137.150	137.520	29579	0	8
2014.10.30	16:00:00	137.522	138.057	137.382	137.889	25160	0	13
2014.10.30	20:00:00	137.888	137.942	137.694	137.831	10570	0	13
2014.10.31	00:00:00	137.830	137.883	137.672	137.795	14238	0	13
2014.10.31	04:00:00	137.796	139.759	137.752	139.620	27614	0	13
2014.10.31	08:00:00	139.610	140.650	139.578	140.547	35740	0	13
2014.10.31	12:00:00	140.548	140.699	139.980	140.424	39492	0	13
2014.10.31	16:00:00	140.425	140.685	140.269	140.673	24723	0	13
2014.10.31	20:00:00	140.673	140.786	140.540	140.664	6338	0	13
2014.11.03	00:00:00	141.273	141.329	140.397	140.662	20817	0	13
2014.11.03	04:00:00	140.663	140.806	140.633	140.720	9861	0	13
2014.11.03	08:00:00	140.720	141.717	140.696	141.603	26434	0	13
2014.11.03	12:00:00	141.603	142.319	141.480	142.162	26545	0	13
2014.11.03	16:00:00	142.200	142.553	142.049	142.057	27395	0	13
2014.11.03	20:00:00	142.057	142.359	141.953	142.104	14842	0	13
2014.11.04	00:00:00	142.107	142.208	141.815	142.208	18456	0	13
2014.11.04	04:00:00	142.208	142.315	141.897	142.082	17022	0	13
2014.11.04	08:00:00	142.083	142.246	141.695	141.909	27077	0	13
2014.11.04	12:00:00	141.910	142.238	141.807	142.194	24916	0	12
2014.11.04	16:00:00	142.193	142.537	142.168	142.505	28409	0	13
2014.11.04	20:00:00	142.505	142.612	142.352	142.393	11346	0	13
2014.11.05	00:00:00	142.393	142.790	142.383	142.678	17136	0	13
2014.11.05	04:00:00	142.678	143.432	142.658	143.110	21864	0	12
2014.11.05	08:00:00	143.111	143.442	142.829	142.940	30385	0	12
2014.11.05	12:00:00	142.938	143.371	142.858	143.213	31359	0	12
2014.11.05	16:00:00	143.213	143.285	142.905	143.163	26602	0	12
2014.11.05	20:00:00	143.165	143.267	143.053	143.120	11142	0	12
2014.11.06	00:00:00	143.120	143.686	142.968	143.668	20190	0	12
2014.11.06	04:00:00	143.666	144.214	142.904	143.228	31919	0	1
2014.11.06	08:00:00	143.233	143.504	143.028	143.397	28732	0	1
2014.11.06	12:00:00	143.397	143.598	142.408	142.518	34053	0	12
2014.11.06	16:00:00	142.521	142.720	142.183	142.391	29116	0	12
2014.11.06	20:00:00	142.391	142.665	142.314	142.625	12923	0	12
2014.11.07	00:00:00	142.624	142.764	142.481	142.671	18283	0	12
2014.11.07	04:00:00	142.668	142.909	142.610	142.839	16078	0	12
2014.11.07	08:00:00	142.839	142.882	142.703	142.835	25359	0	12
2014.11.07	12:00:00	142.835	143.051	142.324	142.500	35329	0	12
2014.11.07	16:00:00	142.500	142.751	142.249	142.388	31444	0	12
2014.11.07	20:00:00	142.388	142.793	142.351	142.734	11445	0	12
2014.11.10	00:00:00	142.655	142.845	142.346	142.547	17645	0	12
2014.11.10	04:00:00	142.546	142.638	142.284	142.385	12836	0	12
2014.11.10	08:00:00	142.386	142.651	142.086	142.612	23734	0	12
2014.11.10	12:00:00	142.612	142.764	142.471	142.671	22804	0	12
2014.11.10	16:00:00	142.669	142.726	142.548	142.673	22049	0	12
2014.11.10	20:00:00	142.674	142.749	142.549	142.658	9111	0	12
2014.11.11	00:00:00	142.657	142.876	142.583	142.720	13631	0	12
2014.11.11	04:00:00	142.720	143.353	142.685	143.295	19210	0	12
2014.11.11	08:00:00	143.295	143.976	143.258	143.914	27504	0	12
2014.11.11	12:00:00	143.917	143.994	143.698	143.716	22165	0	3
2014.11.11	16:00:00	143.715	144.329	143.711	144.187	25045	0	12
2014.11.11	20:00:00	144.189	144.692	143.772	144.474	15432	0	12
2014.11.12	00:00:00	144.474	144.568	143.758	143.936	21036	0	12
2014.11.12	04:00:00	143.936	144.422	143.660	144.053	21755	0	12
2014.11.12	08:00:00	144.052	144.076	143.345	143.668	28776	0	12
2014.11.12	12:00:00	143.668	143.825	143.430	143.481	32571	0	12
2014.11.12	16:00:00	143.481	143.806	143.436	143.723	25818	0	12
2014.11.12	20:00:00	143.724	143.790	143.585	143.653	10923	0	12
2014.11.13	00:00:00	143.649	143.920	143.561	143.784	17039	0	12
2014.11.13	04:00:00	143.786	144.144	143.743	144.073	17334	0	12
2014.11.13	08:00:00	144.064	144.314	143.893	144.008	23987	0	5
2014.11.13	12:00:00	144.008	144.191	143.745	144.179	27526	0	1
2014.11.13	16:00:00	144.182	144.587	144.144	144.334	33625	0	1
2014.11.13	20:00:00	144.333	144.533	144.271	144.410	14048	0	1
2014.11.14	00:00:00	144.410	144.828	144.297	144.502	13856	0	4
2014.11.14	04:00:00	144.500	144.602	144.334	144.494	11923	0	4
2014.11.14	08:00:00	144.484	145.050	144.484	144.997	17978	0	4
2014.11.14	12:00:00	144.990	145.047	144.770	144.792	26501	0	1
2014.11.14	16:00:00	144.792	145.838	144.779	145.578	38208	0	1
2014.11.14	20:00:00	145.578	145.716	145.517	145.587	11122	0	1
2014.11.17	00:00:00	145.988	146.523	145.098	145.509	23971	0	4
2014.11.17	04:00:00	145.509	145.601	144.856	144.993	13275	0	4
2014.11.17	08:00:00	144.995	145.459	144.785	145.259	18997	0	4
2014.11.17	12:00:00	145.262	145.398	145.051	145.126	28609	0	1
2014.11.17	16:00:00	145.127	145.165	144.870	145.043	24201	0	1
2014.11.17	20:00:00	145.042	145.302	144.966	145.234	9629	0	1
2014.11.18	00:00:00	145.230	145.491	145.192	145.334	12252	0	4
2014.11.18	04:00:00	145.332	145.577	145.326	145.497	8874	0	5
2014.11.18	08:00:00	145.500	146.625	145.442	146.020	29657	0	1
2014.11.18	12:00:00	146.016	146.154	145.737	145.866	18616	0	4
2014.11.18	16:00:00	145.874	146.470	145.837	146.412	12941	0	4
2014.11.18	20:00:00	146.409	146.645	146.348	146.506	5905	0	4
2014.11.19	00:00:00	146.507	146.788	146.363	146.677	12634	0	4
2014.11.19	04:00:00	146.679	146.993	146.602	146.869	13052	0	4
2014.11.19	08:00:00	146.869	147.518	146.795	147.410	15002	0	1
2014.11.19	12:00:00	147.413	147.772	147.360	147.581	12373	0	4
2014.11.19	16:00:00	147.581	147.880	147.461	147.850	9554	0	4
2014.11.19	20:00:00	147.858	148.370	147.719	148.239	10840	0	4
2014.11.20	00:00:00	148.240	148.345	148.004	148.199	14196	0	13
2014.11.20	04:00:00	148.198	148.931	148.198	148.750	15397	0	13
2014.11.20	08:00:00	148.754	149.130	148.048	148.170	23766	0	13
2014.11.20	12:00:00	148.170	148.304	147.909	148.113	22218	0	13
2014.11.20	16:00:00	148.113	148.221	147.878	147.978	17966	0	13
2014.11.20	20:00:00	147.979	148.362	147.974	148.311	9169	0	13
2014.11.21	00:00:00	148.316	148.428	147.460	147.770	16687	0	13
2014.11.21	04:00:00	147.764	148.034	147.657	147.757	14683	0	13
2014.11.21	08:00:00	147.759	147.825	146.293	146.598	23899	0	13
2014.11.21	12:00:00	146.598	146.753	146.164	146.386	21553	0	13
2014.11.21	16:00:00	146.388	146.463	145.674	145.876	11287	0	4
2014.11.21	20:00:00	145.877	146.032	145.790	145.947	3121	0	4
2014.11.24	00:00:00	145.761	145.906	145.583	145.790	9988	9147580000	20
2014.11.24	04:00:00	145.791	146.258	145.748	146.240	7384	8973799000	47
2014.11.24	08:00:00	146.240	146.791	146.038	146.605	13334	8037200000	4
2014.11.24	12:00:00	146.606	146.926	146.556	146.889	11096	0	4
2014.11.24	16:00:00	146.887	147.321	146.778	147.146	11509	0	4
2014.11.24	20:00:00	147.148	147.217	147.053	147.143	4144	1000000	4
2014.11.25	00:00:00	147.126	147.384	146.436	146.849	13539	10500000	13
2014.11.25	04:00:00	146.851	146.880	146.376	146.453	11988	0	13
2014.11.25	08:00:00	146.450	146.941	146.292	146.896	14424	27000000	4
2014.11.25	12:00:00	146.896	147.021	146.596	146.668	15004	101000000	5
2014.11.25	16:00:00	146.671	147.203	146.661	146.928	19437	0	13
2014.11.25	20:00:00	146.928	147.189	146.912	147.150	9758	0	13
2014.11.26	00:00:00	147.139	147.162	146.850	146.870	9970	34500000	13
2014.11.26	04:00:00	146.869	146.992	146.847	146.911	9467	0	13
2014.11.26	08:00:00	146.912	147.265	146.622	146.762	18198	20500000	13
2014.11.26	12:00:00	146.761	147.109	146.494	147.004	20600	0	13
2014.11.26	16:00:00	147.006	147.302	146.945	147.132	19635	0	13
2014.11.26	20:00:00	147.134	147.410	147.134	147.206	4889	0	3
2014.11.27	00:00:00	147.236	147.237	146.854	146.897	7898	0	5
2014.11.27	04:00:00	146.897	147.014	146.688	146.702	8205	0	4
2014.11.27	08:00:00	146.706	146.972	146.417	146.421	10549	0	4
2014.11.27	12:00:00	146.421	146.816	146.421	146.705	7752	0	4
2014.11.27	16:00:00	146.709	147.147	146.699	146.859	7271	0	4
2014.11.27	20:00:00	146.857	146.924	146.710	146.739	3243	0	12
2014.11.28	00:00:00	146.689	147.276	146.689	147.233	13756	0	13
2014.11.28	04:00:00	147.232	147.305	147.124	147.152	12006	0	13
2014.11.28	08:00:00	147.153	147.261	146.879	146.905	15442	0	13
2014.11.28	12:00:00	146.993	147.866	146.965	147.836	18393	0	13
2014.11.28	16:00:00	147.837	147.969	147.548	147.610	18971	0	13
2014.11.28	20:00:00	147.603	147.784	147.507	147.634	4543	0	13
2014.12.01	00:00:00	147.954	148.020	147.740	147.885	14703	0	13
2014.12.01	04:00:00	147.889	148.100	147.833	147.991	11610	0	13
2014.12.01	08:00:00	147.994	148.151	147.084	147.477	20461	0	13
2014.12.01	12:00:00	147.479	147.783	147.434	147.629	19277	0	13
2014.12.01	16:00:00	147.628	147.725	147.296	147.725	21525	0	13
2014.12.01	20:00:00	147.723	147.755	147.520	147.619	9681	0	13
2014.12.02	00:00:00	147.617	147.669	147.453	147.593	10722	0	13
2014.12.02	04:00:00	147.595	147.723	147.557	147.631	9952	0	13
2014.12.02	08:00:00	147.627	147.991	147.567	147.895	17445	0	13
2014.12.02	12:00:00	147.890	148.187	147.761	147.977	19405	0	7
2014.12.02	16:00:00	147.977	148.010	147.538	147.666	13373	0	4
2014.12.02	20:00:00	147.666	147.710	147.544	147.607	4849	0	4
2014.12.03	00:00:00	147.604	147.910	147.568	147.827	8943	0	5
2014.12.03	04:00:00	147.823	147.895	147.445	147.476	9374	0	4
2014.12.03	08:00:00	147.475	147.632	147.050	147.193	12846	0	4
2014.12.03	12:00:00	147.193	147.424	147.070	147.105	12000	0	4
2014.12.03	16:00:00	147.105	147.536	147.029	147.423	14190	0	4
2014.12.03	20:00:00	147.424	147.565	147.374	147.452	4893	0	5
2014.12.04	00:00:00	147.457	147.642	147.393	147.554	8810	0	4
2014.12.04	04:00:00	147.554	147.644	147.480	147.539	7788	0	4
2014.12.04	08:00:00	147.537	147.820	147.476	147.694	11407	0	5
2014.12.04	12:00:00	147.693	148.580	147.290	148.420	13602	0	4
2014.12.04	16:00:00	148.420	148.946	148.111	148.247	20574	0	4
2014.12.04	20:00:00	148.249	148.372	148.117	148.236	5828	0	7
2014.12.05	00:00:00	148.240	148.486	148.226	148.421	8963	0	6
2014.12.05	04:00:00	148.421	148.631	148.361	148.531	7622	0	4
2014.12.05	08:00:00	148.532	148.907	148.518	148.844	11267	0	4
2014.12.05	12:00:00	148.844	149.144	148.527	149.061	14970	0	1
2014.12.05	16:00:00	149.062	149.510	148.955	149.387	16467	0	4
2014.12.05	20:00:00	149.389	149.419	149.118	149.226	5879	0	5
2014.12.08	00:00:00	149.305	149.780	149.198	149.414	13015	14490468000	2
2014.12.08	04:00:00	149.413	149.458	149.270	149.390	11513	12525300000	1
2014.12.08	08:00:00	149.390	149.392	148.368	148.503	15177	16303900000	1
2014.12.08	12:00:00	148.503	148.580	148.190	148.274	13806	14939289000	1
2014.12.08	16:00:00	148.276	148.808	148.189	148.684	14125	15883298000	1
2014.12.08	20:00:00	148.685	148.731	148.315	148.464	8860	9451689000	1
2014.12.09	00:00:00	148.613	148.873	148.412	148.620	12080	13295700000	1
2014.12.09	04:00:00	148.624	148.736	147.783	147.966	13974	15801092000	2
2014.12.09	08:00:00	147.966	148.273	147.690	148.178	16706	17886400000	1
2014.12.09	12:00:00	148.168	148.373	147.900	148.166	15097	16637400000	1
2014.12.09	16:00:00	148.166	148.196	146.800	147.844	31787	2126000000	1
2014.12.09	20:00:00	147.843	148.115	147.736	148.096	15971	0	13
2014.12.10	00:00:00	148.093	148.232	147.651	148.142	20856	0	16
2014.12.10	04:00:00	148.142	148.244	147.125	147.559	22672	0	13
2014.12.10	08:00:00	147.555	147.750	147.288	147.611	21112	6266300000	2
2014.12.10	12:00:00	147.613	147.739	147.289	147.450	14291	15067400000	1
2014.12.10	16:00:00	147.451	147.612	147.011	147.260	17069	18299300000	1
2014.12.10	20:00:00	147.256	147.398	146.508	146.640	11209	11353399000	1
2014.12.11	00:00:00	146.565	147.342	146.419	147.231	14719	14318475000	1
2014.12.11	04:00:00	147.231	147.253	146.840	147.066	11818	13581500000	1
2014.12.11	08:00:00	147.081	147.636	146.969	147.475	15164	16309738000	1
2014.12.11	12:00:00	147.473	147.856	147.133	147.337	15617	16894600000	1
2014.12.11	16:00:00	147.339	148.054	147.324	147.846	15272	16929100000	1
2014.12.11	20:00:00	147.838	148.020	147.156	147.156	9265	9801900000	1
2014.12.12	00:00:00	147.241	147.724	147.180	147.591	12298	12639500000	1
2014.12.12	04:00:00	147.603	147.610	146.953	147.359	11243	12980098000	1
2014.12.12	08:00:00	147.352	147.482	146.949	147.077	14404	14878825000	1
2014.12.12	12:00:00	147.072	147.596	147.014	147.549	14270	14107700000	1
2014.12.12	16:00:00	147.549	148.176	147.478	147.492	18648	18224586000	1
2014.12.12	20:00:00	147.485	148.053	147.485	147.985	16004	10500000	12
2014.12.15	00:00:00	147.897	148.239	146.829	147.996	15942	14034790000	1
2014.12.15	04:00:00	147.996	148.017	147.461	147.533	11700	12176500000	2
2014.12.15	08:00:00	147.530	147.666	147.145	147.314	13147	14184783000	1
2014.12.15	12:00:00	147.313	147.899	147.278	147.515	13141	14836194000	1
2014.12.15	16:00:00	147.514	147.738	146.631	146.902	18574	19473494000	1
2014.12.15	20:00:00	146.900	146.926	146.264	146.400	8618	8774200000	1
2014.12.16	00:00:00	146.485	146.769	146.404	146.450	12004	11616300000	2
2014.12.16	04:00:00	146.417	146.624	145.980	146.024	12371	13067490000	1
2014.12.16	08:00:00	146.027	146.217	145.199	145.759	17659	17615298000	1
2014.12.16	12:00:00	145.717	146.074	144.959	145.479	21232	19630995000	1
2014.12.16	16:00:00	145.479	147.021	145.317	146.719	18788	19197999000	1
2014.12.16	20:00:00	146.716	146.887	145.437	145.460	11112	11193837000	1
2014.12.17	00:00:00	145.551	146.400	145.500	145.939	12710	11500100000	2
2014.12.17	04:00:00	145.938	146.267	145.728	146.196	11436	11130100000	2
2014.12.17	08:00:00	146.195	146.468	145.874	145.887	15066	15722097000	1
2014.12.17	12:00:00	145.884	146.181	145.690	145.892	15265	14626830000	1
2014.12.17	16:00:00	145.891	146.161	145.341	146.002	18983	25286593000	1
2014.12.17	20:00:00	145.995	146.761	145.212	146.406	16663	16257800000	1
2014.12.18	00:00:00	146.358	146.735	146.316	146.474	11332	11325853000	1
2014.12.18	04:00:00	146.474	146.548	146.066	146.244	9645	11017600000	1
2014.12.18	08:00:00	146.244	146.427	145.810	145.983	16429	16805099000	1
2014.12.18	12:00:00	145.981	146.353	145.827	146.347	14000	15124700000	1
2014.12.18	16:00:00	146.344	146.500	145.598	146.206	16435	17328099000	1
2014.12.18	20:00:00	146.203	146.203	145.736	145.972	9415	9645399000	2
2014.12.19	00:00:00	145.960	146.283	145.940	146.057	11387	12325800000	2
2014.12.19	04:00:00	146.056	146.617	146.049	146.603	12234	13574900000	3
2014.12.19	08:00:00	146.603	146.739	146.356	146.538	13917	13652500000	1
2014.12.19	12:00:00	146.541	146.685	146.099	146.378	15990	15002900000	0
2014.12.19	16:00:00	146.380	146.662	146.091	146.251	16743	16318200000	0
2014.12.19	20:00:00	146.249	146.277	145.904	145.937	8585	8414973000	1
2014.12.22	00:00:00	146.117	146.212	145.949	146.137	38153	36832647000	0
2014.12.22	04:00:00	146.137	146.356	146.041	146.337	32938	32954644000	0
2014.12.22	08:00:00	146.337	147.026	146.337	146.947	42585	49595002000	0
2014.12.22	12:00:00	146.947	147.121	146.753	147.040	40145	49102368000	0
2014.12.22	16:00:00	147.039	147.098	146.743	146.889	43818	56695945000	0
2014.12.22	20:00:00	146.889	146.956	146.567	146.809	31996	34777971000	1
2014.12.23	00:00:00	146.807	146.959	146.710	146.885	31910	34041150000	0
2014.12.23	04:00:00	146.885	146.967	146.836	146.914	30600	38341474000	1
2014.12.23	08:00:00	146.914	147.105	146.876	146.919	33323	36462306000	0
2014.12.23	12:00:00	146.918	146.982	146.686	146.881	29165	30870975000	0
2014.12.23	16:00:00	146.881	147.131	146.850	146.851	42478	48586579000	0
2014.12.23	20:00:00	146.851	147.083	146.803	146.866	28591	34435349000	0
2014.12.24	00:00:00	146.866	147.012	146.726	146.735	34702	41195795000	0
2014.12.24	04:00:00	146.735	146.754	146.443	146.569	32206	44990480000	0
2014.12.24	08:00:00	146.569	147.000	146.506	146.977	34959	34524740000	0
2014.12.24	12:00:00	146.977	147.137	146.811	147.016	37037	34732900000	0
2014.12.24	16:00:00	147.017	147.025	146.774	146.833	32490	38388700000	0
2014.12.26	08:00:00	146.786	146.859	146.634	146.698	20656	28518550000	5
2014.12.26	12:00:00	146.698	146.726	146.475	146.611	29460	31713850000	0
2014.12.26	16:00:00	146.611	146.654	146.529	146.582	26982	21155000000	0
2014.12.26	20:00:00	146.582	146.650	146.493	146.496	24995	11069150000	0
2014.12.29	00:00:00	146.572	146.961	146.520	146.958	32664	28999356000	0
2014.12.29	04:00:00	146.957	146.976	146.602	146.719	28656	37219878000	0
2014.12.29	08:00:00	146.726	147.028	146.504	146.957	11454	10585700000	0
2014.12.29	12:00:00	146.956	147.155	146.779	147.098	11261	10394173000	0
2014.12.29	16:00:00	147.098	147.217	146.792	146.816	9716	10412479000	1
2014.12.29	20:00:00	146.815	146.816	146.527	146.623	6597	6578500000	0
2014.12.30	00:00:00	146.597	146.736	146.357	146.372	8633	9036900000	3
2014.12.30	04:00:00	146.385	146.392	146.068	146.101	9842	10089340000	1
2014.12.30	08:00:00	146.100	146.100	145.106	145.542	14768	13519970000	0
2014.12.30	12:00:00	145.538	145.659	145.193	145.353	13322	10945800000	0
2014.12.30	16:00:00	145.353	145.452	144.766	145.239	12292	12800700000	0
2014.12.30	20:00:00	145.239	145.370	145.131	145.171	7104	6927300000	0
2014.12.31	00:00:00	145.198	145.351	145.096	145.134	7814	7160500000	1
2014.12.31	04:00:00	145.135	145.534	145.098	145.518	8210	8728480000	4
2014.12.31	08:00:00	145.518	145.573	145.186	145.195	8750	9003000000	3
2014.12.31	12:00:00	145.192	145.267	144.975	145.128	8944	9388600000	1
2014.12.31	16:00:00	145.131	145.224	144.817	144.996	11861	10603800000	0
2015.01.02	08:00:00	145.134	145.312	144.893	145.183	17574	0	13
2015.01.02	12:00:00	145.182	145.288	145.009	145.093	18350	0	13
2015.01.02	16:00:00	145.089	145.204	144.126	144.393	25929	0	13
2015.01.02	20:00:00	144.393	144.637	144.373	144.597	12869	0	13
2015.01.05	00:00:00	143.967	144.109	143.136	143.928	24132	0	18
2015.01.05	04:00:00	143.927	144.055	143.606	143.692	16292	0	13
2015.01.05	08:00:00	143.693	144.152	143.631	143.703	25169	0	13
2015.01.05	12:00:00	143.702	143.702	142.727	142.739	28467	0	13
2015.01.05	16:00:00	142.740	142.813	142.297	142.610	29871	0	13
2015.01.05	20:00:00	142.608	142.958	142.513	142.731	15858	0	13
2015.01.06	00:00:00	142.732	142.766	142.275	142.621	16402	0	14
2015.01.06	04:00:00	142.621	142.621	142.149	142.237	16848	0	13
2015.01.06	08:00:00	142.237	142.407	141.399	141.503	28428	0	13
2015.01.06	12:00:00	141.503	142.005	141.372	141.694	28230	0	13
2015.01.06	16:00:00	141.696	141.805	141.065	141.248	34520	0	13
2015.01.06	20:00:00	141.246	141.435	140.728	140.742	23454	0	13
2015.01.07	00:00:00	140.741	141.330	140.559	141.330	18875	0	18
2015.01.07	04:00:00	141.331	141.493	141.112	141.195	14683	0	13
2015.01.07	08:00:00	141.195	141.659	140.818	140.848	27191	0	13
2015.01.07	12:00:00	140.849	141.349	140.787	141.251	31067	0	13
2015.01.07	16:00:00	141.254	141.430	140.903	141.337	31165	0	13
2015.01.07	20:00:00	141.336	141.364	140.919	141.173	22461	0	13
2015.01.08	00:00:00	141.175	141.591	141.088	141.533	17456	0	18
2015.01.08	04:00:00	141.533	141.669	141.440	141.498	16108	0	13
2015.01.08	08:00:00	141.498	141.716	141.066	141.067	24719	0	13
2015.01.08	12:00:00	141.070	141.138	140.702	140.800	27249	0	13
2015.01.08	16:00:00	140.801	141.303	140.742	141.236	28906	0	13
2015.01.08	20:00:00	141.237	141.333	140.957	141.060	15441	0	13
2015.01.09	00:00:00	141.063	141.356	141.063	141.101	17713	0	18
2015.01.09	04:00:00	141.101	141.189	140.756	140.930	16872	0	13
2015.01.09	08:00:00	140.930	141.105	140.763	140.992	24203	0	13
2015.01.09	12:00:00	141.000	141.031	140.392	140.859	28871	0	13
2015.01.09	16:00:00	140.860	140.959	140.180	140.262	35012	0	13
2015.01.09	20:00:00	140.263	140.510	140.245	140.274	17984	0	13
2015.01.12	00:00:00	140.184	140.419	140.101	140.361	14098	0	18
2015.01.12	04:00:00	140.361	140.466	140.018	140.106	13918	0	13
2015.01.12	08:00:00	140.107	140.727	140.098	140.727	25658	0	13
2015.01.12	12:00:00	140.728	140.870	140.346	140.527	26408	0	13
2015.01.12	16:00:00	140.528	140.536	139.749	139.896	30045	0	13
2015.01.12	20:00:00	139.895	140.140	139.805	140.023	16622	0	13
2015.01.13	00:00:00	140.028	140.153	139.448	139.590	19572	0	18
2015.01.13	04:00:00	139.586	140.383	139.516	140.345	19684	0	13
2015.01.13	08:00:00	140.350	140.498	139.727	139.960	28668	0	13
2015.01.13	12:00:00	139.958	139.997	139.344	139.414	27195	0	13
2015.01.13	16:00:00	139.417	139.785	138.978	139.004	30879	0	13
2015.01.13	20:00:00	139.003	139.107	138.312	138.803	24852	0	13
2015.01.14	00:00:00	138.800	138.890	138.340	138.404	20596	0	18
2015.01.14	04:00:00	138.403	138.494	137.984	138.103	21454	0	13
2015.01.14	08:00:00	138.097	138.419	136.996	137.423	32114	0	13
2015.01.14	12:00:00	137.420	137.673	137.152	137.540	31033	0	13
2015.01.14	16:00:00	137.541	138.008	137.302	137.950	32922	0	13
2015.01.14	20:00:00	137.951	138.378	137.758	138.307	21279	0	13
2015.01.15	00:00:00	138.309	138.645	138.075	138.586	18118	0	18
2015.01.15	04:00:00	138.587	138.782	138.502	138.572	16415	0	13
2015.01.15	08:00:00	138.572	138.733	135.697	137.123	28339	0	13
2015.01.15	12:00:00	137.117	137.512	136.006	136.774	41972	0	13
2015.01.15	16:00:00	136.778	136.857	135.043	135.397	38129	0	13
2015.01.15	20:00:00	135.396	135.668	134.993	135.090	24837	0	13
2015.01.16	00:00:00	135.081	135.418	134.695	135.059	23965	0	18
2015.01.16	04:00:00	135.059	135.480	134.796	135.395	22356	0	13
2015.01.16	08:00:00	135.394	135.938	135.197	135.362	28832	0	13
2015.01.16	12:00:00	135.363	135.509	134.922	135.164	28637	0	13
2015.01.16	16:00:00	135.164	135.734	134.849	135.731	39333	0	13
2015.01.16	20:00:00	135.732	136.171	135.497	135.887	20368	0	13
2015.01.19	00:00:00	135.691	136.046	135.308	135.553	16054	0	12
2015.01.19	04:00:00	135.550	135.610	135.129	135.388	15927	0	10
2015.01.19	08:00:00	135.402	136.357	135.283	136.164	18729	0	8
2015.01.19	12:00:00	136.162	136.389	135.908	136.364	12037	0	14
2015.01.19	16:00:00	136.366	136.814	136.285	136.427	10278	0	10
2015.01.19	20:00:00	136.429	136.662	136.356	136.402	5756	0	8
2015.01.20	00:00:00	136.434	136.878	136.407	136.854	8296	0	24
2015.01.20	04:00:00	136.854	137.091	136.701	137.024	7467	0	14
2015.01.20	08:00:00	137.023	137.278	136.597	137.230	15098	0	14
2015.01.20	12:00:00	137.237	137.626	137.076	137.499	14793	0	13
2015.01.20	16:00:00	137.499	137.523	136.856	137.058	18267	0	14
2015.01.20	20:00:00	137.054	137.277	136.951	137.188	8010	0	8
2015.01.21	00:00:00	137.190	137.276	136.898	136.920	7341	0	18
2015.01.21	04:00:00	136.921	137.012	136.147	136.392	11679	0	16
2015.01.21	08:00:00	136.390	136.445	135.834	136.185	15409	0	16
2015.01.21	12:00:00	136.176	136.488	135.901	136.401	15114	0	15
2015.01.21	16:00:00	136.400	136.889	135.797	136.569	23776	0	14
2015.01.21	20:00:00	136.570	136.943	136.367	136.927	8517	0	16
2015.01.22	00:00:00	136.960	137.033	136.757	136.891	7061	0	16
2015.01.22	04:00:00	136.890	137.297	136.865	136.988	7157	0	13
2015.01.22	08:00:00	136.991	137.108	136.534	136.769	14045	0	13
2015.01.22	12:00:00	136.770	136.963	135.835	136.091	19123	0	17
2015.01.22	16:00:00	136.103	136.117	134.282	134.459	25849	0	15
2015.01.22	20:00:00	134.460	134.806	134.210	134.629	12194	0	16
2015.01.23	00:00:00	134.622	135.043	134.392	134.650	9966	0	20
2015.01.23	04:00:00	134.652	134.681	134.148	134.168	8156	0	17
2015.01.23	08:00:00	134.171	134.273	133.000	133.032	19679	0	16
2015.01.23	12:00:00	133.036	133.164	130.916	132.446	22709	0	18
2015.01.23	16:00:00	132.454	132.971	132.056	132.625	21989	0	19
2015.01.23	20:00:00	132.623	132.642	131.911	131.924	9482	0	13
2015.01.26	00:00:00	131.011	131.878	130.138	131.494	12842	0	22
2015.01.26	04:00:00	131.494	131.679	131.136	131.599	7472	0	13
2015.01.26	08:00:00	131.604	133.268	131.589	132.855	19141	0	13
2015.01.26	12:00:00	132.849	133.542	132.573	133.411	14918	0	13
2015.01.26	16:00:00	133.414	133.700	133.038	133.513	16125	0	15
2015.01.26	20:00:00	133.514	133.613	133.078	133.090	7188	0	13
2015.01.27	00:00:00	133.097	133.439	133.021	133.153	7019	0	17
2015.01.27	04:00:00	133.152	133.233	132.753	132.896	7568	0	16
2015.01.27	08:00:00	132.898	133.962	132.488	133.689	15814	19513555000	2
2015.01.27	12:00:00	133.685	133.689	132.865	133.141	21607	0	1
2015.01.27	16:00:00	133.147	134.058	133.048	133.797	23801	0	1
2015.01.27	20:00:00	133.795	134.206	133.774	134.128	11419	0	5
2015.01.28	00:00:00	134.127	134.146	133.681	133.898	14476	0	1
2015.01.28	04:00:00	133.908	134.157	133.790	134.084	9443	0	8
2015.01.28	08:00:00	134.082	134.353	133.396	133.853	19000	0	1
2015.01.28	12:00:00	133.855	133.958	133.552	133.664	18834	0	2
2015.01.28	16:00:00	133.666	133.834	133.213	133.747	19343	0	1
2015.01.28	20:00:00	133.744	133.772	132.440	132.661	21712	0	1
2015.01.29	00:00:00	132.653	133.009	132.381	132.911	8385	0	10
2015.01.29	04:00:00	132.912	133.292	132.545	132.595	8688	0	13
2015.01.29	08:00:00	132.597	133.401	132.555	133.329	16009	26000000	10
2015.01.29	12:00:00	133.330	133.759	133.093	133.561	17126	0	13
2015.01.29	16:00:00	133.564	134.056	133.561	133.761	21476	0	13
2015.01.29	20:00:00	133.763	134.036	133.672	133.849	9595	0	13
2015.01.30	00:00:00	133.879	134.171	133.741	133.755	7453	0	17
2015.01.30	04:00:00	133.756	133.771	133.534	133.582	7336	0	16
2015.01.30	08:00:00	133.580	133.720	132.973	133.042	13683	0	13
2015.01.30	12:00:00	133.043	133.721	132.903	132.915	19192	0	13
2015.01.30	16:00:00	132.920	133.256	132.360	132.522	19713	0	13
2015.01.30	20:00:00	132.521	132.865	132.451	132.592	11097	0	14
2015.02.02	00:00:00	132.269	133.088	132.269	133.079	16743	0	1
2015.02.02	04:00:00	133.080	133.377	132.995	133.089	11598	0	7
2015.02.02	08:00:00	133.089	133.593	132.875	133.591	17399	0	1
2015.02.02	12:00:00	133.590	133.590	132.952	133.061	17084	0	1
2015.02.02	16:00:00	133.061	133.331	132.891	132.938	22010	0	1
2015.02.02	20:00:00	132.940	133.458	132.833	133.342	14220	0	6
2015.02.03	00:00:00	133.279	133.445	132.966	133.011	12420	0	1
2015.02.03	04:00:00	133.013	133.148	132.383	132.569	14280	0	5
2015.02.03	08:00:00	132.557	133.128	132.473	133.049	17542	0	2
2015.02.03	12:00:00	133.046	134.709	133.018	134.678	21314	0	1
2015.02.03	16:00:00	134.677	134.959	134.347	134.617	27515	0	1
2015.02.03	20:00:00	134.620	135.187	134.620	134.930	16854	0	1
2015.02.04	00:00:00	134.937	135.352	134.690	135.235	9878	0	3
2015.02.04	04:00:00	135.239	135.244	134.953	135.121	5910	0	1
2015.02.04	08:00:00	135.121	135.163	134.198	134.217	21458	0	8
2015.02.04	12:00:00	134.223	134.686	134.216	134.502	22964	0	8
2015.02.04	16:00:00	134.504	134.540	133.893	134.144	24328	0	8
2015.02.04	20:00:00	134.144	134.383	132.545	133.023	21023	0	8
2015.02.05	00:00:00	133.012	133.090	132.558	132.894	18263	0	8
2015.02.05	04:00:00	132.894	133.417	132.820	132.980	13417	0	10
2015.02.05	08:00:00	132.979	133.698	132.718	133.616	21219	0	8
2015.02.05	12:00:00	133.620	134.481	133.414	134.170	24396	0	8
2015.02.05	16:00:00	134.166	134.500	134.038	134.312	22401	0	8
2015.02.05	20:00:00	134.311	135.157	134.304	134.857	16625	0	8
2015.02.06	00:00:00	134.854	134.960	134.545	134.545	12553	0	11
2015.02.06	04:00:00	134.546	134.649	134.443	134.503	11095	0	10
2015.02.06	08:00:00	134.502	134.612	134.233	134.324	16993	0	8
2015.02.06	12:00:00	134.325	135.183	133.918	135.122	21796	0	8
2015.02.06	16:00:00	135.121	135.156	134.609	134.925	25313	0	8
2015.02.06	20:00:00	134.926	134.951	134.491	134.742	15318	0	8
2015.02.09	00:00:00	134.445	134.735	134.440	134.596	15669	0	10
2015.02.09	04:00:00	134.601	134.739	134.587	134.684	9936	0	8
2015.02.09	08:00:00	134.682	134.990	134.414	134.429	18120	0	8
2015.02.09	12:00:00	134.418	134.525	133.678	133.961	20023	0	8
2015.02.09	16:00:00	133.958	134.656	133.932	134.451	19608	0	8
2015.02.09	20:00:00	134.450	134.532	134.104	134.327	12605	0	8
2015.02.10	00:00:00	134.330	134.434	134.143	134.145	13632	0	8
2015.02.10	04:00:00	134.151	134.382	134.151	134.371	12366	0	9
2015.02.10	08:00:00	134.371	134.580	134.039	134.087	20050	0	8
2015.02.10	12:00:00	134.087	135.233	134.085	134.963	25295	0	8
2015.02.10	16:00:00	134.965	135.285	134.887	135.026	24500	0	8
2015.02.10	20:00:00	135.025	135.207	134.918	135.177	14682	0	8
2015.02.11	00:00:00	135.173	135.458	135.026	135.305	11218	0	8
2015.02.11	04:00:00	135.304	135.453	135.238	135.313	9858	0	9
2015.02.11	08:00:00	135.312	135.656	135.188	135.642	18568	0	8
2015.02.11	12:00:00	135.639	135.662	135.338	135.506	21401	0	8
2015.02.11	16:00:00	135.505	136.206	135.469	135.875	24673	0	8
2015.02.11	20:00:00	135.881	136.683	135.646	136.537	14410	0	8
2015.02.12	00:00:00	136.534	136.672	135.766	135.812	14829	0	8
2015.02.12	04:00:00	135.811	136.153	135.770	136.102	10334	0	10
2015.02.12	08:00:00	136.099	136.342	134.799	135.718	22456	0	8
2015.02.12	12:00:00	135.713	135.973	135.455	135.609	23684	0	8
2015.02.12	16:00:00	135.611	135.707	135.133	135.349	25979	0	8
2015.02.12	20:00:00	135.351	135.824	135.298	135.811	15597	0	8
2015.02.13	00:00:00	135.805	135.905	135.481	135.586	14349	0	9
2015.02.13	04:00:00	135.586	135.669	135.212	135.543	15606	0	9
2015.02.13	08:00:00	135.543	136.027	135.526	135.902	20096	0	8
2015.02.13	12:00:00	135.894	135.972	135.435	135.607	16140	0	8
2015.02.13	16:00:00	135.609	135.787	135.283	135.405	16582	0	8
2015.02.13	20:00:00	135.403	135.456	135.107	135.242	11846	0	8
2015.02.16	00:00:00	135.047	135.503	135.040	135.304	14502	0	8
2015.02.16	04:00:00	135.301	135.429	135.164	135.269	10619	0	8
2015.02.16	08:00:00	135.274	135.551	135.167	135.278	12787	0	8
2015.02.16	12:00:00	135.280	135.439	135.022	135.181	13850	0	8
2015.02.16	16:00:00	135.183	135.251	134.234	134.425	17096	0	8
2015.02.16	20:00:00	134.431	134.544	133.991	134.506	16834	0	8
2015.02.17	00:00:00	134.507	134.538	133.933	134.288	15780	0	10
2015.02.17	04:00:00	134.288	134.787	134.230	134.672	12559	0	10
2015.02.17	08:00:00	134.675	135.389	134.407	135.214	19310	0	8
2015.02.17	12:00:00	135.213	135.958	135.171	135.557	22712	0	8
2015.02.17	16:00:00	135.555	136.028	135.454	135.975	23293	0	8
2015.02.17	20:00:00	135.974	136.226	135.947	136.054	14547	0	8
2015.02.18	00:00:00	136.055	136.097	135.808	135.996	12630	0	10
2015.02.18	04:00:00	135.995	136.027	135.657	135.825	12894	0	9
2015.02.18	08:00:00	135.830	136.064	135.536	135.751	19186	0	8
2015.02.18	12:00:00	135.750	135.876	135.450	135.603	20863	0	8
2015.02.18	16:00:00	135.602	135.704	135.103	135.264	21382	0	8
2015.02.18	20:00:00	135.266	135.444	135.074	135.372	19323	0	8
2015.02.19	00:00:00	135.364	135.459	135.192	135.438	13360	0	9
2015.02.19	04:00:00	135.439	135.525	135.279	135.510	10853	0	8
2015.02.19	08:00:00	135.508	135.938	135.420	135.474	17076	0	8
2015.02.19	12:00:00	135.469	135.688	134.952	135.437	22562	0	8
2015.02.19	16:00:00	135.435	135.579	135.072	135.292	20558	0	8
2015.02.19	20:00:00	135.291	135.321	135.119	135.208	11601	0	8
2015.02.20	00:00:00	135.203	135.340	135.129	135.221	10804	0	8
2015.02.20	04:00:00	135.220	135.228	135.088	135.130	8445	0	8
2015.02.20	08:00:00	135.131	135.138	134.097	134.462	18450	0	8
2015.02.20	12:00:00	134.463	134.725	133.666	134.059	21334	0	1
2015.02.20	16:00:00	134.057	135.724	133.557	135.307	24789	0	4
2015.02.20	20:00:00	135.308	135.894	135.284	135.396	17614	0	8
2015.02.23	00:00:00	135.697	135.697	135.314	135.487	10210	0	8
2015.02.23	04:00:00	135.488	135.617	135.269	135.400	7895	0	8
2015.02.23	08:00:00	135.400	135.461	134.865	134.901	16879	0	8
2015.02.23	12:00:00	134.898	134.925	134.444	134.597	18094	0	8
2015.02.23	16:00:00	134.596	135.063	134.506	134.708	17018	0	8
2015.02.23	20:00:00	134.713	135.021	134.581	134.665	10538	0	8
2015.02.24	00:00:00	134.663	134.904	134.644	134.904	9215	0	8
2015.02.24	04:00:00	134.905	135.042	134.834	134.960	9392	0	8
2015.02.24	08:00:00	134.959	135.216	134.889	135.082	16793	0	8
2015.02.24	12:00:00	135.084	135.506	135.023	135.438	16615	0	8
2015.02.24	16:00:00	135.441	135.581	134.517	134.771	23467	0	8
2015.02.24	20:00:00	134.773	134.954	134.629	134.897	12757	0	8
2015.02.25	00:00:00	134.882	134.971	134.588	134.637	13674	0	8
2015.02.25	04:00:00	134.636	134.762	134.568	134.688	9327	0	8
2015.02.25	08:00:00	134.689	135.222	134.689	134.963	17566	0	8
2015.02.25	12:00:00	134.963	135.103	134.750	134.940	17988	0	8
2015.02.25	16:00:00	134.938	135.154	134.852	135.144	17046	0	8
2015.02.25	20:00:00	135.144	135.154	134.938	135.027	10496	0	8
2015.02.26	00:00:00	135.005	135.366	135.005	135.273	11499	0	8
2015.02.26	04:00:00	135.266	135.329	135.142	135.171	8547	0	8
2015.02.26	08:00:00	135.171	135.235	134.759	135.018	16329	0	8
2015.02.26	12:00:00	135.020	135.107	134.023	134.117	18761	0	8
2015.02.26	16:00:00	134.116	134.145	133.544	133.696	21660	0	8
2015.02.26	20:00:00	133.696	133.828	133.582	133.701	12759	0	8
2015.02.27	00:00:00	133.706	133.793	133.603	133.626	13353	0	8
2015.02.27	04:00:00	133.624	133.751	133.516	133.661	11157	0	8
2015.02.27	08:00:00	133.659	134.094	133.579	133.988	17064	0	8
2015.02.27	12:00:00	133.987	134.217	133.777	133.972	19818	0	8
2015.02.27	16:00:00	133.973	134.266	133.444	134.033	20786	0	8
2015.02.27	20:00:00	134.036	134.149	133.792	133.919	11772	0	8
2015.03.02	00:00:00	133.854	133.937	133.669	133.849	12866	0	8
2015.03.02	04:00:00	133.850	134.028	133.830	133.978	8089	0	8
2015.03.02	08:00:00	133.974	134.470	133.785	134.434	15960	0	8
2015.03.02	12:00:00	134.427	134.588	134.300	134.437	18145	0	8
2015.03.02	16:00:00	134.435	134.549	134.204	134.285	17859	0	8
2015.03.02	20:00:00	134.286	134.444	134.286	134.331	9959	0	8
2015.03.03	00:00:00	134.333	134.431	134.156	134.227	11611	0	8
2015.03.03	04:00:00	134.226	134.273	133.875	133.948	12988	0	8
2015.03.03	08:00:00	133.949	134.222	133.805	133.814	16623	0	8
2015.03.03	12:00:00	133.815	133.914	133.693	133.738	16921	0	8
2015.03.03	16:00:00	133.736	133.988	133.680	133.941	18071	0	8
2015.03.03	20:00:00	133.943	133.963	133.724	133.789	11215	0	8
2015.03.04	00:00:00	133.811	133.847	133.603	133.658	10839	0	8
2015.03.04	04:00:00	133.657	133.773	133.586	133.659	8354	0	8
2015.03.04	08:00:00	133.659	133.808	132.934	133.105	18388	0	8
2015.03.04	12:00:00	133.106	133.220	133.002	133.071	18450	0	8
2015.03.04	16:00:00	133.071	133.094	132.403	132.609	20653	0	8
2015.03.04	20:00:00	132.612	132.635	132.479	132.563	10908	0	8
2015.03.05	00:00:00	132.564	132.729	132.503	132.649	10852	0	8
2015.03.05	04:00:00	132.653	132.687	132.472	132.474	9300	0	8
2015.03.05	08:00:00	132.474	132.531	132.150	132.387	18480	0	8
2015.03.05	12:00:00	132.386	133.569	132.386	132.671	19495	0	8
2015.03.05	16:00:00	132.673	132.749	132.113	132.357	22981	0	8
2015.03.05	20:00:00	132.355	132.540	132.329	132.492	10958	0	8
2015.03.06	00:00:00	132.499	132.555	132.163	132.331	11607	0	8
2015.03.06	04:00:00	132.327	132.389	132.265	132.279	8215	0	8
2015.03.06	08:00:00	132.277	132.449	131.624	131.654	16632	0	8
2015.03.06	12:00:00	131.657	131.814	131.192	131.586	20443	0	8
2015.03.06	16:00:00	131.584	131.831	131.161	131.267	22477	0	8
2015.03.06	20:00:00	131.268	131.286	130.885	130.991	13706	0	8
2015.03.09	00:00:00	130.830	131.035	130.702	130.905	12963	0	10
2015.03.09	04:00:00	130.906	131.287	130.861	131.219	10840	0	1
2015.03.09	08:00:00	131.221	131.599	131.218	131.536	16925	0	5
2015.03.09	12:00:00	131.536	131.718	131.219	131.327	19109	0	8
2015.03.09	16:00:00	131.327	131.804	131.216	131.736	18333	0	8
2015.03.09	20:00:00	131.735	131.742	131.422	131.521	10493	0	8
2015.03.10	00:00:00	131.520	131.868	131.472	131.806	13584	0	8
2015.03.10	04:00:00	131.807	131.870	131.366	131.509	15717	0	8
2015.03.10	08:00:00	131.511	131.725	130.877	131.104	21526	0	8
2015.03.10	12:00:00	131.101	131.101	129.964	130.313	24580	0	8
2015.03.10	16:00:00	130.316	130.417	129.620	129.733	20776	0	8
2015.03.10	20:00:00	129.732	129.849	129.203	129.397	12566	0	8
2015.03.11	00:00:00	129.425	129.954	129.321	129.882	15468	0	8
2015.03.11	04:00:00	129.884	129.899	129.552	129.681	13465	0	8
2015.03.11	08:00:00	129.679	129.709	128.761	128.835	20831	0	10
2015.03.11	12:00:00	128.834	129.153	128.320	128.506	21775	0	10
2015.03.11	16:00:00	128.508	128.718	127.619	127.874	21933	0	10
2015.03.11	20:00:00	127.870	128.178	127.834	128.095	12852	0	8
2015.03.12	00:00:00	128.110	128.265	128.023	128.065	13900	0	8
2015.03.12	04:00:00	128.065	128.107	127.660	127.795	13888	0	8
2015.03.12	08:00:00	127.796	128.840	127.763	128.380	24012	0	8
2015.03.12	12:00:00	128.379	128.991	128.263	128.564	24170	0	10
2015.03.12	16:00:00	128.565	128.948	128.301	128.755	19874	0	10
2015.03.12	20:00:00	128.755	129.018	128.608	128.856	10738	0	10
2015.03.13	00:00:00	128.864	128.983	128.765	128.789	11459	0	8
2015.03.13	04:00:00	128.783	128.983	128.740	128.742	9821	0	8
2015.03.13	08:00:00	128.740	129.056	128.357	128.863	19877	0	8
2015.03.13	12:00:00	128.867	128.871	127.920	127.947	24302	0	8
2015.03.13	16:00:00	127.947	127.972	126.902	127.219	30285	0	8
2015.03.13	20:00:00	127.212	127.458	126.899	127.379	11480	0	8
2015.03.16	00:00:00	127.285	127.754	127.145	127.665	12875	0	8
2015.03.16	04:00:00	127.663	127.726	127.400	127.530	11107	0	8
2015.03.16	08:00:00	127.538	127.924	127.314	127.850	22742	0	8
2015.03.16	12:00:00	127.849	128.558	127.665	128.422	24888	0	4
2015.03.16	16:00:00	128.424	128.790	128.133	128.530	24874	0	4
2015.03.16	20:00:00	128.528	128.569	128.170	128.250	11144	0	2
2015.03.17	00:00:00	128.279	128.388	128.151	128.230	12324	0	1
2015.03.17	04:00:00	128.230	128.407	128.122	128.170	10666	0	3
2015.03.17	08:00:00	128.173	128.855	128.081	128.644	22875	0	1
2015.03.17	12:00:00	128.649	128.974	128.450	128.954	22940	0	1
2015.03.17	16:00:00	128.953	129.152	128.400	128.637	23134	0	1
2015.03.17	20:00:00	128.627	128.710	128.480	128.590	12241	0	1
2015.03.18	00:00:00	128.592	128.741	128.482	128.699	11844	0	2
2015.03.18	04:00:00	128.694	128.739	128.416	128.419	8860	0	2
2015.03.18	08:00:00	128.419	128.835	128.409	128.600	18604	0	1
2015.03.18	12:00:00	128.599	128.856	128.260	128.565	20536	0	1
2015.03.18	16:00:00	128.563	129.028	128.308	128.835	22726	0	1
2015.03.18	20:00:00	128.817	131.629	128.486	130.179	29595	0	1
2015.03.19	00:00:00	130.196	130.840	129.924	130.228	19546	0	4
2015.03.19	04:00:00	130.228	130.276	129.584	129.809	16592	0	4
2015.03.19	08:00:00	129.810	130.029	128.405	128.817	23445	0	11
2015.03.19	12:00:00	128.747	129.528	128.551	128.705	26640	0	8
2015.03.19	16:00:00	128.702	129.010	128.360	128.602	23727	0	8
2015.03.19	20:00:00	128.600	128.767	128.421	128.710	15233	0	8
2015.03.20	00:00:00	128.716	129.052	128.704	129.044	15327	0	9
2015.03.20	04:00:00	129.040	129.102	128.868	128.983	11383	0	9
2015.03.20	08:00:00	128.983	129.417	128.755	129.331	19483	0	8
2015.03.20	12:00:00	129.332	130.492	129.291	130.271	20161	0	11
2015.03.20	16:00:00	130.272	130.694	129.653	130.112	22620	0	11
2015.03.20	20:00:00	130.112	130.202	129.654	129.856	11172	0	11
2015.03.23	00:00:00	130.240	130.278	129.568	129.696	14352	0	10
2015.03.23	04:00:00	129.694	129.805	129.499	129.676	12836	0	8
2015.03.23	08:00:00	129.678	129.986	129.286	129.733	17809	0	11
2015.03.23	12:00:00	129.734	130.960	129.706	130.743	22508	0	11
2015.03.23	16:00:00	130.740	131.130	130.413	130.932	19765	0	11
2015.03.23	20:00:00	130.933	131.346	130.888	130.998	9745	0	11
2015.03.24	00:00:00	130.996	131.195	130.742	130.870	12093	0	13
2015.03.24	04:00:00	130.872	130.908	130.608	130.659	10014	0	13
2015.03.24	08:00:00	130.661	131.403	130.481	131.092	27702	0	13
2015.03.24	12:00:00	131.090	131.505	130.604	130.796	33504	0	13
2015.03.24	16:00:00	130.796	130.951	130.347	130.666	28398	0	13
2015.03.24	20:00:00	130.670	130.840	130.551	130.726	12077	0	13
2015.03.25	00:00:00	130.731	130.872	130.577	130.813	9298	0	11
2015.03.25	04:00:00	130.812	130.848	130.621	130.718	8348	0	11
2015.03.25	08:00:00	130.719	131.238	130.597	131.045	15854	0	11
2015.03.25	12:00:00	131.045	131.408	130.883	131.011	20687	0	11
2015.03.25	16:00:00	131.010	131.220	130.936	131.076	16907	0	11
2015.03.25	20:00:00	131.078	131.206	130.974	131.069	8370	0	11
2015.03.26	00:00:00	131.071	131.097	130.895	130.936	14074	0	9
2015.03.26	04:00:00	130.936	131.014	130.547	130.564	16279	0	8
2015.03.26	08:00:00	130.564	130.860	130.173	130.737	25551	0	8
2015.03.26	12:00:00	130.737	130.820	130.416	130.489	25757	0	8
2015.03.26	16:00:00	130.489	130.504	129.524	129.715	22102	0	8
2015.03.26	20:00:00	129.716	129.854	129.481	129.637	11039	0	8
2015.03.27	00:00:00	129.648	129.819	129.612	129.766	14304	0	8
2015.03.27	04:00:00	129.766	129.854	129.602	129.699	14742	0	8
2015.03.27	08:00:00	129.697	129.753	129.027	129.148	23694	0	8
2015.03.27	12:00:00	129.150	129.735	129.039	129.426	22557	0	8
2015.03.27	16:00:00	129.437	130.407	129.312	129.919	20201	0	11
2015.03.27	20:00:00	129.907	130.112	129.638	129.687	9692	0	8
2015.03.30	00:00:00	129.687	129.884	129.447	129.594	9443	0	8
2015.03.30	04:00:00	129.596	129.777	129.467	129.487	11862	0	10
2015.03.30	08:00:00	129.487	130.156	129.299	130.010	20581	0	8
2015.03.30	12:00:00	130.010	130.132	129.712	129.901	21094	0	8
2015.03.30	16:00:00	129.903	130.181	129.769	129.900	21653	0	8
2015.03.30	20:00:00	129.901	130.179	129.899	130.063	13074	0	8
2015.03.31	00:00:00	130.061	130.248	129.910	130.184	9552	0	13
2015.03.31	04:00:00	130.179	130.245	129.622	129.734	13347	0	11
2015.03.31	08:00:00	129.729	129.729	128.795	128.795	23599	0	10
2015.03.31	12:00:00	128.817	129.132	128.646	128.833	24662	0	11
2015.03.31	16:00:00	128.833	129.041	128.602	128.671	26931	0	13
2015.03.31	20:00:00	128.673	129.025	128.645	128.887	12494	0	13
2015.04.01	00:00:00	128.886	129.028	128.610	128.712	9060	0	11
2015.04.01	04:00:00	128.722	129.199	128.596	129.169	12748	0	11
2015.04.01	08:00:00	129.171	129.446	128.752	129.065	18116	0	11
2015.04.01	12:00:00	129.063	129.364	128.901	129.170	17270	0	11
2015.04.01	16:00:00	129.166	129.210	128.393	128.827	20916	0	11
2015.04.01	20:00:00	128.817	128.961	128.639	128.884	8737	0	8
2015.04.02	00:00:00	128.866	128.917	128.618	128.640	8773	0	10
2015.04.02	04:00:00	128.642	128.964	128.606	128.875	8202	0	11
2015.04.02	08:00:00	128.875	129.590	128.846	129.450	15121	0	11
2015.04.02	12:00:00	129.450	130.132	129.303	129.978	16268	0	11
2015.04.02	16:00:00	129.978	130.424	129.955	130.240	18645	0	5
2015.04.02	20:00:00	130.237	130.488	130.202	130.232	9232	0	3
2015.04.03	00:00:00	130.245	130.370	130.006	130.054	6919	0	11
2015.04.03	04:00:00	130.054	130.176	130.034	130.152	4465	0	11
2015.04.03	08:00:00	130.151	130.286	130.022	130.192	6176	0	11
2015.04.03	12:00:00	130.190	130.937	130.048	130.846	11548	0	11
2015.04.03	16:00:00	130.848	130.960	130.519	130.562	12444	0	11
2015.04.03	20:00:00	130.564	130.669	130.310	130.310	8103	0	14
2015.04.06	00:00:00	130.774	130.908	130.587	130.744	6736	0	8
2015.04.06	04:00:00	130.744	130.850	130.666	130.678	6965	0	8
2015.04.06	08:00:00	130.676	130.734	130.493	130.723	8190	0	8
2015.04.06	12:00:00	130.723	131.081	130.716	131.079	10012	0	8
2015.04.06	16:00:00	131.081	131.287	130.772	130.985	12930	0	11
2015.04.06	20:00:00	130.986	131.047	130.408	130.546	10223	0	10
2015.04.07	00:00:00	130.540	130.787	130.466	130.745	8785	0	8
2015.04.07	04:00:00	130.743	130.967	130.606	130.657	7741	0	11
2015.04.07	08:00:00	130.638	131.035	130.068	130.129	17852	0	11
2015.04.07	12:00:00	130.129	130.498	130.082	130.424	17932	0	5
2015.04.07	16:00:00	130.426	130.791	130.379	130.515	19968	0	4
2015.04.07	20:00:00	130.516	130.560	130.007	130.043	13228	0	6
2015.04.08	00:00:00	130.057	130.270	130.003	130.220	10110	0	5
2015.04.08	04:00:00	130.221	130.286	129.893	129.933	10064	0	4
2015.04.08	08:00:00	129.933	130.334	129.916	130.171	17005	0	5
2015.04.08	12:00:00	130.162	130.352	129.938	130.027	18759	0	4
2015.04.08	16:00:00	130.025	130.087	129.391	129.750	22236	0	4
2015.04.08	20:00:00	129.769	129.806	129.405	129.498	16139	0	5
2015.04.09	00:00:00	129.483	129.588	129.440	129.484	8203	0	4
2015.04.09	04:00:00	129.482	129.759	129.480	129.545	8785	0	4
2015.04.09	08:00:00	129.546	129.646	129.069	129.177	16957	0	4
2015.04.09	12:00:00	129.177	129.269	128.901	128.981	18665	0	4
2015.04.09	16:00:00	128.983	129.056	128.237	128.417	25600	0	4
2015.04.09	20:00:00	128.436	128.573	128.344	128.515	12069	0	4
2015.04.10	00:00:00	128.514	128.617	128.466	128.614	9416	0	8
2015.04.10	04:00:00	128.613	128.780	128.579	128.682	8205	0	5
2015.04.10	08:00:00	128.681	128.716	127.568	127.568	18311	0	4
2015.04.10	12:00:00	127.570	127.738	127.264	127.340	21935	0	4
2015.04.10	16:00:00	127.337	127.809	127.252	127.334	20185	0	4
2015.04.10	20:00:00	127.336	127.551	127.196	127.451	10774	0	4
2015.04.13	00:00:00	127.451	127.621	127.326	127.503	6201	0	4
2015.04.13	04:00:00	127.507	127.635	127.367	127.576	8393	0	5
2015.04.13	08:00:00	127.576	127.823	127.374	127.504	17849	0	4
2015.04.13	12:00:00	127.502	127.651	126.502	126.755	22026	0	4
2015.04.13	16:00:00	126.755	127.445	126.700	127.226	20947	0	4
2015.04.13	20:00:00	127.228	127.234	126.800	126.917	9383	0	6
2015.04.14	00:00:00	126.925	127.022	126.861	126.918	9722	0	4
2015.04.14	04:00:00	126.918	126.935	126.493	126.588	9936	0	4
2015.04.14	08:00:00	126.588	126.595	126.090	126.327	19868	0	4
2015.04.14	12:00:00	126.327	127.304	126.238	127.215	23401	0	4
2015.04.14	16:00:00	127.215	127.624	127.198	127.198	24265	0	4
2015.04.14	20:00:00	127.198	127.333	127.093	127.193	10597	0	6
2015.04.15	00:00:00	127.178	127.229	127.042	127.127	8564	0	4
2015.04.15	04:00:00	127.127	127.242	127.098	127.113	8628	0	4
2015.04.15	08:00:00	127.114	127.481	126.392	126.488	19001	0	4
2015.04.15	12:00:00	126.491	126.860	126.340	126.603	21652	0	4
2015.04.15	16:00:00	126.593	127.318	126.276	126.478	24205	0	4
2015.04.15	20:00:00	126.479	127.371	126.470	127.353	16870	0	4
2015.04.16	00:00:00	127.353	127.852	127.108	127.650	12538	0	8
2015.04.16	04:00:00	127.651	127.666	127.341	127.537	15232	0	8
2015.04.16	08:00:00	127.537	127.558	126.790	126.802	23056	0	8
2015.04.16	12:00:00	126.802	128.111	126.748	127.906	27649	0	8
2015.04.16	16:00:00	127.905	128.040	127.527	127.963	23925	0	8
2015.04.16	20:00:00	127.960	128.574	127.894	127.977	20341	0	8
2015.04.17	00:00:00	127.977	128.348	127.977	128.229	10786	0	9
2015.04.17	04:00:00	128.227	128.335	128.083	128.207	11622	0	8
2015.04.17	08:00:00	128.217	128.656	127.763	128.628	24146	0	8
2015.04.17	12:00:00	128.632	128.720	128.096	128.197	27387	0	8
2015.04.17	16:00:00	128.196	128.476	127.979	128.209	24238	0	5
2015.04.17	20:00:00	128.207	128.605	128.145	128.536	10919	0	5
2015.04.20	00:00:00	128.536	128.751	128.314	128.566	8898	0	8
2015.04.20	04:00:00	128.566	128.668	127.994	128.026	12257	0	8
2015.04.20	08:00:00	128.025	128.220	127.723	127.750	19394	0	4
2015.04.20	12:00:00	127.751	127.995	127.593	127.830	20034	0	4
2015.04.20	16:00:00	127.828	128.468	127.746	128.314	19527	0	4
2015.04.20	20:00:00	128.314	128.316	127.980	127.998	9509	0	4
2015.04.21	00:00:00	127.998	128.197	127.944	128.138	9528	0	8
2015.04.21	04:00:00	128.139	128.295	128.050	128.157	10899	0	8
2015.04.21	08:00:00	128.157	128.230	127.452	127.729	23817	0	2
2015.04.21	12:00:00	127.728	127.979	127.487	127.952	25543	0	4
2015.04.21	16:00:00	127.952	128.769	127.926	128.549	29067	0	4
2015.04.21	20:00:00	128.548	128.680	128.377	128.416	11507	0	5
2015.04.22	00:00:00	128.416	128.563	128.302	128.309	8467	0	5
2015.04.22	04:00:00	128.309	128.449	128.276	128.345	11424	0	5
2015.04.22	08:00:00	128.344	128.959	128.226	128.720	26176	0	4
2015.04.22	12:00:00	128.719	128.949	128.177	128.344	27670	0	4
2015.04.22	16:00:00	128.339	128.679	128.189	128.611	28625	0	4
2015.04.22	20:00:00	128.608	128.791	128.548	128.551	10906	0	8
2015.04.23	00:00:00	128.551	128.685	128.483	128.507	9012	0	5
2015.04.23	04:00:00	128.510	128.527	128.126	128.160	11705	0	4
2015.04.23	08:00:00	128.160	128.736	127.874	128.692	27302	0	4
2015.04.23	12:00:00	128.690	129.387	128.644	129.112	27017	0	4
2015.04.23	16:00:00	129.114	129.601	128.828	129.561	32102	0	4
2015.04.23	20:00:00	129.560	129.673	129.312	129.438	15753	0	4
2015.04.24	00:00:00	129.438	129.448	129.172	129.359	9099	0	5
2015.04.24	04:00:00	129.360	129.393	128.945	129.113	11596	0	4
2015.04.24	08:00:00	129.111	130.111	129.067	130.058	29751	0	4
2015.04.24	12:00:00	130.058	130.094	129.192	129.341	31170	0	4
2015.04.24	16:00:00	129.328	129.483	128.831	129.186	30328	0	4
2015.04.24	20:00:00	129.195	129.346	129.095	129.335	12765	0	6
2015.04.27	00:00:00	129.160	129.300	129.094	129.250	7766	0	4
2015.04.27	04:00:00	129.245	129.305	129.006	129.234	10197	0	6
2015.04.27	08:00:00	129.233	129.625	129.061	129.135	23243	0	4
2015.04.27	12:00:00	129.133	129.449	129.048	129.432	23423	0	5
2015.04.27	16:00:00	129.432	129.978	129.355	129.713	30881	0	4
2015.04.27	20:00:00	129.712	129.742	129.474	129.596	16637	0	4
2015.04.28	00:00:00	129.624	129.653	129.464	129.603	13030	0	4
2015.04.28	04:00:00	129.600	129.643	129.468	129.484	12939	0	4
2015.04.28	08:00:00	129.485	129.816	129.353	129.791	27469	0	4
2015.04.28	12:00:00	129.790	130.256	129.724	130.064	31561	0	4
2015.04.28	16:00:00	130.066	130.626	129.996	130.457	32529	0	4
2015.04.28	20:00:00	130.455	130.677	130.329	130.535	16921	0	4
2015.04.29	00:00:00	130.468	130.519	130.312	130.417	12655	0	5
2015.04.29	04:00:00	130.419	130.420	130.257	130.295	12159	0	4
2015.04.29	08:00:00	130.295	131.212	130.284	131.178	25776	0	4
2015.04.29	12:00:00	131.178	131.647	131.076	131.461	31584	0	4
2015.04.29	16:00:00	131.462	132.891	131.333	132.286	41206	0	4
2015.04.29	20:00:00	132.286	132.556	131.774	132.444	28802	0	4
2015.04.30	00:00:00	132.449	132.539	132.169	132.251	15113	0	4
2015.04.30	04:00:00	132.250	132.350	131.658	131.772	22032	0	4
2015.04.30	08:00:00	131.762	133.721	131.304	133.238	36071	0	4
2015.04.30	12:00:00	133.247	133.394	132.563	133.182	39829	0	4
2015.04.30	16:00:00	133.182	134.333	132.921	134.172	57066	0	4
2015.04.30	20:00:00	134.169	134.512	133.818	134.003	27951	0	4
2015.05.01	00:00:00	133.954	134.195	133.899	134.126	11895	0	8
2015.05.01	04:00:00	134.128	134.224	134.027	134.091	11236	0	8
2015.05.01	08:00:00	134.088	134.980	134.076	134.826	23432	0	4
2015.05.01	12:00:00	134.826	135.121	134.616	134.985	28278	0	4
2015.05.01	16:00:00	134.985	135.284	134.398	134.430	38200	0	4
2015.05.01	20:00:00	134.430	134.838	134.425	134.497	18074	0	4
2015.05.04	00:00:00	134.565	134.628	134.258	134.426	5441	0	10
2015.05.04	04:00:00	134.426	134.525	134.263	134.399	9789	0	10
2015.05.04	08:00:00	134.399	134.720	133.772	133.828	27566	0	4
2015.05.04	12:00:00	133.828	134.365	133.716	134.299	28494	0	4
2015.05.04	16:00:00	134.300	134.410	133.821	134.072	8487	0	4
2015.05.04	20:00:00	134.075	134.098	133.699	133.917	2284	0	9
2015.05.05	00:00:00	133.826	133.970	133.824	133.903	2061	0	13
2015.05.05	04:00:00	133.905	133.969	133.566	133.600	2270	0	9
2015.05.05	08:00:00	133.594	133.829	133.111	133.484	3014	0	5
2015.05.05	12:00:00	133.485	134.213	133.315	134.000	5207	0	6
2015.05.05	16:00:00	134.013	134.488	133.839	134.242	9195	0	5
2015.05.05	20:00:00	134.248	134.426	134.007	134.067	2686	0	5
2015.05.06	00:00:00	134.058	134.150	134.010	134.131	2213	0	5
2015.05.06	04:00:00	134.133	134.784	134.116	134.721	2589	0	5
2015.05.06	08:00:00	134.720	134.875	134.355	134.431	5302	0	4
2015.05.06	12:00:00	134.443	134.939	134.251	134.889	17077	0	4
2015.05.06	16:00:00	134.916	135.676	134.859	135.414	8011	0	5
2015.05.06	20:00:00	135.433	135.658	135.362	135.499	13206	0	5
2015.05.07	00:00:00	135.532	135.574	135.185	135.280	3237	0	5
2015.05.07	04:00:00	135.283	135.609	135.228	135.527	2685	0	5
2015.05.07	08:00:00	135.515	135.848	135.316	135.520	4239	0	5
2015.05.07	12:00:00	135.513	135.999	134.383	134.773	4344	0	5
2015.05.07	16:00:00	134.780	135.128	134.191	134.975	3413	0	15
2015.05.07	20:00:00	134.987	135.122	134.808	134.878	2889	0	15
2015.05.08	00:00:00	134.883	134.941	134.456	134.760	4727	0	15
2015.05.08	04:00:00	134.750	134.966	134.294	134.449	2887	0	15
2015.05.08	08:00:00	134.450	134.973	134.107	134.877	3124	0	15
2015.05.08	12:00:00	134.858	135.226	134.356	134.863	3117	0	15
2015.05.08	16:00:00	134.852	134.915	134.079	134.323	10477	0	8
2015.05.08	20:00:00	134.325	134.485	134.108	134.206	2556	0	15
2015.05.11	00:00:00	134.057	134.192	133.704	133.714	4962	0	15
2015.05.11	04:00:00	133.713	133.824	133.480	133.663	11601	0	10
2015.05.11	08:00:00	133.669	134.222	133.570	133.959	7049	0	10
2015.05.11	12:00:00	133.932	134.008	133.511	133.600	7859	0	9
2015.05.11	16:00:00	133.601	133.956	133.502	133.953	28484	0	14
2015.05.11	20:00:00	133.951	134.045	133.805	133.921	15428	0	14
2015.05.12	00:00:00	133.940	134.009	133.745	133.813	10743	0	14
2015.05.12	04:00:00	133.813	134.266	133.774	134.264	13812	0	14
2015.05.12	08:00:00	134.268	135.261	134.218	135.132	31710	0	14
2015.05.12	12:00:00	135.133	135.286	134.768	134.871	31896	0	14
2015.05.12	16:00:00	134.873	135.161	134.601	134.635	29443	0	14
2015.05.12	20:00:00	134.636	134.678	134.354	134.385	16948	0	8
2015.05.13	00:00:00	134.386	134.552	134.305	134.481	11843	0	8
2015.05.13	04:00:00	134.482	134.975	134.330	134.836	17278	0	8
2015.05.13	08:00:00	134.836	135.067	134.398	134.466	24545	0	8
2015.05.13	12:00:00	134.491	135.044	134.199	134.954	9875	0	8
2015.05.13	16:00:00	134.954	135.497	134.880	135.399	33684	0	8
2015.05.13	20:00:00	135.401	135.477	135.106	135.269	16696	0	8
2015.05.14	00:00:00	135.258	135.372	135.195	135.350	14485	0	8
2015.05.14	04:00:00	135.351	135.504	135.260	135.457	16804	0	8
2015.05.14	08:00:00	135.457	136.057	135.300	135.931	30692	0	8
2015.05.14	12:00:00	135.930	136.415	135.806	135.916	29807	0	8
2015.05.14	16:00:00	135.910	135.911	135.303	135.538	32532	0	8
2015.05.14	20:00:00	135.539	136.041	135.483	135.937	18922	0	17
2015.05.15	00:00:00	135.928	136.116	135.853	136.080	13176	0	19
2015.05.15	04:00:00	136.082	136.318	136.053	136.217	15322	0	19
2015.05.15	08:00:00	136.217	136.353	135.695	135.757	30474	0	15
2015.05.15	12:00:00	135.757	136.258	135.690	135.840	30238	0	15
2015.05.15	16:00:00	135.840	136.562	135.727	136.510	17309	0	9
2015.05.15	20:00:00	136.493	136.811	136.414	136.655	3302	0	9
2015.05.18	00:00:00	136.577	136.814	136.504	136.773	7101	0	4
2015.05.18	04:00:00	136.773	136.812	136.688	136.778	8880	0	3
2015.05.18	08:00:00	136.777	136.954	136.035	136.266	18364	0	1
2015.05.18	12:00:00	136.266	136.686	136.111	136.337	20879	0	1
2015.05.18	16:00:00	136.336	136.421	135.798	136.041	29815	0	17
2015.05.18	20:00:00	136.042	136.084	135.578	135.743	18958	0	17
2015.05.19	00:00:00	135.726	135.819	135.608	135.633	13686	0	18
2015.05.19	04:00:00	135.632	135.638	135.390	135.581	14945	0	17
2015.05.19	08:00:00	135.581	135.756	133.932	134.333	32840	0	15
2015.05.19	12:00:00	134.332	134.676	133.969	134.075	31080	0	17
2015.05.19	16:00:00	134.075	134.488	134.069	134.411	33531	0	17
2015.05.19	20:00:00	134.411	134.705	134.320	134.551	17491	0	16
2015.05.20	00:00:00	134.552	134.584	134.333	134.561	15056	0	17
2015.05.20	04:00:00	134.556	134.735	134.552	134.645	15318	0	17
2015.05.20	08:00:00	134.644	134.757	133.906	134.287	32198	0	15
2015.05.20	12:00:00	134.285	134.610	134.164	134.610	30815	0	17
2015.05.20	16:00:00	134.609	134.652	134.301	134.533	33076	0	15
2015.05.20	20:00:00	134.535	134.818	134.359	134.608	26458	0	17
2015.05.21	00:00:00	134.565	134.678	134.458	134.589	14392	0	17
2015.05.21	04:00:00	134.591	134.777	134.578	134.638	16340	0	17
2015.05.21	08:00:00	134.640	135.042	134.210	134.802	29869	0	17
2015.05.21	12:00:00	134.802	135.335	134.666	134.722	30842	0	9
2015.05.21	16:00:00	134.721	134.820	134.547	134.763	31088	0	15
2015.05.21	20:00:00	134.759	134.769	134.457	134.468	17392	0	17
2015.05.22	00:00:00	134.486	134.573	134.407	134.481	15314	0	19
2015.05.22	04:00:00	134.480	134.702	134.422	134.579	16704	0	20
2015.05.22	08:00:00	134.584	134.949	134.480	134.893	25761	0	17
2015.05.22	12:00:00	134.892	135.322	134.510	134.586	30434	0	15
2015.05.22	16:00:00	134.587	134.587	133.715	134.112	31043	0	15
2015.05.22	20:00:00	134.108	134.109	133.739	133.876	16115	0	15
2015.05.25	00:00:00	133.701	133.782	133.293	133.589	13110	0	21
2015.05.25	04:00:00	133.593	133.734	133.548	133.630	11166	0	18
2015.05.25	08:00:00	133.630	133.822	133.311	133.436	19920	0	19
2015.05.25	12:00:00	133.436	133.562	133.300	133.436	15238	0	17
2015.05.25	16:00:00	133.435	133.450	133.239	133.441	13056	0	17
2015.05.25	20:00:00	133.442	133.473	133.318	133.421	9447	0	17
2015.05.26	00:00:00	133.415	133.473	133.114	133.185	13257	0	17
2015.05.26	04:00:00	133.188	133.361	133.089	133.250	14475	0	17
2015.05.26	08:00:00	133.249	133.818	133.145	133.714	31671	0	8
2015.05.26	12:00:00	133.714	134.386	133.581	134.351	30354	0	8
2015.05.26	16:00:00	134.347	134.500	133.774	133.855	33031	0	15
2015.05.26	20:00:00	133.854	133.935	133.658	133.816	17374	0	17
2015.05.27	00:00:00	133.840	133.966	133.767	133.834	11448	0	21
2015.05.27	04:00:00	133.831	134.053	133.790	134.030	16813	0	17
2015.05.27	08:00:00	134.033	134.388	133.992	134.364	28517	0	17
2015.05.27	12:00:00	134.362	134.769	133.972	134.029	33487	0	16
2015.05.27	16:00:00	134.031	134.919	133.810	134.789	33282	0	17
2015.05.27	20:00:00	134.788	135.002	134.751	134.801	19312	0	17
2015.05.28	00:00:00	134.801	135.000	134.742	134.934	14786	0	19
2015.05.28	04:00:00	134.932	135.477	134.846	135.309	22523	0	19
2015.05.28	08:00:00	135.309	135.634	134.988	135.527	32991	0	19
2015.05.28	12:00:00	135.517	135.843	135.146	135.292	33144	0	15
2015.05.28	16:00:00	135.293	135.703	135.199	135.344	33319	0	15
2015.05.28	20:00:00	135.342	135.768	135.250	135.692	20873	0	17
2015.05.29	00:00:00	135.696	135.907	135.540	135.586	17578	0	20
2015.05.29	04:00:00	135.583	135.669	135.421	135.560	15067	0	19
2015.05.29	08:00:00	135.560	135.793	135.420	135.690	28218	0	17
2015.05.29	12:00:00	135.688	136.243	135.633	136.022	32559	0	17
2015.05.29	16:00:00	136.021	136.398	135.843	136.178	34767	0	15
2015.05.29	20:00:00	136.182	136.419	136.159	136.402	15201	0	17
2015.06.01	00:00:00	136.276	136.344	135.916	135.924	11658	0	22
2015.06.01	04:00:00	135.924	136.008	135.793	135.935	16270	0	19
2015.06.01	08:00:00	135.935	136.065	135.120	135.204	28316	0	17
2015.06.01	12:00:00	135.211	135.893	135.137	135.664	31418	0	17
2015.06.01	16:00:00	135.667	136.402	135.503	136.324	45046	0	11
2015.06.01	20:00:00	136.326	136.580	136.264	136.318	27210	0	17
2015.06.02	00:00:00	136.315	136.446	136.235	136.418	24785	0	20
2015.06.02	04:00:00	136.419	136.517	136.190	136.292	26834	0	19
2015.06.02	08:00:00	136.293	136.869	136.095	136.708	46973	0	8
2015.06.02	12:00:00	136.714	137.992	136.626	137.976	55798	0	8
2015.06.02	16:00:00	137.974	138.850	137.846	138.586	59573	0	8
2015.06.02	20:00:00	138.586	138.647	138.282	138.386	26622	0	8
2015.06.03	00:00:00	138.380	138.417	138.257	138.337	21912	0	20
2015.06.03	04:00:00	138.339	138.475	138.207	138.335	23776	0	16
2015.06.03	08:00:00	138.335	138.618	138.036	138.349	47712	0	17
2015.06.03	12:00:00	138.347	138.696	138.096	138.566	29289	0	5
2015.06.03	16:00:00	138.584	140.059	138.584	139.977	9079	0	5
2015.06.03	20:00:00	139.978	140.128	139.841	140.053	3368	0	5
2015.06.04	00:00:00	140.052	140.110	139.929	140.016	3128	0	5
2015.06.04	04:00:00	140.016	140.355	139.988	140.258	2520	0	5
2015.06.04	08:00:00	140.260	140.902	139.556	140.638	3107	0	5
2015.06.04	12:00:00	140.626	141.050	140.206	140.406	3165	0	5
2015.06.04	16:00:00	140.411	140.902	139.906	140.548	27439	0	4
2015.06.04	20:00:00	140.544	140.615	139.622	139.734	29203	0	15
2015.06.05	00:00:00	139.738	139.797	139.121	139.524	29952	0	14
2015.06.05	04:00:00	139.524	139.678	139.388	139.583	20901	0	17
2015.06.05	08:00:00	139.581	140.687	139.527	140.461	48956	0	8
2015.06.05	12:00:00	140.461	140.597	139.231	139.426	50230	0	8
2015.06.05	16:00:00	139.426	139.751	139.026	139.638	59823	0	8
2015.06.05	20:00:00	139.639	139.830	139.517	139.589	24646	0	8
2015.06.08	00:00:00	139.411	139.600	139.180	139.206	14372	0	8
2015.06.08	04:00:00	139.207	139.367	139.035	139.338	17802	0	8
2015.06.08	08:00:00	139.337	139.961	139.148	139.417	49240	0	8
2015.06.08	12:00:00	139.419	140.281	139.273	139.896	42970	0	8
2015.06.08	16:00:00	139.897	140.602	139.895	140.473	45217	0	8
2015.06.08	20:00:00	140.473	140.740	140.328	140.530	35438	0	8
2015.06.09	00:00:00	140.546	140.712	140.458	140.561	23153	0	8
2015.06.09	04:00:00	140.561	141.000	140.546	140.889	23825	0	8
2015.06.09	08:00:00	140.890	140.966	140.153	140.203	52109	0	8
2015.06.09	12:00:00	140.203	140.262	139.384	139.532	55076	0	8
2015.06.09	16:00:00	139.532	140.190	139.363	140.067	51910	0	8
2015.06.09	20:00:00	140.065	140.415	140.003	140.282	20406	0	8
2015.06.10	00:00:00	140.240	140.666	140.151	140.543	23714	0	8
2015.06.10	04:00:00	140.545	140.592	138.730	138.926	37022	0	8
2015.06.10	08:00:00	138.926	139.763	138.524	138.824	64496	0	8
2015.06.10	12:00:00	138.819	139.292	138.522	138.746	53510	0	8
2015.06.10	16:00:00	138.743	139.258	138.428	138.769	54547	0	7
2015.06.10	20:00:00	138.768	138.968	138.661	138.895	26028	0	8
2015.06.11	00:00:00	138.895	139.093	138.841	139.029	21096	0	8
2015.06.11	04:00:00	139.031	139.277	138.776	139.259	25006	0	8
2015.06.11	08:00:00	139.261	139.604	138.803	139.217	46543	0	7
2015.06.11	12:00:00	139.207	139.470	138.605	138.961	44223	0	7
2015.06.11	16:00:00	138.963	139.127	138.572	138.969	48187	0	8
2015.06.11	20:00:00	138.964	139.095	138.795	138.908	24047	0	9
2015.06.12	00:00:00	138.907	139.063	138.725	138.933	27807	0	8
2015.06.12	04:00:00	138.932	139.115	138.473	138.647	21830	0	8
2015.06.12	08:00:00	138.647	139.057	137.979	138.170	24343	0	7
2015.06.12	12:00:00	138.157	138.987	138.027	138.839	33237	0	7
2015.06.12	16:00:00	138.840	139.203	138.506	139.072	50703	0	11
2015.06.12	20:00:00	139.070	139.313	138.837	138.920	7523	0	11
2015.06.15	00:00:00	138.157	138.582	138.100	138.560	2791	0	12
2015.06.15	04:00:00	138.567	138.581	138.288	138.451	9858	0	12
2015.06.15	08:00:00	138.461	139.097	138.142	138.797	18053	0	7
2015.06.15	12:00:00	138.791	138.847	138.385	138.508	40858	0	7
2015.06.15	16:00:00	138.507	139.339	138.338	139.262	39244	0	11
2015.06.15	20:00:00	139.262	139.336	138.945	139.211	25807	0	11
2015.06.16	00:00:00	139.230	139.286	139.097	139.141	19390	0	13
2015.06.16	04:00:00	139.137	139.473	139.012	139.402	24717	0	12
2015.06.16	08:00:00	139.402	139.991	139.033	139.094	42314	0	4
2015.06.16	12:00:00	139.094	139.270	138.248	138.608	43907	0	8
2015.06.16	16:00:00	138.608	138.818	138.349	138.721	37852	0	8
2015.06.16	20:00:00	138.720	138.803	138.595	138.730	16522	0	8
2015.06.17	00:00:00	138.722	138.790	138.673	138.779	17128	0	11
2015.06.17	04:00:00	138.777	139.057	138.756	139.014	17393	0	10
2015.06.17	08:00:00	139.015	139.664	138.915	139.477	42003	0	8
2015.06.17	12:00:00	139.476	139.863	139.349	139.678	43013	0	8
2015.06.17	16:00:00	139.679	139.956	139.497	139.928	37106	0	8
2015.06.17	20:00:00	139.929	139.997	139.392	139.897	51675	0	8
2015.06.18	00:00:00	139.911	140.472	139.860	140.215	25640	0	9
2015.06.18	04:00:00	140.216	140.226	139.752	139.904	25316	0	8
2015.06.18	08:00:00	139.904	140.098	139.488	139.792	48851	0	8
2015.06.18	12:00:00	139.792	140.036	139.612	139.788	47850	0	8
2015.06.18	16:00:00	139.788	140.663	139.655	139.918	46299	0	8
2015.06.18	20:00:00	139.917	140.039	139.635	139.675	26409	0	8
2015.06.19	00:00:00	139.661	140.074	139.654	139.871	19804	0	10
2015.06.19	04:00:00	139.873	139.919	139.695	139.696	18209	0	8
2015.06.19	08:00:00	139.695	139.784	139.064	139.151	42287	0	9
2015.06.19	12:00:00	139.152	139.390	139.064	139.186	41652	0	8
2015.06.19	16:00:00	139.184	139.280	138.918	139.094	36799	0	8
2015.06.19	20:00:00	139.092	139.365	139.068	139.212	19198	0	8
2015.06.22	00:00:00	139.832	139.832	139.439	139.499	17793	0	10
2015.06.22	04:00:00	139.497	139.926	139.432	139.880	19156	0	10
2015.06.22	08:00:00	139.880	140.066	139.260	139.523	39905	0	8
2015.06.22	12:00:00	139.523	140.013	139.499	139.793	42063	0	8
2015.06.22	16:00:00	139.793	140.627	139.723	140.112	48244	0	8
2015.06.22	20:00:00	140.111	140.152	139.702	139.891	22792	0	8
2015.06.23	00:00:00	139.878	140.020	139.821	139.946	15829	0	9
2015.06.23	04:00:00	139.946	139.990	139.252	139.486	27579	0	9
2015.06.23	08:00:00	139.486	139.527	138.911	138.969	44658	0	8
2015.06.23	12:00:00	138.969	139.057	138.367	138.578	44629	0	8
2015.06.23	16:00:00	138.578	138.636	138.228	138.378	43693	0	8
2015.06.23	20:00:00	138.375	138.520	138.202	138.388	22480	0	8
2015.06.24	00:00:00	138.392	138.459	138.243	138.309	17625	0	10
2015.06.24	04:00:00	138.309	138.663	138.292	138.608	19485	0	8
2015.06.24	08:00:00	138.608	139.158	138.584	138.966	42491	0	8
2015.06.24	12:00:00	138.966	139.044	138.458	138.800	45277	0	12
2015.06.24	16:00:00	138.800	139.158	138.618	138.726	41458	0	10
2015.06.24	20:00:00	138.725	138.869	138.602	138.738	26279	0	9
2015.06.25	00:00:00	138.739	138.836	138.727	138.766	15181	0	13
2015.06.25	04:00:00	138.766	138.832	138.498	138.550	19489	0	13
2015.06.25	08:00:00	138.550	138.880	138.368	138.393	36632	0	8
2015.06.25	12:00:00	138.393	138.763	137.656	138.484	49301	0	9
2015.06.25	16:00:00	138.484	138.557	138.174	138.486	38119	0	11
2015.06.25	20:00:00	138.486	138.536	138.346	138.508	18499	0	13
2015.06.26	00:00:00	138.490	138.545	138.102	138.183	15255	0	15
2015.06.26	04:00:00	138.183	138.238	137.793	138.045	20800	0	11
2015.06.26	08:00:00	138.047	138.414	137.882	138.264	32661	0	12
2015.06.26	12:00:00	138.263	138.622	138.088	138.376	37707	0	8
2015.06.26	16:00:00	138.377	138.669	137.983	138.159	43314	0	9
2015.06.26	20:00:00	138.159	138.347	138.090	138.347	20787	0	14
2015.06.29	00:00:00	135.387	135.666	135.253	135.459	11080	0	10
2015.06.29	04:00:00	135.459	135.656	134.829	135.020	30577	0	13
2015.06.29	08:00:00	135.020	136.859	134.450	136.698	63348	0	8
2015.06.29	12:00:00	136.697	136.880	136.156	136.630	46194	0	11
2015.06.29	16:00:00	136.631	137.368	136.451	137.319	50308	0	9
2015.06.29	20:00:00	137.314	138.114	137.220	137.674	35162	0	10
2015.06.30	00:00:00	137.664	137.735	137.078	137.136	21255	0	13
2015.06.30	04:00:00	137.137	137.215	136.666	136.872	26723	0	11
2015.06.30	08:00:00	136.872	137.016	135.874	135.952	45964	0	10
2015.06.30	12:00:00	135.951	137.274	135.909	137.243	51130	0	13
2015.06.30	16:00:00	137.236	137.523	135.971	136.179	53677	0	8
2015.06.30	20:00:00	136.177	136.507	136.134	136.504	27211	0	8
2015.07.01	00:00:00	136.538	136.538	136.173	136.432	27161	0	17
2015.07.01	04:00:00	136.431	136.539	136.330	136.445	19899	0	10
2015.07.01	08:00:00	136.445	136.943	136.050	136.900	38407	0	8
2015.07.01	12:00:00	136.906	137.407	136.359	136.488	47897	0	11
2015.07.01	16:00:00	136.489	136.610	136.195	136.256	43452	0	9
2015.07.01	20:00:00	136.257	136.320	136.023	136.153	25050	0	10
2015.07.02	00:00:00	136.119	136.289	136.034	136.258	19563	0	15
2015.07.02	04:00:00	136.257	136.634	136.238	136.577	20744	0	13
2015.07.02	08:00:00	136.581	136.905	136.417	136.792	41772	0	5
2015.07.02	12:00:00	136.800	136.882	136.478	136.578	49633	0	4
2015.07.02	16:00:00	136.577	136.723	136.379	136.616	45613	0	4
2015.07.02	20:00:00	136.616	136.643	136.317	136.368	17484	0	4
2015.07.03	00:00:00	136.396	136.508	136.218	136.330	14447	0	10
2015.07.03	04:00:00	136.329	136.583	136.268	136.571	18463	0	5
2015.07.03	08:00:00	136.571	136.845	136.514	136.653	37789	0	4
2015.07.03	12:00:00	136.653	136.699	136.023	136.188	35197	0	4
2015.07.03	16:00:00	136.185	136.341	135.907	135.975	29804	0	4
2015.07.03	20:00:00	135.975	136.452	135.975	136.373	12308	0	4
2015.07.06	00:00:00	133.950	135.162	133.858	134.982	31085	0	12
2015.07.06	04:00:00	134.983	135.582	134.846	134.919	25309	0	11
2015.07.06	08:00:00	134.919	136.049	134.551	135.582	51015	0	12
2015.07.06	12:00:00	135.582	135.648	135.004	135.309	48709	0	11
2015.07.06	16:00:00	135.307	135.975	135.162	135.699	49097	0	11
2015.07.06	20:00:00	135.698	135.796	135.112	135.490	23408	0	11
2015.07.07	00:00:00	135.490	135.662	135.412	135.656	15071	0	12
2015.07.07	04:00:00	135.650	135.666	135.214	135.321	20081	0	12
2015.07.07	08:00:00	135.323	135.483	134.423	134.506	45276	0	11
2015.07.07	12:00:00	134.505	134.774	133.659	133.846	53952	0	11
2015.07.07	16:00:00	133.845	134.082	133.502	133.745	60300	0	11
2015.07.07	20:00:00	133.747	135.419	133.747	134.883	35019	0	11
2015.07.08	00:00:00	134.884	134.951	134.442	134.483	21403	0	5
2015.07.08	04:00:00	134.482	134.559	133.935	134.258	35649	0	11
2015.07.08	08:00:00	134.260	134.532	133.750	134.310	53361	0	11
2015.07.08	12:00:00	134.311	134.496	133.769	133.992	51739	0	11
2015.07.08	16:00:00	133.991	134.086	133.381	133.414	63506	0	11
2015.07.08	20:00:00	133.415	133.775	133.298	133.689	36179	0	12
2015.07.09	00:00:00	133.690	133.849	133.346	133.554	24290	0	12
2015.07.09	04:00:00	133.552	134.391	133.549	134.391	31378	0	12
2015.07.09	08:00:00	134.391	135.058	133.773	134.072	49282	0	11
2015.07.09	12:00:00	134.071	134.431	133.779	134.077	48174	0	12
2015.07.09	16:00:00	134.075	134.291	133.477	133.481	48904	0	11
2015.07.09	20:00:00	133.483	133.900	133.298	133.871	28381	0	11
2015.07.10	00:00:00	133.876	134.950	133.793	134.752	27287	0	12
2015.07.10	04:00:00	134.752	135.428	134.734	135.129	27304	0	11
2015.07.10	08:00:00	135.129	135.932	135.016	135.723	47450	0	11
2015.07.10	12:00:00	135.723	137.277	135.622	137.102	49376	0	11
2015.07.10	16:00:00	137.104	137.249	136.622	136.696	53174	0	11
2015.07.10	20:00:00	136.696	136.935	136.622	136.925	26234	0	12
2015.07.13	00:00:00	135.738	136.668	135.738	136.404	16774	0	13
2015.07.13	04:00:00	136.403	136.817	136.141	136.480	24855	0	9
2015.07.13	08:00:00	136.478	137.785	136.323	136.561	51326	0	12
2015.07.13	12:00:00	136.565	136.796	136.203	136.487	49605	0	12
2015.07.13	16:00:00	136.487	136.487	135.851	135.953	48462	0	11
2015.07.13	20:00:00	135.952	135.981	135.732	135.776	23330	0	11
2015.07.14	00:00:00	135.775	136.018	135.727	135.863	23469	0	12
2015.07.14	04:00:00	135.860	135.964	135.805	135.898	20197	0	13
2015.07.14	08:00:00	135.898	136.226	135.273	136.117	44364	0	11
2015.07.14	12:00:00	136.114	136.364	135.916	136.056	46149	0	12
2015.07.14	16:00:00	136.056	136.207	135.658	135.812	45123	0	12
2015.07.14	20:00:00	135.812	135.843	135.696	135.806	16862	0	9
2015.07.15	00:00:00	135.803	135.905	135.534	135.607	17216	0	13
2015.07.15	04:00:00	135.607	135.887	135.596	135.770	20520	0	13
2015.07.15	08:00:00	135.769	136.370	135.611	136.266	41871	0	11
2015.07.15	12:00:00	136.264	136.331	135.745	135.786	41518	0	11
2015.07.15	16:00:00	135.786	135.895	135.511	135.612	52992	0	11
2015.07.15	20:00:00	135.610	135.631	135.347	135.474	23108	0	12
2015.07.16	00:00:00	135.473	135.870	135.409	135.467	21025	0	12
2015.07.16	04:00:00	135.466	135.495	135.139	135.334	25633	0	13
2015.07.16	08:00:00	135.334	135.541	135.044	135.116	44146	0	12
2015.07.16	12:00:00	135.116	135.259	134.745	134.757	49623	0	12
2015.07.16	16:00:00	134.757	135.345	134.740	134.932	43824	0	11
2015.07.16	20:00:00	134.932	135.106	134.919	134.971	16780	0	12
2015.07.17	00:00:00	134.971	135.179	134.944	135.115	17252	0	12
2015.07.17	04:00:00	135.114	135.264	135.072	135.156	17048	0	13
2015.07.17	08:00:00	135.155	135.206	134.878	135.106	38950	0	12
2015.07.17	12:00:00	135.106	135.251	134.770	134.817	42480	0	11
2015.07.17	16:00:00	134.817	134.900	134.445	134.648	39030	0	12
2015.07.17	20:00:00	134.647	134.668	134.325	134.348	13747	0	12
2015.07.20	00:00:00	134.373	134.558	134.343	134.443	11919	0	14
2015.07.20	04:00:00	134.444	134.486	134.342	134.429	17619	0	13
2015.07.20	08:00:00	134.429	134.926	134.387	134.822	36162	0	12
2015.07.20	12:00:00	134.826	134.928	134.548	134.796	43081	0	11
2015.07.20	16:00:00	134.795	135.042	134.686	134.728	36765	0	11
2015.07.20	20:00:00	134.727	134.776	134.339	134.481	20795	0	12
2015.07.21	00:00:00	134.491	134.725	134.460	134.634	14325	0	12
2015.07.21	04:00:00	134.634	134.730	134.505	134.573	19708	0	13
2015.07.21	08:00:00	134.574	135.068	134.517	134.937	40959	0	12
2015.07.21	12:00:00	134.929	135.271	134.786	135.021	44069	0	12
2015.07.21	16:00:00	135.019	135.694	135.014	135.673	63285	0	6
2015.07.21	20:00:00	135.672	135.764	135.432	135.434	45722	0	6
2015.07.22	00:00:00	135.429	135.622	135.389	135.557	33632	0	7
2015.07.22	04:00:00	135.558	135.577	135.107	135.362	43335	0	6
2015.07.22	08:00:00	135.363	135.574	135.153	135.352	57688	0	6
2015.07.22	12:00:00	135.352	135.433	134.842	134.977	60755	0	5
2015.07.22	16:00:00	134.978	135.274	134.912	135.269	65565	0	5
2015.07.22	20:00:00	135.269	135.480	135.182	135.452	35396	0	6
2015.07.23	00:00:00	135.440	135.679	135.405	135.653	32338	0	7
2015.07.23	04:00:00	135.654	135.842	135.626	135.722	36476	0	6
2015.07.23	08:00:00	135.722	136.170	135.477	136.050	43750	38865427000	8
2015.07.23	12:00:00	136.049	136.431	135.876	136.045	44757	48069834000	9
2015.07.23	16:00:00	136.045	136.328	135.872	136.079	48919	53911044000	9
2015.07.23	20:00:00	136.080	136.343	136.055	136.064	26202	26827495000	9
2015.07.24	00:00:00	135.980	136.281	135.977	136.239	17878	14781800000	9
2015.07.24	04:00:00	136.238	136.273	135.853	135.945	21195	17496948000	9
2015.07.24	08:00:00	135.945	136.210	135.526	135.620	32102	27763409000	9
2015.07.24	12:00:00	135.620	135.833	135.549	135.603	39217	34895377000	9
2015.07.24	16:00:00	135.603	135.918	135.569	135.824	43721	40468864000	9
2015.07.24	20:00:00	135.823	135.950	135.767	135.909	22514	21556528000	9
2015.07.27	00:00:00	135.863	135.947	135.746	135.869	13280	12156800000	9
2015.07.27	04:00:00	135.869	135.994	135.821	135.895	26692	26119850000	9
2015.07.27	08:00:00	135.896	136.990	135.886	136.790	43793	40812227000	9
2015.07.27	12:00:00	136.790	136.818	136.182	136.346	46454	43887784000	9
2015.07.27	16:00:00	136.348	137.100	136.293	136.908	48110	42667586000	9
2015.07.27	20:00:00	136.908	136.944	136.631	136.653	20519	18790960000	9
2015.07.28	00:00:00	136.635	136.742	136.626	136.628	22057	17842700000	5
2015.07.28	04:00:00	136.627	136.893	136.473	136.841	29693	28115950000	9
2015.07.28	08:00:00	136.840	136.975	136.544	136.882	44512	45940493000	9
2015.07.28	12:00:00	136.882	136.965	136.374	136.534	48972	51870147000	9
2015.07.28	16:00:00	136.533	136.656	136.367	136.528	48537	50154481000	9
2015.07.28	20:00:00	136.528	136.680	136.495	136.638	21277	23161285000	9
2015.07.29	00:00:00	136.635	136.841	136.616	136.794	21992	19839250000	9
2015.07.29	04:00:00	136.794	136.862	136.490	136.491	23507	21201700000	9
2015.07.29	08:00:00	136.491	136.810	136.329	136.748	40573	42206550000	9
2015.07.29	12:00:00	136.748	136.849	136.446	136.612	46935	52418577000	9
2015.07.29	16:00:00	136.612	136.701	136.362	136.618	47661	49025146000	9
2015.07.29	20:00:00	136.618	136.929	135.970	136.125	38898	39522410000	9
2015.07.30	00:00:00	136.084	136.173	135.962	136.051	20973	17457250000	9
2015.07.30	04:00:00	136.051	136.267	136.022	136.196	21604	19040800000	9
2015.07.30	08:00:00	136.196	136.288	135.924	136.212	37038	36311212000	9
2015.07.30	12:00:00	136.212	136.485	136.006	136.186	46184	49508631000	9
2015.07.30	16:00:00	136.187	136.229	135.534	135.686	54032	57698371000	9
2015.07.30	20:00:00	135.686	135.750	135.541	135.699	25377	29438815000	9
2015.07.31	00:00:00	135.678	135.881	135.629	135.665	23092	20772400000	9
2015.07.31	04:00:00	135.664	135.735	135.574	135.690	23075	21177770000	9
2015.07.31	08:00:00	135.691	136.110	135.609	135.849	41525	43914209000	9
2015.07.31	12:00:00	135.874	137.130	135.860	136.880	52461	56650995000	9
2015.07.31	16:00:00	136.884	137.342	136.367	136.403	56692	59059588000	9
2015.07.31	20:00:00	136.402	136.442	135.952	136.029	29675	30917834000	9
2015.08.03	00:00:00	135.959	136.202	135.889	136.146	17382	17090300000	9
2015.08.03	04:00:00	136.148	136.257	136.007	136.173	21221	19257050000	9
2015.08.03	08:00:00	136.171	136.440	136.044	136.210	36787	36631889000	9
2015.08.03	12:00:00	136.210	136.286	135.956	136.120	50097	54072349000	9
2015.08.03	16:00:00	136.120	136.229	135.643	135.758	55560	59886090000	9
2015.08.03	20:00:00	135.760	135.847	135.586	135.819	27882	31757150000	9
2015.08.04	00:00:00	135.789	135.863	135.545	135.594	21411	19418950000	9
2015.08.04	04:00:00	135.594	135.846	135.571	135.680	24059	23726000000	9
2015.08.04	08:00:00	135.680	136.098	135.666	135.992	44347	44001725000	9
2015.08.04	12:00:00	135.990	136.164	135.905	135.995	53320	59337767000	9
2015.08.04	16:00:00	135.996	136.136	135.770	135.890	52616	56571248000	9
2015.08.04	20:00:00	135.890	135.890	135.269	135.303	39476	45302350000	9
2015.08.05	00:00:00	135.318	135.473	135.141	135.182	24621	22715480000	9
2015.08.05	04:00:00	135.182	135.194	135.029	135.172	25906	25099920000	9
2015.08.05	08:00:00	135.171	135.275	134.991	135.065	41465	39792349000	9
2015.08.05	12:00:00	135.059	135.641	135.000	135.437	49565	50737503000	9
2015.08.05	16:00:00	135.437	135.900	135.354	135.787	52885	44582326000	9
2015.08.05	20:00:00	135.787	136.196	135.767	136.113	27720	24446969000	9
2015.08.06	00:00:00	136.134	136.395	135.982	136.198	20258	18829448000	9
2015.08.06	04:00:00	136.197	136.253	136.016	136.185	24613	22567243000	9
2015.08.06	08:00:00	136.188	136.486	135.926	135.926	36778	38371233000	9
2015.08.06	12:00:00	135.924	136.273	135.798	135.950	49246	50037604000	9
2015.08.06	16:00:00	135.949	136.262	135.830	136.124	49075	48060047000	9
2015.08.06	20:00:00	136.125	136.339	136.097	136.235	20421	19309810000	9
2015.08.07	00:00:00	136.211	136.327	136.172	136.289	16774	16496987000	9
2015.08.07	04:00:00	136.289	136.344	136.160	136.265	22869	17773600000	9
2015.08.07	08:00:00	136.265	136.569	136.136	136.295	29201	25877313000	9
2015.08.07	12:00:00	136.294	136.716	135.720	135.767	35336	30992261000	9
2015.08.07	16:00:00	135.767	136.377	135.551	136.166	48263	37062182000	9
2015.08.07	20:00:00	136.161	136.248	136.098	136.173	16265	14255799000	9
2015.08.10	00:00:00	136.111	136.323	136.097	136.241	10205	8949084000	9
2015.08.10	04:00:00	136.240	136.492	136.216	136.485	12678	9393848000	9
2015.08.10	08:00:00	136.486	136.653	136.386	136.609	20011	15475946000	9
2015.08.10	12:00:00	136.608	136.786	136.294	136.514	30207	28755851000	9
2015.08.10	16:00:00	136.511	137.415	136.418	137.323	34614	28762803000	9
2015.08.10	20:00:00	137.323	137.411	137.193	137.255	16784	12178683000	9
2015.08.11	00:00:00	137.274	137.467	137.195	137.444	13541	10773295000	9
2015.08.11	04:00:00	137.444	137.445	136.829	136.907	27462	21442400000	9
2015.08.11	08:00:00	136.907	137.915	136.782	137.736	37579	31332359000	9
2015.08.11	12:00:00	137.726	138.284	137.515	138.257	34918	31856681000	6
2015.08.11	16:00:00	138.256	138.367	137.786	137.874	40760	36713518000	5
2015.08.11	20:00:00	137.875	138.255	137.859	138.055	17710	15130809000	9
2015.08.12	00:00:00	138.128	138.211	138.047	138.110	13737	10784980000	9
2015.08.12	04:00:00	138.110	138.690	138.011	138.621	24458	18771494000	9
2015.08.12	08:00:00	138.622	138.780	138.136	138.726	42474	33917816000	9
2015.08.12	12:00:00	138.727	138.749	138.318	138.380	38403	31689466000	9
2015.08.12	16:00:00	138.381	138.858	138.374	138.519	43346	37035313000	9
2015.08.12	20:00:00	138.519	138.744	138.519	138.525	22045	19751292000	9
2015.08.13	00:00:00	138.549	138.699	138.513	138.679	13474	10158878000	9
2015.08.13	04:00:00	138.679	138.852	138.494	138.616	22198	17219950000	9
2015.08.13	08:00:00	138.616	138.772	138.349	138.502	29929	24092356000	9
2015.08.13	12:00:00	138.500	138.521	138.074	138.150	30179	26735182000	4
2015.08.13	16:00:00	138.151	138.592	138.106	138.583	35114	29386370000	9
2015.08.13	20:00:00	138.579	138.849	138.490	138.697	16960	14775198000	9
2015.08.14	00:00:00	138.691	138.840	138.666	138.820	10890	8622049000	4
2015.08.14	04:00:00	138.820	138.851	138.632	138.769	13997	9871850000	9
2015.08.14	08:00:00	138.771	138.835	138.347	138.417	28102	24770956000	9
2015.08.14	12:00:00	138.417	138.822	138.370	138.583	34268	31836279000	9
2015.08.14	16:00:00	138.583	138.605	137.927	138.339	42418	44546443000	9
2015.08.14	20:00:00	138.340	138.340	137.982	138.110	17225	19732137000	9
2015.08.17	00:00:00	138.132	138.190	137.898	138.009	14711	16616899000	9
2015.08.17	04:00:00	138.009	138.061	137.847	137.925	18039	16042025000	9
2015.08.17	08:00:00	137.924	138.248	137.747	138.219	37070	38489027000	9
2015.08.17	12:00:00	138.218	138.395	138.028	138.103	44273	47512471000	9
2015.08.17	16:00:00	138.103	138.199	137.580	137.768	43686	46817690000	9
2015.08.17	20:00:00	137.768	137.891	137.583	137.583	21796	24786328000	9
2015.08.18	00:00:00	137.750	137.851	137.693	137.820	19484	17143577000	9
2015.08.18	04:00:00	137.818	137.898	137.592	137.642	22083	21194750000	9
2015.08.18	08:00:00	137.642	137.818	137.505	137.673	39587	42666258000	9
2015.08.18	12:00:00	137.673	137.678	137.150	137.230	44410	46968050000	9
2015.08.18	16:00:00	137.230	137.382	137.065	137.190	46184	51727997000	9
2015.08.18	20:00:00	137.190	137.260	137.058	137.071	19647	23198324000	9
2015.08.19	00:00:00	137.148	137.267	137.076	137.247	18653	16337250000	9
2015.08.19	04:00:00	137.244	137.389	137.194	137.375	23943	22630800000	9
2015.08.19	08:00:00	137.374	137.612	137.281	137.326	39500	41297856000	9
2015.08.19	12:00:00	137.325	137.509	137.059	137.267	46077	49467613000	9
2015.08.19	16:00:00	137.267	137.480	137.137	137.182	49781	49901664000	9
2015.08.19	20:00:00	137.189	137.839	137.092	137.506	43361	41834003000	9
2015.08.20	00:00:00	137.624	138.111	137.598	137.977	23240	20145250000	6
2015.08.20	04:00:00	137.976	138.056	137.889	138.017	21739	14946550000	9
2015.08.20	08:00:00	138.017	138.127	137.791	138.047	42882	44373096000	9
2015.08.20	12:00:00	138.060	138.618	137.967	138.246	42722	36394941000	9
2015.08.20	16:00:00	138.245	138.658	138.158	138.186	54434	54900039000	9
2015.08.20	20:00:00	138.186	138.724	138.141	138.668	33196	33284186000	9
2015.08.21	00:00:00	138.659	138.761	138.578	138.738	19668	16191250000	9
2015.08.21	04:00:00	138.735	138.831	138.604	138.759	36016	31600200000	9
2015.08.21	08:00:00	138.759	138.810	138.162	138.431	46776	44168736000	9
2015.08.21	12:00:00	138.430	138.719	138.277	138.391	54935	53861735000	9
2015.08.21	16:00:00	138.390	138.786	138.194	138.421	68018	66018489000	9
2015.08.21	20:00:00	138.415	139.010	138.402	138.914	44445	38555156000	9
2015.08.24	00:00:00	138.612	138.810	138.089	138.506	31294	25550787000	9
2015.08.24	04:00:00	138.505	138.953	138.458	138.740	54820	42899770000	9
2015.08.24	08:00:00	138.740	138.893	138.190	138.438	59262	8775698000	9
2015.08.24	12:00:00	138.441	138.550	137.642	138.159	62670	18016670000	9
2015.08.24	16:00:00	138.158	138.296	135.990	137.399	82885	64868729000	9
2015.08.24	20:00:00	137.413	137.968	137.277	137.281	56281	44974858000	9
2015.08.25	00:00:00	137.535	137.879	137.089	137.603	31035	21435627000	9
2015.08.25	04:00:00	137.601	138.610	137.573	138.136	42763	33007894000	9
2015.08.25	08:00:00	138.136	138.386	137.558	137.995	60436	50090320000	9
2015.08.25	12:00:00	137.995	138.269	137.574	137.597	65800	54356240000	9
2015.08.25	16:00:00	137.595	137.715	136.675	136.989	67809	56685023000	9
2015.08.25	20:00:00	136.989	137.005	136.480	136.859	49542	48057323000	4
2015.08.26	00:00:00	136.884	137.573	136.724	137.181	33983	21192335000	9
2015.08.26	04:00:00	137.181	137.582	137.040	137.424	36584	23521000000	9
2015.08.26	08:00:00	137.423	137.591	137.066	137.092	57733	52829421000	9
2015.08.26	12:00:00	137.093	137.135	136.100	136.275	59843	56484256000	9
2015.08.26	16:00:00	136.277	136.455	135.446	135.878	73247	71415841000	9
2015.08.26	20:00:00	135.877	136.040	135.450	135.532	47120	48062545000	9
2015.08.27	00:00:00	135.650	136.408	135.617	135.987	28583	19799930000	0
2015.08.27	04:00:00	135.987	136.333	135.925	136.122	29764	24586725000	9
2015.08.27	08:00:00	136.122	136.363	135.749	135.804	49744	44530173000	9
2015.08.27	12:00:00	135.804	136.003	135.491	135.544	50614	55167542000	9
2015.08.27	16:00:00	135.545	136.222	135.256	136.200	64194	63338177000	9
2015.08.27	20:00:00	136.199	136.253	135.828	135.990	45722	44010654000	9
2015.08.28	00:00:00	136.054	136.283	135.915	136.149	19340	15872300000	9
2015.08.28	04:00:00	136.143	136.473	136.095	136.230	26493	24806294000	9
2015.08.28	08:00:00	136.231	136.612	136.191	136.356	46504	47920619000	9
2015.08.28	12:00:00	136.358	136.407	135.778	135.798	54583	49979507000	9
2015.08.28	16:00:00	135.796	136.025	135.296	135.746	61162	65429496000	9
2015.08.28	20:00:00	135.744	136.118	135.622	136.085	35094	28841955000	9
2015.08.31	00:00:00	135.886	136.099	135.723	135.992	22509	21774812000	9
2015.08.31	04:00:00	135.992	136.307	135.943	136.213	26428	20749449000	9
2015.08.31	08:00:00	136.213	136.353	135.807	135.823	34981	36977733000	9
2015.08.31	12:00:00	135.825	136.230	135.825	136.152	33672	36046554000	9
2015.08.31	16:00:00	136.153	136.265	135.673	135.847	40817	36638176000	9
2015.08.31	20:00:00	135.851	136.156	135.824	135.867	21925	19996305000	9
2015.09.01	00:00:00	135.843	136.069	135.816	136.020	17632	16671100000	9
2015.09.01	04:00:00	136.021	136.238	135.941	136.111	30401	26557500000	9
2015.09.01	08:00:00	136.110	136.134	135.019	135.057	53013	52254251000	9
2015.09.01	12:00:00	135.054	135.462	134.671	134.756	57397	56598365000	8
2015.09.01	16:00:00	134.757	135.200	134.755	135.004	58812	51240316000	9
2015.09.01	20:00:00	135.003	135.447	134.979	135.047	39234	31659401000	9
2015.09.02	00:00:00	135.039	135.794	134.922	135.584	27094	26766587000	9
2015.09.02	04:00:00	135.584	135.716	135.267	135.575	34698	32158834000	9
2015.09.02	08:00:00	135.576	135.597	134.990	135.178	46261	44045199000	9
2015.09.02	12:00:00	135.177	135.378	134.995	135.205	51259	51205281000	9
2015.09.02	16:00:00	135.208	135.222	134.722	134.976	49767	47471234000	9
2015.09.02	20:00:00	134.975	135.180	134.901	135.083	26677	27364924000	9
2015.09.03	00:00:00	135.047	135.343	135.021	135.248	21854	20252600000	9
2015.09.03	04:00:00	135.248	135.363	135.019	135.217	25617	23407400000	9
2015.09.03	08:00:00	135.219	135.295	134.951	135.204	37461	39351541000	9
2015.09.03	12:00:00	135.204	135.284	133.639	133.658	47875	52496529000	9
2015.09.03	16:00:00	133.658	133.744	133.122	133.401	51263	50751823000	9
2015.09.03	20:00:00	133.398	133.601	133.317	133.542	30833	29469062000	9
2015.09.04	00:00:00	133.519	133.664	133.295	133.305	21884	19594800000	9
2015.09.04	04:00:00	133.303	133.439	132.605	132.755	33538	26819190000	9
2015.09.04	08:00:00	132.755	133.081	132.559	132.658	45920	42897462000	9
2015.09.04	12:00:00	132.652	132.956	132.253	132.512	40875	35655730000	9
2015.09.04	16:00:00	132.512	132.655	132.225	132.511	52868	51816688000	9
2015.09.04	20:00:00	132.514	132.817	132.514	132.692	24043	17733794000	9
2015.09.07	00:00:00	132.660	133.021	132.643	133.019	21340	21648895000	9
2015.09.07	04:00:00	133.019	133.320	132.936	133.072	32043	23473470000	9
2015.09.07	08:00:00	133.072	133.191	132.754	133.131	47150	42353706000	9
2015.09.07	12:00:00	133.132	133.279	133.031	133.113	51891	53238810000	9
2015.09.07	16:00:00	133.113	133.349	133.107	133.278	21074	20038331000	9
2015.09.07	20:00:00	133.278	133.338	133.187	133.197	6750	4938695000	9
2015.09.08	00:00:00	133.177	133.366	133.165	133.315	15679	12999947000	9
2015.09.08	04:00:00	133.314	133.560	132.967	133.475	33535	28985655000	9
2015.09.08	08:00:00	133.469	134.373	133.432	134.119	49396	43615288000	9
2015.09.08	12:00:00	134.117	134.237	133.768	134.091	38148	34000052000	9
2015.09.08	16:00:00	134.087	134.230	133.829	133.981	43909	43310403000	9
2015.09.08	20:00:00	133.982	134.403	133.961	134.179	24486	25004633000	9
2015.09.09	00:00:00	134.161	134.675	134.161	134.623	21935	21857089000	9
2015.09.09	04:00:00	134.623	134.732	134.244	134.300	29368	24998644000	9
2015.09.09	08:00:00	134.300	135.025	134.246	134.798	46174	49180331000	9
2015.09.09	12:00:00	134.799	135.024	134.293	134.696	44042	47855546000	9
2015.09.09	16:00:00	134.693	135.191	134.648	135.114	51671	57799824000	9
2015.09.09	20:00:00	135.113	135.142	134.933	135.045	38292	44114698000	9
2015.09.10	00:00:00	134.982	135.144	134.815	135.053	27685	24858245000	9
2015.09.10	04:00:00	135.053	135.882	134.747	135.255	36565	31703845000	9
2015.09.10	08:00:00	135.244	135.575	135.160	135.334	48680	52632419000	9
2015.09.10	12:00:00	135.336	135.738	135.209	135.375	49684	51516207000	9
2015.09.10	16:00:00	135.374	136.132	135.336	135.833	54091	56286881000	9
2015.09.10	20:00:00	135.835	136.192	135.805	136.022	29100	28725840000	9
2015.09.11	00:00:00	135.964	136.432	135.958	136.220	25109	22896750000	9
2015.09.11	04:00:00	136.220	136.370	136.193	136.370	22560	22247900000	9
2015.09.11	08:00:00	136.372	136.462	135.952	136.026	40979	39876610000	9
2015.09.11	12:00:00	136.025	136.240	135.723	136.054	38445	40760215000	9
2015.09.11	16:00:00	136.056	136.918	136.009	136.885	48018	45707988000	9
2015.09.11	20:00:00	136.888	136.920	136.556	136.712	23102	20415096000	9
2015.09.14	00:00:00	136.552	137.045	136.476	136.899	18183	20221732000	9
2015.09.14	04:00:00	136.898	136.923	136.474	136.500	31708	34956034000	9
2015.09.14	08:00:00	136.499	136.718	136.167	136.222	41861	45395297000	9
2015.09.14	12:00:00	136.220	136.331	135.940	135.940	33291	37221462000	9
2015.09.14	16:00:00	135.940	135.998	135.490	135.830	41270	45935316000	9
2015.09.14	20:00:00	135.826	136.104	135.743	135.998	19450	22715321000	9
2015.09.15	00:00:00	135.993	136.385	135.985	136.347	19331	19550900000	9
2015.09.15	04:00:00	136.349	136.408	135.746	135.749	26567	24386667000	9
2015.09.15	08:00:00	135.746	135.856	134.994	135.104	42247	43580400000	9
2015.09.15	12:00:00	135.107	135.523	135.061	135.453	37097	39653843000	9
2015.09.15	16:00:00	135.447	135.795	135.375	135.795	45132	48236526000	9
2015.09.15	20:00:00	135.795	135.885	135.619	135.663	22511	24784992000	9
2015.09.16	00:00:00	135.682	135.820	135.581	135.759	17761	16301700000	9
2015.09.16	04:00:00	135.758	135.813	135.680	135.756	22409	18682150000	9
2015.09.16	08:00:00	135.757	135.770	135.341	135.416	39163	44210669000	9
2015.09.16	12:00:00	135.417	135.887	135.150	135.854	40634	44640279000	9
2015.09.16	16:00:00	135.853	136.631	135.808	136.459	43021	48701022000	9
2015.09.16	20:00:00	136.461	136.476	135.997	136.083	23578	27943086000	9
2015.09.17	00:00:00	136.105	136.325	136.046	136.128	18745	19114650000	9
2015.09.17	04:00:00	136.130	136.365	136.118	136.364	23505	19129869000	9
2015.09.17	08:00:00	136.364	137.086	136.312	136.918	38508	38432828000	9
2015.09.17	12:00:00	136.919	136.994	136.674	136.951	29658	29693732000	9
2015.09.17	16:00:00	136.951	136.952	136.554	136.719	36585	33496040000	9
2015.09.17	20:00:00	136.721	137.441	136.684	137.215	54697	52860399000	9
2015.09.18	00:00:00	137.199	137.298	136.556	136.599	28117	27853200000	9
2015.09.18	04:00:00	136.603	137.224	136.538	136.658	30869	28460807000	9
2015.09.18	08:00:00	136.659	136.768	136.266	136.529	46290	46196064000	9
2015.09.18	12:00:00	136.531	136.589	136.137	136.343	46826	45492930000	9
2015.09.18	16:00:00	136.345	136.523	136.051	136.220	46930	44201205000	9
2015.09.18	20:00:00	136.219	136.233	135.242	135.540	28001	27735503000	9
2015.09.21	00:00:00	135.515	135.595	135.380	135.450	18963	18819400000	9
2015.09.21	04:00:00	135.450	135.602	135.396	135.525	19643	15454950000	9
2015.09.21	08:00:00	135.525	136.134	135.506	135.897	37949	39026666000	9
2015.09.21	12:00:00	135.896	135.973	135.344	135.441	41263	49761872000	9
2015.09.21	16:00:00	135.441	135.483	134.835	134.884	45766	45424329000	9
2015.09.21	20:00:00	134.883	134.984	134.766	134.882	23184	22266621000	9
2015.09.22	00:00:00	134.884	134.964	134.718	134.771	12369	10449550000	9
2015.09.22	04:00:00	134.770	134.917	134.736	134.905	13242	12439950000	9
2015.09.22	08:00:00	134.903	134.908	133.980	134.290	43368	48945490000	9
2015.09.22	12:00:00	134.290	134.309	133.627	133.706	45292	51709062000	9
2015.09.22	16:00:00	133.705	133.899	133.426	133.455	46984	48831626000	9
2015.09.22	20:00:00	133.454	133.746	133.313	133.636	23354	25223287000	9
2015.09.23	00:00:00	133.630	133.705	133.484	133.578	15047	14340550000	9
2015.09.23	04:00:00	133.577	133.655	133.194	133.343	21430	21095354000	9
2015.09.23	08:00:00	133.343	133.881	133.151	133.632	41687	47259647000	9
2015.09.23	12:00:00	133.631	134.316	133.588	133.799	41611	41180369000	9
2015.09.23	16:00:00	133.798	134.676	133.684	134.296	50554	56985734000	9
2015.09.23	20:00:00	134.296	134.686	134.261	134.512	26203	27595850000	9
2015.09.24	00:00:00	134.492	134.645	134.315	134.338	19360	18936698000	9
2015.09.24	04:00:00	134.337	134.410	134.002	134.341	29630	30712537000	9
2015.09.24	08:00:00	134.337	134.662	134.114	134.463	44068	48179767000	9
2015.09.24	12:00:00	134.463	134.659	134.185	134.476	52551	55035438000	9
2015.09.24	16:00:00	134.475	134.750	134.377	134.586	56121	54636578000	9
2015.09.24	20:00:00	134.586	134.866	134.434	134.818	33500	34930762000	9
2015.09.25	00:00:00	134.855	134.908	134.250	134.385	27150	21584296000	9
2015.09.25	04:00:00	134.385	134.470	134.111	134.268	30154	26464250000	9
2015.09.25	08:00:00	134.269	134.851	134.251	134.838	47711	49354875000	9
2015.09.25	12:00:00	134.834	135.121	134.764	134.960	47034	49445013000	9
2015.09.25	16:00:00	134.962	135.385	134.775	135.053	51731	51786806000	9
2015.09.25	20:00:00	135.052	135.183	134.917	135.024	31829	31757354000	9
2015.09.28	00:00:00	134.794	134.970	134.749	134.836	20734	22019900000	9
2015.09.28	04:00:00	134.836	134.859	134.484	134.549	22092	18914650000	9
2015.09.28	08:00:00	134.549	134.689	134.196	134.455	47685	49823540000	9
2015.09.28	12:00:00	134.456	134.537	134.027	134.158	47654	52706330000	8
2015.09.28	16:00:00	134.159	134.691	133.935	134.623	56245	55087157000	9
2015.09.28	20:00:00	134.623	134.850	134.514	134.794	30446	32831218000	9
2015.09.29	00:00:00	134.811	134.881	134.521	134.587	18306	15863304000	9
2015.09.29	04:00:00	134.587	134.748	134.526	134.595	27399	20440950000	9
2015.09.29	08:00:00	134.596	134.957	134.482	134.651	52261	54777130000	9
2015.09.29	12:00:00	134.651	134.764	134.310	134.471	44321	44971373000	9
2015.09.29	16:00:00	134.471	134.853	134.234	134.767	61092	67041642000	9
2015.09.29	20:00:00	134.766	134.829	134.579	134.681	33362	33488420000	9
2015.09.30	00:00:00	134.664	135.113	134.650	134.942	22298	22136800000	9
2015.09.30	04:00:00	134.941	135.048	134.752	134.914	26816	23930214000	9
2015.09.30	08:00:00	134.914	135.032	134.556	134.983	44103	45589202000	9
2015.09.30	12:00:00	134.983	135.080	134.418	134.458	41175	41533941000	9
2015.09.30	16:00:00	134.457	134.481	133.571	133.804	56090	60069858000	9
2015.09.30	20:00:00	133.802	134.071	133.768	133.966	31893	36804471000	9
2015.10.01	00:00:00	133.961	134.013	133.790	133.926	21025	20464050000	9
2015.10.01	04:00:00	133.929	134.238	133.775	134.047	30428	30932212000	9
2015.10.01	08:00:00	134.047	134.156	133.795	134.027	39533	40729821000	9
2015.10.01	12:00:00	134.027	134.067	133.433	133.635	46379	46031813000	9
2015.10.01	16:00:00	133.634	134.112	133.634	134.062	54630	58977034000	9
2015.10.01	20:00:00	134.066	134.227	133.997	134.225	29270	31066200000	9
2015.10.02	00:00:00	134.200	134.234	134.037	134.188	19856	19178000000	9
2015.10.02	04:00:00	134.188	134.421	133.998	134.029	25995	25635957000	9
2015.10.02	08:00:00	134.029	134.227	133.983	134.094	37023	37232686000	9
2015.10.02	12:00:00	134.094	134.756	133.936	134.516	42084	39633654000	9
2015.10.02	16:00:00	134.516	134.878	134.232	134.649	62166	55999750000	9
2015.10.02	20:00:00	134.651	134.696	134.368	134.394	39722	44274640000	9
2015.10.05	00:00:00	134.650	134.737	134.409	134.660	35847	37907700000	9
2015.10.05	04:00:00	134.660	134.880	134.606	134.799	27704	23187500000	9
2015.10.05	08:00:00	134.799	135.356	134.717	135.306	47304	48949737000	9
2015.10.05	12:00:00	135.307	135.710	134.760	134.782	50500	53546770000	9
2015.10.05	16:00:00	134.781	134.952	134.566	134.754	51747	52311579000	9
2015.10.05	20:00:00	134.754	134.827	134.614	134.734	26384	29788050000	9
2015.10.06	00:00:00	134.732	134.880	134.664	134.800	19506	20708650000	9
2015.10.06	04:00:00	134.799	134.820	134.645	134.727	23362	20031800000	9
2015.10.06	08:00:00	134.726	134.897	134.400	134.875	40111	41053728000	9
2015.10.06	12:00:00	134.875	135.173	134.818	134.918	36963	37252858000	9
2015.10.06	16:00:00	134.918	135.528	134.914	135.455	50525	51171664000	9
2015.10.06	20:00:00	135.455	135.599	135.413	135.491	26583	29008830000	9
2015.10.07	00:00:00	135.482	135.628	135.416	135.543	20578	21092852000	9
2015.10.07	04:00:00	135.542	135.599	135.042	135.255	33065	32446847000	9
2015.10.07	08:00:00	135.255	135.335	134.737	134.954	41362	43014594000	9
2015.10.07	12:00:00	134.955	135.376	134.787	135.069	40821	46876050000	9
2015.10.07	16:00:00	135.069	135.104	134.613	134.843	51058	56922738000	9
2015.10.07	20:00:00	134.842	134.983	134.786	134.834	27606	32560134000	9
2015.10.08	00:00:00	134.839	134.898	134.724	134.874	16029	15657150000	9
2015.10.08	04:00:00	134.875	135.008	134.874	134.935	24452	22349200000	9
2015.10.08	08:00:00	134.936	135.356	134.724	135.264	40661	46110437000	9
2015.10.08	12:00:00	135.265	135.474	134.796	134.977	42754	48381887000	9
2015.10.08	16:00:00	134.975	135.352	134.829	135.285	41132	42169158000	9
2015.10.08	20:00:00	135.285	135.588	135.137	135.217	32901	30136542000	9
2015.10.09	00:00:00	135.202	135.405	135.176	135.325	20558	20149500000	9
2015.10.09	04:00:00	135.325	135.430	135.049	135.378	25708	25055100000	9
2015.10.09	08:00:00	135.378	136.305	135.362	136.113	43855	47951047000	9
2015.10.09	12:00:00	136.115	136.783	135.992	136.707	48487	50964251000	9
2015.10.09	16:00:00	136.708	136.952	136.340	136.875	45822	52810916000	9
2015.10.09	20:00:00	136.875	136.899	136.508	136.529	21410	23522050000	9
2015.10.12	00:00:00	136.493	136.710	136.485	136.629	28561	33503350000	9
2015.10.12	04:00:00	136.629	136.743	136.505	136.634	15735	16016100000	9
2015.10.12	08:00:00	136.635	136.820	136.497	136.750	26785	29234599000	9
2015.10.12	12:00:00	136.749	136.932	136.511	136.556	28759	33145227000	9
2015.10.12	16:00:00	136.556	136.674	136.230	136.455	32401	37952545000	9
2015.10.12	20:00:00	136.450	136.457	136.282	136.314	17855	19538500000	9
2015.10.13	00:00:00	136.306	136.351	136.095	136.121	13795	14820100000	9
2015.10.13	04:00:00	136.119	136.280	136.039	136.225	21979	21950750000	9
2015.10.13	08:00:00	136.225	136.593	136.094	136.214	37510	41442220000	9
2015.10.13	12:00:00	136.215	136.367	136.003	136.230	37388	43506066000	9
2015.10.13	16:00:00	136.230	136.460	136.101	136.401	38610	42150090000	9
2015.10.13	20:00:00	136.400	136.435	136.214	136.225	21252	22922900000	9
2015.10.14	00:00:00	136.222	136.372	136.174	136.195	18309	19493650000	9
2015.10.14	04:00:00	136.194	136.350	136.144	136.262	20205	18964950000	12
2015.10.14	08:00:00	136.262	136.612	136.200	136.255	37599	38890644000	14
2015.10.14	12:00:00	136.254	136.604	136.188	136.500	38298	43041771000	13
2015.10.14	16:00:00	136.500	136.556	136.254	136.383	44419	46796347000	14
2015.10.14	20:00:00	136.389	136.462	136.193	136.325	31097	32989233000	9
2015.10.15	00:00:00	136.300	136.562	136.266	136.403	21562	21718000000	9
2015.10.15	04:00:00	136.404	136.740	136.369	136.631	24530	22003898000	9
2015.10.15	08:00:00	136.630	136.652	135.219	135.461	41058	43567652000	9
2015.10.15	12:00:00	135.462	135.639	134.915	134.996	40885	43504131000	9
2015.10.15	16:00:00	134.995	135.119	134.799	134.985	48436	51801669000	9
2015.10.15	20:00:00	134.985	135.334	134.944	135.323	24039	25645805000	9
2015.10.16	00:00:00	135.427	135.427	135.208	135.324	19454	18214300000	0
2015.10.16	04:00:00	135.325	135.616	135.324	135.602	18868	15381600000	9
2015.10.16	08:00:00	135.601	135.709	135.194	135.331	32997	33127345000	9
2015.10.16	12:00:00	135.334	135.420	134.952	135.301	40037	44427962000	9
2015.10.16	16:00:00	135.301	135.983	135.228	135.883	45239	48427919000	9
2015.10.16	20:00:00	135.883	135.957	135.549	135.549	20683	17785248000	9
2015.10.19	00:00:00	135.552	135.708	135.461	135.649	27087	27701784000	9
2015.10.19	04:00:00	135.648	135.937	135.501	135.711	24707	24979440000	9
2015.10.19	08:00:00	135.713	135.736	135.424	135.608	33632	32643240000	9
2015.10.19	12:00:00	135.606	135.615	135.073	135.174	37938	42489876000	9
2015.10.19	16:00:00	135.174	135.395	135.075	135.246	38213	43777158000	9
2015.10.19	20:00:00	135.245	135.405	135.166	135.374	19466	20006296000	9
2015.10.20	00:00:00	135.287	135.451	135.285	135.440	16594	14476999000	9
2015.10.20	04:00:00	135.441	135.549	135.398	135.410	14368	11685340000	9
2015.10.20	08:00:00	135.410	135.901	135.261	135.747	33511	36318687000	9
2015.10.20	12:00:00	135.748	136.221	135.594	136.071	35517	36796163000	9
2015.10.20	16:00:00	136.071	136.140	135.847	136.040	36831	41800025000	9
2015.10.20	20:00:00	136.040	136.090	135.912	135.925	17414	16307550000	9
2015.10.21	00:00:00	135.927	136.292	135.912	136.223	18981	18679100000	9
2015.10.21	04:00:00	136.224	136.315	136.146	136.295	14052	10890023000	9
2015.10.21	08:00:00	136.296	136.385	135.972	136.311	35262	38193362000	9
2015.10.21	12:00:00	136.310	136.355	136.060	136.267	34516	39404820000	9
2015.10.21	16:00:00	136.268	136.286	135.993	136.106	37747	43673250000	9
2015.10.21	20:00:00	136.106	136.182	135.880	135.972	24670	26844738000	9
2015.10.22	00:00:00	135.956	136.019	135.821	135.871	18550	21536320000	9
2015.10.22	04:00:00	135.871	136.064	135.601	135.672	19552	18471334000	9
2015.10.22	08:00:00	135.672	135.870	135.260	135.455	37657	42913126000	9
2015.10.22	12:00:00	135.455	135.672	134.354	134.517	44157	51017270000	9
2015.10.22	16:00:00	134.511	134.633	134.142	134.374	49555	53635538000	9
2015.10.22	20:00:00	134.372	134.384	134.049	134.063	26756	30752350000	9
2015.10.23	00:00:00	134.050	134.147	133.761	134.061	26002	25739912000	0
2015.10.23	04:00:00	134.063	134.196	133.957	134.043	23638	22088598000	9
2015.10.23	08:00:00	134.042	134.261	133.472	133.947	41059	43519011000	9
2015.10.23	12:00:00	133.948	134.121	133.367	133.655	47655	58780405000	9
2015.10.23	16:00:00	133.655	133.723	133.424	133.579	46167	53420775000	9
2015.10.23	20:00:00	133.578	133.815	133.429	133.795	24857	27357492000	9
2015.10.26	00:00:00	133.697	133.820	133.454	133.594	25762	27454650000	9
2015.10.26	04:00:00	133.592	133.745	133.553	133.662	16181	12928850000	9
2015.10.26	08:00:00	133.660	133.698	133.362	133.500	33185	36261700000	9
2015.10.26	12:00:00	133.498	133.657	133.141	133.301	33438	38322040000	9
2015.10.26	16:00:00	133.301	133.825	133.185	133.736	36802	43224239000	9
2015.10.26	20:00:00	133.734	133.898	133.684	133.736	15359	17469389000	0
2015.10.27	00:00:00	133.736	133.860	133.373	133.451	17920	19108850000	9
2015.10.27	04:00:00	133.452	133.480	133.306	133.451	20356	20856700000	9
2015.10.27	08:00:00	133.450	133.496	132.920	133.052	32093	35374443000	0
2015.10.27	12:00:00	133.053	133.212	132.843	132.928	39655	36469399000	0
2015.10.27	16:00:00	132.930	133.098	132.729	132.859	36289	35590600000	0
2015.10.27	20:00:00	132.860	133.092	132.793	132.982	19318	19667400000	0
2015.10.28	00:00:00	132.968	133.011	132.696	132.869	25328	23508050000	9
2015.10.28	04:00:00	132.869	132.912	132.737	132.827	12787	9671147000	0
2015.10.28	08:00:00	132.827	133.188	132.778	132.986	27474	28303342000	0
2015.10.28	12:00:00	132.985	133.411	132.985	133.275	29946	28781623000	9
2015.10.28	16:00:00	133.276	133.549	133.091	133.311	33889	34444349000	9
2015.10.28	20:00:00	133.309	133.309	131.967	132.332	38967	33339870000	0
2015.10.29	00:00:00	132.332	132.380	131.595	131.791	23756	23594800000	0
2015.10.29	04:00:00	131.790	132.083	131.785	132.045	17033	15390399000	9
2015.10.29	08:00:00	132.045	132.437	131.872	132.386	35719	36741140000	9
2015.10.29	12:00:00	132.387	132.723	132.248	132.601	40378	44500873000	9
2015.10.29	16:00:00	132.596	133.027	132.563	132.803	35130	38308560000	0
2015.10.29	20:00:00	132.800	133.017	132.715	132.991	17904	17421652000	0
2015.10.30	00:00:00	132.992	133.066	132.709	132.785	20913	20495441000	9
2015.10.30	04:00:00	132.785	133.385	132.197	132.955	33146	32085195000	9
2015.10.30	08:00:00	132.957	133.012	132.482	132.581	39005	38140875000	9
2015.10.30	12:00:00	132.568	133.188	132.398	133.159	39211	37306843000	9
2015.10.30	16:00:00	133.157	133.330	132.901	132.972	40122	36648805000	9
2015.10.30	20:00:00	132.975	132.975	132.586	132.722	18766	19026080000	9
2015.11.02	00:00:00	132.883	132.977	132.696	132.872	25109	25656050000	9
2015.11.02	04:00:00	132.872	132.872	132.618	132.765	15949	15350100000	9
2015.11.02	08:00:00	132.764	133.107	132.701	132.785	34659	38237845000	9
2015.11.02	12:00:00	132.779	133.204	132.739	133.169	30524	35551423000	9
2015.11.02	16:00:00	133.169	133.204	132.978	133.043	33229	39419171000	9
2015.11.02	20:00:00	133.044	133.111	132.944	132.994	17114	19813570000	9
2015.11.03	00:00:00	132.987	133.116	132.929	132.965	16209	13476500000	0
2015.11.03	04:00:00	132.967	132.996	132.877	132.981	10770	9451700000	9
2015.11.03	08:00:00	132.978	133.045	132.603	132.658	26828	30441700000	0
2015.11.03	12:00:00	132.657	132.763	132.563	132.732	31795	36719060000	9
2015.11.03	16:00:00	132.730	132.784	132.543	132.652	36312	40629038000	9
2015.11.03	20:00:00	132.651	132.782	132.551	132.692	22704	25262148000	9
2015.11.04	00:00:00	132.734	132.903	132.674	132.832	26619	26044300000	9
2015.11.04	04:00:00	132.831	132.851	132.589	132.709	17369	16702050000	9
2015.11.04	08:00:00	132.708	132.710	132.278	132.461	33629	38334407000	9
2015.11.04	12:00:00	132.461	132.589	132.326	132.385	33812	37345659000	9
2015.11.04	16:00:00	132.385	132.419	131.841	131.964	43776	47124989000	9
2015.11.04	20:00:00	131.965	132.069	131.867	132.052	21249	24248142000	9
2015.11.05	00:00:00	132.065	132.112	131.892	132.011	25021	25140100000	9
2015.11.05	04:00:00	132.012	132.145	131.960	132.048	17232	15981850000	9
2015.11.05	08:00:00	132.048	132.562	131.858	132.436	35785	37689500000	9
2015.11.05	12:00:00	132.436	132.722	132.315	132.394	40103	45347746000	9
2015.11.05	16:00:00	132.392	132.517	131.993	132.322	40460	44375706000	9
2015.11.05	20:00:00	132.318	132.506	132.307	132.487	18980	20140830000	9
2015.11.06	00:00:00	132.447	132.511	132.380	132.466	18033	16358000000	0
2015.11.06	04:00:00	132.467	132.597	132.424	132.550	15683	13471098000	9
2015.11.06	08:00:00	132.548	132.654	132.438	132.456	32693	37816650000	9
2015.11.06	12:00:00	132.456	132.710	131.507	131.822	33874	38418850000	0
2015.11.06	16:00:00	131.822	132.457	131.624	132.252	39488	43251912000	9
2015.11.06	20:00:00	132.253	132.430	132.120	132.290	19058	20612520000	9
2015.11.09	00:00:00	132.275	132.689	132.172	132.680	22599	21190100000	9
2015.11.09	04:00:00	132.685	132.887	132.596	132.705	21325	22264894000	9
2015.11.09	08:00:00	132.705	133.157	132.694	133.055	34954	41464684000	9
2015.11.09	12:00:00	133.056	133.189	132.556	132.677	38428	46236757000	9
2015.11.09	16:00:00	132.676	132.805	132.301	132.457	47146	56587878000	9
2015.11.09	20:00:00	132.457	132.500	132.357	132.414	20462	23829900000	9
2015.11.10	00:00:00	132.372	132.496	132.334	132.463	24774	20573500000	9
2015.11.10	04:00:00	132.463	132.475	132.312	132.403	15254	10573850000	9
2015.11.10	08:00:00	132.398	132.783	132.173	132.204	36903	41457792000	9
2015.11.10	12:00:00	132.203	132.314	131.779	131.881	42258	49046300000	9
2015.11.10	16:00:00	131.879	131.973	131.620	131.805	41974	49633950000	9
2015.11.10	20:00:00	131.803	132.184	131.733	132.079	22827	27481417000	9
2015.11.11	00:00:00	132.018	132.219	131.865	132.020	24685	26588600000	9
2015.11.11	04:00:00	132.024	132.325	131.987	132.208	21577	25145890000	9
2015.11.11	08:00:00	132.207	132.405	132.056	132.299	32451	38922980000	9
2015.11.11	12:00:00	132.299	132.322	131.853	132.014	35381	45253414000	9
2015.11.11	16:00:00	132.013	132.213	131.651	131.909	38245	46079244000	9
2015.11.11	20:00:00	131.909	132.075	131.858	131.974	19038	22406699000	9
2015.11.12	00:00:00	131.914	132.541	131.914	132.478	26660	39094050000	0
2015.11.12	04:00:00	132.479	132.530	132.164	132.212	18561	17282400000	9
2015.11.12	08:00:00	132.209	132.272	131.477	131.788	38396	41591299000	9
2015.11.12	12:00:00	131.789	132.064	131.723	131.930	42238	48162828000	9
2015.11.12	16:00:00	131.929	132.604	131.870	132.323	56665	68734924000	9
2015.11.12	20:00:00	132.323	132.752	132.198	132.509	29519	32440019000	9
2015.11.13	00:00:00	132.503	132.614	132.344	132.360	28138	26025800000	0
2015.11.13	04:00:00	132.359	132.385	132.257	132.308	18494	18354250000	9
2015.11.13	08:00:00	132.306	132.334	131.954	131.992	33447	35645381000	9
2015.11.13	12:00:00	131.992	132.414	131.760	131.774	43390	49096935000	9
2015.11.13	16:00:00	131.774	131.923	131.556	131.823	45392	51131097000	9
2015.11.13	20:00:00	131.821	132.088	131.720	131.983	23551	22540999000	9
2015.11.16	00:00:00	131.241	131.487	130.639	131.252	31819	30231306000	9
2015.11.16	04:00:00	131.252	131.347	131.225	131.302	15943	15435000000	9
2015.11.16	08:00:00	131.301	132.052	131.284	131.854	37358	40092937000	9
2015.11.16	12:00:00	131.852	132.208	131.764	131.883	35490	41084900000	9
2015.11.16	16:00:00	131.884	131.972	131.677	131.727	41837	48260146000	9
2015.11.16	20:00:00	131.727	131.776	131.550	131.619	19217	22690499000	9
2015.11.17	00:00:00	131.624	131.796	131.469	131.552	21523	21500800000	0
2015.11.17	04:00:00	131.550	131.624	131.480	131.564	16934	15948300000	9
2015.11.17	08:00:00	131.561	131.667	131.196	131.460	33895	37375200000	9
2015.11.17	12:00:00	131.460	131.585	131.394	131.488	34348	39807500000	9
2015.11.17	16:00:00	131.486	131.633	131.250	131.372	41822	46471950000	9
2015.11.17	20:00:00	131.373	131.467	131.217	131.355	28257	30847900000	9
2015.11.18	00:00:00	131.343	131.402	131.263	131.295	17877	17863506000	0
2015.11.18	04:00:00	131.293	131.315	131.115	131.251	15183	15512394000	9
2015.11.18	08:00:00	131.251	131.777	131.193	131.650	29841	31636364000	9
2015.11.18	12:00:00	131.650	131.722	131.512	131.571	32916	38336900000	9
2015.11.18	16:00:00	131.571	131.717	131.270	131.392	38206	44515950000	9
2015.11.18	20:00:00	131.391	131.754	131.214	131.747	29454	27194730000	9
2015.11.19	00:00:00	131.729	132.269	131.684	132.117	24802	23121140000	0
2015.11.19	04:00:00	132.117	132.159	131.774	131.972	27528	25030250000	9
2015.11.19	08:00:00	131.968	132.026	131.427	131.666	34105	38695562000	9
2015.11.19	12:00:00	131.666	131.891	131.437	131.581	36119	40935180000	9
2015.11.19	16:00:00	131.581	132.046	131.578	131.755	44072	48002495000	9
2015.11.19	20:00:00	131.754	131.925	131.680	131.850	19534	21234700000	9
2015.11.20	00:00:00	131.837	131.958	131.671	131.792	21715	20324804000	0
2015.11.20	04:00:00	131.792	131.810	131.599	131.687	17132	15131700000	9
2015.11.20	08:00:00	131.688	131.727	131.076	131.207	34368	38326042000	9
2015.11.20	12:00:00	131.208	131.443	131.113	131.309	31580	34929863000	9
2015.11.20	16:00:00	131.311	131.455	130.705	130.794	39544	46006717000	9
2015.11.20	20:00:00	130.793	130.928	130.690	130.703	20958	24458250000	9
2015.11.23	00:00:00	130.685	130.825	130.613	130.649	23731	25648318000	0
2015.11.23	04:00:00	130.649	130.829	130.564	130.803	19828	19503749000	9
2015.11.23	08:00:00	130.802	131.033	130.705	130.921	34410	39349299000	9
2015.11.23	12:00:00	130.921	131.041	130.773	130.948	35593	43025150000	9
2015.11.23	16:00:00	130.947	130.983	130.349	130.512	40587	47100850000	9
2015.11.23	20:00:00	130.511	130.644	130.391	130.627	20235	22797895000	9
2015.11.24	00:00:00	130.655	130.794	130.551	130.580	24172	25466352000	9
2015.11.24	04:00:00	130.581	130.633	130.355	130.429	16210	16111950000	9
2015.11.24	08:00:00	130.430	130.635	130.371	130.483	36052	38458800000	9
2015.11.24	12:00:00	130.485	130.635	130.402	130.542	42511	47859895000	9
2015.11.24	16:00:00	130.541	130.671	130.193	130.348	42468	47054895000	9
2015.11.24	20:00:00	130.348	130.477	130.203	130.407	23536	26663755000	4
2015.11.25	00:00:00	130.433	130.538	130.346	130.507	23617	24163411000	0
2015.11.25	04:00:00	130.507	130.591	130.399	130.432	19556	19585000000	9
2015.11.25	08:00:00	130.432	130.761	130.034	130.060	38671	49504748000	9
2015.11.25	12:00:00	130.059	130.134	129.772	130.119	43663	55876968000	9
2015.11.25	16:00:00	130.127	130.482	129.880	130.311	41969	50212600000	9
2015.11.25	20:00:00	130.313	130.347	130.212	130.334	18227	18407850000	9
2015.11.26	00:00:00	130.277	130.368	130.161	130.251	20900	22483150000	0
2015.11.26	04:00:00	130.251	130.260	130.123	130.162	13755	12968750000	9
2015.11.26	08:00:00	130.162	130.274	129.889	130.089	27348	30301892000	9
2015.11.26	12:00:00	130.088	130.173	129.994	130.127	26594	31954995000	9
2015.11.26	16:00:00	130.126	130.166	130.028	130.093	20858	24369250000	9
2015.11.26	20:00:00	130.093	130.117	129.996	130.030	25787	23195550000	9
2015.11.27	00:00:00	130.119	130.119	129.996	130.094	23385	21052350000	0
2015.11.27	04:00:00	130.094	130.148	129.984	130.027	12493	9387950000	9
2015.11.27	08:00:00	130.027	130.148	129.746	129.746	36754	44053298000	9
2015.11.27	12:00:00	129.750	129.891	129.665	129.782	33705	40162050000	9
2015.11.27	16:00:00	129.782	130.233	129.696	130.174	30316	35397188000	9
2015.11.27	20:00:00	130.171	130.247	129.960	129.960	10940	11177100000	9
2015.11.30	00:00:00	130.042	130.099	129.810	129.871	21054	23359820000	9
2015.11.30	04:00:00	129.872	129.976	129.831	129.930	15047	15424000000	9
2015.11.30	08:00:00	129.932	130.271	129.868	130.221	30418	35179481000	9
2015.11.30	12:00:00	130.221	130.292	130.045	130.131	32723	39315450000	9
2015.11.30	16:00:00	130.133	130.293	130.023	130.033	38322	45685079000	9
2015.11.30	20:00:00	130.033	130.175	130.012	130.043	19343	22033200000	9
2015.12.01	00:00:00	129.994	130.288	129.988	130.217	20687	20168950000	9
2015.12.01	04:00:00	130.217	130.238	129.752	130.075	26365	24586750000	9
2015.12.01	08:00:00	130.076	130.585	129.987	130.447	31018	35419045000	9
2015.12.01	12:00:00	130.448	130.642	130.347	130.595	28327	33481054000	9
2015.12.01	16:00:00	130.593	130.806	130.292	130.481	43563	52770637000	9
2015.12.01	20:00:00	130.483	130.679	130.478	130.617	21225	26049013000	9
2015.12.02	00:00:00	130.636	130.640	130.512	130.561	16824	17315850000	9
2015.12.02	04:00:00	130.561	130.679	130.534	130.609	14432	12031950000	9
2015.12.02	08:00:00	130.609	130.926	130.563	130.777	30392	33766570000	9
2015.12.02	12:00:00	130.771	130.771	130.297	130.521	36084	41682738000	9
2015.12.02	16:00:00	130.521	130.890	130.330	130.736	43513	50598350000	9
2015.12.02	20:00:00	130.736	130.973	130.705	130.829	29600	34674432000	9
2015.12.03	00:00:00	130.837	130.845	130.673	130.680	21309	17427500000	0
2015.12.03	04:00:00	130.680	130.788	130.611	130.673	15493	10569700000	9
2015.12.03	08:00:00	130.673	130.787	130.321	130.395	29755	32248357000	9
2015.12.03	12:00:00	130.394	133.856	129.840	133.271	50873	58606826000	9
2015.12.03	16:00:00	133.268	134.496	132.916	133.827	61915	66633294000	9
2015.12.03	20:00:00	133.827	134.342	133.827	134.109	42409	48918934000	9
2015.12.04	00:00:00	134.079	134.237	133.821	133.846	30860	31743300000	9
2015.12.04	04:00:00	133.846	134.140	133.748	134.110	22750	20783100000	9
2015.12.04	08:00:00	134.110	134.171	133.322	133.681	41731	47723050000	9
2015.12.04	12:00:00	133.682	134.367	133.397	134.259	44654	50115109000	9
2015.12.04	16:00:00	134.258	134.588	133.548	133.881	57395	63810407000	9
2015.12.04	20:00:00	133.881	133.993	133.727	133.907	22969	25061050000	9
2015.12.07	00:00:00	133.904	134.117	133.858	133.933	22990	22895350000	9
2015.12.07	04:00:00	133.932	133.963	133.801	133.889	14384	14718600000	9
2015.12.07	08:00:00	133.890	134.004	133.436	133.497	28677	33170890000	9
2015.12.07	12:00:00	133.497	133.572	133.294	133.515	30226	37631050000	9
2015.12.07	16:00:00	133.514	133.822	133.367	133.733	41951	49190047000	9
2015.12.07	20:00:00	133.734	133.838	133.588	133.673	22222	27657496000	9
2015.12.08	00:00:00	133.668	133.716	133.514	133.622	25803	25473686000	9
2015.12.08	04:00:00	133.623	133.683	133.519	133.674	14687	11859400000	9
2015.12.08	08:00:00	133.673	133.876	133.559	133.591	31139	36615547000	9
2015.12.08	12:00:00	133.593	133.870	133.477	133.801	38938	47389077000	9
2015.12.08	16:00:00	133.803	133.919	133.496	133.880	44343	50383450000	9
2015.12.08	20:00:00	133.879	134.002	133.856	133.896	23602	27371193000	9
2015.12.09	00:00:00	133.857	133.938	133.792	133.923	18662	17486700000	0
2015.12.09	04:00:00	133.921	133.999	133.808	133.872	16559	16639800000	9
2015.12.09	08:00:00	133.867	134.215	133.866	134.123	32966	35988919000	9
2015.12.09	12:00:00	134.122	134.207	133.793	133.959	38475	44835150000	9
2015.12.09	16:00:00	133.959	134.003	133.521	133.563	58301	67701850000	9
2015.12.09	20:00:00	133.566	133.916	133.520	133.874	45683	50927153000	9
2015.12.10	00:00:00	133.875	134.115	133.606	133.777	28575	28564150000	9
2015.12.10	04:00:00	133.777	133.957	133.716	133.840	16832	12365850000	9
2015.12.10	08:00:00	133.840	133.922	133.487	133.531	30916	21056648000	9
2015.12.10	12:00:00	133.532	133.544	132.767	133.082	39897	32726748000	9
2015.12.10	16:00:00	133.082	133.128	132.824	132.948	44259	36452150000	9
2015.12.10	20:00:00	132.948	133.101	132.900	133.024	22760	22026705000	9
2015.12.11	00:00:00	132.962	133.495	132.952	133.475	26507	21391452000	9
2015.12.11	04:00:00	133.475	133.613	133.420	133.498	12891	8975050000	9
2015.12.11	08:00:00	133.498	133.779	133.395	133.440	29679	25450950000	9
2015.12.11	12:00:00	133.439	133.475	132.927	133.081	42413	34845978000	9
2015.12.11	16:00:00	133.080	133.353	132.644	132.815	60969	52529435000	9
2015.12.11	20:00:00	132.815	132.971	132.625	132.926	31995	29927081000	9
2015.12.14	00:00:00	133.048	133.056	132.488	132.687	26281	23113090000	9
2015.12.14	04:00:00	132.688	132.884	132.613	132.871	21788	13714850000	9
2015.12.14	08:00:00	132.868	133.032	132.588	132.714	34965	29088650000	9
2015.12.14	12:00:00	132.714	132.876	132.435	132.757	45491	39153500000	9
2015.12.14	16:00:00	132.757	133.235	132.619	132.953	59853	54731557000	9
2015.12.14	20:00:00	132.953	133.064	132.795	133.019	30749	32123400000	9
2015.12.15	00:00:00	133.019	133.297	132.962	133.199	28060	25969599000	9
2015.12.15	04:00:00	133.199	133.373	133.166	133.232	18955	15615370000	9
2015.12.15	08:00:00	133.231	133.411	133.159	133.344	36443	30928149000	9
2015.12.15	12:00:00	133.345	133.525	132.893	133.021	40198	37937311000	9
2015.12.15	16:00:00	133.023	133.070	132.699	133.004	47599	44504013000	9
2015.12.15	20:00:00	133.004	133.060	132.827	132.953	22938	19223461000	9
2015.12.16	00:00:00	132.924	133.208	132.869	133.191	20647	15168300000	9
2015.12.16	04:00:00	133.191	133.342	133.080	133.326	17063	11423350000	9
2015.12.16	08:00:00	133.329	133.500	133.172	133.197	36132	30905288000	9
2015.12.16	12:00:00	133.195	133.359	132.890	133.247	37696	36707817000	9
2015.12.16	16:00:00	133.247	133.402	133.070	133.123	42775	40544450000	9
2015.12.16	20:00:00	133.122	133.781	132.892	133.335	49926	41289000000	9
2015.12.17	00:00:00	133.341	133.379	133.001	133.008	27918	24371550000	0
2015.12.17	04:00:00	133.009	133.063	132.799	132.913	22671	18844757000	9
2015.12.17	08:00:00	132.915	133.080	132.807	132.897	37778	33600830000	9
2015.12.17	12:00:00	132.897	133.062	132.637	133.055	32560	30231745000	9
2015.12.17	16:00:00	133.052	133.248	132.601	132.669	47779	44900893000	9
2015.12.17	20:00:00	132.661	132.828	132.589	132.659	23875	23653800000	9
2015.12.18	00:00:00	132.648	132.830	132.601	132.696	19442	13755663000	0
2015.12.18	04:00:00	132.696	133.780	132.198	132.265	39687	30776670000	9
2015.12.18	08:00:00	132.266	132.535	131.031	131.435	48181	41668079000	9
2015.12.18	12:00:00	131.435	131.732	131.202	131.416	38391	34547968000	9
2015.12.18	16:00:00	131.415	131.917	131.369	131.572	45543	41740831000	9
2015.12.18	20:00:00	131.573	131.867	131.523	131.583	23026	20255700000	9
2015.12.21	00:00:00	131.549	131.924	131.492	131.724	24223	18180850000	9
2015.12.21	04:00:00	131.722	132.079	131.654	131.991	16557	12790130000	9
2015.12.21	08:00:00	131.991	132.082	131.735	131.799	31260	28127250000	9
2015.12.21	12:00:00	131.800	132.122	131.690	132.075	33655	32843450000	9
2015.12.21	16:00:00	132.075	132.323	131.956	132.167	45797	49357390000	9
2015.12.21	20:00:00	132.167	132.342	132.167	132.243	19049	20324392000	9
2015.12.22	00:00:00	132.230	132.348	132.128	132.321	20713	13356100000	9
2015.12.22	04:00:00	132.322	132.444	132.236	132.245	15603	8184750000	9
2015.12.22	08:00:00	132.246	132.344	132.093	132.307	36019	32158114000	9
2015.12.22	12:00:00	132.305	132.647	132.229	132.568	42314	42677235000	9
2015.12.22	16:00:00	132.567	132.784	132.446	132.747	40063	39323895000	9
2015.12.22	20:00:00	132.745	132.793	132.513	132.648	16139	17999350000	9
2015.12.23	00:00:00	132.558	132.624	132.398	132.413	15269	11837700000	0
2015.12.23	04:00:00	132.413	132.479	132.296	132.391	8600	4656900000	9
2015.12.23	08:00:00	132.391	132.423	132.073	132.142	25561	24592594000	9
2015.12.23	12:00:00	132.144	132.238	131.756	131.779	27387	25167750000	9
2015.12.23	16:00:00	131.778	131.929	131.500	131.569	34003	33837235000	9
2015.12.23	20:00:00	131.570	132.007	131.560	131.901	20242	22982400000	9
2015.12.24	00:00:00	131.918	131.986	131.738	131.939	16887	12855700000	9
2015.12.24	04:00:00	131.938	132.001	131.800	131.815	13633	10716000000	9
2015.12.24	08:00:00	131.815	131.970	131.788	131.910	18709	16135400000	9
2015.12.24	12:00:00	131.912	131.950	131.585	131.690	16047	14725925000	9
2015.12.24	16:00:00	131.690	131.867	131.652	131.796	14790	14977150000	9
2015.12.28	00:00:00	131.600	132.243	131.589	132.133	16869	13216700000	9
2015.12.28	04:00:00	132.133	132.236	132.043	132.140	9892	6588450000	9
2015.12.28	08:00:00	132.140	132.382	132.086	132.313	16496	13043100000	9
2015.12.28	12:00:00	132.311	132.460	132.026	132.158	20373	19057784000	9
2015.12.28	16:00:00	132.157	132.255	131.897	132.078	30438	31102400000	0
2015.12.28	20:00:00	132.078	132.141	131.994	132.043	14625	14451100000	9
2015.12.29	00:00:00	132.035	132.228	131.988	132.182	27278	23517450000	0
2015.12.29	04:00:00	132.183	132.193	132.017	132.066	41028	26659700000	9
2015.12.29	08:00:00	132.067	132.349	131.989	132.272	17961	13565262000	9
2015.12.29	12:00:00	132.268	132.268	131.434	131.589	21337	17416196000	9
2015.12.29	16:00:00	131.589	131.832	131.355	131.657	26947	36652589000	9
2015.12.29	20:00:00	131.657	131.755	131.555	131.561	15367	36911121000	9
2015.12.30	00:00:00	131.559	131.762	131.502	131.623	14108	11657350000	0
2015.12.30	04:00:00	131.625	131.718	131.560	131.564	8590	4820900000	9
2015.12.30	08:00:00	131.566	131.802	131.559	131.710	20550	17411952000	9
2015.12.30	12:00:00	131.711	131.840	131.445	131.837	26223	24725400000	9
2015.12.30	16:00:00	131.842	131.918	131.488	131.588	28691	28157600000	9
2015.12.30	20:00:00	131.584	131.790	131.520	131.739	14904	13673720000	0
2015.12.31	00:00:00	131.700	131.773	131.563	131.567	11916	10373500000	9
2015.12.31	04:00:00	131.566	131.648	131.519	131.540	8744	8576200000	9
2015.12.31	08:00:00	131.542	131.656	131.395	131.485	13729	10954750000	9
2015.12.31	12:00:00	131.486	131.547	130.995	131.046	24298	23416447000	9
2015.12.31	16:00:00	131.047	131.064	130.467	130.602	31126	33376450000	0
2015.12.31	20:00:00	130.571	130.590	130.562	130.564	261	396500000	20
2016.01.04	00:00:00	130.657	130.760	130.321	130.343	23312	21054100000	0
2016.01.04	04:00:00	130.344	130.365	129.962	130.088	34053	28974304000	9
2016.01.04	08:00:00	130.088	130.177	129.738	129.915	45783	42633276000	9
2016.01.04	12:00:00	129.915	129.992	129.388	129.446	42972	40703286000	9
2016.01.04	16:00:00	129.446	129.467	128.674	129.174	50983	47429142000	9
2016.01.04	20:00:00	129.173	129.398	129.110	129.370	23168	20996100000	9
2016.01.05	00:00:00	129.303	129.460	129.074	129.435	27557	23128899000	0
2016.01.05	04:00:00	129.435	129.474	129.225	129.344	22133	16917600000	9
2016.01.05	08:00:00	129.344	129.384	128.240	128.247	39749	36060900000	9
2016.01.05	12:00:00	128.239	128.328	127.748	127.980	41852	41032396000	9
2016.01.05	16:00:00	127.981	128.126	127.516	127.855	45613	43500779000	0
2016.01.05	20:00:00	127.855	128.041	127.686	127.939	21680	24507398000	9
2016.01.06	00:00:00	127.893	128.182	127.448	127.588	30704	24599212000	9
2016.01.06	04:00:00	127.588	127.698	127.313	127.590	33386	26509000000	9
2016.01.06	08:00:00	127.590	127.660	127.056	127.174	40217	36657573000	9
2016.01.06	12:00:00	127.175	127.561	127.017	127.489	43458	41538130000	9
2016.01.06	16:00:00	127.489	127.726	127.335	127.557	47677	48144788000	9
2016.01.06	20:00:00	127.559	127.937	127.547	127.706	33199	31737826000	9
2016.01.07	00:00:00	127.693	127.975	127.192	127.339	31388	27016536000	0
2016.01.07	04:00:00	127.344	127.950	127.312	127.769	34124	31549450000	9
2016.01.07	08:00:00	127.771	127.771	126.780	127.484	54687	46367897000	9
2016.01.07	12:00:00	127.488	127.943	127.422	127.943	50462	47914962000	9
2016.01.07	16:00:00	127.941	128.246	127.837	128.136	58253	57720532000	9
2016.01.07	20:00:00	128.137	128.628	128.019	128.584	37990	38637162000	0
2016.01.08	00:00:00	128.494	129.085	128.330	128.716	39764	28366729000	9
2016.01.08	04:00:00	128.730	128.802	128.604	128.699	32733	26453500000	9
2016.01.08	08:00:00	128.699	128.879	128.540	128.624	42399	37432200000	9
2016.01.08	12:00:00	128.623	128.664	128.217	128.228	47179	42522584000	9
2016.01.08	16:00:00	128.218	128.596	128.079	128.263	67169	60733790000	9
2016.01.08	20:00:00	128.263	128.459	128.073	128.073	30621	29367750000	9
2016.01.11	00:00:00	127.888	128.323	127.639	128.208	49951	23404034000	30
2016.01.11	04:00:00	128.206	128.215	127.963	128.088	34135	14339590000	9
2016.01.11	08:00:00	128.091	128.330	127.807	128.277	43937	37884565000	9
2016.01.11	12:00:00	128.277	128.462	128.125	128.288	43851	43177940000	9
2016.01.11	16:00:00	128.292	128.316	127.306	127.708	53871	52180300000	9
2016.01.11	20:00:00	127.709	127.877	127.591	127.864	30266	33809930000	9
2016.01.12	00:00:00	127.868	127.968	127.632	127.854	31340	26438350000	9
2016.01.12	04:00:00	127.858	127.931	127.754	127.822	28112	20924575000	9
2016.01.12	08:00:00	127.822	128.006	127.649	127.819	43294	38697360000	9
2016.01.12	12:00:00	127.819	127.900	127.685	127.801	46129	48119500000	9
2016.01.12	16:00:00	127.801	127.886	127.452	127.571	53110	50305469000	9
2016.01.12	20:00:00	127.571	127.805	127.488	127.733	34427	34600760000	0
2016.01.13	00:00:00	127.669	127.867	127.637	127.785	32081	29693711000	9
2016.01.13	04:00:00	127.784	128.156	127.779	128.089	30073	27932600000	9
2016.01.13	08:00:00	128.090	128.141	127.777	127.951	41405	36707430000	9
2016.01.13	12:00:00	127.950	128.086	127.632	127.982	37799	32570640000	9
2016.01.13	16:00:00	127.983	128.543	127.895	128.090	49327	42120270000	9
2016.01.13	20:00:00	128.094	128.197	127.930	127.974	41254	42155679000	9
2016.01.14	00:00:00	127.972	128.073	127.738	127.854	36146	30667950000	9
2016.01.14	04:00:00	127.854	128.013	127.790	127.970	29033	26967985000	9
2016.01.14	08:00:00	127.972	128.682	127.946	128.523	48567	45060494000	9
2016.01.14	12:00:00	128.524	128.751	128.171	128.285	53667	50232047000	9
2016.01.14	16:00:00	128.283	128.391	127.924	128.267	58767	54006100000	9
2016.01.14	20:00:00	128.267	128.379	128.183	128.232	31165	34698970000	9
2016.01.15	00:00:00	128.176	128.410	128.151	128.304	30789	28942500000	9
2016.01.15	04:00:00	128.302	128.355	128.036	128.193	32219	28727772000	9
2016.01.15	08:00:00	128.195	128.274	127.805	128.055	48726	49085889000	9
2016.01.15	12:00:00	128.054	128.125	127.684	128.090	50514	48325579000	9
2016.01.15	16:00:00	128.090	128.239	127.791	127.867	62269	59932158000	9
2016.01.15	20:00:00	127.866	127.935	127.583	127.670	37444	36719900000	9
2016.01.18	00:00:00	127.459	127.932	127.424	127.799	35791	34017480000	0
2016.01.18	04:00:00	127.799	127.855	127.583	127.683	31720	32298700000	9
2016.01.18	08:00:00	127.683	127.867	127.346	127.857	51053	50973009000	9
2016.01.18	12:00:00	127.857	127.943	127.715	127.799	44295	48810863000	9
2016.01.18	16:00:00	127.801	127.897	127.606	127.821	29926	31633035000	9
2016.01.18	20:00:00	127.821	127.897	127.767	127.821	9698	9174500000	9
2016.01.19	00:00:00	127.763	128.075	127.744	127.988	27584	27385832000	0
2016.01.19	04:00:00	127.979	128.193	127.784	128.120	34912	32271039000	9
2016.01.19	08:00:00	128.123	128.289	128.050	128.098	45989	46528659000	9
2016.01.19	12:00:00	128.111	128.374	128.010	128.112	49398	52274289000	9
2016.01.19	16:00:00	128.113	128.553	128.057	128.340	57014	62880422000	9
2016.01.19	20:00:00	128.329	128.439	128.221	128.281	37325	40620087000	9
2016.01.20	00:00:00	128.243	128.365	128.044	128.078	31870	31972690000	0
2016.01.20	04:00:00	128.078	128.242	127.972	127.975	37972	36840704000	9
2016.01.20	08:00:00	127.975	128.008	127.073	127.476	57080	57972056000	9
2016.01.20	12:00:00	127.480	127.570	127.066	127.533	54493	61424580000	9
2016.01.20	16:00:00	127.533	127.630	126.624	127.222	60523	64618964000	9
2016.01.20	20:00:00	127.222	127.484	127.073	127.322	43442	54748141000	9
2016.01.21	00:00:00	127.308	127.705	127.281	127.604	36950	36378769000	0
2016.01.21	04:00:00	127.604	127.694	127.264	127.277	38611	35914850000	9
2016.01.21	08:00:00	127.275	127.584	127.133	127.349	55865	58920937000	9
2016.01.21	12:00:00	127.349	127.859	126.208	126.249	57146	63362816000	9
2016.01.21	16:00:00	126.254	127.624	126.160	127.610	62500	69633805000	9
2016.01.21	20:00:00	127.610	128.190	127.517	127.966	45228	52287860000	0
2016.01.22	00:00:00	127.971	128.156	127.514	127.602	33322	29408000000	9
2016.01.22	04:00:00	127.602	127.924	127.560	127.905	37833	31989895000	9
2016.01.22	08:00:00	127.905	128.428	127.671	128.059	49029	52100126000	9
2016.01.22	12:00:00	128.057	128.216	127.415	127.650	42537	50581367000	9
2016.01.22	16:00:00	127.650	128.355	127.616	128.145	50421	56528630000	9
2016.01.22	20:00:00	128.144	128.339	128.078	128.231	24387	28358393000	9
2016.01.25	00:00:00	128.011	128.289	127.850	128.251	25712	28991344000	9
2016.01.25	04:00:00	128.252	128.485	128.226	128.407	27984	23717346000	9
2016.01.25	08:00:00	128.408	128.486	127.989	128.055	45899	51147710000	9
2016.01.25	12:00:00	128.057	128.290	128.015	128.220	44954	57102752000	9
2016.01.25	16:00:00	128.220	128.544	128.203	128.397	53171	63976374000	9
2016.01.25	20:00:00	128.396	128.494	128.318	128.318	25763	31063716000	0
2016.01.26	00:00:00	128.320	128.425	128.090	128.145	25565	23686236000	9
2016.01.26	04:00:00	128.145	128.311	127.960	128.043	24698	22757609000	9
2016.01.26	08:00:00	128.046	128.173	127.816	128.132	46528	56385265000	9
2016.01.26	12:00:00	128.131	128.370	128.096	128.313	46109	56580535000	9
2016.01.26	16:00:00	128.317	128.634	128.250	128.560	53411	63260281000	9
2016.01.26	20:00:00	128.560	128.716	128.491	128.696	22956	28997079000	0
2016.01.27	00:00:00	128.700	128.709	128.273	128.281	24920	25410301000	0
2016.01.27	04:00:00	128.281	128.549	128.269	128.492	29421	28880630000	9
2016.01.27	08:00:00	128.491	128.683	128.247	128.525	46558	49682318000	9
2016.01.27	12:00:00	128.526	129.227	128.477	129.023	46903	60440345000	9
2016.01.27	16:00:00	129.024	129.342	128.760	129.255	53945	57383642000	9
2016.01.27	20:00:00	129.254	129.478	129.094	129.257	49089	56776170000	0
2016.01.28	00:00:00	129.235	129.439	129.130	129.431	27579	24921715000	9
2016.01.28	04:00:00	129.442	129.471	129.075	129.109	27117	25280817000	9
2016.01.28	08:00:00	129.109	129.736	128.940	129.569	48208	54731019000	9
2016.01.28	12:00:00	129.568	129.893	129.500	129.834	51413	63325896000	9
2016.01.28	16:00:00	129.834	130.090	129.703	129.994	54889	55204789000	9
2016.01.28	20:00:00	129.995	130.216	129.914	129.964	31088	29229653000	9
2016.01.29	00:00:00	129.968	130.106	129.644	129.669	26553	23159080000	9
2016.01.29	04:00:00	129.670	132.289	129.575	131.558	60356	51046836000	9
2016.01.29	08:00:00	131.559	131.881	131.360	131.806	60596	59218431000	9
2016.01.29	12:00:00	131.810	132.252	131.632	131.655	54312	62311846000	9
2016.01.29	16:00:00	131.654	131.867	130.803	131.130	61034	63901743000	9
2016.01.29	20:00:00	131.130	131.326	131.062	131.168	26386	26880886000	9
2016.02.01	00:00:00	131.396	131.551	131.221	131.394	32848	26536607000	9
2016.02.01	04:00:00	131.388	131.628	131.340	131.623	26085	22157076000	9
2016.02.01	08:00:00	131.623	131.662	131.354	131.557	38818	42660464000	9
2016.02.01	12:00:00	131.550	131.997	131.534	131.946	39650	42334570000	9
2016.02.01	16:00:00	131.946	131.992	131.650	131.818	49740	46022387000	9
2016.02.01	20:00:00	131.819	132.021	131.704	131.709	26733	26232538000	9
2016.02.02	00:00:00	131.694	131.858	131.631	131.631	25409	23408012000	9
2016.02.02	04:00:00	131.635	131.761	131.305	131.306	31204	25809383000	9
2016.02.02	08:00:00	131.307	131.776	131.304	131.702	41235	37756129000	9
2016.02.02	12:00:00	131.703	131.967	131.670	131.765	38699	37308508000	9
2016.02.02	16:00:00	131.763	131.763	131.001	131.085	53162	53051721000	9
2016.02.02	20:00:00	131.079	131.165	130.892	130.969	33977	34436080000	9
2016.02.03	00:00:00	130.955	131.001	130.625	130.708	32671	26003694000	9
2016.02.03	04:00:00	130.704	130.783	130.410	130.512	30819	24954238000	9
2016.02.03	08:00:00	130.514	130.950	130.441	130.531	45622	47319415000	9
2016.02.03	12:00:00	130.528	130.839	130.257	130.733	51603	54102649000	9
2016.02.03	16:00:00	130.733	130.934	130.049	130.291	71747	65583977000	9
2016.02.03	20:00:00	130.291	130.961	130.143	130.859	51800	53150925000	9
2016.02.04	00:00:00	130.873	131.093	130.734	130.877	41735	40874222000	9
2016.02.04	04:00:00	130.877	130.914	130.634	130.737	35083	35010245000	9
2016.02.04	08:00:00	130.736	131.406	130.645	131.388	54393	58232221000	9
2016.02.04	12:00:00	131.388	131.655	131.119	131.168	63651	72301136000	9
2016.02.04	16:00:00	131.169	131.218	130.663	130.800	68595	71960665000	9
2016.02.04	20:00:00	130.802	130.949	130.676	130.853	38510	44609750000	9
2016.02.05	00:00:00	130.856	131.015	130.760	130.881	32319	30166850000	9
2016.02.05	04:00:00	130.875	130.947	130.531	130.745	28007	23344799000	9
2016.02.05	08:00:00	130.745	130.930	130.680	130.874	43373	50501900000	9
2016.02.05	12:00:00	130.874	130.980	130.543	130.569	47976	59929754000	9
2016.02.05	16:00:00	130.572	130.620	130.160	130.216	67223	77672272000	9
2016.02.05	20:00:00	130.215	130.588	130.156	130.316	31735	38414449000	9
2016.02.08	00:00:00	130.141	130.660	130.124	130.614	30310	27099245000	9
2016.02.08	04:00:00	130.617	130.785	130.456	130.775	22380	23998250000	9
2016.02.08	08:00:00	130.775	130.899	130.476	130.497	43605	58750800000	9
2016.02.08	12:00:00	130.499	130.533	129.052	129.283	58943	79166778000	9
2016.02.08	16:00:00	129.279	129.359	128.759	129.099	62955	79882478000	9
2016.02.08	20:00:00	129.099	129.685	128.983	129.649	41756	53742144000	9
2016.02.09	00:00:00	129.654	129.661	128.756	129.143	39290	42988720000	0
2016.02.09	04:00:00	129.140	129.145	128.267	128.690	48536	50276849000	9
2016.02.09	08:00:00	128.686	129.121	128.513	128.940	55070	58168131000	9
2016.02.09	12:00:00	128.940	129.357	128.848	129.115	61940	82160115000	9
2016.02.09	16:00:00	129.116	130.260	129.065	129.897	68428	76195534000	9
2016.02.09	20:00:00	129.900	130.047	129.619	130.017	41993	44677050000	9
2016.02.10	00:00:00	129.919	130.110	129.208	129.391	39918	40070845000	0
2016.02.10	04:00:00	129.391	130.010	129.092	129.405	48541	51231260000	9
2016.02.10	08:00:00	129.409	129.769	129.145	129.430	57518	67013396000	9
2016.02.10	12:00:00	129.429	129.669	128.920	129.024	66526	89154651000	9
2016.02.10	16:00:00	129.025	129.110	127.792	128.180	72083	70953299000	9
2016.02.10	20:00:00	128.179	128.493	127.739	127.954	49330	56441400000	9
2016.02.11	00:00:00	127.952	128.096	127.344	127.558	37133	36509690000	0
2016.02.11	04:00:00	127.556	127.648	127.129	127.276	29758	30135450000	9
2016.02.11	08:00:00	127.275	127.288	125.771	126.081	59851	58006492000	9
2016.02.11	12:00:00	126.080	127.974	126.007	127.371	66132	68161590000	9
2016.02.11	16:00:00	127.373	127.586	126.795	126.938	66100	58286676000	9
2016.02.11	20:00:00	126.938	127.394	126.890	127.277	49165	47115735000	9
2016.02.12	00:00:00	127.260	127.476	126.820	127.136	40327	38294320000	9
2016.02.12	04:00:00	127.134	127.653	126.775	127.064	50471	51309150000	9
2016.02.12	08:00:00	127.065	127.228	126.365	127.046	57829	56325935000	9
2016.02.12	12:00:00	127.053	127.137	126.803	126.948	53934	57161249000	9
2016.02.12	16:00:00	126.947	127.341	126.707	127.311	63501	65197277000	9
2016.02.12	20:00:00	127.313	127.596	127.305	127.359	34951	35740662000	9
2016.02.15	00:00:00	127.371	127.658	127.244	127.499	40955	39296300000	0
2016.02.15	04:00:00	127.499	127.898	127.421	127.854	39818	38485850000	9
2016.02.15	08:00:00	127.853	127.957	127.283	127.668	56168	60323843000	9
2016.02.15	12:00:00	127.668	127.764	127.479	127.635	44373	53444029000	9
2016.02.15	16:00:00	127.635	127.915	127.355	127.914	43558	46388100000	9
2016.02.15	20:00:00	127.916	127.916	127.773	127.791	21956	22844920000	9
2016.02.16	00:00:00	127.804	128.166	127.732	128.029	34801	34199063000	9
2016.02.16	04:00:00	128.029	128.130	127.767	127.797	33988	33598800000	9
2016.02.16	08:00:00	127.800	127.888	127.291	127.302	52577	55253562000	9
2016.02.16	12:00:00	127.303	127.358	126.951	127.235	53536	60814293000	9
2016.02.16	16:00:00	127.235	127.346	126.613	126.841	52180	51310762000	9
2016.02.16	20:00:00	126.839	127.164	126.754	127.079	26439	35001250000	9
2016.02.17	00:00:00	127.113	127.315	126.887	126.969	31616	30626980000	9
2016.02.17	04:00:00	126.968	127.169	126.856	127.106	34090	30450200000	9
2016.02.17	08:00:00	127.106	127.131	126.689	126.972	46569	47217082000	9
2016.02.17	12:00:00	126.971	127.332	126.875	127.083	47741	54273530000	9
2016.02.17	16:00:00	127.085	127.391	126.949	127.301	52738	52602550000	9
2016.02.17	20:00:00	127.300	127.362	126.626	126.923	34914	34242080000	9
2016.02.18	00:00:00	126.900	127.159	126.784	126.829	33429	34151868000	9
2016.02.18	04:00:00	126.830	127.024	126.794	126.899	28229	25143150000	9
2016.02.18	08:00:00	126.898	127.009	126.525	126.756	46879	53937553000	9
2016.02.18	12:00:00	126.756	126.814	126.077	126.187	52692	64757083000	9
2016.02.18	16:00:00	126.185	126.275	125.874	126.114	55493	56997035000	9
2016.02.18	20:00:00	126.115	126.304	125.589	125.750	33573	34559198000	9
2016.02.19	00:00:00	125.754	125.951	125.390	125.402	32251	32873395000	0
2016.02.19	04:00:00	125.402	125.797	125.380	125.781	30591	30277393000	9
2016.02.19	08:00:00	125.782	125.895	125.088	125.191	44254	46063311000	0
2016.02.19	12:00:00	125.190	125.567	125.089	125.324	47194	52326600000	9
2016.02.19	16:00:00	125.324	125.459	125.014	125.153	52827	50823161000	9
2016.02.19	20:00:00	125.153	125.405	125.114	125.254	22929	22817300000	9
2016.02.22	00:00:00	125.092	125.558	125.038	125.428	32235	30228908000	9
2016.02.22	04:00:00	125.427	125.540	125.374	125.471	26631	25552400000	9
2016.02.22	08:00:00	125.471	125.524	125.040	125.283	43584	45463851000	9
2016.02.22	12:00:00	125.287	125.337	124.586	124.588	48227	58861840000	9
2016.02.22	16:00:00	124.588	124.768	124.526	124.658	44185	46715183000	9
2016.02.22	20:00:00	124.659	124.686	124.366	124.515	25477	28920340000	9
2016.02.23	00:00:00	124.465	124.613	123.705	123.807	31758	31784474000	0
2016.02.23	04:00:00	123.807	124.239	123.692	124.079	35451	34371546000	9
2016.02.23	08:00:00	124.077	124.099	123.120	123.228	49636	52247690000	9
2016.02.23	12:00:00	123.227	123.692	123.062	123.669	47510	49273760000	9
2016.02.23	16:00:00	123.669	123.778	123.382	123.624	54007	61249902000	9
2016.02.23	20:00:00	123.624	123.640	123.328	123.509	27408	31099300000	9
2016.02.24	00:00:00	123.522	123.535	123.156	123.211	31907	30099400000	9
2016.02.24	04:00:00	123.211	123.358	123.022	123.117	31144	29581771000	9
2016.02.24	08:00:00	123.117	123.618	122.799	122.891	49807	50717312000	9
2016.02.24	12:00:00	122.892	122.987	122.465	122.939	52277	59885386000	9
2016.02.24	16:00:00	122.938	122.943	122.450	122.796	59799	68924512000	9
2016.02.24	20:00:00	122.797	123.543	122.791	123.525	39169	45707630000	9
2016.02.25	00:00:00	123.526	123.604	123.269	123.579	31808	35113090000	0
2016.02.25	04:00:00	123.581	124.225	123.540	124.095	31631	28987179000	9
2016.02.25	08:00:00	124.095	124.171	123.435	123.500	54985	59000452000	9
2016.02.25	12:00:00	123.506	124.292	123.420	124.122	56358	73647845000	9
2016.02.25	16:00:00	124.124	124.464	124.044	124.389	62102	70600710000	9
2016.02.25	20:00:00	124.390	124.637	124.364	124.484	35582	42951044000	9
2016.02.26	00:00:00	124.487	125.004	124.375	124.670	28965	25815310000	0
2016.02.26	04:00:00	124.670	124.907	124.525	124.550	25921	23330216000	9
2016.02.26	08:00:00	124.550	124.857	124.216	124.406	43934	46345136000	9
2016.02.26	12:00:00	124.407	124.649	124.272	124.456	51418	57449436000	9
2016.02.26	16:00:00	124.456	124.638	124.265	124.450	60246	72240647000	9
2016.02.26	20:00:00	124.453	124.681	124.285	124.571	28888	29622900000	9
2016.02.29	00:00:00	124.352	124.462	123.898	123.929	30919	27180495000	0
2016.02.29	04:00:00	123.928	124.016	123.510	123.540	31310	26947300000	9
2016.02.29	08:00:00	123.543	123.835	123.154	123.235	50716	53430857000	9
2016.02.29	12:00:00	123.236	123.431	122.842	123.168	55982	61898409000	9
2016.02.29	16:00:00	123.169	123.194	122.450	122.802	60466	74933242000	9
2016.02.29	20:00:00	122.802	122.877	122.503	122.515	29762	32295425000	9
2016.03.01	00:00:00	122.518	122.646	122.076	122.187	30734	31057607000	0
2016.03.01	04:00:00	122.188	122.641	122.148	122.572	28689	24128500000	9
2016.03.01	08:00:00	122.572	123.324	122.572	122.827	49012	50825325000	9
2016.03.01	12:00:00	122.827	123.178	122.824	122.947	42267	44406821000	9
2016.03.01	16:00:00	122.947	123.794	122.723	123.775	61065	68222169000	9
2016.03.01	20:00:00	123.773	124.076	123.712	123.874	26646	30845900000	0
2016.03.02	00:00:00	123.886	124.069	123.677	123.932	31266	35407190000	0
2016.03.02	04:00:00	123.928	123.941	123.609	123.684	29566	34578350000	9
2016.03.02	08:00:00	123.684	124.357	123.668	124.292	50397	60679948000	9
2016.03.02	12:00:00	124.293	124.298	123.772	123.870	49962	63455694000	9
2016.03.02	16:00:00	123.870	123.935	123.217	123.457	57394	70634554000	9
2016.03.02	20:00:00	123.457	123.468	123.086	123.328	33220	44619980000	9
2016.03.03	00:00:00	123.310	123.803	123.257	123.760	30302	36227240000	9
2016.03.03	04:00:00	123.760	124.006	123.572	123.916	30665	31869290000	9
2016.03.03	08:00:00	123.916	124.103	123.694	123.828	47113	52983487000	0
2016.03.03	12:00:00	123.828	124.245	123.828	124.161	45767	54235009000	9
2016.03.03	16:00:00	124.159	124.366	123.976	124.231	58683	63836107000	9
2016.03.03	20:00:00	124.230	124.594	124.225	124.534	28249	31627450000	9
2016.03.04	00:00:00	124.520	124.558	123.930	124.006	26852	26649250000	0
2016.03.04	04:00:00	124.006	124.696	123.981	124.696	27207	25792300000	9
2016.03.04	08:00:00	124.696	124.833	124.335	124.653	37149	37710518000	9
2016.03.04	12:00:00	124.650	125.064	124.442	124.696	38415	36008535000	9
2016.03.04	16:00:00	124.695	125.509	124.641	125.279	59585	55514622000	9
2016.03.04	20:00:00	125.278	125.587	125.177	125.214	24501	24986150000	9
2016.03.07	00:00:00	125.178	125.237	124.807	125.012	28177	31452930000	0
2016.03.07	04:00:00	125.010	125.051	124.853	124.962	20676	18530500000	9
2016.03.07	08:00:00	124.962	125.027	124.250	124.345	41278	47702848000	9
2016.03.07	12:00:00	124.341	124.623	124.239	124.409	38339	43513167000	9
2016.03.07	16:00:00	124.411	125.210	124.322	125.157	49909	54187446000	9
2016.03.07	20:00:00	125.158	125.223	124.718	124.933	31365	34952840000	9
2016.03.08	00:00:00	124.884	125.004	124.238	124.375	28076	33864050000	9
2016.03.08	04:00:00	124.377	124.736	124.300	124.657	27942	31797000000	9
2016.03.08	08:00:00	124.659	124.733	124.398	124.402	39381	43483400000	9
2016.03.08	12:00:00	124.403	124.687	124.241	124.631	42246	49572850000	9
2016.03.08	16:00:00	124.630	124.709	123.952	124.006	55805	58100474000	9
2016.03.08	20:00:00	124.006	124.033	123.844	124.005	30640	33641500000	9
2016.03.09	00:00:00	124.003	124.032	123.438	123.586	28777	31209739000	0
2016.03.09	04:00:00	123.586	123.691	123.444	123.530	25044	28209700000	9
2016.03.09	08:00:00	123.531	123.652	123.306	123.347	38278	40336075000	9
2016.03.09	12:00:00	123.347	123.674	123.055	123.459	37061	39782096000	9
2016.03.09	16:00:00	123.459	124.801	123.440	124.718	47263	49012841000	9
2016.03.09	20:00:00	124.715	124.882	124.617	124.635	28973	31384327000	9
2016.03.10	00:00:00	124.627	124.840	124.320	124.780	26405	28626350000	9
2016.03.10	04:00:00	124.779	124.896	124.693	124.892	23952	25847150000	9
2016.03.10	08:00:00	124.892	124.909	124.263	124.346	35280	38527550000	9
2016.03.10	12:00:00	124.346	124.840	123.647	124.480	45954	47788567000	9
2016.03.10	16:00:00	124.471	126.767	124.428	126.305	65972	64368904000	9
2016.03.10	20:00:00	126.304	126.693	126.204	126.563	40585	42470486000	9
2016.03.11	00:00:00	126.467	126.811	126.059	126.700	30716	33611250000	9
2016.03.11	04:00:00	126.698	126.840	126.391	126.746	26951	28156000000	9
2016.03.11	08:00:00	126.745	126.951	126.295	126.467	43404	44474492000	9
2016.03.11	12:00:00	126.467	126.502	126.096	126.356	40228	41003294000	9
2016.03.11	16:00:00	126.354	127.284	126.274	126.871	48349	49523380000	9
2016.03.11	20:00:00	126.871	126.982	126.821	126.864	20105	21648600000	9
2016.03.14	00:00:00	126.937	127.139	126.875	127.072	29444	34152100000	0
2016.03.14	04:00:00	127.071	127.150	126.917	126.975	20431	20219800000	9
2016.03.14	08:00:00	126.976	127.066	126.224	126.355	37543	39499688000	9
2016.03.14	12:00:00	126.355	126.500	126.122	126.241	41031	48881540000	9
2016.03.14	16:00:00	126.244	126.451	126.073	126.123	40880	42576786000	9
2016.03.14	20:00:00	126.126	126.394	126.080	126.320	20824	23671129000	0
2016.03.15	00:00:00	126.320	126.467	126.262	126.361	21402	23391600000	9
2016.03.15	04:00:00	126.362	126.713	125.776	125.939	34373	37921800000	9
2016.03.15	08:00:00	125.940	126.002	125.312	125.335	42896	46380766000	9
2016.03.15	12:00:00	125.333	125.464	125.143	125.165	44237	52367746000	9
2016.03.15	16:00:00	125.166	125.621	125.091	125.566	44264	48910687000	9
2016.03.15	20:00:00	125.565	125.724	125.514	125.699	21076	24887300000	0
2016.03.16	00:00:00	125.687	126.005	125.545	125.955	25465	28497845000	9
2016.03.16	04:00:00	125.951	125.997	125.784	125.839	18321	19136300000	9
2016.03.16	08:00:00	125.839	126.123	125.698	125.989	34989	37189340000	9
2016.03.16	12:00:00	125.989	126.087	125.654	125.787	42332	48255948000	9
2016.03.16	16:00:00	125.788	126.096	125.682	126.036	40893	44948799000	9
2016.03.16	20:00:00	126.036	126.520	125.927	126.316	44557	45117546000	9
2016.03.17	00:00:00	126.337	126.619	126.326	126.425	26307	30278400000	9
2016.03.17	04:00:00	126.427	126.540	125.609	125.858	31999	33390850000	9
2016.03.17	08:00:00	125.859	126.166	125.606	125.916	48362	50821975000	9
2016.03.17	12:00:00	125.915	126.492	125.325	126.220	62307	63584632000	9
2016.03.17	16:00:00	126.220	126.327	125.745	126.035	49267	46590839000	9
2016.03.17	20:00:00	126.025	126.240	125.981	126.058	22199	23091749000	0
2016.03.18	00:00:00	126.058	126.120	125.492	125.790	28827	31307250000	9
2016.03.18	04:00:00	125.790	126.193	125.759	126.187	26870	28584350000	9
2016.03.18	08:00:00	126.187	126.188	125.262	125.475	43507	47003662000	9
2016.03.18	12:00:00	125.475	125.979	125.440	125.887	39257	42526385000	9
2016.03.18	16:00:00	125.888	125.971	125.654	125.795	40911	43207820000	9
2016.03.18	20:00:00	125.795	125.949	125.681	125.709	15313	15239645000	9
2016.03.21	00:00:00	125.695	125.759	125.422	125.615	20857	20403800000	0
2016.03.21	04:00:00	125.613	125.703	125.498	125.626	15201	17878100000	9
2016.03.21	08:00:00	125.625	125.639	125.216	125.587	36223	39089782000	9
2016.03.21	12:00:00	125.593	126.072	125.530	125.859	37937	41874230000	9
2016.03.21	16:00:00	125.860	125.920	125.521	125.735	40634	41881743000	9
2016.03.21	20:00:00	125.737	125.910	125.737	125.830	16806	17346050000	0
2016.03.22	00:00:00	125.850	126.059	125.734	125.970	19998	19415150000	0
2016.03.22	04:00:00	125.974	126.174	125.888	126.108	18592	14841350000	9
2016.03.22	08:00:00	126.105	126.269	124.669	125.153	44793	41757838000	9
2016.03.22	12:00:00	125.151	125.461	124.914	125.356	43787	39448184000	9
2016.03.22	16:00:00	125.356	126.118	125.243	126.092	36023	33564792000	9
2016.03.22	20:00:00	126.092	126.131	125.926	126.025	20203	20063344000	0
2016.03.23	00:00:00	126.017	126.065	125.768	125.907	22801	25109800000	9
2016.03.23	04:00:00	125.906	126.009	125.834	125.916	18569	20488300000	9
2016.03.23	08:00:00	125.915	126.181	125.501	126.045	41768	47324162000	9
2016.03.23	12:00:00	126.045	126.246	125.946	126.117	47858	50798376000	0
2016.03.23	16:00:00	126.126	126.209	125.767	125.832	46335	43808680000	0
2016.03.23	20:00:00	125.833	125.860	125.570	125.639	17002	15628350000	0
2016.03.24	00:00:00	125.641	126.032	125.564	125.980	20661	22641800000	9
2016.03.24	04:00:00	125.978	126.092	125.872	126.042	16456	15588500000	9
2016.03.24	08:00:00	126.042	126.142	125.782	125.925	32836	28397189000	9
2016.03.24	12:00:00	125.925	125.975	125.383	125.494	36123	31635327000	9
2016.03.24	16:00:00	125.494	126.073	125.402	126.073	31371	33559444000	9
2016.03.24	20:00:00	126.073	126.178	125.995	126.110	13807	14834600000	0
2016.03.25	00:00:00	126.108	126.457	125.901	126.282	21395	20197137000	9
2016.03.25	04:00:00	126.282	126.318	126.111	126.243	15989	16504294000	9
2016.03.25	08:00:00	126.234	126.299	126.007	126.185	16053	12276035000	9
2016.03.25	12:00:00	126.186	126.326	126.149	126.309	25019	19558847000	9
2016.03.25	16:00:00	126.309	126.335	126.149	126.320	15814	13669600000	9
2016.03.25	20:00:00	126.319	126.377	126.216	126.224	4441	2961600000	14
2016.03.28	00:00:00	126.297	126.681	126.253	126.645	19597	23707250000	0
2016.03.28	04:00:00	126.647	126.859	126.616	126.716	14027	17575200000	9
2016.03.28	08:00:00	126.715	126.887	126.669	126.708	14943	18529807000	9
2016.03.28	12:00:00	126.708	126.810	126.613	126.731	13163	15321050000	9
2016.03.28	16:00:00	126.730	127.044	126.724	126.882	26743	32470590000	9
2016.03.28	20:00:00	126.884	127.053	126.858	126.995	15383	17419198000	9
2016.03.29	00:00:00	126.958	127.099	126.807	126.919	16091	21372200000	0
2016.03.29	04:00:00	126.919	127.228	126.907	127.165	26348	29692750000	9
2016.03.29	08:00:00	127.163	127.245	126.962	127.151	26406	32076244000	9
2016.03.29	12:00:00	127.151	127.445	126.986	127.215	36675	45889632000	9
2016.03.29	16:00:00	127.220	127.302	126.774	127.265	50310	58436825000	9
2016.03.29	20:00:00	127.262	127.424	127.125	127.214	30157	31614445000	9
2016.03.30	00:00:00	127.265	127.326	126.986	127.179	22000	25494550000	0
2016.03.30	04:00:00	127.178	127.238	126.955	127.076	21919	23338050000	9
2016.03.30	08:00:00	127.075	127.139	126.777	127.029	40358	49342631000	9
2016.03.30	12:00:00	127.027	127.466	126.983	127.353	37227	46379825000	9
2016.03.30	16:00:00	127.352	127.821	127.300	127.375	51000	62775852000	9
2016.03.30	20:00:00	127.375	127.523	127.345	127.486	23916	25366677000	9
2016.03.31	00:00:00	127.426	127.628	127.228	127.525	18556	21062250000	0
2016.03.31	04:00:00	127.524	127.592	126.959	127.015	22237	25541400000	9
2016.03.31	08:00:00	127.015	127.710	126.973	127.545	34944	39044307000	9
2016.03.31	12:00:00	127.544	127.960	127.488	127.845	38972	44853948000	9
2016.03.31	16:00:00	127.848	128.216	127.724	128.039	50530	58719420000	9
2016.03.31	20:00:00	128.040	128.154	128.039	128.100	24488	30585450000	9
2016.04.01	00:00:00	128.079	128.122	127.726	127.804	19021	21148050000	0
2016.04.01	04:00:00	127.804	127.851	127.428	127.656	23740	24758450000	9
2016.04.01	08:00:00	127.657	128.162	127.595	128.063	36833	43567618000	9
2016.04.01	12:00:00	128.063	128.124	127.630	127.738	47690	55653093000	9
2016.04.01	16:00:00	127.738	127.759	127.295	127.309	53526	58311003000	9
2016.04.01	20:00:00	127.309	127.463	127.091	127.106	26835	28768150000	9
2016.04.04	00:00:00	127.189	127.348	127.098	127.115	18098	20786800000	9
2016.04.04	04:00:00	127.115	127.197	126.892	126.941	19039	17892800000	9
2016.04.04	08:00:00	126.941	127.110	126.715	126.855	38896	42589443000	9
2016.04.04	12:00:00	126.855	127.096	126.766	126.954	35452	41229840000	9
2016.04.04	16:00:00	126.953	127.044	126.446	126.687	46601	55677079000	9
2016.04.04	20:00:00	126.689	126.887	126.658	126.770	22252	25199400000	9
2016.04.05	00:00:00	126.724	126.835	126.371	126.490	17909	19345550000	9
2016.04.05	04:00:00	126.490	126.532	126.222	126.276	24781	23427550000	9
2016.04.05	08:00:00	126.276	126.286	125.283	125.593	48501	56975144000	9
2016.04.05	12:00:00	125.593	125.849	125.268	125.769	41501	49520325000	9
2016.04.05	16:00:00	125.768	125.788	125.243	125.634	54853	59802890000	9
2016.04.05	20:00:00	125.632	125.834	125.484	125.580	25618	29566410000	9
2016.04.06	00:00:00	125.564	125.834	125.479	125.573	17434	17668438000	9
2016.04.06	04:00:00	125.573	125.779	125.430	125.521	22918	27023450000	9
2016.04.06	08:00:00	125.519	125.540	125.095	125.279	36214	42606000000	9
2016.04.06	12:00:00	125.279	125.534	125.058	125.396	39322	46132689000	9
2016.04.06	16:00:00	125.396	125.662	125.072	125.234	56193	63929236000	9
2016.04.06	20:00:00	125.234	125.263	124.855	125.130	29130	30931228000	9
2016.04.07	00:00:00	125.130	125.301	124.939	124.976	15333	15162450000	0
2016.04.07	04:00:00	124.976	125.031	124.340	124.435	28449	30500598000	9
2016.04.07	08:00:00	124.435	124.658	123.400	123.403	46971	57167567000	9
2016.04.07	12:00:00	123.405	123.578	123.116	123.287	44622	46504439000	9
2016.04.07	16:00:00	123.287	123.293	122.548	123.016	53386	51226509000	9
2016.04.07	20:00:00	123.016	123.351	122.944	123.076	26783	24955230000	9
2016.04.08	00:00:00	123.076	123.771	122.973	123.579	20439	20729050000	0
2016.04.08	04:00:00	123.580	123.848	123.375	123.619	25132	25945150000	9
2016.04.08	08:00:00	123.619	124.227	123.426	124.037	38732	43330382000	9
2016.04.08	12:00:00	124.038	124.079	123.290	123.520	33068	30116825000	9
2016.04.08	16:00:00	123.520	123.972	123.458	123.616	43908	43548238000	9
2016.04.08	20:00:00	123.618	123.674	123.104	123.104	20949	21296242000	9
2016.04.11	00:00:00	123.267	123.529	123.026	123.088	19588	25804443000	0
2016.04.11	04:00:00	123.086	123.237	122.854	123.060	30880	28479027000	9
2016.04.11	08:00:00	123.059	123.345	122.831	123.196	38500	35224896000	9
2016.04.11	12:00:00	123.195	123.489	122.918	123.440	34394	34563823000	9
2016.04.11	16:00:00	123.440	123.724	123.141	123.278	42239	44763596000	9
2016.04.11	20:00:00	123.276	123.317	123.045	123.162	20565	15754830000	9
2016.04.12	00:00:00	123.110	123.441	123.066	123.284	15689	15778200000	0
2016.04.12	04:00:00	123.283	123.499	123.113	123.479	24561	22972250000	9
2016.04.12	08:00:00	123.479	123.995	123.446	123.776	38599	47480066000	9
2016.04.12	12:00:00	123.777	123.819	123.252	123.420	40973	50521899000	9
2016.04.12	16:00:00	123.420	123.762	123.199	123.718	50540	52294381000	9
2016.04.12	20:00:00	123.719	123.756	123.504	123.554	22387	24922995000	9
2016.04.13	00:00:00	123.570	123.779	123.515	123.638	17487	17211926000	0
2016.04.13	04:00:00	123.638	123.860	123.570	123.791	22183	19876549000	9
2016.04.13	08:00:00	123.792	123.850	123.427	123.786	41131	44748149000	9
2016.04.13	12:00:00	123.786	123.803	123.384	123.444	44595	50197885000	9
2016.04.13	16:00:00	123.443	123.536	123.008	123.254	45268	45610097000	9
2016.04.13	20:00:00	123.254	123.350	123.150	123.249	20121	18259694000	9
2016.04.14	00:00:00	123.255	123.416	123.188	123.251	16581	19131250000	0
2016.04.14	04:00:00	123.251	123.340	123.125	123.245	21194	26390600000	9
2016.04.14	08:00:00	123.246	123.349	122.718	123.017	37057	38413438000	9
2016.04.14	12:00:00	123.012	123.373	122.852	123.250	38803	36750489000	9
2016.04.14	16:00:00	123.251	123.268	122.723	122.983	41603	48585510000	9
2016.04.14	20:00:00	122.983	123.274	122.942	123.230	19058	21917195000	9
2016.04.15	00:00:00	123.182	123.498	123.081	123.414	20412	21466850000	0
2016.04.15	04:00:00	123.414	123.562	123.365	123.481	18192	18984234000	9
2016.04.15	08:00:00	123.480	123.516	122.933	123.193	31146	39446398000	9
2016.04.15	12:00:00	123.193	123.222	122.745	122.862	31318	32863267000	9
2016.04.15	16:00:00	122.861	123.045	122.755	122.772	38531	40806055000	9
2016.04.15	20:00:00	122.773	122.863	122.588	122.671	16885	19617845000	9
2016.04.18	00:00:00	122.270	122.454	121.972	122.008	21780	18919266000	0
2016.04.18	04:00:00	122.007	122.174	121.710	121.927	21992	19932948000	9
2016.04.18	08:00:00	121.928	122.598	121.733	122.534	37123	34363771000	9
2016.04.18	12:00:00	122.534	123.062	122.225	122.845	33678	30378265000	9
2016.04.18	16:00:00	122.846	123.349	122.681	123.258	36763	32539948000	9
2016.04.18	20:00:00	123.259	123.339	123.007	123.078	16487	15409827000	9
2016.04.19	00:00:00	123.054	123.509	123.044	123.407	16093	16397500000	0
2016.04.19	04:00:00	123.404	123.569	123.352	123.508	18620	15639100000	9
2016.04.19	08:00:00	123.507	123.860	123.242	123.827	35379	30979570000	9
2016.04.19	12:00:00	123.826	124.166	123.741	124.048	34492	30122864000	9
2016.04.19	16:00:00	124.048	124.434	123.975	124.138	39745	35113512000	9
2016.04.19	20:00:00	124.139	124.203	123.955	124.017	16580	14464276000	9
2016.04.20	00:00:00	124.020	124.152	123.861	123.940	14411	15990700000	0
2016.04.20	04:00:00	123.940	124.026	123.701	123.826	21177	21914000000	9
2016.04.20	08:00:00	123.826	123.930	123.538	123.827	33393	30265277000	9
2016.04.20	12:00:00	123.828	124.330	123.777	124.268	33037	32665653000	9
2016.04.20	16:00:00	124.267	124.299	123.720	124.228	42657	37508581000	9
2016.04.20	20:00:00	124.228	124.255	123.919	124.059	22596	22483939000	9
2016.04.21	00:00:00	124.018	124.182	123.947	124.008	14904	14577250000	9
2016.04.21	04:00:00	124.009	124.091	123.810	123.889	19664	18345950000	9
2016.04.21	08:00:00	123.886	123.979	123.760	123.971	36156	33013468000	9
2016.04.21	12:00:00	123.971	124.961	123.906	124.729	41483	33921699000	9
2016.04.21	16:00:00	124.732	124.864	123.358	123.714	43079	39131449000	9
2016.04.21	20:00:00	123.714	123.769	123.509	123.531	17052	16530750000	9
2016.04.22	00:00:00	123.531	123.662	123.401	123.546	12745	10596250000	0
2016.04.22	04:00:00	123.547	124.421	123.465	124.276	21931	18716994000	9
2016.04.22	08:00:00	124.276	124.950	124.114	124.382	41874	35899484000	9
2016.04.22	12:00:00	124.383	125.170	124.310	125.148	36858	37011092000	9
2016.04.22	16:00:00	125.149	125.475	124.983	125.292	42614	35513974000	9
2016.04.22	20:00:00	125.292	125.499	125.236	125.415	17609	15355337000	9
2016.04.25	00:00:00	125.463	125.528	124.879	124.928	16796	15549500000	0
2016.04.25	04:00:00	124.928	125.172	124.830	124.880	20360	23123050000	9
2016.04.25	08:00:00	124.880	125.313	124.820	125.129	33890	33096962000	9
2016.04.25	12:00:00	125.126	125.276	124.798	125.015	32786	27944485000	9
2016.04.25	16:00:00	125.019	125.321	124.876	125.309	32793	26736593000	9
2016.04.25	20:00:00	125.314	125.455	125.063	125.278	17004	16842693000	9
2016.04.26	00:00:00	125.274	125.388	125.024	125.176	14390	14529850000	0
2016.04.26	04:00:00	125.176	125.297	124.913	125.050	22024	21640749000	9
2016.04.26	08:00:00	125.051	125.269	124.688	125.167	31306	26285308000	9
2016.04.26	12:00:00	125.165	125.617	125.003	125.543	32341	28650240000	9
2016.04.26	16:00:00	125.543	125.971	125.509	125.816	36170	35556776000	9
2016.04.26	20:00:00	125.814	125.854	125.651	125.723	15707	13431883000	9
2016.04.27	00:00:00	125.762	125.828	125.608	125.693	14337	11766550000	0
2016.04.27	04:00:00	125.693	125.768	125.441	125.477	24407	24455300000	9
2016.04.27	08:00:00	125.477	126.022	125.475	125.898	31098	29791864000	9
2016.04.27	12:00:00	125.898	126.044	125.708	125.783	30802	27846554000	9
2016.04.27	16:00:00	125.782	126.064	125.718	126.050	33713	33241417000	9
2016.04.27	20:00:00	126.051	126.317	125.941	126.201	29061	23850064000	9
2016.04.28	00:00:00	126.191	126.419	126.090	126.337	18493	20657200000	0
2016.04.28	04:00:00	126.338	126.466	123.163	123.467	37799	39904802000	9
2016.04.28	08:00:00	123.473	123.614	122.536	122.816	47915	45007617000	9
2016.04.28	12:00:00	122.816	123.152	122.563	122.952	35725	35678601000	9
2016.04.28	16:00:00	122.951	123.212	122.796	122.835	40761	34680574000	9
2016.04.28	20:00:00	122.836	122.871	122.515	122.686	25634	24090700000	9
2016.04.29	00:00:00	122.688	122.827	122.463	122.472	16943	14428400000	0
2016.04.29	04:00:00	122.472	122.560	121.883	122.161	22662	22778150000	9
2016.04.29	08:00:00	122.164	122.341	121.740	121.843	37812	35708046000	9
2016.04.29	12:00:00	121.830	122.654	121.796	122.405	37940	40678466000	9
2016.04.29	16:00:00	122.405	122.947	122.081	122.222	44682	44388908000	9
2016.04.29	20:00:00	122.220	122.326	121.664	121.751	29634	29026650000	9
2016.05.02	00:00:00	121.726	122.320	121.719	122.142	26496	34336500000	0
2016.05.02	04:00:00	122.145	122.297	122.076	122.243	21866	28960300000	9
2016.05.02	08:00:00	122.243	122.292	121.864	122.173	26598	28189632000	9
2016.05.02	12:00:00	122.173	122.508	122.131	122.434	28054	25794176000	9
2016.05.02	16:00:00	122.434	122.909	122.338	122.672	43976	42415863000	9
2016.05.02	20:00:00	122.670	122.783	122.625	122.730	19263	18090150000	9
2016.05.03	00:00:00	122.730	122.758	122.320	122.415	16491	18995600000	0
2016.05.03	04:00:00	122.414	122.626	122.154	122.250	22574	25347998000	9
2016.05.03	08:00:00	122.254	122.701	122.118	122.560	45387	53887775000	9
2016.05.03	12:00:00	122.559	122.755	122.354	122.500	42134	47246424000	9
2016.05.03	16:00:00	122.499	122.570	122.272	122.546	47614	44431184000	9
2016.05.03	20:00:00	122.546	122.731	122.392	122.525	24152	26358972000	0
2016.05.04	00:00:00	122.527	123.514	122.507	122.641	22653	28284883000	0
2016.05.04	04:00:00	122.641	123.244	122.619	123.119	23446	28883200000	9
2016.05.04	08:00:00	123.120	123.169	122.712	122.744	35993	37430655000	9
2016.05.04	12:00:00	122.740	122.804	122.291	122.498	44367	44412571000	9
2016.05.04	16:00:00	122.497	123.213	122.436	123.117	53553	55762092000	9
2016.05.04	20:00:00	123.117	123.215	122.844	122.903	21486	24500732000	9
2016.05.05	00:00:00	122.916	123.124	122.829	123.070	18983	22317500000	0
2016.05.05	04:00:00	123.070	123.114	122.973	123.022	13757	15544500000	9
2016.05.05	08:00:00	123.021	123.108	122.694	122.727	30401	30861840000	9
2016.05.05	12:00:00	122.727	122.880	122.091	122.136	34035	33946039000	9
2016.05.05	16:00:00	122.136	122.540	122.120	122.419	43899	41214912000	9
2016.05.05	20:00:00	122.419	122.425	122.222	122.313	18039	19108935000	9
2016.05.06	00:00:00	122.307	122.453	122.241	122.262	14075	15734050000	0
2016.05.06	04:00:00	122.260	122.377	122.052	122.182	19648	20600350000	9
2016.05.06	08:00:00	122.182	122.299	122.035	122.123	34957	35777562000	9
2016.05.06	12:00:00	122.122	122.349	121.477	121.800	38713	37535022000	9
2016.05.06	16:00:00	121.801	122.074	121.737	121.842	47908	48516511000	9
2016.05.06	20:00:00	121.847	122.311	121.840	122.098	22365	22394397000	9
2016.05.09	00:00:00	122.006	122.501	121.995	122.331	14197	18718450000	9
2016.05.09	04:00:00	122.331	122.549	122.227	122.548	20828	28120887000	9
2016.05.09	08:00:00	122.548	122.891	122.399	122.890	34446	36387883000	9
2016.05.09	12:00:00	122.888	123.514	122.802	123.494	37941	40336255000	9
2016.05.09	16:00:00	123.494	123.703	123.386	123.483	37497	34630696000	9
2016.05.09	20:00:00	123.483	123.573	123.275	123.276	14199	14643390000	9
2016.05.10	00:00:00	123.285	123.619	123.263	123.457	17272	20306899000	0
2016.05.10	04:00:00	123.456	123.855	123.341	123.827	25903	31657093000	9
2016.05.10	08:00:00	123.827	124.200	123.674	124.168	33517	33976889000	9
2016.05.10	12:00:00	124.167	124.385	123.916	124.130	39974	40282658000	9
2016.05.10	16:00:00	124.130	124.431	124.066	124.379	35542	36547020000	9
2016.05.10	20:00:00	124.378	124.436	124.192	124.253	15916	15060855000	9
2016.05.11	00:00:00	124.243	124.383	124.066	124.130	15082	18166134000	0
2016.05.11	04:00:00	124.132	124.234	123.711	123.811	25546	31555048000	9
2016.05.11	08:00:00	123.813	123.933	123.595	123.775	32395	37485203000	9
2016.05.11	12:00:00	123.775	124.220	123.665	124.027	27866	28085948000	9
2016.05.11	16:00:00	124.030	124.279	123.889	124.056	39239	45242477000	9
2016.05.11	20:00:00	124.056	124.082	123.822	123.866	17858	20854450000	9
2016.05.12	00:00:00	123.859	123.947	123.682	123.858	16059	21296445000	0
2016.05.12	04:00:00	123.858	124.331	123.816	124.325	23972	28765550000	9
2016.05.12	08:00:00	124.325	124.492	124.045	124.295	34164	39918760000	9
2016.05.12	12:00:00	124.295	124.648	124.239	124.521	39221	44748920000	9
2016.05.12	16:00:00	124.521	124.532	123.722	124.049	44525	51386898000	0
2016.05.12	20:00:00	124.047	124.184	123.862	124.003	19077	19256483000	9
2016.05.13	00:00:00	123.953	124.122	123.757	123.828	18465	23376700000	0
2016.05.13	04:00:00	123.828	123.872	123.645	123.774	24317	31582900000	9
2016.05.13	08:00:00	123.773	123.793	123.052	123.403	36923	40796292000	9
2016.05.13	12:00:00	123.402	123.809	123.368	123.552	36059	39613539000	9
2016.05.13	16:00:00	123.552	123.719	122.896	122.960	45804	50950981000	9
2016.05.13	20:00:00	122.962	123.126	122.719	122.721	21815	20201800000	9
2016.05.16	00:00:00	122.849	123.058	122.610	123.000	17874	25928050000	0
2016.05.16	04:00:00	123.001	123.215	122.946	123.001	24166	32703950000	9
2016.05.16	08:00:00	123.000	123.174	122.929	123.168	29974	32639995000	9
2016.05.16	12:00:00	123.169	123.376	123.099	123.375	27434	27822403000	9
2016.05.16	16:00:00	123.375	123.452	123.226	123.431	32590	30332100000	9
2016.05.16	20:00:00	123.431	123.505	123.307	123.407	16438	16477997000	9
2016.05.17	00:00:00	123.410	123.466	123.244	123.280	19223	26399250000	0
2016.05.17	04:00:00	123.283	123.443	123.235	123.303	24456	33321350000	9
2016.05.17	08:00:00	123.302	124.166	123.245	124.145	35357	34118246000	9
2016.05.17	12:00:00	124.144	124.169	123.493	123.571	35981	39477875000	9
2016.05.17	16:00:00	123.572	123.735	123.423	123.557	46809	48029120000	9
2016.05.17	20:00:00	123.558	123.604	123.372	123.453	18982	18006250000	9
2016.05.18	00:00:00	123.492	123.542	123.030	123.054	18690	18835742000	0
2016.05.18	04:00:00	123.056	123.472	122.954	123.039	31722	35098200000	9
2016.05.18	08:00:00	123.039	123.502	123.032	123.317	37436	39094385000	9
2016.05.18	12:00:00	123.315	123.415	123.208	123.365	36546	41737080000	9
2016.05.18	16:00:00	123.362	123.908	123.343	123.768	45062	45999695000	9
2016.05.18	20:00:00	123.769	123.829	123.283	123.583	33550	27946600000	9
2016.05.19	00:00:00	123.573	123.697	123.525	123.615	16596	21646100000	0
2016.05.19	04:00:00	123.615	123.760	123.382	123.484	25284	26397350000	9
2016.05.19	08:00:00	123.484	123.774	123.284	123.560	37707	40447909000	9
2016.05.19	12:00:00	123.561	123.574	122.973	123.191	39814	37222621000	9
2016.05.19	16:00:00	123.192	123.305	122.925	123.044	47961	42224888000	9
2016.05.19	20:00:00	123.042	123.203	122.973	123.167	17100	14027348000	9
2016.05.20	00:00:00	123.179	123.285	123.050	123.198	13946	13844550000	0
2016.05.20	04:00:00	123.199	123.392	123.158	123.286	19650	19392500000	9
2016.05.20	08:00:00	123.284	123.862	123.247	123.797	30471	30145082000	9
2016.05.20	12:00:00	123.799	123.900	123.631	123.827	29840	36061178000	9
2016.05.20	16:00:00	123.826	124.038	123.796	123.881	36348	34209314000	9
2016.05.20	20:00:00	123.882	123.886	123.476	123.512	17860	15442570000	0
2016.05.23	00:00:00	123.360	123.639	123.245	123.256	14571	17062530000	0
2016.05.23	04:00:00	123.256	123.449	123.141	123.407	22935	23077927000	9
2016.05.23	08:00:00	123.407	123.423	122.748	122.839	32060	26806737000	9
2016.05.23	12:00:00	122.839	122.888	122.536	122.553	31395	30400980000	9
2016.05.23	16:00:00	122.553	122.637	122.382	122.587	32946	32800720000	9
2016.05.23	20:00:00	122.584	122.652	122.465	122.542	15426	13846300000	9
2016.05.24	00:00:00	122.539	122.669	122.478	122.502	15354	14955648000	9
2016.05.24	04:00:00	122.501	122.683	122.470	122.527	21506	22682395000	9
2016.05.24	08:00:00	122.529	122.608	122.342	122.450	32727	39361523000	9
2016.05.24	12:00:00	122.448	122.673	122.421	122.461	34946	39503996000	9
2016.05.24	16:00:00	122.459	122.715	122.445	122.624	39494	42049191000	9
2016.05.24	20:00:00	122.623	122.726	122.486	122.524	18231	20104655000	9
2016.05.25	00:00:00	122.514	122.709	122.451	122.655	14273	14126000000	0
2016.05.25	04:00:00	122.655	122.792	122.552	122.655	19378	18599000000	9
2016.05.25	08:00:00	122.655	122.901	122.520	122.864	32107	29553927000	9
2016.05.25	12:00:00	122.863	123.015	122.732	123.015	30300	31359236000	9
2016.05.25	16:00:00	123.014	123.111	122.802	122.982	38479	41107663000	9
2016.05.25	20:00:00	122.983	123.073	122.842	122.917	16797	16329350000	9
2016.05.26	00:00:00	122.860	122.949	122.285	122.379	17908	18785496000	0
2016.05.26	04:00:00	122.380	122.745	122.256	122.700	24148	29435900000	9
2016.05.26	08:00:00	122.700	123.002	122.553	122.869	30026	28708069000	9
2016.05.26	12:00:00	122.869	123.065	122.854	122.955	30093	27993430000	9
2016.05.26	16:00:00	122.955	123.058	122.610	122.703	41342	44008290000	9
2016.05.26	20:00:00	122.704	122.871	122.638	122.856	16340	16356100000	9
2016.05.27	00:00:00	122.851	122.932	122.660	122.875	14687	14906645000	0
2016.05.27	04:00:00	122.875	123.078	122.867	122.931	21037	21128700000	9
2016.05.27	08:00:00	122.931	122.976	122.575	122.645	27682	24103430000	9
2016.05.27	12:00:00	122.645	122.691	122.213	122.284	29006	29392916000	9
2016.05.27	16:00:00	122.284	122.455	122.244	122.417	34445	33585342000	0
2016.05.27	20:00:00	122.417	122.738	122.372	122.497	20226	18293788000	9
2016.05.30	00:00:00	122.692	123.142	122.637	122.965	18317	17720544000	0
2016.05.30	04:00:00	122.966	123.460	122.950	123.397	23689	25465141000	9
2016.05.30	08:00:00	123.397	123.896	123.388	123.728	26801	24389355000	9
2016.05.30	12:00:00	123.729	123.885	123.586	123.833	18878	17648603000	9
2016.05.30	16:00:00	123.833	123.880	123.645	123.733	17000	16813039000	9
2016.05.30	20:00:00	123.734	123.822	123.668	123.746	9921	8304267000	9
2016.05.31	00:00:00	123.753	123.792	123.516	123.605	17603	21316799000	0
2016.05.31	04:00:00	123.604	124.132	123.604	123.753	28774	37526202000	9
2016.05.31	08:00:00	123.754	123.873	123.395	123.526	36849	38640625000	9
2016.05.31	12:00:00	123.529	124.035	123.503	123.989	37135	45318603000	9
2016.05.31	16:00:00	123.990	124.185	123.202	123.281	48344	55969646000	9
2016.05.31	20:00:00	123.282	123.352	122.968	123.239	26169	28475488000	9
2016.06.01	00:00:00	123.231	123.305	122.936	123.005	16426	17439571000	0
2016.06.01	04:00:00	123.010	123.309	122.874	122.902	23591	26444650000	9
2016.06.01	08:00:00	122.903	122.918	121.990	122.557	46208	53314205000	9
2016.06.01	12:00:00	122.556	122.670	121.905	121.923	46458	53663780000	9
2016.06.01	16:00:00	121.922	122.525	121.894	122.522	51850	51082046000	9
2016.06.01	20:00:00	122.523	122.630	122.397	122.532	19583	17974214000	9
2016.06.02	00:00:00	122.530	122.607	122.300	122.377	19867	24778800000	0
2016.06.02	04:00:00	122.379	122.448	121.965	122.326	33569	44558927000	9
2016.06.02	08:00:00	122.322	122.359	122.014	122.192	40326	49785631000	9
2016.06.02	12:00:00	122.192	122.282	121.619	121.695	39778	43834133000	9
2016.06.02	16:00:00	121.692	121.765	121.054	121.296	49320	55899881000	9
2016.06.02	20:00:00	121.294	121.466	121.283	121.396	15905	15018665000	9
2016.06.03	00:00:00	121.360	121.631	121.293	121.488	16756	19016039000	0
2016.06.03	04:00:00	121.486	121.632	121.058	121.182	27830	31781100000	9
2016.06.03	08:00:00	121.184	121.471	121.119	121.340	36252	41479081000	9
2016.06.03	12:00:00	121.340	121.572	121.151	121.440	41821	48231348000	9
2016.06.03	16:00:00	121.440	121.670	120.840	120.896	67656	80391644000	9
2016.06.03	20:00:00	120.896	121.214	120.824	121.070	28368	30808721000	9
2016.06.06	00:00:00	120.974	121.254	120.820	120.949	24826	32884898000	9
2016.06.06	04:00:00	120.951	121.572	120.908	121.365	29360	36129085000	9
2016.06.06	08:00:00	121.366	121.789	121.236	121.713	38885	40509650000	9
2016.06.06	12:00:00	121.712	121.782	121.413	121.598	36533	39145929000	9
2016.06.06	16:00:00	121.598	122.085	121.459	121.676	48389	57376406000	9
2016.06.06	20:00:00	121.674	122.328	121.636	122.103	28290	29855184000	9
2016.06.07	00:00:00	122.087	122.185	121.819	121.902	17398	18918750000	0
2016.06.07	04:00:00	121.902	122.501	121.855	122.305	29928	36160090000	9
2016.06.07	08:00:00	122.305	122.562	122.076	122.426	38575	37667028000	9
2016.06.07	12:00:00	122.425	122.694	122.093	122.190	39310	43893751000	9
2016.06.07	16:00:00	122.190	122.198	121.652	121.914	41553	52443246000	9
2016.06.07	20:00:00	121.913	121.977	121.819	121.893	17687	18217770000	9
2016.06.08	00:00:00	121.884	121.966	121.467	121.623	15785	16998000000	0
2016.06.08	04:00:00	121.620	121.889	121.327	121.716	29989	33993639000	9
2016.06.08	08:00:00	121.715	121.859	121.545	121.759	35276	45214162000	9
2016.06.08	12:00:00	121.760	121.887	121.708	121.842	33523	37161534000	9
2016.06.08	16:00:00	121.841	121.846	121.462	121.743	46329	54317902000	9
2016.06.08	20:00:00	121.742	122.015	121.717	121.896	22277	32447116000	9
2016.06.09	00:00:00	121.892	122.032	121.674	121.706	18777	25702699000	0
2016.06.09	04:00:00	121.706	121.767	121.510	121.576	26893	35643997000	9
2016.06.09	08:00:00	121.576	121.748	120.680	121.032	41261	47268142000	9
2016.06.09	12:00:00	121.032	121.046	120.654	120.766	40040	40588079000	9
2016.06.09	16:00:00	120.761	120.787	120.319	120.635	43284	48832319000	9
2016.06.09	20:00:00	120.635	121.347	120.616	121.197	23989	25872340000	9
2016.06.10	00:00:00	121.200	121.200	120.803	121.070	19028	25377685000	0
2016.06.10	04:00:00	121.070	121.196	120.850	120.898	24181	27511050000	9
2016.06.10	08:00:00	120.897	121.154	120.702	120.902	38697	39663861000	9
2016.06.10	12:00:00	120.900	120.942	120.437	120.840	40170	41328291000	9
2016.06.10	16:00:00	120.839	120.895	120.519	120.814	44532	45876323000	9
2016.06.10	20:00:00	120.810	120.839	119.903	120.279	27751	29286115000	9
2016.06.13	00:00:00	120.133	120.207	119.517	119.643	20624	27710708000	0
2016.06.13	04:00:00	119.642	119.716	119.101	119.174	38551	51222960000	9
2016.06.13	08:00:00	119.174	119.773	118.995	119.466	48153	50925207000	9
2016.06.13	12:00:00	119.467	119.658	119.210	119.228	43782	56687292000	9
2016.06.13	16:00:00	119.228	120.316	119.163	119.756	57612	67857048000	9
2016.06.13	20:00:00	119.756	120.032	119.678	119.924	21214	30471733000	9
2016.06.14	00:00:00	119.919	120.113	119.622	119.767	24168	28382652000	0
2016.06.14	04:00:00	119.767	119.850	119.603	119.626	31322	32116820000	9
2016.06.14	08:00:00	119.626	119.626	118.659	118.833	50740	54491431000	9
2016.06.14	12:00:00	118.833	119.084	118.510	119.040	47398	68868150000	9
2016.06.14	16:00:00	119.041	119.070	118.631	118.929	52465	58059845000	9
2016.06.14	20:00:00	118.927	118.997	118.695	118.860	24933	26712325000	9
2016.06.15	00:00:00	118.910	119.053	118.755	118.844	24137	33788047000	0
2016.06.15	04:00:00	118.843	119.100	118.713	118.945	35405	42648947000	9
2016.06.15	08:00:00	118.946	119.373	118.896	119.266	41973	44653389000	9
2016.06.15	12:00:00	119.266	119.439	119.128	119.166	35947	37303408000	9
2016.06.15	16:00:00	119.167	119.196	118.842	119.041	43735	52191393000	9
2016.06.15	20:00:00	119.042	119.482	118.911	119.358	35726	37723674000	9
2016.06.16	00:00:00	119.345	119.434	118.973	119.000	20969	28316100000	0
2016.06.16	04:00:00	119.000	119.173	117.462	117.551	43072	59752654000	9
2016.06.16	08:00:00	117.553	117.655	116.902	117.266	55421	68691919000	9
2016.06.16	12:00:00	117.263	117.457	116.344	116.365	48438	51539535000	9
2016.06.16	16:00:00	116.366	117.349	115.495	116.951	63415	71021392000	9
2016.06.16	20:00:00	116.953	117.476	116.903	117.001	35567	40822353000	9
2016.06.17	00:00:00	117.047	118.090	116.985	118.024	28746	39447708000	0
2016.06.17	04:00:00	118.021	118.087	117.200	117.235	36603	48810242000	0
2016.06.17	08:00:00	117.235	117.489	116.892	117.373	44539	50617251000	9
2016.06.17	12:00:00	117.371	117.441	117.153	117.312	40142	39838535000	9
2016.06.17	16:00:00	117.310	117.774	117.121	117.426	47918	55654623000	9
2016.06.17	20:00:00	117.428	117.617	117.329	117.329	20599	20663164000	9
2016.06.20	00:00:00	117.362	119.035	117.362	118.845	25689	32839017000	0
2016.06.20	04:00:00	118.847	119.134	118.696	119.077	27854	44058351000	9
2016.06.20	08:00:00	119.077	119.105	118.447	118.621	43572	47189916000	9
2016.06.20	12:00:00	118.621	118.647	118.279	118.498	39501	40924859000	9
2016.06.20	16:00:00	118.496	118.636	117.848	117.930	43293	54756032000	9
2016.06.20	20:00:00	117.931	117.996	117.344	117.564	24324	27477864000	9
2016.06.21	00:00:00	117.607	117.708	117.306	117.672	21877	30490196000	0
2016.06.21	04:00:00	117.674	118.074	117.642	118.000	26762	33897239000	9
2016.06.21	08:00:00	118.001	118.681	118.001	118.382	37046	36385296000	9
2016.06.21	12:00:00	118.371	118.653	117.891	117.909	38441	59586173000	9
2016.06.21	16:00:00	117.909	118.091	117.492	117.785	45854	44056663000	9
2016.06.21	20:00:00	117.783	118.241	117.759	117.776	23199	23018486000	9
2016.06.22	00:00:00	117.770	117.959	117.483	117.532	16245	24021246000	0
2016.06.22	04:00:00	117.532	117.843	117.422	117.782	26341	30483100000	9
2016.06.22	08:00:00	117.782	117.878	117.564	117.736	33998	35248509000	9
2016.06.22	12:00:00	117.737	118.287	117.649	118.287	33873	36507125000	9
2016.06.22	16:00:00	118.291	118.603	117.817	118.087	43140	46986224000	9
2016.06.22	20:00:00	118.087	118.193	117.887	117.899	24999	29329898000	9
2016.06.23	00:00:00	117.896	119.033	117.843	118.717	18072	30008041000	0
2016.06.23	04:00:00	118.716	118.782	118.525	118.619	18835	33253500000	9
2016.06.23	08:00:00	118.620	118.813	117.947	118.666	28858	35293724000	9
2016.06.23	12:00:00	118.666	120.896	118.607	120.679	45403	59696899000	9
2016.06.23	16:00:00	120.679	120.796	119.865	120.044	41973	53691210000	9
2016.06.23	20:00:00	120.044	120.928	120.001	120.763	20362	22108081000	9
2016.06.24	00:00:00	120.633	121.965	116.436	118.602	32703	47249693000	0
2016.06.24	04:00:00	118.600	118.619	109.426	110.863	59804	91853725000	9
2016.06.24	08:00:00	110.870	115.451	110.694	114.559	53422	62873770000	9
2016.06.24	12:00:00	114.562	114.748	112.696	112.952	51389	60285200000	9
2016.06.24	16:00:00	112.950	114.242	112.697	114.129	52133	73806001000	9
2016.06.24	20:00:00	114.129	114.300	113.196	113.397	23758	29482134000	9
2016.06.27	00:00:00	111.755	113.241	111.734	112.578	31844	34846428000	9
2016.06.27	04:00:00	112.575	112.746	111.644	111.864	35055	35178394000	9
2016.06.27	08:00:00	111.864	113.240	111.843	112.708	52091	50046243000	9
2016.06.27	12:00:00	112.706	112.732	111.366	111.574	57205	47134783000	9
2016.06.27	16:00:00	111.576	112.469	111.471	112.389	58360	46306953000	9
2016.06.27	20:00:00	112.390	112.568	112.083	112.427	31907	24569299000	9
2016.06.28	00:00:00	112.372	112.427	111.983	112.016	18634	23631436000	0
2016.06.28	04:00:00	112.015	112.975	111.917	112.832	33644	51543553000	9
2016.06.28	08:00:00	112.832	113.348	112.520	112.832	44242	55932796000	9
2016.06.28	12:00:00	112.832	113.722	112.832	113.369	45880	53686357000	9
2016.06.28	16:00:00	113.367	113.679	113.132	113.485	50524	51183090000	9
2016.06.28	20:00:00	113.485	113.851	113.377	113.677	24585	24305647000	9
2016.06.29	00:00:00	113.651	113.828	113.134	113.207	18549	24100800000	9
2016.06.29	04:00:00	113.205	113.403	113.016	113.245	28362	35647200000	9
2016.06.29	08:00:00	113.247	113.613	112.940	113.425	40305	40102197000	9
2016.06.29	12:00:00	113.425	114.176	113.361	113.875	46796	51350566000	9
2016.06.29	16:00:00	113.877	114.329	113.774	113.993	46584	48942012000	9
2016.06.29	20:00:00	113.992	114.493	113.859	114.382	23638	27461691000	9
2016.06.30	00:00:00	114.368	114.582	114.121	114.185	18534	22666993000	0
2016.06.30	04:00:00	114.186	114.237	113.969	114.055	25453	30643150000	9
2016.06.30	08:00:00	114.055	114.518	113.596	114.326	45005	51380675000	9
2016.06.30	12:00:00	114.325	114.794	113.841	114.089	48931	59612894000	9
2016.06.30	16:00:00	114.089	114.366	113.334	114.252	62132	78039671000	9
2016.06.30	20:00:00	114.251	114.685	113.893	114.581	30508	36665021000	9
2016.07.01	00:00:00	114.549	114.747	114.255	114.337	18898	25859780000	0
2016.07.01	04:00:00	114.337	114.438	113.997	114.191	22657	25980950000	9
2016.07.01	08:00:00	114.191	114.201	113.671	113.870	41454	43612136000	9
2016.07.01	12:00:00	113.869	114.436	113.806	114.247	40469	51849839000	9
2016.07.01	16:00:00	114.248	114.572	114.125	114.144	44736	49858689000	9
2016.07.01	20:00:00	114.143	114.274	113.976	114.176	17917	17942057000	9
2016.07.04	00:00:00	114.167	114.315	113.980	114.175	16427	18979599000	9
2016.07.04	04:00:00	114.174	114.507	114.168	114.395	24608	26571749000	9
2016.07.04	08:00:00	114.395	114.467	113.955	114.049	32212	34923150000	9
2016.07.04	12:00:00	114.048	114.369	113.990	114.314	26711	30234575000	9
2016.07.04	16:00:00	114.313	114.331	114.138	114.258	23434	24128741000	9
2016.07.04	20:00:00	114.257	114.440	114.256	114.349	13118	13694396000	9
2016.07.05	00:00:00	114.334	114.359	113.897	113.994	17586	18547250000	0
2016.07.05	04:00:00	113.993	114.015	113.474	113.481	24460	27963250000	9
2016.07.05	08:00:00	113.480	113.961	113.152	113.260	37578	39582334000	9
2016.07.05	12:00:00	113.247	113.623	113.212	113.345	37573	40791311000	9
2016.07.05	16:00:00	113.345	113.501	112.387	112.588	46010	51698444000	9
2016.07.05	20:00:00	112.583	112.693	112.386	112.672	19184	21062300000	9
2016.07.06	00:00:00	112.672	112.673	111.707	111.760	22620	26596790000	0
2016.07.06	04:00:00	111.757	111.805	111.035	111.595	34197	42035982000	9
2016.07.06	08:00:00	111.594	112.024	111.123	111.352	42088	40084773000	9
2016.07.06	12:00:00	111.352	111.734	110.817	111.515	45303	44171421000	9
2016.07.06	16:00:00	111.516	112.504	111.446	112.475	52543	56191243000	9
2016.07.06	20:00:00	112.476	112.599	112.215	112.423	25755	25904485000	9
2016.07.07	00:00:00	112.369	112.517	111.875	111.993	19865	21423400000	0
2016.07.07	04:00:00	111.997	112.236	111.579	112.108	24331	27182800000	9
2016.07.07	08:00:00	112.108	112.115	111.493	111.949	37131	36952784000	9
2016.07.07	12:00:00	111.949	112.266	111.757	112.153	37270	37089857000	9
2016.07.07	16:00:00	112.153	112.191	111.259	111.370	44692	47143115000	9
2016.07.07	20:00:00	111.370	111.564	111.212	111.439	22501	24063550000	9
2016.07.08	00:00:00	111.433	111.746	111.317	111.705	15930	18723100000	0
2016.07.08	04:00:00	111.705	111.856	111.059	111.315	25549	31060249000	9
2016.07.08	08:00:00	111.315	111.582	111.147	111.405	31845	33189099000	9
2016.07.08	12:00:00	111.405	111.526	111.011	111.083	37669	43942960000	9
2016.07.08	16:00:00	111.082	111.425	110.862	111.119	47628	51799434000	9
2016.07.08	20:00:00	111.118	111.164	110.913	110.913	16027	16396500000	9
2016.07.11	00:00:00	111.142	111.374	111.015	111.263	17182	21494750000	0
2016.07.11	04:00:00	111.264	111.879	111.130	111.778	19922	22076798000	9
2016.07.11	08:00:00	111.779	112.727	111.778	112.598	37813	35154328000	9
2016.07.11	12:00:00	112.598	113.452	112.521	113.409	35645	34886162000	9
2016.07.11	16:00:00	113.409	113.634	113.230	113.573	36626	40570637000	9
2016.07.11	20:00:00	113.573	113.774	113.570	113.647	17488	18595209000	9
2016.07.12	00:00:00	113.639	113.762	113.278	113.748	18982	19201350000	0
2016.07.12	04:00:00	113.748	114.319	113.722	114.130	35431	41209444000	9
2016.07.12	08:00:00	114.130	115.184	114.085	114.871	49316	51800840000	9
2016.07.12	12:00:00	114.871	115.726	114.834	115.680	44837	51971428000	9
2016.07.12	16:00:00	115.681	116.375	115.554	116.363	52369	61985923000	9
2016.07.12	20:00:00	116.362	116.420	115.758	115.758	23087	27496312000	9
2016.07.13	00:00:00	115.767	116.051	115.346	115.781	23805	21670594000	0
2016.07.13	04:00:00	115.779	115.797	114.916	115.306	40434	46410527000	9
2016.07.13	08:00:00	115.308	115.578	115.032	115.374	43047	49846929000	9
2016.07.13	12:00:00	115.380	116.221	115.196	115.885	42487	48909558000	9
2016.07.13	16:00:00	115.884	116.081	115.426	115.843	48912	59433995000	9
2016.07.13	20:00:00	115.841	115.996	115.763	115.869	21556	25974043000	9
2016.07.14	00:00:00	115.814	115.895	115.363	115.503	24553	32097921000	0
2016.07.14	04:00:00	115.505	116.414	115.489	116.310	36635	36473876000	9
2016.07.14	08:00:00	116.314	117.670	116.219	117.353	51434	62328807000	9
2016.07.14	12:00:00	117.353	118.028	116.889	117.624	55394	66240644000	9
2016.07.14	16:00:00	117.624	117.699	116.937	117.037	46039	63322333000	9
2016.07.14	20:00:00	117.038	117.342	117.021	117.122	19203	20483200000	9
2016.07.15	00:00:00	117.128	117.436	116.671	117.236	25069	29983300000	0
2016.07.15	04:00:00	117.239	118.401	117.115	117.676	33413	50654360000	9
2016.07.15	08:00:00	117.679	118.141	117.275	117.957	39874	51776532000	9
2016.07.15	12:00:00	117.957	118.230	117.572	117.820	40380	52834923000	9
2016.07.15	16:00:00	117.820	117.901	116.343	116.602	48764	60387369000	9
2016.07.15	20:00:00	116.603	117.009	115.407	115.564	23709	24183950000	9
2016.07.18	00:00:00	116.414	117.194	116.344	116.582	21638	32642799000	0
2016.07.18	04:00:00	116.583	117.092	116.550	116.735	17754	19559843000	9
2016.07.18	08:00:00	116.734	117.077	116.500	116.776	32550	34135072000	9
2016.07.18	12:00:00	116.776	116.966	116.531	116.644	33552	39287649000	9
2016.07.18	16:00:00	116.643	117.686	116.310	117.514	41307	47374254000	9
2016.07.18	20:00:00	117.515	117.687	117.342	117.559	18256	21025000000	9
2016.07.19	00:00:00	117.533	117.762	117.237	117.276	15587	18764150000	9
2016.07.19	04:00:00	117.276	117.399	116.955	117.160	23972	25412500000	9
2016.07.19	08:00:00	117.161	117.565	117.043	117.368	37266	39580793000	9
2016.07.19	12:00:00	117.351	117.524	116.979	117.348	38745	44901978000	9
2016.07.19	16:00:00	117.349	117.401	116.706	116.851	45044	52849578000	9
2016.07.19	20:00:00	116.848	116.965	116.566	116.931	17076	19572900000	9
2016.07.20	00:00:00	116.858	117.082	116.581	116.605	18646	21430856000	0
2016.07.20	04:00:00	116.609	116.811	116.528	116.792	23928	23360550000	9
2016.07.20	08:00:00	116.792	117.237	116.545	117.104	36259	45970598000	9
2016.07.20	12:00:00	117.107	117.507	116.988	117.201	36500	41645288000	9
2016.07.20	16:00:00	117.204	117.568	117.137	117.414	36949	40939650000	9
2016.07.20	20:00:00	117.413	117.922	117.327	117.708	20246	22607176000	9
2016.07.21	00:00:00	117.708	118.271	117.263	118.218	20184	27292489000	0
2016.07.21	04:00:00	118.217	118.397	117.999	118.173	28779	39732450000	9
2016.07.21	08:00:00	118.171	118.461	116.738	116.804	45002	54791797000	9
2016.07.21	12:00:00	116.803	117.485	116.143	117.199	48200	57719777000	9
2016.07.21	16:00:00	117.200	117.455	116.348	116.488	49839	52724255000	9
2016.07.21	20:00:00	116.487	116.758	116.428	116.645	21127	21242850000	9
2016.07.22	00:00:00	116.652	117.113	116.529	116.597	22252	23067866000	9
2016.07.22	04:00:00	116.597	116.770	116.388	116.704	22304	20008499000	9
2016.07.22	08:00:00	116.703	117.227	116.529	117.129	37793	39729100000	9
2016.07.22	12:00:00	117.134	117.270	116.782	116.881	37114	41050188000	9
2016.07.22	16:00:00	116.881	116.924	116.402	116.444	41223	43253940000	9
2016.07.22	20:00:00	116.444	116.594	116.214	116.366	16527	16650850000	9
2016.07.25	00:00:00	116.441	116.909	116.374	116.784	20504	23370383000	0
2016.07.25	04:00:00	116.784	116.959	116.566	116.609	22978	18248866000	9
2016.07.25	08:00:00	116.609	116.861	116.288	116.784	31533	31244535000	9
2016.07.25	12:00:00	116.783	116.861	116.446	116.477	28201	29603886000	9
2016.07.25	16:00:00	116.477	116.566	116.257	116.302	31912	31829776000	9
2016.07.25	20:00:00	116.305	116.600	116.216	116.321	16300	13759535000	9
2016.07.26	00:00:00	116.298	116.410	115.237	115.269	20915	20574945000	0
2016.07.26	04:00:00	115.267	115.427	114.659	114.797	28299	27558196000	9
2016.07.26	08:00:00	114.796	115.107	114.450	114.832	36549	38293090000	9
2016.07.26	12:00:00	114.830	115.179	114.598	114.692	30228	32216195000	9
2016.07.26	16:00:00	114.686	115.210	114.626	115.136	34296	31873974000	9
2016.07.26	20:00:00	115.136	115.340	114.896	114.935	17029	15135600000	9
2016.07.27	00:00:00	114.880	115.600	114.880	115.556	17929	17937906000	0
2016.07.27	04:00:00	115.556	117.136	115.435	115.814	38594	43420251000	9
2016.07.27	08:00:00	115.815	116.681	115.630	116.034	35881	37665460000	9
2016.07.27	12:00:00	116.035	116.318	115.898	116.208	29938	31820471000	9
2016.07.27	16:00:00	116.208	116.486	115.993	116.162	33478	36576137000	9
2016.07.27	20:00:00	116.164	116.688	115.821	116.541	31644	31159513000	9
2016.07.28	00:00:00	116.531	116.702	115.852	115.952	21521	22672667000	0
2016.07.28	04:00:00	115.953	116.474	115.814	115.981	27390	29820364000	9
2016.07.28	08:00:00	115.981	116.436	115.890	116.360	34230	34865188000	9
2016.07.28	12:00:00	116.358	116.395	115.987	116.378	29835	33264283000	9
2016.07.28	16:00:00	116.378	116.434	116.096	116.128	34878	32729080000	9
2016.07.28	20:00:00	116.129	116.839	116.023	116.574	20257	19759043000	9
2016.07.29	00:00:00	116.509	116.679	114.484	115.669	24898	32738549000	0
2016.07.29	04:00:00	115.669	116.868	113.902	114.454	50174	59164109000	9
2016.07.29	08:00:00	114.454	115.307	114.333	115.141	39650	47069395000	9
2016.07.29	12:00:00	115.140	115.195	114.606	114.672	32835	35856800000	9
2016.07.29	16:00:00	114.678	114.932	114.053	114.183	47973	38320974000	9
2016.07.29	20:00:00	114.181	114.224	113.876	114.031	21628	17630356000	9
2016.08.01	00:00:00	114.208	114.574	113.900	114.383	20777	17848202000	9
2016.08.01	04:00:00	114.384	114.730	114.322	114.445	22475	21417297000	9
2016.08.01	08:00:00	114.450	114.550	114.094	114.094	26375	20897014000	9
2016.08.01	12:00:00	114.096	114.435	114.025	114.385	30675	25776239000	9
2016.08.01	16:00:00	114.379	114.489	114.105	114.204	31910	29502324000	9
2016.08.01	20:00:00	114.205	114.378	114.174	114.302	15960	15610796000	9
2016.08.02	00:00:00	114.284	114.391	114.196	114.334	16125	14956450000	0
2016.08.02	04:00:00	114.332	114.805	114.295	114.478	21620	18430813000	9
2016.08.02	08:00:00	114.476	114.642	113.627	113.957	40540	40213908000	9
2016.08.02	12:00:00	113.957	113.991	113.458	113.477	29494	26823382000	9
2016.08.02	16:00:00	113.477	113.606	113.002	113.071	39497	34052368000	9
2016.08.02	20:00:00	113.071	113.321	113.024	113.204	17644	16776625000	9
2016.08.03	00:00:00	113.138	113.577	113.124	113.518	15710	15118065000	0
2016.08.03	04:00:00	113.518	113.635	112.967	113.333	21841	18139600000	9
2016.08.03	08:00:00	113.332	113.450	113.087	113.269	31912	28707108000	9
2016.08.03	12:00:00	113.275	113.508	113.086	113.142	28644	27413539000	9
2016.08.03	16:00:00	113.143	113.418	113.065	113.226	33459	28952950000	9
2016.08.03	20:00:00	113.226	113.238	112.657	112.859	15774	14325189000	9
2016.08.04	00:00:00	112.841	113.039	112.810	112.857	13602	11460200000	0
2016.08.04	04:00:00	112.855	112.943	112.475	112.882	22147	18659500000	9
2016.08.04	08:00:00	112.879	113.267	112.797	112.985	30087	26758679000	9
2016.08.04	12:00:00	112.985	112.985	112.508	112.686	35853	31975981000	9
2016.08.04	16:00:00	112.686	112.796	112.494	112.625	31077	28818053000	9
2016.08.04	20:00:00	112.625	112.667	112.523	112.610	12893	12301750000	11
2016.08.05	00:00:00	112.614	112.840	112.439	112.705	10295	7208948000	9
2016.08.05	04:00:00	112.707	112.771	112.513	112.644	16101	12689550000	9
2016.08.05	08:00:00	112.644	112.709	112.439	112.560	21716	16880900000	9
2016.08.05	12:00:00	112.558	112.911	112.307	112.561	30340	25542810000	9
2016.08.05	16:00:00	112.561	112.887	112.367	112.841	35206	29105519000	9
2016.08.05	20:00:00	112.843	112.973	112.768	112.873	13972	12908247000	9
2016.08.08	00:00:00	112.940	113.387	112.892	113.160	17521	16155577000	0
2016.08.08	04:00:00	113.154	113.326	113.071	113.266	15426	11810200000	9
2016.08.08	08:00:00	113.266	113.454	113.160	113.386	24715	20844727000	9
2016.08.08	12:00:00	113.386	113.673	113.355	113.615	23648	22154734000	9
2016.08.08	16:00:00	113.616	113.750	113.475	113.615	23452	18013345000	9
2016.08.08	20:00:00	113.616	113.644	113.445	113.588	9774	7388150000	9
2016.08.09	00:00:00	113.561	113.619	113.348	113.480	13134	10184335000	0
2016.08.09	04:00:00	113.480	113.586	113.352	113.435	14830	10648700000	9
2016.08.09	08:00:00	113.434	113.552	113.341	113.521	21295	18685174000	9
2016.08.09	12:00:00	113.522	113.532	113.028	113.137	22037	19343288000	9
2016.08.09	16:00:00	113.137	113.349	113.049	113.188	29455	32287950000	9
2016.08.09	20:00:00	113.188	113.298	113.094	113.199	11875	11531500000	9
2016.08.10	00:00:00	113.142	113.356	112.861	113.049	15820	15062049000	0
2016.08.10	04:00:00	113.050	113.100	112.835	112.934	22611	15135250000	9
2016.08.10	08:00:00	112.933	113.240	112.782	113.052	24955	20127295000	9
2016.08.10	12:00:00	113.052	113.462	112.968	113.029	27201	22162992000	9
2016.08.10	16:00:00	113.031	113.240	112.958	113.166	29466	28076565000	9
2016.08.10	20:00:00	113.167	113.295	113.131	113.167	12656	12090300000	9
2016.08.11	00:00:00	113.159	113.249	112.982	113.110	13752	14836601000	0
2016.08.11	04:00:00	113.110	113.344	113.099	113.261	14341	12821198000	9
2016.08.11	08:00:00	113.263	113.312	112.699	112.883	23248	21396500000	9
2016.08.11	12:00:00	112.884	113.146	112.855	112.988	22119	21838393000	9
2016.08.11	16:00:00	112.989	113.443	112.910	113.372	26408	25724413000	9
2016.08.11	20:00:00	113.375	113.690	113.363	113.518	17414	18331071000	9
2016.08.12	00:00:00	113.515	113.770	113.349	113.749	14780	12185215000	0
2016.08.12	04:00:00	113.749	113.799	113.566	113.667	14441	11094992000	9
2016.08.12	08:00:00	113.667	113.921	113.586	113.832	21608	18196479000	9
2016.08.12	12:00:00	113.831	114.025	113.134	113.196	26561	23914638000	9
2016.08.12	16:00:00	113.195	113.281	112.728	112.969	35430	35732547000	9
2016.08.12	20:00:00	112.966	113.089	112.902	113.076	13558	13697049000	9
2016.08.15	00:00:00	112.929	113.208	112.898	113.112	12805	8985200000	0
2016.08.15	04:00:00	113.112	113.203	112.972	113.052	14373	11271548000	9
2016.08.15	08:00:00	113.051	113.070	112.750	112.771	22818	19346900000	9
2016.08.15	12:00:00	112.770	113.105	112.673	112.977	23619	20319145000	9
2016.08.15	16:00:00	112.977	113.290	112.918	113.178	27809	26636380000	9
2016.08.15	20:00:00	113.178	113.249	113.125	113.227	10438	9027501000	9
2016.08.16	00:00:00	113.215	113.272	112.995	112.997	11417	10164650000	0
2016.08.16	04:00:00	112.997	113.017	112.365	112.574	22256	21598950000	9
2016.08.16	08:00:00	112.575	113.075	112.356	112.879	36579	34386500000	9
2016.08.16	12:00:00	112.879	112.987	112.445	112.795	37427	36120489000	9
2016.08.16	16:00:00	112.794	113.247	112.765	113.051	38570	40889333000	9
2016.08.16	20:00:00	113.051	113.125	112.888	113.115	13605	11761248000	9
2016.08.17	00:00:00	113.072	113.512	112.937	113.445	17569	17103350000	9
2016.08.17	04:00:00	113.447	113.715	113.294	113.599	20279	21270748000	9
2016.08.17	08:00:00	113.595	113.928	113.441	113.508	31258	31102245000	9
2016.08.17	12:00:00	113.508	113.594	113.415	113.518	22977	19757657000	9
2016.08.17	16:00:00	113.518	113.532	112.822	113.073	34449	32868608000	9
2016.08.17	20:00:00	113.072	113.280	112.934	113.156	27586	29983400000	9
2016.08.18	00:00:00	113.156	113.184	112.640	112.804	22248	20680005000	0
2016.08.18	04:00:00	112.814	113.396	112.697	113.215	26164	25279900000	9
2016.08.18	08:00:00	113.218	113.481	112.907	113.439	32234	28205960000	9
2016.08.18	12:00:00	113.440	113.700	113.370	113.631	31417	32086861000	9
2016.08.18	16:00:00	113.631	113.659	113.318	113.325	29561	28218100000	9
2016.08.18	20:00:00	113.325	113.612	113.182	113.392	18730	18541250000	9
2016.08.19	00:00:00	113.392	113.874	113.334	113.765	19890	17031200000	0
2016.08.19	04:00:00	113.765	113.845	113.516	113.740	22085	19022700000	9
2016.08.19	08:00:00	113.740	113.763	113.225	113.298	28139	20170600000	9
2016.08.19	12:00:00	113.298	113.607	113.245	113.534	28236	25810291000	9
2016.08.19	16:00:00	113.535	113.574	113.224	113.414	30880	28883592000	9
2016.08.19	20:00:00	113.413	113.513	113.370	113.472	12650	13074900000	9
2016.08.22	00:00:00	113.916	113.959	113.452	113.578	23943	23579678000	0
2016.08.22	04:00:00	113.576	113.779	113.500	113.725	21933	18661747000	9
2016.08.22	08:00:00	113.726	113.820	113.536	113.769	31023	30031600000	9
2016.08.22	12:00:00	113.768	113.778	113.404	113.424	27955	25579348000	9
2016.08.22	16:00:00	113.425	113.659	113.400	113.562	31182	25841937000	9
2016.08.22	20:00:00	113.562	113.602	113.464	113.556	12545	8907450000	9
2016.08.23	00:00:00	113.546	113.643	113.332	113.411	16883	13747679000	9
2016.08.23	04:00:00	113.410	113.722	113.388	113.473	18791	16313142000	9
2016.08.23	08:00:00	113.472	113.670	113.334	113.526	30293	24816498000	9
2016.08.23	12:00:00	113.526	113.570	113.398	113.422	24934	18424996000	9
2016.08.23	16:00:00	113.424	113.470	113.277	113.421	30330	21078500000	9
2016.08.23	20:00:00	113.419	113.432	113.218	113.319	13326	8732249000	9
2016.08.24	00:00:00	113.317	113.579	113.103	113.444	14104	12048700000	0
2016.08.24	04:00:00	113.442	113.468	113.299	113.376	18563	15905450000	9
2016.08.24	08:00:00	113.375	113.455	113.070	113.132	27394	21728895000	9
2016.08.24	12:00:00	113.134	113.136	112.784	112.962	26910	22350400000	9
2016.08.24	16:00:00	112.962	113.242	112.906	113.197	31309	28638185000	9
2016.08.24	20:00:00	113.198	113.207	113.096	113.131	14012	11679050000	9
2016.08.25	00:00:00	113.130	113.325	112.928	113.189	13779	12021597000	9
2016.08.25	04:00:00	113.189	113.287	113.175	113.255	14374	11746900000	9
2016.08.25	08:00:00	113.255	113.323	113.094	113.245	22581	19503240000	9
2016.08.25	12:00:00	113.250	113.575	113.232	113.553	24083	20086186000	9
2016.08.25	16:00:00	113.553	113.559	113.358	113.379	27615	25195498000	9
2016.08.25	20:00:00	113.377	113.480	113.377	113.415	12558	9549850000	9
2016.08.26	00:00:00	113.413	113.526	113.340	113.392	12222	9217400000	9
2016.08.26	04:00:00	113.392	113.481	113.376	113.442	12471	11134596000	9
2016.08.26	08:00:00	113.443	113.569	113.326	113.395	22716	17741629000	9
2016.08.26	12:00:00	113.397	113.461	113.238	113.280	22145	18724650000	9
2016.08.26	16:00:00	113.279	113.904	113.146	113.782	56976	55325611000	9
2016.08.26	20:00:00	113.782	114.129	113.765	113.854	28184	25634749000	9
2016.08.29	00:00:00	114.140	114.291	113.929	114.104	19033	17683350000	0
2016.08.29	04:00:00	114.104	114.566	114.081	114.546	20321	18590995000	9
2016.08.29	08:00:00	114.546	114.686	114.246	114.313	24612	22684318000	9
2016.08.29	12:00:00	114.313	114.381	114.128	114.187	22440	17230923000	9
2016.08.29	16:00:00	114.186	114.277	114.007	114.162	31175	25433744000	9
2016.08.29	20:00:00	114.161	114.228	113.950	114.027	15536	12438550000	9
2016.08.30	00:00:00	113.997	114.122	113.848	113.999	15663	13347999000	0
2016.08.30	04:00:00	113.998	114.201	113.965	114.096	17452	16531275000	9
2016.08.30	08:00:00	114.095	114.385	114.033	114.236	24510	22815794000	9
2016.08.30	12:00:00	114.236	114.440	114.154	114.402	27131	22474389000	9
2016.08.30	16:00:00	114.400	114.932	114.350	114.876	35430	30877104000	9
2016.08.30	20:00:00	114.873	114.904	114.672	114.720	17047	14561829000	9
2016.08.31	00:00:00	114.677	114.966	114.594	114.876	15382	13368750000	0
2016.08.31	04:00:00	114.874	114.962	114.754	114.900	19108	19407650000	9
2016.08.31	08:00:00	114.899	115.089	114.870	114.933	28965	22873157000	9
2016.08.31	12:00:00	114.942	115.187	114.883	115.173	26070	19219567000	9
2016.08.31	16:00:00	115.173	115.342	115.020	115.236	37006	28907803000	9
2016.08.31	20:00:00	115.238	115.429	115.226	115.378	15781	12576543000	9
2016.09.01	00:00:00	115.355	115.389	115.068	115.103	14995	12097448000	0
2016.09.01	04:00:00	115.099	115.249	115.019	115.166	16448	15341350000	9
2016.09.01	08:00:00	115.167	115.451	115.085	115.388	29778	22897476000	9
2016.09.01	12:00:00	115.387	115.736	115.311	115.718	29021	24995900000	9
2016.09.01	16:00:00	115.717	115.821	115.414	115.649	42687	33534948000	9
2016.09.01	20:00:00	115.650	115.743	115.566	115.579	17141	13872249000	9
2016.09.02	00:00:00	115.576	115.708	115.488	115.645	14410	11380200000	0
2016.09.02	04:00:00	115.645	115.794	115.610	115.727	17634	15626046000	9
2016.09.02	08:00:00	115.727	116.047	115.707	115.860	27447	25516343000	9
2016.09.02	12:00:00	115.859	116.038	115.502	115.938	32341	27249696000	9
2016.09.02	16:00:00	115.942	116.361	115.882	116.025	47256	38286320000	9
2016.09.02	20:00:00	116.024	116.096	115.711	115.711	17519	14074598000	9
2016.09.05	00:00:00	116.072	116.149	115.756	115.924	15000	14926555000	9
2016.09.05	04:00:00	115.926	116.104	115.616	115.738	21431	19629196000	9
2016.09.05	08:00:00	115.736	115.736	115.396	115.442	27243	24497042000	9
2016.09.05	12:00:00	115.443	115.478	115.120	115.300	22669	19039459000	9
2016.09.05	16:00:00	115.299	115.369	115.171	115.216	19198	17540618000	9
2016.09.05	20:00:00	115.216	115.367	115.201	115.257	10376	5039302000	9
2016.09.06	00:00:00	115.210	115.514	115.089	115.482	12899	11520200000	0
2016.09.06	04:00:00	115.481	115.673	115.278	115.568	20895	18934548000	9
2016.09.06	08:00:00	115.568	115.575	115.249	115.416	28242	24314592000	9
2016.09.06	12:00:00	115.416	115.452	115.233	115.327	27226	21419400000	9
2016.09.06	16:00:00	115.327	115.392	114.743	114.818	43241	37911395000	9
2016.09.06	20:00:00	114.819	114.926	114.699	114.827	21894	17344449000	9
2016.09.07	00:00:00	114.724	114.884	113.891	114.049	23524	23280479000	0
2016.09.07	04:00:00	114.050	114.245	113.804	114.126	25120	25486099000	9
2016.09.07	08:00:00	114.126	114.290	114.031	114.203	27612	21758983000	9
2016.09.07	12:00:00	114.202	114.288	114.027	114.058	25603	21212344000	9
2016.09.07	16:00:00	114.058	114.405	114.014	114.375	36580	32071528000	9
2016.09.07	20:00:00	114.374	114.429	114.325	114.325	14391	10400597000	9
2016.09.08	00:00:00	114.314	114.541	114.162	114.312	13770	13035684000	0
2016.09.08	04:00:00	114.312	114.463	114.130	114.272	18524	19504516000	9
2016.09.08	08:00:00	114.272	114.547	114.261	114.462	26059	25435699000	9
2016.09.08	12:00:00	114.462	115.173	114.420	114.989	34521	32570233000	9
2016.09.08	16:00:00	114.990	115.242	114.523	115.208	49360	39599460000	9
2016.09.08	20:00:00	115.210	115.441	115.173	115.421	19372	14528400000	9
2016.09.09	00:00:00	115.389	115.413	115.170	115.208	19332	18400317000	0
2016.09.09	04:00:00	115.208	115.239	115.011	115.125	21715	22034748000	9
2016.09.09	08:00:00	115.126	115.279	115.025	115.140	25794	24380028000	9
2016.09.09	12:00:00	115.140	115.941	115.079	115.666	35509	31916058000	9
2016.09.09	16:00:00	115.666	115.681	115.099	115.233	42065	37406748000	9
2016.09.09	20:00:00	115.239	115.363	115.090	115.106	19108	12624845000	9
2016.09.12	00:00:00	115.194	115.434	114.920	115.422	18867	16826669000	9
2016.09.12	04:00:00	115.422	115.471	115.124	115.266	18428	15393990000	9
2016.09.12	08:00:00	115.265	115.415	114.737	114.752	29246	26709794000	9
2016.09.12	12:00:00	114.753	114.787	114.242	114.306	35732	35597459000	9
2016.09.12	16:00:00	114.306	114.638	114.283	114.494	39098	36127000000	9
2016.09.12	20:00:00	114.496	114.559	114.284	114.404	32370	29121695000	9
2016.09.13	00:00:00	114.418	114.562	113.926	114.019	17825	17024591000	0
2016.09.13	04:00:00	114.017	114.616	113.948	114.528	21130	21511100000	9
2016.09.13	08:00:00	114.528	114.582	114.242	114.298	28187	26825842000	9
2016.09.13	12:00:00	114.292	115.018	114.267	114.944	30675	26776470000	9
2016.09.13	16:00:00	114.944	115.126	114.680	114.818	39501	34764313000	9
2016.09.13	20:00:00	114.817	115.309	114.790	115.054	29671	27272693000	9
2016.09.14	00:00:00	115.025	115.411	114.909	115.297	16070	15423198000	0
2016.09.14	04:00:00	115.296	115.750	115.244	115.554	21425	21797170000	9
2016.09.14	08:00:00	115.555	116.078	115.359	115.505	29299	24101746000	9
2016.09.14	12:00:00	115.504	115.515	115.072	115.353	30593	27623376000	9
2016.09.14	16:00:00	115.349	115.540	115.180	115.334	38381	38280800000	9
2016.09.14	20:00:00	115.336	115.422	114.985	115.227	21285	21685500000	9
2016.09.15	00:00:00	115.131	115.398	115.068	115.162	16927	17713800000	0
2016.09.15	04:00:00	115.161	115.215	114.638	115.080	21683	21641018000	9
2016.09.15	08:00:00	115.081	115.160	114.848	115.025	30231	29276650000	9
2016.09.15	12:00:00	115.023	115.282	114.882	115.189	32709	28178889000	9
2016.09.15	16:00:00	115.191	115.424	114.897	114.951	43134	39925900000	9
2016.09.15	20:00:00	114.952	114.977	114.748	114.769	17791	14222724000	9
2016.09.16	00:00:00	114.733	114.831	114.425	114.635	17434	15726277000	0
2016.09.16	04:00:00	114.635	114.806	114.562	114.696	17276	21111330000	9
2016.09.16	08:00:00	114.696	114.747	114.450	114.585	23888	24532466000	9
2016.09.16	12:00:00	114.585	114.613	114.193	114.269	31175	27773790000	9
2016.09.16	16:00:00	114.264	114.299	113.949	114.204	37558	34229094000	9
2016.09.16	20:00:00	114.203	114.290	114.062	114.062	18169	20780273000	9
2016.09.19	00:00:00	113.898	114.280	113.865	114.060	18446	17520400000	9
2016.09.19	04:00:00	114.061	114.134	113.908	113.950	14494	12022200000	9
2016.09.19	08:00:00	113.949	114.046	113.469	113.696	24994	21425478000	9
2016.09.19	12:00:00	113.699	113.852	113.556	113.679	20853	18590250000	9
2016.09.19	16:00:00	113.678	113.941	113.553	113.705	28079	25566765000	9
2016.09.19	20:00:00	113.703	113.887	113.591	113.885	15390	13139741000	9
2016.09.20	00:00:00	113.881	113.940	113.764	113.807	17243	18915200000	9
2016.09.20	04:00:00	113.807	114.018	113.693	113.719	17670	18487100000	9
2016.09.20	08:00:00	113.719	113.959	113.632	113.832	26257	23917619000	9
2016.09.20	12:00:00	113.831	114.002	113.747	113.845	24976	24181705000	9
2016.09.20	16:00:00	113.845	113.860	113.505	113.507	30425	27132789000	9
2016.09.20	20:00:00	113.509	113.669	113.411	113.418	18048	18998449000	9
2016.09.21	00:00:00	113.378	113.551	113.192	113.473	16954	18700200000	0
2016.09.21	04:00:00	113.473	114.275	112.496	114.212	41554	34860670000	9
2016.09.21	08:00:00	114.211	114.390	113.354	113.528	38320	39824758000	9
2016.09.21	12:00:00	113.528	113.540	112.178	112.283	31449	24528836000	9
2016.09.21	16:00:00	112.283	112.419	112.076	112.402	34133	27065234000	9
2016.09.21	20:00:00	112.401	112.601	112.196	112.253	41602	43448947000	9
2016.09.22	00:00:00	112.236	112.405	112.078	112.138	16622	12379600000	0
2016.09.22	04:00:00	112.138	112.399	112.102	112.301	14204	11437550000	9
2016.09.22	08:00:00	112.300	113.373	112.242	113.260	30763	23974720000	9
2016.09.22	12:00:00	113.261	113.332	113.037	113.092	30339	23210991000	9
2016.09.22	16:00:00	113.091	113.490	113.026	113.173	34420	29922661000	9
2016.09.22	20:00:00	113.173	113.185	112.903	112.904	19290	18455316000	9
2016.09.23	00:00:00	112.892	113.311	112.874	113.203	18071	15977150000	0
2016.09.23	04:00:00	113.203	113.431	113.159	113.204	23557	22539250000	9
2016.09.23	08:00:00	113.204	113.296	112.945	113.106	31084	27143096000	9
2016.09.23	12:00:00	113.107	113.207	112.926	113.092	28318	23216200000	9
2016.09.23	16:00:00	113.091	113.457	113.082	113.417	34998	31082399000	9
2016.09.23	20:00:00	113.417	113.615	113.065	113.065	16672	12250549000	9
2016.09.26	00:00:00	113.338	113.509	113.179	113.207	10136	14478860000	0
2016.09.26	04:00:00	113.207	113.477	113.155	113.474	14784	25836595000	18
2016.09.26	08:00:00	113.474	113.487	112.896	113.076	28182	33776204000	9
2016.09.26	12:00:00	113.076	113.225	112.839	113.213	30173	28243788000	9
2016.09.26	16:00:00	113.212	113.215	112.891	112.907	36735	35442950000	9
2016.09.26	20:00:00	112.906	113.019	112.809	112.914	16088	13283150000	9
2016.09.27	00:00:00	112.914	112.942	112.484	112.816	17618	17386750000	9
2016.09.27	04:00:00	112.821	113.442	112.690	113.268	29911	31361430000	9
2016.09.27	08:00:00	113.270	113.567	112.971	113.016	35848	32746654000	9
2016.09.27	12:00:00	113.016	113.035	112.314	112.364	35765	32165842000	9
2016.09.27	16:00:00	112.365	112.690	112.241	112.596	42108	38658039000	9
2016.09.27	20:00:00	112.595	112.648	112.488	112.600	18408	12155800000	9
2016.09.28	00:00:00	112.614	112.798	112.454	112.715	18874	17948950000	0
2016.09.28	04:00:00	112.715	112.888	112.600	112.859	22032	19904300000	9
2016.09.28	08:00:00	112.858	113.063	112.521	113.007	32043	29018544000	9
2016.09.28	12:00:00	113.007	113.098	112.753	112.929	29330	26499500000	9
2016.09.28	16:00:00	112.928	112.993	112.516	112.739	39565	37640812000	9
2016.09.28	20:00:00	112.738	113.049	112.689	112.928	26870	20948810000	9
2016.09.29	00:00:00	112.903	113.608	112.879	113.556	20920	17776849000	9
2016.09.29	04:00:00	113.556	113.995	113.476	113.880	23733	21231618000	9
2016.09.29	08:00:00	113.881	114.185	113.783	113.788	32849	25456001000	9
2016.09.29	12:00:00	113.789	114.066	113.652	113.964	30240	24831581000	9
2016.09.29	16:00:00	113.963	114.175	113.484	113.510	43327	34249811000	9
2016.09.29	20:00:00	113.510	113.520	112.996	113.329	36265	31524218000	9
2016.09.30	00:00:00	113.322	113.612	113.224	113.275	19269	17190550000	0
2016.09.30	04:00:00	113.275	114.117	113.186	113.512	28554	27585940000	9
2016.09.30	08:00:00	113.510	113.588	112.592	112.963	40786	35837371000	9
2016.09.30	12:00:00	112.964	113.176	112.865	113.042	34032	24909038000	9
2016.09.30	16:00:00	113.040	113.983	112.973	113.872	50583	44065847000	9
2016.09.30	20:00:00	113.872	114.002	113.831	113.892	24003	22485118000	9
2016.10.03	00:00:00	113.619	114.093	113.585	113.772	17876	17808228000	0
2016.10.03	04:00:00	113.774	114.133	113.627	113.849	18924	16105700000	9
2016.10.03	08:00:00	113.850	114.031	113.630	113.912	26546	20587925000	9
2016.10.03	12:00:00	113.912	113.935	113.796	113.842	21625	14881180000	9
2016.10.03	16:00:00	113.843	114.010	113.723	113.888	35815	31454893000	9
2016.10.03	20:00:00	113.889	113.968	113.869	113.940	15651	13124750000	9
2016.10.04	00:00:00	113.923	114.385	113.764	114.318	17481	15376999000	0
2016.10.04	04:00:00	114.320	114.663	114.244	114.440	25433	24141549000	9
2016.10.04	08:00:00	114.442	114.510	114.238	114.328	33608	27327844000	9
2016.10.04	12:00:00	114.325	114.531	114.079	114.421	31718	22278950000	9
2016.10.04	16:00:00	114.424	115.373	114.350	115.229	55242	52766186000	9
2016.10.04	20:00:00	115.230	115.324	115.007	115.303	25266	21288414000	9
2016.10.05	00:00:00	115.245	115.361	115.107	115.211	17080	15906350000	9
2016.10.05	04:00:00	115.210	115.495	115.135	115.397	23169	25049049000	9
2016.10.05	08:00:00	115.398	115.542	115.246	115.496	33506	27651450000	9
2016.10.05	12:00:00	115.497	115.848	115.337	115.527	33116	26227974000	9
2016.10.05	16:00:00	115.527	116.034	115.499	115.989	40350	33725151000	9
2016.10.05	20:00:00	115.988	116.250	115.946	115.946	18281	13288786000	9
2016.10.06	00:00:00	115.946	116.084	115.866	115.899	13859	10699297000	9
2016.10.06	04:00:00	115.898	115.977	115.793	115.905	18395	17728200000	9
2016.10.06	08:00:00	115.905	116.161	115.889	115.953	31087	25216975000	9
2016.10.06	12:00:00	115.953	116.166	115.713	116.146	34379	29617596000	9
2016.10.06	16:00:00	116.147	116.277	115.936	116.018	43787	37727065000	9
2016.10.06	20:00:00	116.018	116.119	115.901	115.909	18399	16457309000	9
2016.10.07	00:00:00	115.893	115.964	115.425	115.433	23368	23270990000	9
2016.10.07	04:00:00	115.433	115.533	115.210	115.398	27057	26038050000	9
2016.10.07	08:00:00	115.398	115.664	115.288	115.526	32902	27270762000	9
2016.10.07	12:00:00	115.524	115.682	115.261	115.450	45567	37412995000	9
2016.10.07	16:00:00	115.449	115.477	115.044	115.081	57014	49490046000	9
2016.10.07	20:00:00	115.081	115.339	115.079	115.093	21637	18031568000	9
2016.10.10	00:00:00	115.379	115.643	115.247	115.322	15268	15744642000	0
2016.10.10	04:00:00	115.322	115.390	115.066	115.143	14619	16543149000	12
2016.10.10	08:00:00	115.143	115.443	115.067	115.287	24784	22462717000	9
2016.10.10	12:00:00	115.287	115.510	115.245	115.314	25156	23411300000	9
2016.10.10	16:00:00	115.314	115.730	115.310	115.601	30090	23788500000	9
2016.10.10	20:00:00	115.601	115.620	115.369	115.412	13764	13707946000	9
2016.10.11	00:00:00	115.372	115.733	115.333	115.687	14020	13637436000	0
2016.10.11	04:00:00	115.689	115.745	115.552	115.706	24159	26837550000	9
2016.10.11	08:00:00	115.706	115.786	115.297	115.426	36829	32411319000	9
2016.10.11	12:00:00	115.423	115.490	114.835	115.017	35228	23688550000	9
2016.10.11	16:00:00	115.017	115.040	114.256	114.510	46205	35777449000	9
2016.10.11	20:00:00	114.509	114.515	114.007	114.427	26477	19755948000	9
2016.10.12	00:00:00	114.382	114.487	114.195	114.409	18948	17617049000	0
2016.10.12	04:00:00	114.409	114.455	114.240	114.410	23180	24775144000	9
2016.10.12	08:00:00	114.410	114.564	114.033	114.194	36170	30123700000	9
2016.10.12	12:00:00	114.195	114.633	114.043	114.534	30496	23657869000	9
2016.10.12	16:00:00	114.535	115.163	114.355	115.121	41413	31175608000	9
2016.10.12	20:00:00	115.122	115.126	114.660	114.660	27039	21653252000	9
2016.10.13	00:00:00	114.670	115.141	114.657	115.051	15757	12393459000	0
2016.10.13	04:00:00	115.051	115.061	114.254	114.345	32039	28320589000	9
2016.10.13	08:00:00	114.347	114.460	114.096	114.447	37464	29375196000	9
2016.10.13	12:00:00	114.446	114.591	114.287	114.380	33733	24795773000	9
2016.10.13	16:00:00	114.148	114.484	114.039	114.403	19938	13502658000	9
2016.10.13	20:00:00	114.402	114.671	114.250	114.617	18956	11216134000	9
2016.10.14	00:00:00	114.620	114.731	114.507	114.662	14552	11836861000	9
2016.10.14	04:00:00	114.662	114.877	114.533	114.789	24355	21934816000	9
2016.10.14	08:00:00	114.791	114.887	114.555	114.835	28897	22147838000	9
2016.10.14	12:00:00	114.835	115.044	114.684	114.861	32902	23463068000	9
2016.10.14	16:00:00	114.862	114.959	114.256	114.340	41156	30469249000	9
2016.10.14	20:00:00	114.342	114.470	114.207	114.220	26643	17949062000	9
2016.10.17	00:00:00	114.409	114.466	114.085	114.282	14940	14400127000	9
2016.10.17	04:00:00	114.282	114.572	114.014	114.471	22818	20403418000	9
2016.10.17	08:00:00	114.470	114.545	114.248	114.452	30481	24176480000	9
2016.10.17	12:00:00	114.450	114.516	114.328	114.406	31866	25398929000	9
2016.10.17	16:00:00	114.405	114.496	114.235	114.314	33280	26703369000	9
2016.10.17	20:00:00	114.314	114.327	114.152	114.262	19433	10884025000	9
2016.10.18	00:00:00	114.233	114.392	114.170	114.285	16167	13883865000	0
2016.10.18	04:00:00	114.285	114.552	114.285	114.491	18250	15295072000	9
2016.10.18	08:00:00	114.491	114.679	114.433	114.579	27180	17797832000	9
2016.10.18	12:00:00	114.579	114.643	114.264	114.305	33353	24408934000	9
2016.10.18	16:00:00	114.306	114.451	113.996	114.120	36678	24876279000	9
2016.10.18	20:00:00	114.120	114.164	113.989	114.037	14940	10778561000	9
2016.10.19	00:00:00	114.023	114.100	113.939	113.999	12172	10424029000	0
2016.10.19	04:00:00	113.999	114.154	113.916	113.977	17628	16594150000	9
2016.10.19	08:00:00	113.977	114.011	113.620	113.757	27742	21060900000	9
2016.10.19	12:00:00	113.757	113.807	113.325	113.451	29810	24425822000	9
2016.10.19	16:00:00	113.453	113.483	113.112	113.253	38130	30018167000	9
2016.10.19	20:00:00	113.253	113.524	113.247	113.512	16384	11290987000	9
2016.10.20	00:00:00	113.489	113.710	113.402	113.652	14411	10870070000	0
2016.10.20	04:00:00	113.650	113.722	113.584	113.593	17935	16118061000	9
2016.10.20	08:00:00	113.593	113.882	113.570	113.745	27707	22824890000	9
2016.10.20	12:00:00	113.745	114.512	113.640	113.919	35001	27539744000	9
2016.10.20	16:00:00	113.919	113.971	113.363	113.758	44483	35646601000	9
2016.10.20	20:00:00	113.757	113.766	113.532	113.600	20720	18000442000	9
2016.10.21	00:00:00	113.588	113.850	113.528	113.718	11889	10146348000	0
2016.10.21	04:00:00	113.718	113.752	113.458	113.489	18928	16825583000	9
2016.10.21	08:00:00	113.491	113.515	112.855	112.913	32570	24292636000	9
2016.10.21	12:00:00	112.912	113.222	112.748	112.763	33146	22980360000	9
2016.10.21	16:00:00	112.764	113.012	112.605	113.004	39357	27595923000	9
2016.10.21	20:00:00	113.003	113.042	112.723	112.723	16698	14155238000	9
2016.10.24	00:00:00	112.970	113.162	112.909	112.986	12872	12212618000	0
2016.10.24	04:00:00	112.985	112.991	112.830	112.902	18015	16102020000	9
2016.10.24	08:00:00	112.902	113.194	112.885	113.151	28915	21765720000	9
2016.10.24	12:00:00	113.151	113.338	113.094	113.186	27540	19990551000	9
2016.10.24	16:00:00	113.186	113.581	113.157	113.374	33088	21303420000	9
2016.10.24	20:00:00	113.373	113.426	113.315	113.363	17534	13527643000	9
2016.10.25	00:00:00	113.328	113.578	113.220	113.574	14946	11546401000	0
2016.10.25	04:00:00	113.574	113.658	113.507	113.559	19700	18096338000	9
2016.10.25	08:00:00	113.560	113.758	113.492	113.717	27474	21416470000	9
2016.10.25	12:00:00	113.717	113.825	113.580	113.745	32083	24512646000	9
2016.10.25	16:00:00	113.745	113.903	113.389	113.525	48358	30752672000	9
2016.10.25	20:00:00	113.524	113.663	113.402	113.469	19735	15385729000	9
2016.10.26	00:00:00	113.457	113.500	113.261	113.296	14185	10320480000	0
2016.10.26	04:00:00	113.297	113.649	113.297	113.606	17311	14204347000	9
2016.10.26	08:00:00	113.606	113.831	113.501	113.812	29873	20490028000	9
2016.10.26	12:00:00	113.811	114.004	113.617	113.857	28409	14528291000	9
2016.10.26	16:00:00	113.859	114.195	113.815	114.103	40292	19650950000	9
2016.10.26	20:00:00	114.102	114.134	113.862	113.948	15490	5698364000	9
2016.10.27	00:00:00	113.943	114.164	113.918	113.998	12644	10664468000	9
2016.10.27	04:00:00	113.996	114.020	113.697	113.863	20478	18128925000	9
2016.10.27	08:00:00	113.863	114.368	113.830	114.285	34330	23795847000	9
2016.10.27	12:00:00	114.285	114.467	114.201	114.404	35166	24454899000	9
2016.10.27	16:00:00	114.403	114.860	114.396	114.662	45693	34620886000	9
2016.10.27	20:00:00	114.665	114.816	114.620	114.697	21146	14167094000	9
2016.10.28	00:00:00	114.715	114.746	114.626	114.718	12618	10476304000	9
2016.10.28	04:00:00	114.720	114.789	114.581	114.653	17840	16635402000	9
2016.10.28	08:00:00	114.653	115.032	114.633	114.731	34954	23293087000	9
2016.10.28	12:00:00	114.731	115.310	114.729	114.966	36247	22298597000	9
2016.10.28	16:00:00	114.967	115.321	114.771	115.246	43162	26599628000	9
2016.10.28	20:00:00	115.249	115.288	114.773	114.808	46190	31968402000	9
2016.10.31	00:00:00	114.868	115.195	114.784	114.956	24499	22762600000	0
2016.10.31	04:00:00	114.956	115.032	114.856	114.900	16624	15099617000	9
2016.10.31	08:00:00	114.901	115.070	114.862	115.050	26324	20272248000	9
2016.10.31	12:00:00	115.050	115.062	114.838	114.936	31617	21275925000	9
2016.10.31	16:00:00	114.936	115.261	114.898	115.090	37151	25370193000	9
2016.10.31	20:00:00	115.090	115.141	114.969	114.997	19282	12146935000	9
2016.11.01	00:00:00	114.998	115.071	114.806	114.928	19188	13759699000	9
2016.11.01	04:00:00	114.928	115.065	114.791	114.975	20162	16650848000	9
2016.11.01	08:00:00	114.976	115.496	114.906	115.368	31732	20392338000	9
2016.11.01	12:00:00	115.368	115.673	115.350	115.555	37775	26464572000	9
2016.11.01	16:00:00	115.562	115.659	115.153	115.202	49112	34905542000	9
2016.11.01	20:00:00	115.202	115.221	114.885	115.080	28557	24132477000	9
2016.11.02	00:00:00	115.080	115.123	114.797	114.898	20675	15679847000	9
2016.11.02	04:00:00	114.898	114.991	114.704	114.935	24900	21063589000	9
2016.11.02	08:00:00	114.933	115.012	114.647	114.734	39368	25663328000	9
2016.11.02	12:00:00	114.734	114.747	114.349	114.565	47028	30078223000	9
2016.11.02	16:00:00	114.566	114.842	114.532	114.638	46715	27797854000	9
2016.11.02	20:00:00	114.639	114.773	114.521	114.646	28581	16312624000	9
2016.11.03	00:00:00	114.652	114.764	114.477	114.682	21333	22350704000	0
2016.11.03	04:00:00	114.681	114.687	114.005	114.249	29254	31512681000	9
2016.11.03	08:00:00	114.249	114.322	114.067	114.174	34264	24407268000	9
2016.11.03	12:00:00	114.172	114.416	114.064	114.300	50665	39462188000	9
2016.11.03	16:00:00	114.300	114.488	114.158	114.465	44100	28803728000	9
2016.11.03	20:00:00	114.465	114.514	114.223	114.339	20776	13998769000	9
2016.11.04	00:00:00	114.339	114.533	114.187	114.309	24289	24027490000	0
2016.11.04	04:00:00	114.308	114.507	114.252	114.484	22201	24184076000	9
2016.11.04	08:00:00	114.484	114.712	114.214	114.273	33838	37672323000	9
2016.11.04	12:00:00	114.274	114.476	114.132	114.202	47360	41008064000	9
2016.11.04	16:00:00	114.202	114.777	114.201	114.676	45598	35054931000	9
2016.11.04	20:00:00	114.673	114.854	114.592	114.775	19861	17622308000	9
2016.11.07	00:00:00	114.959	115.884	114.784	115.517	30605	24379148000	9
2016.11.07	04:00:00	115.518	115.769	115.388	115.550	26934	26609510000	9
2016.11.07	08:00:00	115.556	115.642	115.400	115.600	32406	25487965000	9
2016.11.07	12:00:00	115.600	115.657	115.362	115.408	31824	32977195000	9
2016.11.07	16:00:00	115.406	115.541	115.259	115.308	34722	29116033000	9
2016.11.07	20:00:00	115.307	115.457	115.291	115.329	19418	12121998000	9
2016.11.08	00:00:00	115.314	115.499	115.153	115.236	24118	23346337000	9
2016.11.08	04:00:00	115.235	115.356	115.108	115.224	21548	17689889000	9
2016.11.08	08:00:00	115.222	115.593	115.220	115.477	27391	21526240000	9
2016.11.08	12:00:00	115.478	115.739	115.424	115.730	28917	20948940000	9
2016.11.08	16:00:00	115.730	116.005	115.531	115.828	44647	41578619000	9
2016.11.08	20:00:00	115.830	115.956	115.705	115.937	32625	27550552000	9
2016.11.09	00:00:00	115.894	115.976	115.271	115.289	54590	54082511000	0
2016.11.09	04:00:00	115.290	115.309	113.710	114.759	91285	93776419000	9
2016.11.09	08:00:00	114.759	115.389	114.206	114.371	78482	67464884000	9
2016.11.09	12:00:00	114.369	114.772	114.161	114.400	63610	57712661000	9
2016.11.09	16:00:00	114.402	115.310	114.120	115.237	70114	59675898000	9
2016.11.09	20:00:00	115.235	115.813	115.221	115.262	47095	47333629000	9
2016.11.10	00:00:00	115.254	115.676	115.084	115.112	37813	34381066000	9
2016.11.10	04:00:00	115.114	115.524	114.954	115.202	40009	36138291000	9
2016.11.10	08:00:00	115.202	115.801	115.100	115.666	52031	36991452000	9
2016.11.10	12:00:00	115.664	116.573	115.653	116.233	59528	50075710000	9
2016.11.10	16:00:00	116.234	116.495	115.767	116.137	69242	62965664000	9
2016.11.10	20:00:00	116.141	116.462	116.069	116.324	41620	41365043000	9
2016.11.11	00:00:00	116.333	116.435	115.899	116.156	28950	28086734000	9
2016.11.11	04:00:00	116.156	116.319	115.934	116.220	40774	41515648000	9
2016.11.11	08:00:00	116.218	116.483	115.655	115.687	52832	51958562000	9
2016.11.11	12:00:00	115.689	116.326	115.299	116.076	50020	44089977000	9
2016.11.11	16:00:00	116.082	116.116	115.501	115.689	54773	34754648000	9
2016.11.11	20:00:00	115.689	115.885	115.485	115.485	29195	28697903000	9
2016.11.14	00:00:00	115.704	116.024	115.547	115.925	33383	26033814000	0
2016.11.14	04:00:00	115.928	116.172	115.861	116.132	26178	18722403000	9
2016.11.14	08:00:00	116.131	116.211	115.793	116.012	45943	33771939000	9
2016.11.14	12:00:00	116.011	116.368	115.937	116.108	51433	42464098000	9
2016.11.14	16:00:00	116.107	116.373	115.863	116.167	57849	44153089000	9
2016.11.14	20:00:00	116.165	116.507	116.111	116.399	36804	32041619000	9
2016.11.15	00:00:00	116.401	116.436	116.077	116.197	27955	25299491000	9
2016.11.15	04:00:00	116.196	116.418	116.133	116.327	26441	26672375000	9
2016.11.15	08:00:00	116.327	116.932	116.204	116.845	45893	29103841000	9
2016.11.15	12:00:00	116.850	116.856	116.437	116.711	44310	38981593000	9
2016.11.15	16:00:00	116.714	117.023	116.666	116.810	51850	36209759000	9
2016.11.15	20:00:00	116.810	117.212	116.796	117.061	29609	22357909000	9
2016.11.16	00:00:00	117.057	117.116	116.793	116.991	22753	19047313000	9
2016.11.16	04:00:00	116.989	117.402	116.979	117.315	24705	21039681000	9
2016.11.16	08:00:00	117.317	117.480	117.103	117.338	41690	31307850000	9
2016.11.16	12:00:00	117.338	117.458	117.069	117.098	45511	35392508000	9
2016.11.16	16:00:00	117.097	117.111	116.645	116.787	54815	47787339000	9
2016.11.16	20:00:00	116.786	116.813	116.514	116.591	26923	33269094000	9
2016.11.17	00:00:00	116.591	116.838	116.248	116.683	33826	32277502000	9
2016.11.17	04:00:00	116.683	116.863	116.364	116.764	29527	30254449000	9
2016.11.17	08:00:00	116.767	117.152	116.697	117.005	43856	37863369000	9
2016.11.17	12:00:00	117.001	117.218	116.878	117.098	49137	41186273000	9
2016.11.17	16:00:00	117.102	117.136	116.635	116.847	56652	47248192000	9
2016.11.17	20:00:00	116.847	117.070	116.743	116.962	31384	32107046000	9
2016.11.18	00:00:00	116.961	117.215	116.810	117.121	34087	26881416000	9
2016.11.18	04:00:00	117.122	117.397	117.011	117.130	33968	26613950000	9
2016.11.18	08:00:00	117.127	117.464	117.064	117.278	50535	42171275000	9
2016.11.18	12:00:00	117.278	117.427	116.739	117.000	53070	38663920000	9
2016.11.18	16:00:00	117.002	117.265	116.915	117.258	58684	45704600000	9
2016.11.18	20:00:00	117.259	117.509	117.140	117.177	28370	20538288000	9
2016.11.21	00:00:00	118.437	118.437	117.292	117.513	42310	34081000000	0
2016.11.21	04:00:00	117.513	117.805	117.492	117.789	34970	24760882000	9
2016.11.21	08:00:00	117.781	117.972	117.653	117.806	46434	30404955000	9
2016.11.21	12:00:00	117.806	117.919	117.477	117.822	48016	42190417000	9
2016.11.21	16:00:00	117.822	117.945	117.665	117.826	53818	42252253000	9
2016.11.21	20:00:00	117.829	117.998	117.506	117.739	40131	29861789000	9
2016.11.22	00:00:00	117.696	117.860	117.383	117.633	34953	28995256000	0
2016.11.22	04:00:00	117.632	117.824	117.599	117.809	36176	31989595000	9
2016.11.22	08:00:00	117.809	117.958	117.639	117.920	48695	39796285000	9
2016.11.22	12:00:00	117.919	117.950	117.681	117.748	45195	40651757000	9
2016.11.22	16:00:00	117.748	118.001	117.743	117.963	54171	50785549000	9
2016.11.22	20:00:00	117.964	118.148	117.876	118.073	31233	32969165000	9
2016.11.23	00:00:00	118.064	118.140	117.968	118.041	18488	15885492000	0
2016.11.23	04:00:00	118.039	118.068	117.925	118.000	20018	17158011000	9
2016.11.23	08:00:00	117.998	118.047	117.707	117.794	32122	25828500000	9
2016.11.23	12:00:00	117.791	118.387	117.742	118.310	50366	39040959000	9
2016.11.23	16:00:00	118.311	118.986	118.298	118.805	62323	51268992000	9
2016.11.23	20:00:00	118.806	118.820	118.593	118.696	36409	28768657000	9
2016.11.24	00:00:00	118.664	118.843	118.494	118.704	32560	29041345000	0
2016.11.24	04:00:00	118.704	118.889	118.634	118.786	33903	29141363000	9
2016.11.24	08:00:00	118.786	119.629	118.782	119.248	49191	38099352000	9
2016.11.24	12:00:00	119.247	119.632	119.246	119.552	42736	37592370000	9
2016.11.24	16:00:00	119.552	119.763	119.542	119.659	35275	27477055000	9
2016.11.24	20:00:00	119.659	119.727	119.525	119.550	11308	10176919000	9
2016.11.25	00:00:00	119.490	120.110	119.430	120.103	35111	26164392000	9
2016.11.25	04:00:00	120.103	120.161	119.775	119.812	39461	31254486000	9
2016.11.25	08:00:00	119.814	120.082	119.400	119.785	55133	42627399000	9
2016.11.25	12:00:00	119.785	119.846	119.298	119.696	47370	33487739000	9
2016.11.25	16:00:00	119.696	119.989	119.647	119.894	52646	38045765000	9
2016.11.25	20:00:00	119.896	119.955	119.540	119.727	19051	13645172000	9
2016.11.28	00:00:00	119.674	119.753	118.931	118.947	36309	30387593000	9
2016.11.28	04:00:00	118.945	119.463	118.821	119.455	44282	38027737000	9
2016.11.28	08:00:00	119.458	119.515	119.160	119.396	44549	32323028000	9
2016.11.28	12:00:00	119.394	119.581	118.999	119.082	49534	39172201000	9
2016.11.28	16:00:00	119.082	119.352	118.699	118.913	48146	36006471000	9
2016.11.28	20:00:00	118.913	118.991	118.752	118.781	21608	12931930000	9
2016.11.29	00:00:00	118.786	118.991	118.547	118.834	30276	26156966000	0
2016.11.29	04:00:00	118.834	118.884	118.608	118.772	27716	25124791000	9
2016.11.29	08:00:00	118.769	119.357	118.735	119.316	37797	25842970000	9
2016.11.29	12:00:00	119.316	119.915	119.229	119.768	48542	37696429000	9
2016.11.29	16:00:00	119.769	119.969	119.516	119.731	58002	43096296000	9
2016.11.29	20:00:00	119.731	119.800	119.538	119.681	27737	19482623000	9
2016.11.30	00:00:00	119.661	119.822	119.448	119.549	26528	22723556000	9
2016.11.30	04:00:00	119.549	120.044	119.493	119.899	32437	25673521000	9
2016.11.30	08:00:00	119.899	120.483	119.683	120.250	46981	34315974000	9
2016.11.30	12:00:00	120.251	120.729	120.188	120.530	53121	40602957000	9
2016.11.30	16:00:00	120.529	121.040	120.261	120.964	69863	53378048000	9
2016.11.30	20:00:00	120.961	121.304	120.862	121.163	28759	15585456000	9
2016.12.01	00:00:00	121.149	121.548	121.055	121.315	34416	26283252000	9
2016.12.01	04:00:00	121.315	121.326	120.838	120.998	36281	32290644000	9
2016.12.01	08:00:00	120.999	121.416	120.936	121.336	44046	31158230000	9
2016.12.01	12:00:00	121.330	121.654	121.311	121.502	38126	27807237000	9
2016.12.01	16:00:00	121.504	121.794	121.254	121.651	55169	37474358000	9
2016.12.01	20:00:00	121.651	121.699	121.375	121.594	35355	21905781000	9
2016.12.02	00:00:00	121.592	121.721	121.206	121.436	29951	23305099000	9
2016.12.02	04:00:00	121.437	121.866	121.401	121.864	29547	21370955000	9
2016.12.02	08:00:00	121.861	121.885	120.989	121.048	36969	27295363000	9
2016.12.02	12:00:00	121.047	121.404	121.024	121.297	43994	32282725000	9
2016.12.02	16:00:00	121.296	121.591	120.871	121.346	51422	36286135000	9
2016.12.02	20:00:00	121.346	121.372	120.834	120.834	26675	18518489000	9
2016.12.05	00:00:00	120.217	120.474	118.687	120.149	55546	43922598000	0
2016.12.05	04:00:00	120.150	120.196	119.500	119.868	29785	22415019000	9
2016.12.05	08:00:00	119.871	121.615	119.792	121.413	47546	28344668000	9
2016.12.05	12:00:00	121.416	122.520	121.393	122.142	42198	23966036000	9
2016.12.05	16:00:00	122.139	123.189	122.089	122.122	47101	21173282000	9
2016.12.05	20:00:00	122.120	122.599	122.025	122.545	27359	12351259000	9
2016.12.06	00:00:00	122.499	122.570	122.111	122.339	25051	21996749000	0
2016.12.06	04:00:00	122.339	122.490	122.180	122.474	18286	14099829000	9
2016.12.06	08:00:00	122.476	122.878	122.346	122.871	34703	19111440000	9
2016.12.06	12:00:00	122.870	122.934	122.169	122.237	37547	23092580000	9
2016.12.06	16:00:00	122.240	122.398	121.929	122.006	39942	26615713000	9
2016.12.06	20:00:00	122.006	122.293	121.977	122.175	15208	7501297000	9
2016.12.07	00:00:00	122.138	122.458	122.043	122.293	18333	13335526000	9
2016.12.07	04:00:00	122.294	122.526	122.201	122.500	15722	12235611000	9
2016.12.07	08:00:00	122.500	122.587	122.122	122.140	29568	15392351000	9
2016.12.07	12:00:00	122.140	122.460	122.041	122.420	31515	18905336000	9
2016.12.07	16:00:00	122.419	122.515	122.017	122.236	38822	21141985000	9
2016.12.07	20:00:00	122.237	122.531	122.227	122.299	21758	11022931000	9
2016.12.08	00:00:00	122.309	122.443	122.155	122.304	21123	18048333000	0
2016.12.08	04:00:00	122.305	122.356	121.977	122.353	27621	20823529000	9
2016.12.08	08:00:00	122.354	122.690	122.132	122.524	32648	22262236000	9
2016.12.08	12:00:00	122.524	123.342	121.625	121.780	49218	28313541000	9
2016.12.08	16:00:00	121.777	121.865	121.026	121.140	55278	33395598000	9
2016.12.08	20:00:00	121.137	121.209	120.907	121.022	22085	12161360000	9
2016.12.09	00:00:00	120.956	121.462	120.944	121.288	24525	17671587000	0
2016.12.09	04:00:00	121.288	121.495	121.212	121.490	25391	20188438000	9
2016.12.09	08:00:00	121.493	121.602	121.322	121.568	33682	26588782000	9
2016.12.09	12:00:00	121.567	121.682	121.194	121.572	45679	34711160000	9
2016.12.09	16:00:00	121.572	121.604	121.288	121.530	44930	31773107000	9
2016.12.09	20:00:00	121.529	121.761	121.451	121.505	21549	14406015000	9
2016.12.12	00:00:00	121.529	121.825	121.529	121.824	25863	20394937000	0
2016.12.12	04:00:00	121.838	122.043	121.580	122.026	38218	27137342000	11
2016.12.12	08:00:00	122.028	122.738	121.986	122.698	39428	26464358000	9
2016.12.12	12:00:00	122.697	122.925	122.427	122.554	40649	27228743000	9
2016.12.12	16:00:00	122.554	122.636	122.281	122.351	47171	34322028000	9
2016.12.12	20:00:00	122.352	122.517	122.226	122.309	27957	21048226000	9
2016.12.13	00:00:00	122.294	122.475	122.068	122.422	31570	25947215000	10
2016.12.13	04:00:00	122.423	122.666	122.213	122.646	38434	27816025000	9
2016.12.13	08:00:00	122.644	122.752	122.359	122.375	38861	28551345000	9
2016.12.13	12:00:00	122.378	122.561	122.175	122.179	37823	29834068000	9
2016.12.13	16:00:00	122.181	122.792	122.150	122.473	48362	35576225000	9
2016.12.13	20:00:00	122.473	122.505	122.275	122.367	30802	26467017000	9
2016.12.14	00:00:00	122.368	122.576	122.270	122.508	33940	31718912000	0
2016.12.14	04:00:00	122.508	122.591	122.418	122.583	29389	23364594000	9
2016.12.14	08:00:00	122.584	122.656	122.127	122.387	36259	28994613000	9
2016.12.14	12:00:00	122.388	122.524	122.229	122.242	30423	24280438000	9
2016.12.14	16:00:00	122.239	122.750	122.183	122.694	40939	32775154000	9
2016.12.14	20:00:00	122.693	123.408	122.488	123.282	68484	52368726000	9
2016.12.15	00:00:00	123.225	123.537	123.055	123.482	47331	45398137000	0
2016.12.15	04:00:00	123.482	123.541	123.268	123.481	47091	45805393000	11
2016.12.15	08:00:00	123.480	123.818	123.248	123.786	47852	37089863000	9
2016.12.15	12:00:00	123.786	124.091	122.662	122.855	62777	50761235000	9
2016.12.15	16:00:00	122.853	123.523	122.560	122.777	71608	58524935000	9
2016.12.15	20:00:00	122.775	123.136	122.693	123.039	46332	47630058000	9
2016.12.16	00:00:00	123.056	123.262	122.973	123.138	35105	34017373000	0
2016.12.16	04:00:00	123.138	123.381	123.111	123.233	30247	25827731000	9
2016.12.16	08:00:00	123.232	123.629	123.146	123.512	45392	38192319000	9
2016.12.16	12:00:00	123.515	123.605	123.309	123.376	46873	38357385000	9
2016.12.16	16:00:00	123.376	123.380	122.828	122.886	67745	58562521000	9
2016.12.16	20:00:00	122.885	123.421	122.885	123.382	43714	36729314000	9
2016.12.19	00:00:00	123.041	123.221	122.870	122.947	35969	37644882000	0
2016.12.19	04:00:00	122.948	123.037	122.585	122.661	38406	38796835000	9
2016.12.19	08:00:00	122.663	123.000	122.476	122.757	41943	36868881000	9
2016.12.19	12:00:00	122.758	122.772	121.887	122.202	43046	40120519000	9
2016.12.19	16:00:00	122.203	122.339	121.735	121.897	52341	47831746000	9
2016.12.19	20:00:00	121.898	122.209	121.675	121.782	43479	43267127000	9
2016.12.20	00:00:00	121.750	122.148	121.711	122.062	29922	27020064000	9
2016.12.20	04:00:00	122.062	122.360	121.921	122.350	44430	44331111000	9
2016.12.20	08:00:00	122.351	122.792	122.187	122.603	46540	43387902000	9
2016.12.20	12:00:00	122.603	122.631	122.284	122.412	43288	44417259000	9
2016.12.20	16:00:00	122.412	122.619	122.349	122.464	48993	47485352000	9
2016.12.20	20:00:00	122.469	122.487	122.289	122.401	30987	34220577000	9
2016.12.21	00:00:00	122.388	122.623	122.379	122.466	28128	26500698000	0
2016.12.21	04:00:00	122.467	122.572	122.305	122.434	40625	35862370000	9
2016.12.21	08:00:00	122.434	122.457	122.196	122.233	39434	35588917000	9
2016.12.21	12:00:00	122.232	122.396	122.064	122.362	42102	39122652000	9
2016.12.21	16:00:00	122.363	122.871	122.349	122.635	47326	44044990000	9
2016.12.21	20:00:00	122.635	122.714	122.475	122.530	29081	29670795000	9
2016.12.22	00:00:00	122.494	122.825	122.449	122.743	25905	26206548000	10
2016.12.22	04:00:00	122.743	122.801	122.656	122.801	29028	29468055000	10
2016.12.22	08:00:00	122.800	122.984	122.733	122.809	37431	36776893000	9
2016.12.22	12:00:00	122.809	123.081	122.773	122.995	39206	35913699000	9
2016.12.22	16:00:00	122.998	123.193	122.741	122.763	51588	49582028000	9
2016.12.22	20:00:00	122.765	122.842	122.630	122.630	28433	29816587000	9
2016.12.23	00:00:00	122.594	122.732	122.567	122.682	18655	19843264000	12
2016.12.23	04:00:00	122.681	122.714	122.615	122.648	23247	24265198000	11
2016.12.23	08:00:00	122.648	122.762	122.516	122.665	30297	32866196000	10
2016.12.23	12:00:00	122.665	122.718	122.431	122.452	36080	37451393000	9
2016.12.23	16:00:00	122.452	122.666	122.372	122.400	36607	35915763000	9
2016.12.23	20:00:00	122.400	122.675	122.399	122.408	16052	14667727000	16
2016.12.26	04:00:00	122.449	122.614	122.393	122.535	5275	2490340000	24
2016.12.26	08:00:00	122.528	122.663	122.118	122.303	6377	3176691000	20
2016.12.26	12:00:00	122.301	122.438	120.699	122.293	7511	5891760000	14
2016.12.26	16:00:00	122.319	122.453	122.174	122.354	2167	2611360000	76
2016.12.26	20:00:00	122.329	122.433	122.203	122.360	20619	17147128000	36
2016.12.27	00:00:00	122.333	122.675	122.324	122.508	23917	23268401000	0
2016.12.27	04:00:00	122.507	122.562	122.442	122.534	29412	30918864000	9
2016.12.27	08:00:00	122.533	122.604	122.455	122.542	30758	28929860000	9
2016.12.27	12:00:00	122.541	122.653	122.504	122.606	29046	29251900000	9
2016.12.27	16:00:00	122.606	122.995	122.597	122.808	30676	28106431000	9
2016.12.27	20:00:00	122.806	122.832	122.744	122.780	20257	16212549000	9
2016.12.28	00:00:00	122.721	123.198	122.536	123.168	23238	20612336000	9
2016.12.28	04:00:00	123.170	123.240	123.052	123.149	26024	25282092000	9
2016.12.28	08:00:00	123.148	123.193	122.699	122.828	31907	30261240000	9
2016.12.28	12:00:00	122.827	122.922	122.262	122.418	35214	32688157000	9
2016.12.28	16:00:00	122.418	122.445	122.044	122.049	38503	35558381000	9
2016.12.28	20:00:00	122.049	122.115	121.830	122.055	37560	30715941000	9
2016.12.29	00:00:00	122.113	122.125	121.690	121.811	34378	34164996000	9
2016.12.29	04:00:00	121.803	122.157	121.790	122.072	40425	40443984000	9
2016.12.29	08:00:00	122.070	122.089	121.591	121.801	41263	39494371000	9
2016.12.29	12:00:00	121.802	122.232	121.776	122.228	41136	40628324000	9
2016.12.29	16:00:00	122.228	122.242	121.925	122.011	49263	50537914000	9
2016.12.29	20:00:00	122.010	122.373	121.921	122.253	39698	41405040000	9
2016.12.30	00:00:00	122.189	123.851	122.147	122.649	49655	45045852000	0
2016.12.30	04:00:00	122.648	123.064	122.588	122.953	50621	51663122000	10
2016.12.30	08:00:00	122.951	123.760	122.825	123.745	43665	36625213000	9
2016.12.30	12:00:00	123.744	123.758	123.166	123.288	45684	48407822000	9
2016.12.30	16:00:00	123.288	123.434	122.919	123.031	56416	43558842000	9
2016.12.30	20:00:00	123.033	123.217	122.683	122.683	30300	21196197000	10
2017.01.02	00:00:00	122.769	123.102	122.514	122.641	2050	5614538000	27
2017.01.02	04:00:00	122.815	123.025	122.631	122.832	3181	3093700000	51
2017.01.02	08:00:00	122.832	123.504	122.602	123.128	29410	24520272000	9
2017.01.02	12:00:00	123.136	123.168	122.789	122.795	23867	18388271000	18
2017.01.02	16:00:00	122.795	122.963	122.603	122.835	35658	33955003000	24
2017.01.02	20:00:00	122.832	123.062	122.458	122.831	37560	37596581000	30
2017.01.03	00:00:00	122.784	123.019	122.599	122.967	32975	34853778000	9
2017.01.03	04:00:00	122.967	123.083	122.895	122.993	29800	29967092000	9
2017.01.03	08:00:00	122.992	123.325	122.895	122.896	48193	46752997000	9
2017.01.03	12:00:00	122.898	123.048	122.690	122.806	46065	45710801000	9
2017.01.03	16:00:00	122.807	122.932	122.408	122.442	60788	48376115000	9
2017.01.03	20:00:00	122.442	122.528	122.263	122.503	34705	27986815000	9
2017.01.04	00:00:00	122.481	122.825	122.377	122.784	36534	34281181000	0
2017.01.04	04:00:00	122.788	122.921	122.657	122.874	32287	30741606000	9
2017.01.04	08:00:00	122.874	122.973	122.708	122.837	45098	38892439000	9
2017.01.04	12:00:00	122.835	122.898	122.541	122.671	45959	38080259000	9
2017.01.04	16:00:00	122.672	123.060	122.500	122.912	51220	41112263000	9
2017.01.04	20:00:00	122.914	123.126	122.883	122.941	39739	30395246000	9
2017.01.05	00:00:00	122.936	123.114	122.470	122.588	45222	44062158000	0
2017.01.05	04:00:00	122.591	122.815	122.395	122.786	55940	54223229000	9
2017.01.05	08:00:00	122.785	122.826	122.157	122.498	67018	57523790000	9
2017.01.05	12:00:00	122.497	122.555	122.201	122.327	54924	48513133000	9
2017.01.05	16:00:00	122.326	122.525	122.009	122.309	70917	64385529000	9
2017.01.05	20:00:00	122.311	122.533	122.298	122.337	31138	28149871000	9
2017.01.06	00:00:00	122.272	122.821	122.115	122.680	41526	38187079000	0
2017.01.06	04:00:00	122.682	122.751	122.478	122.684	40530	35479653000	9
2017.01.06	08:00:00	122.683	123.139	122.576	122.932	47550	43694016000	9
2017.01.06	12:00:00	122.931	123.029	122.693	122.918	51665	46107000000	9
2017.01.06	16:00:00	122.917	123.443	122.881	123.300	64587	55603515000	9
2017.01.06	20:00:00	123.300	123.346	122.997	122.997	32881	30834677000	9
2017.01.09	00:00:00	122.974	123.599	122.904	123.568	23435	20907984000	9
2017.01.09	04:00:00	123.568	123.698	123.501	123.614	28659	27637177000	9
2017.01.09	08:00:00	123.614	123.721	123.170	123.204	45756	40432872000	9
2017.01.09	12:00:00	123.200	123.217	122.531	122.737	50224	47197313000	9
2017.01.09	16:00:00	122.738	123.070	122.407	122.796	55471	49137760000	9
2017.01.09	20:00:00	122.796	122.847	122.597	122.652	29758	26362094000	9
2017.01.10	00:00:00	122.642	122.909	122.306	122.827	35678	31083707000	9
2017.01.10	04:00:00	122.828	122.910	122.352	122.616	53754	50088154000	9
2017.01.10	08:00:00	122.615	122.936	122.463	122.913	50062	46171770000	9
2017.01.10	12:00:00	122.913	122.915	122.559	122.742	44858	42316474000	9
2017.01.10	16:00:00	122.741	122.825	122.135	122.332	57812	51907263000	9
2017.01.10	20:00:00	122.332	122.385	122.102	122.171	30578	29901772000	9
2017.01.11	00:00:00	122.138	122.528	121.942	122.424	28743	26544405000	9
2017.01.11	04:00:00	122.426	122.613	122.298	122.334	41545	39697645000	9
2017.01.11	08:00:00	122.335	122.594	122.231	122.382	42571	39951264000	9
2017.01.11	12:00:00	122.379	122.472	122.013	122.076	46321	44092939000	9
2017.01.11	16:00:00	122.075	122.325	121.712	121.815	79258	59073066000	9
2017.01.11	20:00:00	121.814	122.177	121.237	122.117	62166	52749729000	9
2017.01.12	00:00:00	122.091	122.220	121.704	121.796	41873	39088211000	0
2017.01.12	04:00:00	121.798	121.817	121.365	121.393	56504	60174997000	9
2017.01.12	08:00:00	121.393	121.726	121.188	121.348	62479	54271105000	9
2017.01.12	12:00:00	121.346	121.917	121.337	121.828	54148	45387756000	9
2017.01.12	16:00:00	121.826	121.846	121.340	121.428	65703	55276011000	9
2017.01.12	20:00:00	121.425	121.849	121.421	121.722	42928	35566425000	9
2017.01.13	00:00:00	121.705	122.131	121.586	122.030	35647	29889689000	9
2017.01.13	04:00:00	122.028	122.142	121.906	122.070	33163	28497749000	9
2017.01.13	08:00:00	122.072	122.127	121.868	122.018	47457	37538323000	9
2017.01.13	12:00:00	122.019	122.211	121.783	122.208	46002	39073388000	9
2017.01.13	16:00:00	122.208	122.413	121.961	122.080	59855	49600896000	9
2017.01.13	20:00:00	122.081	122.086	121.736	121.800	30088	26351073000	9
2017.01.16	00:00:00	121.153	121.664	121.153	121.411	30755	32534146000	0
2017.01.16	04:00:00	121.413	121.424	121.005	121.090	37743	34605872000	9
2017.01.16	08:00:00	121.091	121.170	120.755	120.985	48695	44046368000	9
2017.01.16	12:00:00	120.987	121.037	120.843	120.915	34006	32019576000	9
2017.01.16	16:00:00	120.915	121.098	120.818	121.000	30257	25641999000	9
2017.01.16	20:00:00	121.000	121.117	120.934	121.005	36396	26989232000	9
2017.01.17	00:00:00	121.000	121.168	120.795	121.084	30301	27507363000	0
2017.01.17	04:00:00	121.086	121.200	120.811	120.834	42045	36168871000	9
2017.01.17	08:00:00	120.835	120.972	120.537	120.693	57075	48131807000	9
2017.01.17	12:00:00	120.690	121.396	120.642	120.933	67239	55987325000	9
2017.01.17	16:00:00	120.934	121.097	120.663	120.824	62420	48712196000	9
2017.01.17	20:00:00	120.825	120.972	120.571	120.630	31379	21564015000	9
2017.01.18	00:00:00	120.617	120.927	120.568	120.849	31494	27656088000	0
2017.01.18	04:00:00	120.849	121.115	120.795	121.058	39453	33884181000	9
2017.01.18	08:00:00	121.057	121.175	120.944	121.098	46909	39811131000	9
2017.01.18	12:00:00	121.096	121.265	120.973	121.056	43528	38768106000	9
2017.01.18	16:00:00	121.055	121.269	120.936	121.149	53585	41540098000	9
2017.01.18	20:00:00	121.149	121.987	121.112	121.844	45105	37348718000	9
2017.01.19	00:00:00	121.849	122.050	121.717	121.987	38984	34344619000	9
2017.01.19	04:00:00	121.988	122.023	121.786	121.883	40875	39315457000	9
2017.01.19	08:00:00	121.888	122.338	121.828	122.114	50957	44266752000	9
2017.01.19	12:00:00	122.114	122.448	121.928	122.065	50204	44136274000	9
2017.01.19	16:00:00	122.064	122.748	121.836	122.698	68626	56559563000	9
2017.01.19	20:00:00	122.697	122.699	122.298	122.443	43015	40097726000	9
2017.01.20	00:00:00	122.443	122.703	122.382	122.495	38735	35508648000	9
2017.01.20	04:00:00	122.498	122.592	122.358	122.543	37678	36822352000	9
2017.01.20	08:00:00	122.541	122.648	122.391	122.530	49949	42860969000	9
2017.01.20	12:00:00	122.531	122.679	122.372	122.459	48974	44959499000	9
2017.01.20	16:00:00	122.458	122.942	122.434	122.631	69580	53247427000	9
2017.01.20	20:00:00	122.632	122.689	122.272	122.434	51640	44291243000	9
2017.01.23	00:00:00	122.274	122.472	121.856	122.096	41896	39628086000	0
2017.01.23	04:00:00	122.096	122.131	121.803	121.821	39650	36530465000	9
2017.01.23	08:00:00	121.820	121.996	121.656	121.874	51460	41878044000	9
2017.01.23	12:00:00	121.874	122.074	121.602	121.655	45482	41313570000	9
2017.01.23	16:00:00	121.654	122.137	121.129	121.273	69562	63419317000	9
2017.01.23	20:00:00	121.276	121.557	121.264	121.293	38710	35164459000	9
2017.01.24	00:00:00	121.260	121.609	121.190	121.474	38391	33764692000	0
2017.01.24	04:00:00	121.471	121.535	121.201	121.415	42989	38290452000	9
2017.01.24	08:00:00	121.413	121.818	121.385	121.624	50961	43463551000	9
2017.01.24	12:00:00	121.622	121.871	121.586	121.777	44408	36697933000	9
2017.01.24	16:00:00	121.775	122.214	121.602	122.143	55658	46250121000	9
2017.01.24	20:00:00	122.145	122.213	122.049	122.112	33842	30898799000	9
2017.01.25	00:00:00	122.024	122.262	121.821	121.902	31683	28259420000	0
2017.01.25	04:00:00	121.903	121.905	121.703	121.863	37114	34142517000	9
2017.01.25	08:00:00	121.866	122.235	121.617	122.061	49841	42977884000	9
2017.01.25	12:00:00	122.061	122.181	121.699	121.952	47693	41206706000	9
2017.01.25	16:00:00	121.951	122.220	121.895	122.050	60085	54225783000	9
2017.01.25	20:00:00	122.051	122.146	121.689	121.714	37783	36862816000	9
2017.01.26	00:00:00	121.671	121.922	121.661	121.825	33052	29452004000	0
2017.01.26	04:00:00	121.826	122.023	121.817	121.888	32585	27436668000	9
2017.01.26	08:00:00	121.888	122.418	121.887	122.385	50131	45448392000	9
2017.01.26	12:00:00	122.384	122.661	122.118	122.203	51867	47974713000	9
2017.01.26	16:00:00	122.202	122.498	121.987	122.483	55396	45204132000	9
2017.01.26	20:00:00	122.485	122.485	122.149	122.326	36485	33367997000	9
2017.01.27	00:00:00	122.306	122.777	122.216	122.714	33412	29881968000	0
2017.01.27	04:00:00	122.715	122.797	122.637	122.761	31404	28445435000	9
2017.01.27	08:00:00	122.765	123.133	122.747	122.945	45180	38612163000	9
2017.01.27	12:00:00	122.943	123.265	122.781	123.220	48463	45103781000	9
2017.01.27	16:00:00	123.221	123.307	123.027	123.086	54546	48873375000	9
2017.01.27	20:00:00	123.084	123.154	122.998	123.071	23252	23048607000	9
2017.01.30	00:00:00	123.006	123.128	122.780	122.824	38266	38280516000	0
2017.01.30	04:00:00	122.822	122.912	122.674	122.874	31623	29446887000	9
2017.01.30	08:00:00	122.875	122.953	122.603	122.654	43078	39259166000	9
2017.01.30	12:00:00	122.654	122.683	121.559	121.870	47119	45088406000	9
2017.01.30	16:00:00	121.870	121.871	121.465	121.467	56157	47979964000	9
2017.01.30	20:00:00	121.466	121.730	121.435	121.645	29586	28211765000	9
2017.01.31	00:00:00	121.626	121.845	121.517	121.578	31694	26500947000	9
2017.01.31	04:00:00	121.574	121.658	121.294	121.421	43607	35315736000	9
2017.01.31	08:00:00	121.421	122.003	121.300	121.943	48304	42635635000	9
2017.01.31	12:00:00	121.940	122.251	121.730	121.842	55077	48892206000	9
2017.01.31	16:00:00	121.842	122.116	121.011	121.849	66131	53395948000	9
2017.01.31	20:00:00	121.850	121.928	121.518	121.760	36159	33125806000	9
2017.02.01	00:00:00	121.744	122.066	121.585	122.036	33181	27446520000	9
2017.02.01	04:00:00	122.034	122.216	121.949	122.088	31157	26939836000	9
2017.02.01	08:00:00	122.084	122.513	122.056	122.230	44057	33812280000	9
2017.02.01	12:00:00	122.230	122.437	122.181	122.231	46881	42430749000	9
2017.02.01	16:00:00	122.228	122.444	121.834	122.012	55649	45967765000	9
2017.02.01	20:00:00	122.011	122.023	121.730	121.928	48530	46853130000	9
2017.02.02	00:00:00	121.902	122.040	121.732	121.911	35018	31632278000	0
2017.02.02	04:00:00	121.911	121.965	121.416	121.470	41895	34360864000	9
2017.02.02	08:00:00	121.467	121.880	121.464	121.615	47960	39034681000	9
2017.02.02	12:00:00	121.618	121.640	121.267	121.386	54197	46698717000	9
2017.02.02	16:00:00	121.386	121.674	121.377	121.628	56766	49231634000	9
2017.02.02	20:00:00	121.628	121.642	121.206	121.333	30741	32155471000	9
2017.02.03	00:00:00	121.320	121.678	121.165	121.224	32007	24647967000	0
2017.02.03	04:00:00	121.223	121.665	121.077	121.581	43319	35854177000	9
2017.02.03	08:00:00	121.582	121.759	121.493	121.501	35906	31344604000	9
2017.02.03	12:00:00	121.501	121.594	121.155	121.334	43763	36980290000	9
2017.02.03	16:00:00	121.335	121.415	121.185	121.364	53267	46276486000	9
2017.02.03	20:00:00	121.364	121.668	121.205	121.205	34603	32675902000	9
2017.02.06	00:00:00	121.286	121.491	121.049	121.206	31056	27274723000	0
2017.02.06	04:00:00	121.204	121.317	121.112	121.291	29902	25772250000	10
2017.02.06	08:00:00	121.291	121.351	120.904	120.952	41729	38638553000	9
2017.02.06	12:00:00	120.952	120.952	120.107	120.167	46600	44607023000	9
2017.02.06	16:00:00	120.167	120.704	120.164	120.299	49900	41796534000	9
2017.02.06	20:00:00	120.298	120.336	119.950	120.102	32840	32004273000	9
2017.02.07	00:00:00	120.069	120.220	119.729	120.002	29006	21411244000	0
2017.02.07	04:00:00	120.000	120.040	119.753	119.779	35463	32906816000	9
2017.02.07	08:00:00	119.783	119.871	119.533	119.797	46611	40981080000	9
2017.02.07	12:00:00	119.797	120.041	119.704	119.936	39418	35693529000	9
2017.02.07	16:00:00	119.937	120.066	119.655	119.666	51067	45990148000	9
2017.02.07	20:00:00	119.666	120.122	119.642	120.047	30492	29316331000	9
2017.02.08	00:00:00	119.978	120.097	119.824	119.879	30307	23814068000	9
2017.02.08	04:00:00	119.877	119.976	119.743	119.917	30929	26003074000	9
2017.02.08	08:00:00	119.916	119.955	119.370	119.566	41670	34191085000	9
2017.02.08	12:00:00	119.568	119.686	119.322	119.501	39216	30237256000	9
2017.02.08	16:00:00	119.502	119.772	119.463	119.547	54050	44183099000	9
2017.02.08	20:00:00	119.544	119.878	119.538	119.733	30432	24337038000	9
2017.02.09	00:00:00	119.756	119.915	119.518	119.904	26954	22047683000	0
2017.02.09	04:00:00	119.904	119.976	119.785	119.812	30212	24318675000	9
2017.02.09	08:00:00	119.812	120.217	119.763	120.113	36424	29481893000	9
2017.02.09	12:00:00	120.111	120.123	119.944	120.064	37542	29640621000	9
2017.02.09	16:00:00	120.064	120.723	119.970	120.574	52721	41169976000	9
2017.02.09	20:00:00	120.574	120.784	120.482	120.651	26192	23343332000	9
2017.02.10	00:00:00	120.606	121.330	120.590	121.165	32986	25492776000	0
2017.02.10	04:00:00	121.163	121.286	121.077	121.121	28064	22955506000	9
2017.02.10	08:00:00	121.121	121.235	120.804	120.943	38529	31333975000	9
2017.02.10	12:00:00	120.944	121.026	120.506	120.674	38408	29076400000	9
2017.02.10	16:00:00	120.675	120.723	120.322	120.549	50337	40781115000	9
2017.02.10	20:00:00	120.549	120.755	120.225	120.227	32554	27913199000	9
2017.02.13	00:00:00	120.646	121.169	120.646	120.927	30917	28174786000	0
2017.02.13	04:00:00	120.929	121.022	120.828	120.850	25378	20638204000	9
2017.02.13	08:00:00	120.851	121.119	120.738	121.065	37983	32482485000	9
2017.02.13	12:00:00	121.065	121.070	120.834	120.967	34353	29234544000	9
2017.02.13	16:00:00	120.966	120.969	120.536	120.541	45597	39979151000	9
2017.02.13	20:00:00	120.540	120.658	120.384	120.528	24447	23596630000	9
2017.02.14	00:00:00	120.494	120.569	120.344	120.457	23980	19335065000	0
2017.02.14	04:00:00	120.456	120.568	120.281	120.368	30575	26259779000	9
2017.02.14	08:00:00	120.370	120.691	120.301	120.461	37219	28473704000	9
2017.02.14	12:00:00	120.461	120.605	120.211	120.345	36950	29826690000	9
2017.02.14	16:00:00	120.341	120.993	120.281	120.865	56556	43809441000	9
2017.02.14	20:00:00	120.866	120.926	120.672	120.832	27907	25558002000	9
2017.02.15	00:00:00	120.775	121.006	120.702	120.890	26968	19305967000	0
2017.02.15	04:00:00	120.890	121.040	120.885	121.035	27882	20707375000	9
2017.02.15	08:00:00	121.036	121.157	120.726	120.835	35232	28511030000	9
2017.02.15	12:00:00	120.832	121.049	120.706	120.990	37447	28606282000	9
2017.02.15	16:00:00	120.989	121.276	120.751	120.881	58276	44348416000	9
2017.02.15	20:00:00	120.881	121.047	120.879	120.999	27325	26213249000	9
2017.02.16	00:00:00	120.954	121.164	120.838	120.865	29705	25270606000	9
2017.02.16	04:00:00	120.865	120.932	120.800	120.896	27621	22246569000	9
2017.02.16	08:00:00	120.896	121.050	120.783	120.888	37278	28931200000	9
2017.02.16	12:00:00	120.887	121.076	120.719	121.045	38349	28227820000	9
2017.02.16	16:00:00	121.045	121.138	120.718	120.759	52415	35137567000	9
2017.02.16	20:00:00	120.759	120.908	120.680	120.842	28655	22883701000	9
2017.02.17	00:00:00	120.841	121.092	120.749	121.072	25727	21470971000	0
2017.02.17	04:00:00	121.072	121.093	120.899	120.987	23093	18282946000	9
2017.02.17	08:00:00	120.987	121.001	120.126	120.188	38584	30991449000	9
2017.02.17	12:00:00	120.188	120.320	119.950	120.167	41066	29205423000	9
2017.02.17	16:00:00	120.167	120.379	119.730	119.770	46273	31549879000	9
2017.02.17	20:00:00	119.768	119.854	119.481	119.558	22209	18564290000	9
2017.02.20	00:00:00	119.720	120.018	119.720	119.858	28204	25246565000	0
2017.02.20	04:00:00	119.860	120.087	119.853	120.045	24919	21163837000	9
2017.02.20	08:00:00	120.045	120.300	120.003	120.163	33050	24284036000	9
2017.02.20	12:00:00	120.163	120.236	120.008	120.149	24853	17626250000	9
2017.02.20	16:00:00	120.149	120.201	120.014	120.038	19142	14348655000	9
2017.02.20	20:00:00	120.038	120.102	119.987	119.988	21708	21448277000	9
2017.02.21	00:00:00	119.988	120.311	119.794	120.120	27854	23857220000	0
2017.02.21	04:00:00	120.118	120.284	120.095	120.215	27560	22414469000	9
2017.02.21	08:00:00	120.216	120.259	119.800	119.916	39643	31430659000	9
2017.02.21	12:00:00	119.915	119.963	119.634	119.799	35017	25093300000	9
2017.02.21	16:00:00	119.799	119.837	119.556	119.710	41967	29725269000	9
2017.02.21	20:00:00	119.710	119.844	119.680	119.759	21087	16109128000	9
2017.02.22	00:00:00	119.739	119.869	119.685	119.694	25457	20012765000	9
2017.02.22	04:00:00	119.689	119.722	119.555	119.635	25209	21963855000	9
2017.02.22	08:00:00	119.635	119.682	118.858	118.896	41757	33112774000	9
2017.02.22	12:00:00	118.898	118.943	118.592	118.790	39140	29786521000	9
2017.02.22	16:00:00	118.791	119.854	118.766	119.677	49286	35872236000	9
2017.02.22	20:00:00	119.677	119.786	119.391	119.636	36876	32068140000	9
2017.02.23	00:00:00	119.592	119.724	119.383	119.431	26941	24088872000	0
2017.02.23	04:00:00	119.430	119.675	119.428	119.666	25948	22818795000	9
2017.02.23	08:00:00	119.666	119.705	119.256	119.390	35763	27812163000	9
2017.02.23	12:00:00	119.391	119.542	119.149	119.223	43664	32401732000	9
2017.02.23	16:00:00	119.222	119.426	119.083	119.106	43464	31594445000	9
2017.02.23	20:00:00	119.105	119.301	119.037	119.144	22732	18953585000	9
2017.02.24	00:00:00	119.115	119.441	119.092	119.344	24301	18617758000	0
2017.02.24	04:00:00	119.344	119.431	119.259	119.367	25714	19967171000	9
2017.02.24	08:00:00	119.366	119.501	119.026	119.157	36105	28458312000	9
2017.02.24	12:00:00	119.158	119.207	118.877	118.968	41597	30792699000	9
2017.02.24	16:00:00	118.969	119.006	118.534	118.579	49541	36343589000	9
2017.02.24	20:00:00	118.578	118.630	118.172	118.172	25934	24320735000	9
2017.02.27	00:00:00	118.445	118.623	118.246	118.424	35455	31670431000	0
2017.02.27	04:00:00	118.427	118.629	118.388	118.476	26068	20450751000	9
2017.02.27	08:00:00	118.473	118.877	118.428	118.838	34642	26771167000	9
2017.02.27	12:00:00	118.839	119.070	118.736	119.000	27653	20415044000	9
2017.02.27	16:00:00	118.998	119.126	118.826	119.055	48075	37102003000	9
2017.02.27	20:00:00	119.055	119.460	119.053	119.285	28248	23825959000	9
2017.02.28	00:00:00	119.322	119.370	118.860	119.097	26247	24291505000	0
2017.02.28	04:00:00	119.097	119.293	119.097	119.171	25975	23770792000	9
2017.02.28	08:00:00	119.169	119.215	118.846	119.012	36274	29876826000	9
2017.02.28	12:00:00	119.014	119.142	118.742	118.801	36911	28265965000	9
2017.02.28	16:00:00	118.801	119.005	118.663	118.735	49200	36532709000	9
2017.02.28	20:00:00	118.736	119.392	118.716	119.251	39093	32825846000	9
2017.03.01	00:00:00	119.251	119.688	119.207	119.481	35084	28117552000	0
2017.03.01	04:00:00	119.485	119.884	119.365	119.736	51734	42964142000	9
2017.03.01	08:00:00	119.733	119.833	119.542	119.675	43388	35027725000	9
2017.03.01	12:00:00	119.672	119.948	119.636	119.884	45536	32243572000	9
2017.03.01	16:00:00	119.884	120.218	119.850	120.058	49038	33986145000	9
2017.03.01	20:00:00	120.058	120.082	119.832	119.939	30206	29111495000	9
2017.03.02	00:00:00	119.901	120.271	119.873	120.086	30210	26849758000	9
2017.03.02	04:00:00	120.085	120.124	119.986	120.081	27804	22995187000	9
2017.03.02	08:00:00	120.085	120.491	120.077	120.212	39295	29361311000	9
2017.03.02	12:00:00	120.211	120.330	120.146	120.259	37380	28841095000	9
2017.03.02	16:00:00	120.258	120.441	120.172	120.286	47404	36353851000	9
2017.03.02	20:00:00	120.286	120.353	120.138	120.204	29408	24854660000	9
2017.03.03	00:00:00	120.198	120.247	120.063	120.128	24669	22415494000	0
2017.03.03	04:00:00	120.130	120.217	120.011	120.145	28713	26677356000	9
2017.03.03	08:00:00	120.145	120.298	120.018	120.146	35069	28786523000	9
2017.03.03	12:00:00	120.147	120.869	120.121	120.819	41141	27674636000	9
2017.03.03	16:00:00	120.817	120.962	120.703	120.865	46977	35873004000	9
2017.03.03	20:00:00	120.863	121.175	120.782	120.880	45761	39794882000	9
2017.03.06	00:00:00	120.818	121.139	120.669	120.757	29939	26609686000	0
2017.03.06	04:00:00	120.757	120.778	120.665	120.724	24579	24536447000	9
2017.03.06	08:00:00	120.724	120.860	120.358	120.518	39304	27620928000	9
2017.03.06	12:00:00	120.518	120.589	120.346	120.490	32407	21674806000	9
2017.03.06	16:00:00	120.490	120.709	120.468	120.619	40521	30901556000	9
2017.03.06	20:00:00	120.618	120.690	120.480	120.511	23528	19948784000	9
2017.03.07	00:00:00	120.503	120.654	120.432	120.591	22604	17540588000	0
2017.03.07	04:00:00	120.592	120.660	120.544	120.584	27216	24606130000	9
2017.03.07	08:00:00	120.586	120.716	120.401	120.408	35004	29282230000	9
2017.03.07	12:00:00	120.408	120.656	120.385	120.562	34525	26407849000	9
2017.03.07	16:00:00	120.560	120.654	120.453	120.532	37410	26279465000	9
2017.03.07	20:00:00	120.532	120.557	120.407	120.418	23018	20391568000	9
2017.03.08	00:00:00	120.402	120.482	120.238	120.288	23469	19310031000	0
2017.03.08	04:00:00	120.288	120.301	120.015	120.162	26128	21420509000	9
2017.03.08	08:00:00	120.160	120.417	120.095	120.352	36509	31353895000	9
2017.03.08	12:00:00	120.352	120.940	120.302	120.923	38979	30232925000	9
2017.03.08	16:00:00	120.923	121.119	120.696	120.752	46822	38014847000	9
2017.03.08	20:00:00	120.751	120.788	120.485	120.503	31157	25953876000	9
2017.03.09	00:00:00	120.503	120.745	120.272	120.648	25203	19412400000	9
2017.03.09	04:00:00	120.648	120.648	120.500	120.632	28110	23216498000	9
2017.03.09	08:00:00	120.632	121.433	120.527	121.248	43118	35600227000	9
2017.03.09	12:00:00	121.248	121.636	120.860	121.540	47925	35455616000	9
2017.03.09	16:00:00	121.540	121.875	121.292	121.417	54191	40598134000	9
2017.03.09	20:00:00	121.427	121.754	121.415	121.559	35306	29170974000	9
2017.03.10	00:00:00	121.561	122.052	121.495	121.956	24877	18942728000	9
2017.03.10	04:00:00	121.954	122.320	121.929	122.315	26345	23193707000	9
2017.03.10	08:00:00	122.316	122.556	122.159	122.416	37666	27936477000	9
2017.03.10	12:00:00	122.416	122.738	122.145	122.686	44486	30935776000	9
2017.03.10	16:00:00	122.686	122.828	122.027	122.537	63500	49520385000	9
2017.03.10	20:00:00	122.541	122.771	122.424	122.424	33961	26131975000	9
2017.03.13	00:00:00	122.637	122.808	122.578	122.726	26008	20751184000	9
2017.03.13	04:00:00	122.725	122.884	122.686	122.698	24689	20250276000	9
2017.03.13	08:00:00	122.697	122.829	122.135	122.242	47263	36989607000	9
2017.03.13	12:00:00	122.240	122.436	122.175	122.371	44425	32553824000	9
2017.03.13	16:00:00	122.370	122.389	122.243	122.323	37680	26059832000	9
2017.03.13	20:00:00	122.322	122.407	122.289	122.353	18235	13539440000	9
2017.03.14	00:00:00	122.350	122.447	122.307	122.325	24749	18575393000	0
2017.03.14	04:00:00	122.322	122.423	122.282	122.420	18816	15035423000	9
2017.03.14	08:00:00	122.421	122.628	122.304	122.434	41639	31681984000	9
2017.03.14	12:00:00	122.435	122.468	121.932	121.942	43324	33748341000	9
2017.03.14	16:00:00	121.942	122.027	121.739	121.786	45290	34932352000	9
2017.03.14	20:00:00	121.785	121.802	121.647	121.706	22104	18371443000	9
2017.03.15	00:00:00	121.706	121.891	121.632	121.866	20408	14998398000	9
2017.03.15	04:00:00	121.863	121.959	121.814	121.916	19311	16060576000	9
2017.03.15	08:00:00	121.918	122.022	121.786	121.803	36659	28730800000	9
2017.03.15	12:00:00	121.804	121.921	121.677	121.821	37156	27719180000	9
2017.03.15	16:00:00	121.823	122.055	121.739	121.761	39791	27531509000	9
2017.03.15	20:00:00	121.761	121.831	121.196	121.817	53716	39479803000	9
2017.03.16	00:00:00	121.818	121.875	121.558	121.617	35582	28570831000	9
2017.03.16	04:00:00	121.616	121.682	121.484	121.535	32174	29531746000	9
2017.03.16	08:00:00	121.535	121.650	121.123	121.479	47871	41129255000	9
2017.03.16	12:00:00	121.481	121.828	121.358	121.603	46700	38430620000	9
2017.03.16	16:00:00	121.605	121.772	121.278	121.423	46403	35200301000	9
2017.03.16	20:00:00	121.423	122.066	121.403	122.042	30990	23640718000	9
2017.03.17	00:00:00	122.042	122.199	122.003	122.190	26292	20697399000	9
2017.03.17	04:00:00	122.191	122.249	122.105	122.138	18659	15870295000	9
2017.03.17	08:00:00	122.135	122.184	121.901	121.989	39636	32867956000	9
2017.03.17	12:00:00	121.990	122.023	121.337	121.413	44793	31532310000	9
2017.03.17	16:00:00	121.416	121.435	120.814	121.050	46508	34316371000	9
2017.03.17	20:00:00	121.049	121.142	120.955	121.009	16106	12177114000	9
2017.03.20	00:00:00	120.957	121.135	120.925	121.028	17198	14986811000	9
2017.03.20	04:00:00	121.028	121.227	121.022	121.219	16086	15133558000	9
2017.03.20	08:00:00	121.218	121.420	121.161	121.332	36234	29743988000	9
2017.03.20	12:00:00	121.332	121.428	121.107	121.159	36229	27679338000	9
2017.03.20	16:00:00	121.158	121.324	120.710	120.753	39085	29266358000	9
2017.03.20	20:00:00	120.753	120.925	120.751	120.785	18106	15462841000	9
2017.03.21	00:00:00	120.783	121.267	120.655	121.227	32200	26369269000	9
2017.03.21	04:00:00	121.226	121.434	121.177	121.369	23841	21282678000	9
2017.03.21	08:00:00	121.369	121.832	121.312	121.512	42746	35164924000	9
2017.03.21	12:00:00	121.509	121.723	121.405	121.621	40628	29537080000	9
2017.03.21	16:00:00	121.621	121.634	120.734	120.764	62002	46823094000	9
2017.03.21	20:00:00	120.764	120.921	120.616	120.793	32003	25358842000	9
2017.03.22	00:00:00	120.791	120.846	120.440	120.533	33642	28674037000	9
2017.03.22	04:00:00	120.533	120.648	120.340	120.474	29558	26664885000	9
2017.03.22	08:00:00	120.473	120.555	119.792	120.079	51371	42267306000	9
2017.03.22	12:00:00	120.078	120.220	119.831	119.844	46012	36523844000	9
2017.03.22	16:00:00	119.846	120.335	119.743	119.743	58770	44974606000	9
2017.03.22	20:00:00	119.744	120.109	119.679	120.076	25761	19837488000	9
2017.03.23	00:00:00	120.074	120.309	120.029	120.215	29780	23173365000	0
2017.03.23	04:00:00	120.218	120.247	120.081	120.194	21614	19052708000	9
2017.03.23	08:00:00	120.194	120.213	119.493	119.541	40768	34771381000	9
2017.03.23	12:00:00	119.541	119.897	119.319	119.652	50672	40421163000	9
2017.03.23	16:00:00	119.653	120.015	119.565	119.714	59557	48319091000	9
2017.03.23	20:00:00	119.715	119.842	119.429	119.659	27516	19010396000	9
2017.03.24	00:00:00	119.658	119.980	119.520	119.870	29152	24999386000	9
2017.03.24	04:00:00	119.871	120.025	119.730	120.024	25892	23858439000	9
2017.03.24	08:00:00	120.025	120.171	119.810	120.072	37468	27780180000	9
2017.03.24	12:00:00	120.072	120.145	119.837	120.135	41395	32929997000	9
2017.03.24	16:00:00	120.135	120.147	119.730	119.779	48156	42771459000	9
2017.03.24	20:00:00	119.780	120.241	119.634	119.970	32669	25999083000	9
2017.03.27	00:00:00	120.126	120.262	119.653	119.658	33086	28581134000	0
2017.03.27	04:00:00	119.658	119.748	119.605	119.733	29057	26645893000	9
2017.03.27	08:00:00	119.733	119.830	119.541	119.787	42229	32081275000	9
2017.03.27	12:00:00	119.787	120.112	119.742	120.014	36628	25262117000	9
2017.03.27	16:00:00	120.012	120.315	119.989	120.121	51949	38196572000	9
2017.03.27	20:00:00	120.124	120.240	120.093	120.221	29177	24138272000	9
2017.03.28	00:00:00	120.219	120.385	120.102	120.139	18912	15551270000	9
2017.03.28	04:00:00	120.139	120.218	120.083	120.140	21902	18514851000	9
2017.03.28	08:00:00	120.140	120.240	119.984	120.191	36193	28251221000	9
2017.03.28	12:00:00	120.190	120.253	119.721	119.794	33645	23059083000	9
2017.03.28	16:00:00	119.794	120.051	119.693	119.870	49835	39776298000	9
2017.03.28	20:00:00	119.869	120.199	119.866	120.163	36872	32982328000	9
2017.03.29	00:00:00	120.140	120.358	120.053	120.187	22325	19748421000	0
2017.03.29	04:00:00	120.187	120.441	120.183	120.220	24736	23231809000	9
2017.03.29	08:00:00	120.220	120.241	119.667	119.706	38609	33225576000	9
2017.03.29	12:00:00	119.704	119.820	119.011	119.304	40975	31507884000	9
2017.03.29	16:00:00	119.304	119.522	119.154	119.389	46120	35156379000	9
2017.03.29	20:00:00	119.389	119.570	119.368	119.517	26060	20814577000	9
2017.03.30	00:00:00	119.494	119.728	119.473	119.707	20580	17947860000	0
2017.03.30	04:00:00	119.707	119.845	119.569	119.670	25431	22571083000	9
2017.03.30	08:00:00	119.669	119.670	119.165	119.179	36393	30063832000	9
2017.03.30	12:00:00	119.180	119.534	119.171	119.413	38619	27400456000	9
2017.03.30	16:00:00	119.412	119.615	119.196	119.219	49194	38826793000	9
2017.03.30	20:00:00	119.219	119.514	119.080	119.465	32267	25732857000	9
2017.03.31	00:00:00	119.466	119.781	119.355	119.754	21151	18201548000	0
2017.03.31	04:00:00	119.753	119.817	119.570	119.637	29004	25915122000	9
2017.03.31	08:00:00	119.638	119.671	119.362	119.629	38919	31195667000	9
2017.03.31	12:00:00	119.628	119.680	119.372	119.461	35377	27749809000	9
2017.03.31	16:00:00	119.462	119.494	119.017	119.066	48683	38791989000	9
2017.03.31	20:00:00	119.066	119.077	118.341	118.417	31127	24691301000	9
2017.04.03	00:00:00	118.734	118.894	118.648	118.778	19709	17161326000	0
2017.04.03	04:00:00	118.776	118.946	118.774	118.901	21354	19839227000	9
2017.04.03	08:00:00	118.900	119.045	118.761	118.849	33718	26231693000	9
2017.04.03	12:00:00	118.850	118.857	118.598	118.732	30914	23770803000	9
2017.04.03	16:00:00	118.731	118.846	118.125	118.351	48426	38574167000	9
2017.04.03	20:00:00	118.351	118.489	118.265	118.323	27133	21918455000	9
2017.04.04	00:00:00	118.306	118.364	117.981	118.039	19825	17386681000	0
2017.04.04	04:00:00	118.038	118.126	117.735	117.871	29348	27482767000	9
2017.04.04	08:00:00	117.870	117.944	117.568	117.813	37425	31785578000	9
2017.04.04	12:00:00	117.814	117.866	117.425	117.742	37033	28608656000	9
2017.04.04	16:00:00	117.743	118.185	117.687	118.000	47018	32281118000	9
2017.04.04	20:00:00	118.001	118.225	117.873	118.169	22566	18087935000	9
2017.04.05	00:00:00	118.128	118.455	118.026	118.272	18625	15344339000	9
2017.04.05	04:00:00	118.272	118.328	118.014	118.093	23633	19406339000	9
2017.04.05	08:00:00	118.093	118.317	118.034	118.258	34145	26560991000	9
2017.04.05	12:00:00	118.257	118.683	118.181	118.605	37198	28056117000	9
2017.04.05	16:00:00	118.606	118.789	118.450	118.486	42455	32362579000	9
2017.04.05	20:00:00	118.485	118.588	118.024	118.033	42173	34551541000	9
2017.04.06	00:00:00	118.021	118.085	117.769	117.905	28656	23959482000	9
2017.04.06	04:00:00	117.905	118.075	117.827	117.958	26286	23049752000	9
2017.04.06	08:00:00	117.959	118.086	117.357	117.999	40575	31748700000	9
2017.04.06	12:00:00	118.000	118.421	117.991	118.115	37700	28384340000	9
2017.04.06	16:00:00	118.114	118.325	117.937	118.074	43637	34644454000	9
2017.04.06	20:00:00	118.074	118.162	117.844	117.927	27342	20412063000	9
2017.04.07	00:00:00	117.872	118.160	117.872	118.056	14170	11890797000	0
2017.04.07	04:00:00	118.056	118.083	117.313	117.683	49688	41232764000	9
2017.04.07	08:00:00	117.682	117.861	117.526	117.639	39637	32569967000	9
2017.04.07	12:00:00	117.641	117.737	117.371	117.503	41381	31211926000	9
2017.04.07	16:00:00	117.503	117.833	117.429	117.798	54426	47691571000	9
2017.04.07	20:00:00	117.796	117.880	117.400	117.400	33430	25708198000	9
2017.04.10	00:00:00	117.560	117.933	117.515	117.857	22219	15614198000	0
2017.04.10	04:00:00	117.856	118.006	117.840	117.942	21235	18370739000	9
2017.04.10	08:00:00	117.941	118.060	117.721	117.824	28349	23759908000	9
2017.04.10	12:00:00	117.823	117.866	117.587	117.693	27546	21661422000	9
2017.04.10	16:00:00	117.696	117.945	117.500	117.630	37282	27050047000	9
2017.04.10	20:00:00	117.630	117.661	117.452	117.541	25696	22414246000	9
2017.04.11	00:00:00	117.541	117.543	117.235	117.318	19322	14818028000	0
2017.04.11	04:00:00	117.318	117.378	117.059	117.143	22574	20204480000	9
2017.04.11	08:00:00	117.144	117.366	116.875	117.294	31278	26317665000	9
2017.04.11	12:00:00	117.293	117.462	117.153	117.176	27619	21069013000	9
2017.04.11	16:00:00	117.176	117.187	116.397	116.447	54723	45680758000	9
2017.04.11	20:00:00	116.447	116.570	116.211	116.222	28350	26183265000	9
2017.04.12	00:00:00	116.221	116.388	116.011	116.061	23792	19758878000	0
2017.04.12	04:00:00	116.059	116.227	115.927	116.025	29427	25301654000	9
2017.04.12	08:00:00	116.028	116.542	115.979	116.470	35021	32377506000	9
2017.04.12	12:00:00	116.470	116.542	116.067	116.108	35314	31851357000	9
2017.04.12	16:00:00	116.108	116.439	116.060	116.189	45595	41318814000	9
2017.04.12	20:00:00	116.189	116.438	116.056	116.240	44096	39834407000	9
2017.04.13	00:00:00	116.241	116.358	116.030	116.065	25121	21357096000	0
2017.04.13	04:00:00	116.066	116.191	115.986	116.166	29589	25501830000	9
2017.04.13	08:00:00	116.166	116.453	115.924	116.033	39970	36251916000	9
2017.04.13	12:00:00	116.033	116.119	115.891	116.005	36779	29049768000	9
2017.04.13	16:00:00	116.007	116.150	115.856	115.861	44470	36696125000	9
2017.04.13	20:00:00	115.863	115.896	115.714	115.768	29857	24930439000	9
2017.04.14	00:00:00	115.793	115.919	115.707	115.835	16901	12863023000	0
2017.04.14	04:00:00	115.831	116.012	115.802	115.830	22714	18528151000	9
2017.04.14	08:00:00	115.829	115.843	115.475	115.673	24171	18640601000	9
2017.04.14	12:00:00	115.673	115.699	115.410	115.452	21060	14361092000	9
2017.04.14	16:00:00	115.451	115.511	115.285	115.328	18185	13370505000	9
2017.04.14	20:00:00	115.327	115.695	114.921	115.695	8821	6481764000	9
2017.04.17	00:00:00	115.430	115.515	114.847	115.041	30731	26781691000	0
2017.04.17	04:00:00	115.040	115.087	114.847	114.968	21889	17920019000	9
2017.04.17	08:00:00	114.968	115.332	114.943	115.102	18590	14297659000	9
2017.04.17	12:00:00	115.102	115.664	114.979	115.589	19873	15367324000	9
2017.04.17	16:00:00	115.590	115.691	115.465	115.611	30707	23739706000	9
2017.04.17	20:00:00	115.611	116.028	115.550	115.883	22431	18132972000	9
2017.04.18	00:00:00	115.881	116.195	115.739	116.100	21846	17973466000	9
2017.04.18	04:00:00	116.100	116.202	115.950	116.077	23254	19335983000	9
2017.04.18	08:00:00	116.077	116.213	115.866	115.972	31809	26339684000	9
2017.04.18	12:00:00	115.971	116.366	115.753	116.332	43314	33341439000	9
2017.04.18	16:00:00	116.331	116.413	115.977	116.126	50718	40683803000	9
2017.04.18	20:00:00	116.125	116.488	116.087	116.318	32308	26760416000	9
2017.04.19	00:00:00	116.321	116.604	116.290	116.403	17457	13374573000	9
2017.04.19	04:00:00	116.403	116.500	116.267	116.421	22000	18324928000	9
2017.04.19	08:00:00	116.424	116.850	116.369	116.642	34474	26496757000	9
2017.04.19	12:00:00	116.641	116.973	116.604	116.715	33954	25140239000	9
2017.04.19	16:00:00	116.717	116.951	116.526	116.594	46481	36238026000	9
2017.04.19	20:00:00	116.593	116.715	116.497	116.581	31145	24832831000	9
2017.04.20	00:00:00	116.581	116.824	116.523	116.753	18147	14391370000	9
2017.04.20	04:00:00	116.754	116.897	116.646	116.848	17913	14382674000	9
2017.04.20	08:00:00	116.850	117.494	116.672	117.436	34905	26845981000	9
2017.04.20	12:00:00	117.435	117.467	117.120	117.254	31969	26874437000	9
2017.04.20	16:00:00	117.254	117.815	117.235	117.471	50027	39566328000	9
2017.04.20	20:00:00	117.473	117.506	117.096	117.147	29879	25879330000	9
2017.04.21	00:00:00	117.146	117.248	117.046	117.110	15574	12877468000	0
2017.04.21	04:00:00	117.109	117.166	116.991	117.063	16577	14357022000	9
2017.04.21	08:00:00	117.066	117.303	116.899	116.947	33027	27246597000	9
2017.04.21	12:00:00	116.948	116.988	116.582	116.743	32581	24062169000	9
2017.04.21	16:00:00	116.743	116.863	116.464	116.525	41176	32560502000	9
2017.04.21	20:00:00	116.526	117.110	116.467	116.652	31679	23525519000	9
2017.04.24	00:00:00	120.497	120.535	119.101	119.474	41405	29494406000	9
2017.04.24	04:00:00	119.475	119.528	118.989	119.514	28172	22365234000	9
2017.04.24	08:00:00	119.514	119.933	119.224	119.600	47169	35505267000	9
2017.04.24	12:00:00	119.599	119.879	119.477	119.586	37049	28521719000	9
2017.04.24	16:00:00	119.586	119.801	118.916	119.022	43398	36487156000	9
2017.04.24	20:00:00	119.020	119.297	119.017	119.265	25893	20242718000	9
2017.04.25	00:00:00	119.265	119.402	119.058	119.333	17287	15665369000	9
2017.04.25	04:00:00	119.335	119.663	119.252	119.532	25045	24335379000	9
2017.04.25	08:00:00	119.533	120.353	119.530	120.332	35808	31798838000	9
2017.04.25	12:00:00	120.331	120.552	120.017	120.489	34986	29559961000	9
2017.04.25	16:00:00	120.488	121.641	120.376	121.506	47544	39118333000	9
2017.04.25	20:00:00	121.505	121.574	121.303	121.362	27008	25578607000	9
2017.04.26	00:00:00	121.330	121.861	121.260	121.724	23160	20965510000	9
2017.04.26	04:00:00	121.723	121.790	121.552	121.746	21011	19929332000	9
2017.04.26	08:00:00	121.746	121.975	121.117	121.266	38688	34429686000	9
2017.04.26	12:00:00	121.267	121.676	120.950	121.339	39204	35463512000	9
2017.04.26	16:00:00	121.342	121.553	121.063	121.479	52244	47114169000	9
2017.04.26	20:00:00	121.480	121.533	120.911	121.087	45743	40655080000	9
2017.04.27	00:00:00	121.080	121.463	121.002	121.342	19874	18153638000	0
2017.04.27	04:00:00	121.342	121.479	121.225	121.325	24457	23148280000	9
2017.04.27	08:00:00	121.324	121.627	121.215	121.445	33096	30349400000	9
2017.04.27	12:00:00	121.447	121.888	121.155	121.404	42520	37533149000	9
2017.04.27	16:00:00	121.403	121.424	120.602	121.016	52342	44843777000	9
2017.04.27	20:00:00	121.018	121.059	120.895	120.946	28382	27405603000	9
2017.04.28	00:00:00	120.963	121.046	120.754	120.831	16704	14551526000	0
2017.04.28	04:00:00	120.833	120.874	120.686	120.695	20227	19822864000	9
2017.04.28	08:00:00	120.695	121.324	120.689	121.274	31820	27523920000	9
2017.04.28	12:00:00	121.277	121.996	121.277	121.748	43461	33917657000	9
2017.04.28	16:00:00	121.748	121.809	121.272	121.455	47420	38901097000	9
2017.04.28	20:00:00	121.454	121.546	121.338	121.404	23925	19724687000	9
2017.05.01	00:00:00	121.411	121.544	121.293	121.457	17796	17158174000	9
2017.05.01	04:00:00	121.457	121.726	121.377	121.602	17813	16096322000	9
2017.05.01	08:00:00	121.600	121.916	121.593	121.888	16187	15111248000	9
2017.05.01	12:00:00	121.890	121.933	121.713	121.891	20336	19370751000	9
2017.05.01	16:00:00	121.891	122.084	121.693	121.881	39601	37325148000	9
2017.05.01	20:00:00	121.883	122.031	121.823	121.918	25036	24238975000	9
2017.05.02	00:00:00	121.863	122.188	121.802	122.077	18905	16412093000	0
2017.05.02	04:00:00	122.076	122.182	122.024	122.133	20724	19480284000	9
2017.05.02	08:00:00	122.133	122.514	122.111	122.455	34589	31162348000	9
2017.05.02	12:00:00	122.456	122.598	122.379	122.448	31835	26784487000	9
2017.05.02	16:00:00	122.448	122.497	122.118	122.312	40645	34011969000	9
2017.05.02	20:00:00	122.312	122.478	122.262	122.463	23226	19373298000	9
2017.05.03	00:00:00	122.391	122.550	122.369	122.510	13831	12448458000	9
2017.05.03	04:00:00	122.511	122.561	122.449	122.525	13423	12541077000	9
2017.05.03	08:00:00	122.525	122.576	122.313	122.441	28226	25934360000	9
2017.05.03	12:00:00	122.441	122.678	122.374	122.585	34189	29068807000	9
2017.05.03	16:00:00	122.585	122.775	122.478	122.675	38072	32637810000	9
2017.05.03	20:00:00	122.675	122.860	122.540	122.742	35471	31237356000	9
2017.05.04	00:00:00	122.729	122.950	122.579	122.897	19969	17387585000	0
2017.05.04	04:00:00	122.897	122.931	122.807	122.874	16001	15048672000	9
2017.05.04	08:00:00	122.875	123.294	122.599	123.203	33491	30307652000	9
2017.05.04	12:00:00	123.202	123.610	123.180	123.419	38858	33803038000	9
2017.05.04	16:00:00	123.419	123.641	123.244	123.490	51908	45882508000	9
2017.05.04	20:00:00	123.488	123.536	123.259	123.524	31758	28963559000	9
2017.05.05	00:00:00	123.526	123.667	123.476	123.608	12375	11483561000	9
2017.05.05	04:00:00	123.608	123.668	123.204	123.246	20928	18757962000	9
2017.05.05	08:00:00	123.246	123.320	123.035	123.079	34068	28680931000	9
2017.05.05	12:00:00	123.079	123.566	122.924	123.547	38536	32653909000	9
2017.05.05	16:00:00	123.551	123.938	123.452	123.904	47296	36874352000	9
2017.05.05	20:00:00	123.903	124.047	123.622	123.674	26751	14749100000	9
2017.05.08	00:00:00	124.452	124.459	123.392	123.634	28555	19978901000	0
2017.05.08	04:00:00	123.633	123.872	123.568	123.678	23725	16301704000	9
2017.05.08	08:00:00	123.678	124.022	123.254	123.385	38183	33660546000	9
2017.05.08	12:00:00	123.384	123.423	122.980	123.385	36744	31026492000	9
2017.05.08	16:00:00	123.388	123.549	123.112	123.511	40068	32543304000	9
2017.05.08	20:00:00	123.511	123.808	123.456	123.716	21830	16295627000	9
2017.05.09	00:00:00	123.713	123.880	123.648	123.771	18051	14808461000	0
2017.05.09	04:00:00	123.772	123.839	123.682	123.824	19125	17666410000	9
2017.05.09	08:00:00	123.824	124.178	123.698	123.939	34755	29964480000	9
2017.05.09	12:00:00	123.939	124.143	123.841	124.141	38276	31943577000	9
2017.05.09	16:00:00	124.141	124.532	124.103	124.402	40115	33734114000	9
2017.05.09	20:00:00	124.403	124.448	123.743	123.930	30469	28968893000	9
2017.05.10	00:00:00	123.932	124.066	123.739	123.974	23365	19463166000	0
2017.05.10	04:00:00	123.974	124.143	123.830	123.939	20263	17586487000	9
2017.05.10	08:00:00	123.944	124.321	123.741	123.757	33115	30345899000	9
2017.05.10	12:00:00	123.759	123.963	123.488	123.851	36333	31037870000	9
2017.05.10	16:00:00	123.850	124.100	123.710	123.953	40047	35664939000	9
2017.05.10	20:00:00	123.954	124.227	123.940	124.181	25498	22932951000	9
2017.05.11	00:00:00	124.181	124.291	124.121	124.218	17593	15394490000	0
2017.05.11	04:00:00	124.217	124.231	124.067	124.156	18737	17401505000	9
2017.05.11	08:00:00	124.156	124.421	124.050	124.232	29525	25744782000	9
2017.05.11	12:00:00	124.231	124.233	123.513	123.700	36954	33563230000	9
2017.05.11	16:00:00	123.701	123.838	123.316	123.665	42315	37918645000	9
2017.05.11	20:00:00	123.665	123.920	123.607	123.653	24703	22225525000	9
2017.05.12	00:00:00	123.653	123.780	123.568	123.727	15247	12517976000	0
2017.05.12	04:00:00	123.726	123.760	123.533	123.581	18608	16715742000	9
2017.05.12	08:00:00	123.581	123.723	123.304	123.455	28746	25257348000	9
2017.05.12	12:00:00	123.454	123.877	123.408	123.627	34567	27236217000	9
2017.05.12	16:00:00	123.627	123.950	123.606	123.833	45890	36348841000	9
2017.05.12	20:00:00	123.833	123.920	123.745	123.790	21604	17755889000	9
2017.05.15	00:00:00	123.686	123.948	123.675	123.870	21019	18595383000	0
2017.05.15	04:00:00	123.870	123.959	123.798	123.884	15423	13425358000	9
2017.05.15	08:00:00	123.884	124.478	123.862	124.300	30426	26111694000	9
2017.05.15	12:00:00	124.303	124.548	124.181	124.416	36700	29588333000	9
2017.05.15	16:00:00	124.415	124.894	124.389	124.659	37623	29512562000	9
2017.05.15	20:00:00	124.659	124.894	124.637	124.864	19113	15744491000	9
2017.05.16	00:00:00	124.871	124.958	124.633	124.878	15693	13408017000	0
2017.05.16	04:00:00	124.878	124.894	124.586	124.762	18439	17468017000	9
2017.05.16	08:00:00	124.762	125.542	124.596	125.447	37244	31923187000	9
2017.05.16	12:00:00	125.448	125.812	125.275	125.653	36117	29938015000	9
2017.05.16	16:00:00	125.654	125.762	125.136	125.406	44777	37206504000	9
2017.05.16	20:00:00	125.406	125.561	125.281	125.350	23270	20308372000	9
2017.05.17	00:00:00	125.348	125.401	124.791	124.969	28644	25807555000	0
2017.05.17	04:00:00	124.969	125.071	124.868	124.986	26836	25956500000	9
2017.05.17	08:00:00	124.986	124.989	124.499	124.714	38619	34298178000	9
2017.05.17	12:00:00	124.714	124.930	124.486	124.520	36177	30433070000	9
2017.05.17	16:00:00	124.519	124.521	123.911	124.081	62045	54890744000	9
2017.05.17	20:00:00	124.080	124.091	123.633	123.648	41503	39611389000	9
2017.05.18	00:00:00	123.655	124.109	123.393	123.872	31725	27561337000	0
2017.05.18	04:00:00	123.873	123.998	123.738	123.869	32546	29699047000	9
2017.05.18	08:00:00	123.868	124.072	123.372	123.455	44864	39389894000	9
2017.05.18	12:00:00	123.453	123.464	122.553	123.035	61413	55782070000	9
2017.05.18	16:00:00	123.035	123.792	122.995	123.457	64687	58140786000	9
2017.05.18	20:00:00	123.456	123.878	123.368	123.764	46499	43676016000	9
2017.05.19	00:00:00	123.757	123.916	123.605	123.631	22019	19515188000	0
2017.05.19	04:00:00	123.631	123.794	123.380	123.750	25214	23086767000	9
2017.05.19	08:00:00	123.750	124.644	123.679	124.323	39047	36410662000	9
2017.05.19	12:00:00	124.322	124.520	124.236	124.450	38587	32071355000	9
2017.05.19	16:00:00	124.451	124.938	124.234	124.708	51068	47147063000	9
2017.05.19	20:00:00	124.708	124.869	124.464	124.585	34244	31074198000	9
2017.05.22	00:00:00	124.266	124.835	124.266	124.682	21607	19096145000	0
2017.05.22	04:00:00	124.683	124.881	124.677	124.773	19060	16923637000	9
2017.05.22	08:00:00	124.772	124.834	124.115	124.430	33974	29973349000	9
2017.05.22	12:00:00	124.431	125.293	124.427	125.113	40733	34581843000	9
2017.05.22	16:00:00	125.113	125.260	124.712	124.845	41768	37953876000	9
2017.05.22	20:00:00	124.847	125.097	124.828	125.071	18518	14448545000	9
2017.05.23	00:00:00	125.071	125.101	124.598	124.913	23200	17171455000	0
2017.05.23	04:00:00	124.914	125.126	124.803	125.047	17410	14726057000	9
2017.05.23	08:00:00	125.047	125.386	124.558	125.103	43506	34152764000	9
2017.05.23	12:00:00	125.103	125.184	124.586	124.946	35051	29128153000	9
2017.05.23	16:00:00	124.946	125.267	124.604	124.961	50322	41563576000	9
2017.05.23	20:00:00	124.960	125.056	124.809	124.983	26257	20947399000	9
2017.05.24	00:00:00	124.981	125.221	124.941	125.098	24585	18589397000	0
2017.05.24	04:00:00	125.099	125.141	124.995	125.041	17034	14020579000	9
2017.05.24	08:00:00	125.041	125.259	124.966	125.103	34429	29206600000	9
2017.05.24	12:00:00	125.103	125.232	124.902	125.207	32866	26672611000	9
2017.05.24	16:00:00	125.207	125.403	125.143	125.221	40665	35158050000	9
2017.05.24	20:00:00	125.219	125.322	125.047	125.075	36608	30461905000	9
2017.05.25	00:00:00	125.073	125.308	125.038	125.256	15520	12386981000	0
2017.05.25	04:00:00	125.256	125.490	125.216	125.465	19328	16526123000	9
2017.05.25	08:00:00	125.468	125.804	125.394	125.670	32570	27725857000	9
2017.05.25	12:00:00	125.670	125.675	125.212	125.257	34515	30061745000	9
2017.05.25	16:00:00	125.255	125.475	125.211	125.339	36271	29951959000	9
2017.05.25	20:00:00	125.339	125.392	125.211	125.384	19654	15636992000	9
2017.05.26	00:00:00	125.384	125.419	125.091	125.263	15900	12708178000	0
2017.05.26	04:00:00	125.263	125.289	124.871	124.920	18824	16512677000	9
2017.05.26	08:00:00	124.920	124.929	124.563	124.609	34549	29742379000	9
2017.05.26	12:00:00	124.609	124.655	124.183	124.285	39061	33302598000	9
2017.05.26	16:00:00	124.285	124.480	124.164	124.464	39371	33975278000	9
2017.05.26	20:00:00	124.462	124.496	124.247	124.328	17167	13674707000	9
2017.05.29	00:00:00	124.195	124.430	124.195	124.406	13443	8809392000	0
2017.05.29	04:00:00	124.404	124.490	124.220	124.247	13308	10181100000	9
2017.05.29	08:00:00	124.248	124.639	124.234	124.521	19447	18006050000	9
2017.05.29	12:00:00	124.521	124.591	124.442	124.551	17284	16147109000	9
2017.05.29	16:00:00	124.552	124.582	124.288	124.361	21300	20077427000	9
2017.05.29	20:00:00	124.359	124.394	124.183	124.189	18886	17207176000	9
2017.05.30	00:00:00	124.185	124.244	123.561	123.561	17002	12150961000	0
2017.05.30	04:00:00	123.559	123.562	123.243	123.390	17281	14170631000	9
2017.05.30	08:00:00	123.390	123.832	123.152	123.635	35690	30013636000	9
2017.05.30	12:00:00	123.634	124.233	123.577	124.032	38823	33747044000	9
2017.05.30	16:00:00	124.033	124.392	123.718	123.800	41789	37842701000	9
2017.05.30	20:00:00	123.802	124.015	123.760	123.966	17711	16550565000	9
2017.05.31	00:00:00	123.960	124.043	123.724	123.945	15650	11528148000	0
2017.05.31	04:00:00	123.945	124.280	123.888	124.028	19964	15189062000	9
2017.05.31	08:00:00	124.028	124.222	123.748	123.846	32869	27899723000	9
2017.05.31	12:00:00	123.844	124.526	123.790	124.404	37127	34867923000	9
2017.05.31	16:00:00	124.404	124.466	124.162	124.348	49709	43428375000	9
2017.05.31	20:00:00	124.348	124.548	124.208	124.548	27455	23634896000	9
2017.06.01	00:00:00	124.545	124.709	124.464	124.653	18204	11707247000	0
2017.06.01	04:00:00	124.654	124.912	124.626	124.851	23003	19426709000	9
2017.06.01	08:00:00	124.850	124.915	124.628	124.753	35090	32800532000	9
2017.06.01	12:00:00	124.756	124.903	124.632	124.836	36006	35325557000	9
2017.06.01	16:00:00	124.838	125.087	124.713	124.844	42614	38484806000	9
2017.06.01	20:00:00	124.842	124.945	124.786	124.848	24869	25130608000	9
2017.06.02	00:00:00	124.851	125.257	124.827	125.227	17226	12616309000	0
2017.06.02	04:00:00	125.225	125.263	125.147	125.203	16460	13652268000	9
2017.06.02	08:00:00	125.203	125.306	125.080	125.166	28215	26509613000	9
2017.06.02	12:00:00	125.165	125.207	124.698	124.768	38908	34944710000	9
2017.06.02	16:00:00	124.768	124.774	124.424	124.487	50383	48235397000	9
2017.06.02	20:00:00	124.486	124.630	124.419	124.419	24341	10871435000	9
2017.06.05	00:00:00	124.426	124.670	124.366	124.510	16239	0	9
2017.06.05	04:00:00	124.512	124.667	124.478	124.597	14601	0	9
2017.06.05	08:00:00	124.598	124.707	124.471	124.542	25173	0	9
2017.06.05	12:00:00	124.544	124.544	124.245	124.380	25784	0	9
2017.06.05	16:00:00	124.380	124.467	124.190	124.292	30010	0	9
2017.06.05	20:00:00	124.293	124.388	124.253	124.325	19189	0	9
2017.06.06	00:00:00	124.330	124.389	124.055	124.071	16705	0	9
2017.06.06	04:00:00	124.070	124.105	123.708	123.819	26961	0	9
2017.06.06	08:00:00	123.820	123.833	123.221	123.449	35883	0	9
2017.06.06	12:00:00	123.452	123.474	122.923	123.141	37994	0	9
2017.06.06	16:00:00	123.141	123.541	123.049	123.313	45226	0	9
2017.06.06	20:00:00	123.313	123.496	123.183	123.380	29677	0	9
2017.06.07	00:00:00	123.380	123.454	123.265	123.397	16805	0	9
2017.06.07	04:00:00	123.398	123.514	123.291	123.433	17277	0	9
2017.06.07	08:00:00	123.436	123.495	122.854	122.940	32486	0	9
2017.06.07	12:00:00	122.940	123.159	122.627	122.798	40924	0	9
2017.06.07	16:00:00	122.800	123.427	122.781	123.218	48073	0	9
2017.06.07	20:00:00	123.218	123.730	123.217	123.610	26673	0	9
2017.06.08	00:00:00	123.610	123.786	123.530	123.681	19881	0	9
2017.06.08	04:00:00	123.681	123.774	123.362	123.470	17891	0	9
2017.06.08	08:00:00	123.470	123.692	123.159	123.648	33124	0	9
2017.06.08	12:00:00	123.648	124.031	123.288	123.543	44677	0	9
2017.06.08	16:00:00	123.546	123.768	123.251	123.428	46930	0	9
2017.06.08	20:00:00	123.427	123.525	123.298	123.377	24168	0	9
2017.06.09	00:00:00	123.283	123.459	122.808	123.041	32904	0	9
2017.06.09	04:00:00	123.041	123.638	123.020	123.478	32548	0	9
2017.06.09	08:00:00	123.473	123.681	123.216	123.352	46036	0	9
2017.06.09	12:00:00	123.351	123.578	123.296	123.547	32808	0	9
2017.06.09	16:00:00	123.547	123.857	123.531	123.713	39120	0	9
2017.06.09	20:00:00	123.714	123.772	123.306	123.413	35620	0	9
2017.06.12	00:00:00	123.578	123.731	123.426	123.470	14700	0	9
2017.06.12	04:00:00	123.469	123.630	123.433	123.580	16392	0	9
2017.06.12	08:00:00	123.581	123.719	123.358	123.466	28492	0	9
2017.06.12	12:00:00	123.467	123.509	123.194	123.341	32336	0	9
2017.06.12	16:00:00	123.338	123.379	122.787	122.825	43499	0	9
2017.06.12	20:00:00	122.826	123.194	122.825	123.178	26628	0	9
2017.06.13	00:00:00	123.122	123.189	123.013	123.109	19445	0	9
2017.06.13	04:00:00	123.109	123.240	123.055	123.133	14345	0	9
2017.06.13	08:00:00	123.134	123.745	123.066	123.502	30191	0	9
2017.06.13	12:00:00	123.502	123.549	123.305	123.453	26385	0	9
2017.06.13	16:00:00	123.457	123.535	123.183	123.308	34045	0	9
2017.06.13	20:00:00	123.307	123.419	123.172	123.378	20940	0	9
2017.06.14	00:00:00	123.378	123.431	123.258	123.384	15403	0	9
2017.06.14	04:00:00	123.384	123.488	123.320	123.457	15913	0	9
2017.06.14	08:00:00	123.458	123.596	123.369	123.478	28206	0	9
2017.06.14	12:00:00	123.477	123.637	123.163	123.196	36848	0	9
2017.06.14	16:00:00	123.195	123.285	122.861	122.973	52895	0	9
2017.06.14	20:00:00	122.975	123.109	122.762	122.906	52861	0	9
2017.06.15	00:00:00	122.916	123.185	122.504	123.068	32121	0	9
2017.06.15	04:00:00	123.067	123.070	122.856	123.004	24332	0	9
2017.06.15	08:00:00	123.012	123.094	122.400	122.553	40246	0	9
2017.06.15	12:00:00	122.552	123.152	122.396	123.040	49040	0	9
2017.06.15	16:00:00	123.042	123.702	122.889	123.682	51727	0	9
2017.06.15	20:00:00	123.683	123.712	123.541	123.647	30362	0	9
2017.06.16	00:00:00	123.647	123.923	123.542	123.889	25130	0	9
2017.06.16	04:00:00	123.889	124.020	123.750	123.939	26595	0	9
2017.06.16	08:00:00	123.938	124.423	123.762	124.382	35325	0	9
2017.06.16	12:00:00	124.382	124.456	124.114	124.125	33829	0	9
2017.06.16	16:00:00	124.124	124.169	123.798	123.993	44328	0	9
2017.06.16	20:00:00	123.994	124.184	123.959	124.046	24035	0	9
2017.06.19	00:00:00	124.250	124.384	124.052	124.286	16675	0	9
2017.06.19	04:00:00	124.287	124.365	124.222	124.222	17102	0	9
2017.06.19	08:00:00	124.222	124.497	124.155	124.296	30742	0	9
2017.06.19	12:00:00	124.296	124.460	124.129	124.411	36035	0	9
2017.06.19	16:00:00	124.411	124.484	124.197	124.331	41519	0	9
2017.06.19	20:00:00	124.330	124.403	124.258	124.322	22995	0	9
2017.06.20	00:00:00	124.322	124.576	124.308	124.511	30162	0	9
2017.06.20	04:00:00	124.512	124.617	124.492	124.562	21165	0	9
2017.06.20	08:00:00	124.561	124.643	124.358	124.514	34897	0	9
2017.06.20	12:00:00	124.513	124.583	124.188	124.297	38170	0	9
2017.06.20	16:00:00	124.298	124.395	123.919	123.994	42002	0	9
2017.06.20	20:00:00	123.994	124.115	123.941	124.081	25204	0	9
2017.06.21	00:00:00	124.066	124.126	123.876	124.009	30185	0	9
2017.06.21	04:00:00	124.009	124.066	123.831	123.889	20810	0	9
2017.06.21	08:00:00	123.890	123.933	123.654	123.884	33258	0	9
2017.06.21	12:00:00	123.886	124.391	123.740	124.348	40439	0	9
2017.06.21	16:00:00	124.347	124.455	124.112	124.145	44762	0	9
2017.06.21	20:00:00	124.144	124.435	124.104	124.380	29814	0	9
2017.06.22	00:00:00	124.380	124.437	124.024	124.058	23696	0	9
2017.06.22	04:00:00	124.058	124.162	123.901	124.116	26185	0	9
2017.06.22	08:00:00	124.117	124.192	123.838	124.062	34145	0	9
2017.06.22	12:00:00	124.060	124.342	123.993	124.026	35865	0	9
2017.06.22	16:00:00	124.027	124.330	123.902	124.173	41841	0	9
2017.06.22	20:00:00	124.174	124.205	124.030	124.126	23763	0	9
2017.06.23	00:00:00	124.112	124.205	124.016	124.192	18201	0	9
2017.06.23	04:00:00	124.193	124.293	124.136	124.252	20070	0	9
2017.06.23	08:00:00	124.251	124.453	124.192	124.230	29791	0	9
2017.06.23	12:00:00	124.230	124.414	124.150	124.398	31882	0	9
2017.06.23	16:00:00	124.397	124.702	124.332	124.615	35740	0	9
2017.06.23	20:00:00	124.616	124.656	124.448	124.448	21517	0	9
2017.06.26	00:00:00	124.429	124.679	124.380	124.600	12143	0	9
2017.06.26	04:00:00	124.599	124.635	124.522	124.573	11621	0	9
2017.06.26	08:00:00	124.574	124.971	124.515	124.878	30988	0	9
2017.06.26	12:00:00	124.878	125.002	124.721	124.936	35370	0	9
2017.06.26	16:00:00	124.937	125.016	124.751	124.953	42053	0	9
2017.06.26	20:00:00	124.952	125.148	124.894	125.071	25975	0	9
2017.06.27	00:00:00	125.047	125.237	125.026	125.223	20672	0	9
2017.06.27	04:00:00	125.223	125.353	125.127	125.130	16589	0	9
2017.06.27	08:00:00	125.130	125.582	124.737	125.525	37969	0	9
2017.06.27	12:00:00	125.528	126.334	125.511	126.243	38232	0	9
2017.06.27	16:00:00	126.243	127.430	126.173	127.120	47298	0	9
2017.06.27	20:00:00	127.127	127.477	127.037	127.388	35187	0	9
2017.06.28	00:00:00	127.356	127.356	127.065	127.152	25121	0	9
2017.06.28	04:00:00	127.151	127.308	127.132	127.212	24370	0	9
2017.06.28	08:00:00	127.212	127.850	127.156	127.186	45771	0	9
2017.06.28	12:00:00	127.185	127.591	126.483	126.976	45321	0	9
2017.06.28	16:00:00	126.976	127.769	126.964	127.682	54855	0	9
2017.06.28	20:00:00	127.686	127.858	127.637	127.781	27411	0	9
2017.06.29	00:00:00	127.762	127.928	127.712	127.794	27331	0	9
2017.06.29	04:00:00	127.793	128.133	127.792	127.981	22381	0	9
2017.06.29	08:00:00	127.981	128.781	127.844	128.598	41115	0	9
2017.06.29	12:00:00	128.599	128.694	128.155	128.651	42638	0	9
2017.06.29	16:00:00	128.653	128.825	127.906	127.974	52546	0	9
2017.06.29	20:00:00	127.974	128.339	127.866	128.317	35757	0	9
2017.06.30	00:00:00	128.317	128.337	127.885	127.968	30082	0	9
2017.06.30	04:00:00	127.968	128.171	127.802	128.022	32442	0	9
2017.06.30	08:00:00	128.023	128.235	127.538	127.573	39206	0	9
2017.06.30	12:00:00	127.574	128.048	127.438	127.967	36496	0	9
2017.06.30	16:00:00	127.966	128.308	127.877	128.220	42671	0	9
2017.06.30	20:00:00	128.219	128.599	128.209	128.348	32293	0	9
2017.07.03	00:00:00	127.989	128.393	127.989	128.162	21436	0	9
2017.07.03	04:00:00	128.162	128.456	128.148	128.443	19881	0	9
2017.07.03	08:00:00	128.441	128.620	128.301	128.454	35368	0	9
2017.07.03	12:00:00	128.455	128.617	128.318	128.438	34273	0	9
2017.07.03	16:00:00	128.439	128.898	128.373	128.782	42955	0	9
2017.07.03	20:00:00	128.783	128.946	128.759	128.915	23206	0	9
2017.07.04	00:00:00	128.915	128.965	128.690	128.715	25636	0	9
2017.07.04	04:00:00	128.714	128.804	128.587	128.649	26382	0	9
2017.07.04	08:00:00	128.650	128.650	128.033	128.501	40988	0	9
2017.07.04	12:00:00	128.502	128.591	128.336	128.392	29909	0	9
2017.07.04	16:00:00	128.395	128.505	128.375	128.468	31495	0	9
2017.07.04	20:00:00	128.467	128.544	128.435	128.512	35181	0	9
2017.07.05	00:00:00	128.423	128.632	128.257	128.383	22436	0	9
2017.07.05	04:00:00	128.382	128.489	128.220	128.488	23860	0	9
2017.07.05	08:00:00	128.489	129.081	128.470	128.801	38367	0	9
2017.07.05	12:00:00	128.799	128.830	128.529	128.597	38069	0	9
2017.07.05	16:00:00	128.598	128.638	128.149	128.372	42248	0	9
2017.07.05	20:00:00	128.374	128.578	128.265	128.522	30425	0	9
2017.07.06	00:00:00	128.535	128.559	128.159	128.223	22900	0	9
2017.07.06	04:00:00	128.222	128.337	127.992	128.151	24245	0	9
2017.07.06	08:00:00	128.151	128.734	128.139	128.465	31336	0	9
2017.07.06	12:00:00	128.464	129.114	128.454	128.958	48123	0	9
2017.07.06	16:00:00	128.961	129.398	128.791	129.398	44021	0	9
2017.07.06	20:00:00	129.399	129.411	129.235	129.281	25854	0	9
2017.07.07	00:00:00	129.253	129.355	129.169	129.268	24776	0	9
2017.07.07	04:00:00	129.268	129.910	129.258	129.695	32056	0	9
2017.07.07	08:00:00	129.696	130.006	129.680	129.914	38819	0	9
2017.07.07	12:00:00	129.914	130.038	129.538	129.887	41415	0	9
2017.07.07	16:00:00	129.888	130.121	129.527	130.099	45162	0	9
2017.07.07	20:00:00	130.098	130.117	129.753	129.753	24486	0	9
2017.07.10	00:00:00	129.818	130.103	129.747	130.076	18987	0	9
2017.07.10	04:00:00	130.075	130.273	130.075	130.143	25677	0	9
2017.07.10	08:00:00	130.146	130.393	130.090	130.110	37259	0	9
2017.07.10	12:00:00	130.110	130.218	129.904	130.030	34747	0	9
2017.07.10	16:00:00	130.030	130.146	129.849	130.086	35376	0	9
2017.07.10	20:00:00	130.085	130.162	129.957	129.984	27480	0	9
2017.07.11	00:00:00	129.945	130.209	129.937	130.089	21898	0	9
2017.07.11	04:00:00	130.088	130.262	129.975	130.219	25310	0	9
2017.07.11	08:00:00	130.219	130.414	130.165	130.272	34812	0	9
2017.07.11	12:00:00	130.273	130.522	130.190	130.316	30890	0	9
2017.07.11	16:00:00	130.316	130.762	130.237	130.345	47666	0	9
2017.07.11	20:00:00	130.346	130.730	130.278	130.626	31153	0	9
2017.07.12	00:00:00	130.621	130.677	130.423	130.463	24539	0	9
2017.07.12	04:00:00	130.463	130.469	130.059	130.244	30694	0	9
2017.07.12	08:00:00	130.243	130.310	129.757	129.963	38545	0	9
2017.07.12	12:00:00	129.963	130.109	129.505	129.558	43845	0	9
2017.07.12	16:00:00	129.556	129.590	129.041	129.280	54516	0	9
2017.07.12	20:00:00	129.280	129.381	129.110	129.111	29559	0	9
2017.07.13	00:00:00	129.087	129.654	129.087	129.403	24008	0	9
2017.07.13	04:00:00	129.403	129.485	129.072	129.301	33245	0	9
2017.07.13	08:00:00	129.300	129.573	128.829	128.972	39913	0	9
2017.07.13	12:00:00	128.972	129.411	128.490	129.385	48384	0	9
2017.07.13	16:00:00	129.384	129.467	128.981	129.068	44241	0	9
2017.07.13	20:00:00	129.066	129.174	129.021	129.110	27564	0	9
2017.07.14	00:00:00	129.052	129.405	129.052	129.379	25621	0	9
2017.07.14	04:00:00	129.378	129.515	129.314	129.330	27789	0	9
2017.07.14	08:00:00	129.330	129.416	129.145	129.216	36751	0	9
2017.07.14	12:00:00	129.218	129.325	128.635	128.729	40253	0	9
2017.07.14	16:00:00	128.730	129.084	128.587	129.022	49386	0	9
2017.07.14	20:00:00	129.025	129.098	128.977	129.012	27157	0	9
2017.07.17	00:00:00	129.006	129.144	128.954	129.019	20507	0	9
2017.07.17	04:00:00	129.019	129.137	128.997	129.071	29707	0	9
2017.07.17	08:00:00	129.070	129.141	128.735	128.905	33626	0	9
2017.07.17	12:00:00	128.904	129.030	128.766	128.961	34986	0	9
2017.07.17	16:00:00	128.960	129.465	128.788	129.313	41038	0	9
2017.07.17	20:00:00	129.315	129.355	129.190	129.263	21008	0	9
2017.07.18	00:00:00	129.220	129.321	129.056	129.108	27068	0	9
2017.07.18	04:00:00	129.109	129.572	129.059	129.186	37419	0	9
2017.07.18	08:00:00	129.188	129.525	129.074	129.427	41173	0	9
2017.07.18	12:00:00	129.425	129.742	129.249	129.266	47049	0	9
2017.07.18	16:00:00	129.267	129.686	129.267	129.557	43669	0	9
2017.07.18	20:00:00	129.559	129.604	129.384	129.442	23036	0	9
2017.07.19	00:00:00	129.442	129.533	129.197	129.308	22209	0	9
2017.07.19	04:00:00	129.309	129.429	129.240	129.269	23882	0	9
2017.07.19	08:00:00	129.270	129.426	129.096	129.137	38356	0	9
2017.07.19	12:00:00	129.137	129.278	128.596	128.656	38267	0	9
2017.07.19	16:00:00	128.654	128.800	128.574	128.687	46753	0	9
2017.07.19	20:00:00	128.687	128.846	128.675	128.828	24771	0	9
2017.07.20	00:00:00	128.855	128.995	128.798	128.852	22244	0	9
2017.07.20	04:00:00	128.852	129.159	128.786	128.989	40108	0	9
2017.07.20	08:00:00	128.989	129.276	128.986	129.235	43701	0	9
2017.07.20	12:00:00	129.235	129.959	128.776	129.755	54233	0	9
2017.07.20	16:00:00	129.754	130.260	129.385	129.999	60236	0	9
2017.07.20	20:00:00	130.012	130.225	129.838	130.115	30003	0	9
2017.07.21	00:00:00	130.098	130.227	130.010	130.203	23871	0	9
2017.07.21	04:00:00	130.203	130.323	130.104	130.158	38873	0	9
2017.07.21	08:00:00	130.156	130.501	130.022	130.181	44411	0	9
2017.07.21	12:00:00	130.182	130.225	129.581	129.595	46318	0	9
2017.07.21	16:00:00	129.597	129.673	129.496	129.584	44969	0	9
2017.07.21	20:00:00	129.585	129.769	129.544	129.588	28982	0	9
2017.07.24	00:00:00	129.567	129.758	129.312	129.441	22781	0	9
2017.07.24	04:00:00	129.441	129.602	129.304	129.582	27400	0	9
2017.07.24	08:00:00	129.582	129.704	128.867	129.006	43939	0	9
2017.07.24	12:00:00	129.006	129.174	128.908	129.167	37551	0	9
2017.07.24	16:00:00	129.167	129.487	129.009	129.417	37938	0	9
2017.07.24	20:00:00	129.415	129.452	129.327	129.348	24617	0	9
2017.07.25	00:00:00	129.348	129.567	129.298	129.498	31727	0	9
2017.07.25	04:00:00	129.500	129.548	129.370	129.433	32388	0	9
2017.07.25	08:00:00	129.433	129.773	129.249	129.652	40386	0	9
2017.07.25	12:00:00	129.653	130.401	129.631	130.369	40930	0	9
2017.07.25	16:00:00	130.369	130.582	129.973	130.090	45011	0	9
2017.07.25	20:00:00	130.092	130.391	130.029	130.374	25276	0	9
2017.07.26	00:00:00	130.289	130.497	130.230	130.279	21451	0	9
2017.07.26	04:00:00	130.280	130.434	130.232	130.235	33449	0	9
2017.07.26	08:00:00	130.235	130.319	129.932	130.011	36680	0	9
2017.07.26	12:00:00	130.011	130.281	129.988	130.090	36296	0	9
2017.07.26	16:00:00	130.090	130.458	130.027	130.390	41579	0	9
2017.07.26	20:00:00	130.389	130.603	130.271	130.392	48269	0	9
2017.07.27	00:00:00	130.392	130.553	130.093	130.185	29675	0	9
2017.07.27	04:00:00	130.184	130.480	130.138	130.421	42055	0	9
2017.07.27	08:00:00	130.420	130.493	130.205	130.454	48045	0	9
2017.07.27	12:00:00	130.454	130.582	130.195	130.342	46708	0	9
2017.07.27	16:00:00	130.343	130.467	129.831	129.836	48342	0	9
2017.07.27	20:00:00	129.839	129.975	129.543	129.955	42131	0	9
2017.07.28	00:00:00	129.955	129.981	129.603	129.603	28352	0	9
2017.07.28	04:00:00	129.604	129.892	129.552	129.802	37327	0	9
2017.07.28	08:00:00	129.800	130.250	129.710	130.238	43000	0	9
2017.07.28	12:00:00	130.241	130.402	130.119	130.196	46100	0	9
2017.07.28	16:00:00	130.197	130.364	130.103	130.128	56090	0	9
2017.07.28	20:00:00	130.130	130.217	129.985	130.035	36319	0	9
2017.07.31	00:00:00	129.935	130.070	129.544	129.647	32578	0	9
2017.07.31	04:00:00	129.648	129.768	129.574	129.699	29536	0	9
2017.07.31	08:00:00	129.698	129.955	129.660	129.799	34987	0	9
2017.07.31	12:00:00	129.796	129.932	129.624	129.686	35614	0	9
2017.07.31	16:00:00	129.686	130.573	129.677	130.400	51384	0	9
2017.07.31	20:00:00	130.401	130.567	130.386	130.540	35969	0	9
2017.08.01	00:00:00	130.540	130.578	130.379	130.399	32837	0	9
2017.08.01	04:00:00	130.403	130.536	130.146	130.370	37018	0	9
2017.08.01	08:00:00	130.370	130.484	130.190	130.466	40197	0	9
2017.08.01	12:00:00	130.465	130.596	130.335	130.525	38110	0	9
2017.08.01	16:00:00	130.526	130.565	129.833	130.180	52962	0	9
2017.08.01	20:00:00	130.181	130.423	130.109	130.256	32338	0	9
2017.08.02	00:00:00	130.171	130.481	130.138	130.437	28793	0	9
2017.08.02	04:00:00	130.437	131.179	130.373	131.071	46000	0	9
2017.08.02	08:00:00	131.070	131.398	130.856	131.262	41364	0	9
2017.08.02	12:00:00	131.261	131.285	130.897	131.129	39704	0	9
2017.08.02	16:00:00	131.131	131.138	130.801	131.044	46133	0	9
2017.08.02	20:00:00	131.045	131.361	131.042	131.330	34310	0	9
2017.08.03	00:00:00	131.189	131.330	131.103	131.126	29278	0	9
2017.08.03	04:00:00	131.126	131.251	130.881	131.100	36707	0	9
2017.08.03	08:00:00	131.100	131.200	130.902	131.059	32894	0	9
2017.08.03	12:00:00	131.062	131.107	130.682	130.998	38634	0	9
2017.08.03	16:00:00	130.996	130.999	130.548	130.765	45383	0	9
2017.08.03	20:00:00	130.767	130.808	130.453	130.555	31335	0	9
2017.08.04	00:00:00	130.594	130.710	130.504	130.675	27805	0	9
2017.08.04	04:00:00	130.674	130.844	130.674	130.769	34002	0	9
2017.08.04	08:00:00	130.768	130.878	130.726	130.819	36922	0	9
2017.08.04	12:00:00	130.818	131.111	130.563	131.011	37801	0	9
2017.08.04	16:00:00	131.010	131.073	130.092	130.237	55160	0	9
2017.08.04	20:00:00	130.236	130.414	130.165	130.262	35510	0	9
2017.08.07	00:00:00	130.343	130.618	130.292	130.540	33796	0	9
2017.08.07	04:00:00	130.541	130.620	130.502	130.568	37127	0	9
2017.08.07	08:00:00	130.569	130.866	130.439	130.695	35023	0	9
2017.08.07	12:00:00	130.694	130.828	130.633	130.651	34866	0	9
2017.08.07	16:00:00	130.650	130.756	130.498	130.537	36092	0	9
2017.08.07	20:00:00	130.536	130.639	130.532	130.618	25891	0	9
2017.08.08	00:00:00	130.606	130.746	130.584	130.711	21417	0	9
2017.08.08	04:00:00	130.711	130.821	130.599	130.632	43808	0	9
2017.08.08	08:00:00	130.633	130.639	130.513	130.542	32285	0	9
2017.08.08	12:00:00	130.542	130.594	130.239	130.400	33365	0	9
2017.08.08	16:00:00	130.402	130.428	129.643	129.848	47073	0	9
2017.08.08	20:00:00	129.848	129.918	129.599	129.658	32564	0	9
2017.08.09	00:00:00	129.673	129.714	128.954	129.111	27349	0	9
2017.08.09	04:00:00	129.110	129.179	128.709	129.065	33470	0	9
2017.08.09	08:00:00	129.065	129.363	128.605	128.746	38593	0	9
2017.08.09	12:00:00	128.745	129.103	128.568	128.838	43654	0	9
2017.08.09	16:00:00	128.837	129.320	128.433	129.135	53203	0	9
2017.08.09	20:00:00	129.134	129.428	129.064	129.398	33374	0	9
2017.08.10	00:00:00	129.398	129.522	129.232	129.449	24173	0	9
2017.08.10	04:00:00	129.450	129.550	128.943	129.115	35412	0	9
2017.08.10	08:00:00	129.116	129.175	128.883	128.900	36802	0	9
2017.08.10	12:00:00	128.901	128.907	128.584	128.705	39347	0	9
2017.08.10	16:00:00	128.704	128.824	128.224	128.494	58298	0	9
2017.08.10	20:00:00	128.495	128.741	128.391	128.599	39502	0	9
2017.08.11	00:00:00	128.515	128.599	128.318	128.383	25576	0	9
2017.08.11	04:00:00	128.385	128.456	128.177	128.302	32332	0	9
2017.08.11	08:00:00	128.301	128.490	128.065	128.109	37812	0	9
2017.08.11	12:00:00	128.109	128.925	128.045	128.853	46287	0	9
2017.08.11	16:00:00	128.854	129.155	128.567	128.857	54422	0	9
2017.08.11	20:00:00	128.858	129.109	128.826	129.070	37584	0	9
2017.08.14	00:00:00	129.002	129.310	128.916	129.267	23786	0	9
2017.08.14	04:00:00	129.266	129.644	129.259	129.441	35398	0	9
2017.08.14	08:00:00	129.439	129.647	129.374	129.503	36516	0	9
2017.08.14	12:00:00	129.502	129.555	129.226	129.326	34967	0	9
2017.08.14	16:00:00	129.326	129.371	128.915	129.066	40691	0	9
2017.08.14	20:00:00	129.066	129.298	129.055	129.234	31533	0	9
2017.08.15	00:00:00	129.234	129.838	129.067	129.791	37430	0	9
2017.08.15	04:00:00	129.789	129.923	129.763	129.854	37027	0	9
2017.08.15	08:00:00	129.855	130.030	129.479	129.768	43388	0	9
2017.08.15	12:00:00	129.769	129.893	129.464	129.567	44102	0	9
2017.08.15	16:00:00	129.567	129.723	129.411	129.647	48563	0	9
2017.08.15	20:00:00	129.644	129.891	129.596	129.883	34231	0	9
2017.08.16	00:00:00	129.874	129.992	129.744	129.953	29149	0	9
2017.08.16	04:00:00	129.955	130.002	129.834	129.952	31403	0	9
2017.08.16	08:00:00	129.950	130.392	129.605	130.038	42904	0	9
2017.08.16	12:00:00	130.041	130.184	129.609	129.681	37801	0	9
2017.08.16	16:00:00	129.682	129.746	129.513	129.580	40044	0	9
2017.08.16	20:00:00	129.581	129.761	129.559	129.665	42100	0	9
2017.08.17	00:00:00	129.665	129.701	129.292	129.301	37316	0	9
2017.08.17	04:00:00	129.302	129.482	129.129	129.415	33343	0	9
2017.08.17	08:00:00	129.414	129.455	129.029	129.092	39779	0	9
2017.08.17	12:00:00	129.093	129.132	128.536	128.915	48988	0	9
2017.08.17	16:00:00	128.918	129.149	128.679	128.880	57103	0	9
2017.08.17	20:00:00	128.879	128.993	128.365	128.458	37730	0	9
2017.08.18	00:00:00	128.458	128.458	127.988	128.333	32992	0	9
2017.08.18	04:00:00	128.332	128.461	128.222	128.278	29799	0	9
2017.08.18	08:00:00	128.278	128.425	127.817	128.040	43155	0	9
2017.08.18	12:00:00	128.036	128.315	127.864	127.898	39583	0	9
2017.08.18	16:00:00	127.898	128.785	127.555	128.605	65600	0	9
2017.08.18	20:00:00	128.604	128.674	128.374	128.407	36436	0	9
2017.08.21	00:00:00	128.521	128.607	128.347	128.477	20620	0	9
2017.08.21	04:00:00	128.477	128.519	128.334	128.349	31581	0	9
2017.08.21	08:00:00	128.348	128.419	127.829	128.040	34247	0	9
2017.08.21	12:00:00	128.040	128.388	127.942	128.316	31353	0	9
2017.08.21	16:00:00	128.314	128.731	128.209	128.680	46589	0	9
2017.08.21	20:00:00	128.679	128.781	128.448	128.756	30090	0	9
2017.08.22	00:00:00	128.722	128.994	128.626	128.936	22528	0	9
2017.08.22	04:00:00	128.935	129.178	128.935	129.001	23499	0	9
2017.08.22	08:00:00	129.001	129.047	128.621	128.634	31191	0	9
2017.08.22	12:00:00	128.639	128.776	128.324	128.579	37057	0	9
2017.08.22	16:00:00	128.577	128.775	128.425	128.768	38803	0	9
2017.08.22	20:00:00	128.769	128.896	128.630	128.861	23778	0	9
2017.08.23	00:00:00	128.861	129.120	128.828	128.873	25183	0	9
2017.08.23	04:00:00	128.868	128.986	128.646	128.704	28139	0	9
2017.08.23	08:00:00	128.705	129.030	128.481	129.018	34489	0	9
2017.08.23	12:00:00	129.019	129.055	128.636	128.693	33904	0	9
2017.08.23	16:00:00	128.698	128.975	128.623	128.827	39867	0	9
2017.08.23	20:00:00	128.828	129.030	128.690	128.750	32669	0	9
2017.08.24	00:00:00	128.750	128.960	128.536	128.946	36605	0	9
2017.08.24	04:00:00	128.945	128.949	128.785	128.836	27956	0	9
2017.08.24	08:00:00	128.837	128.997	128.694	128.903	32919	0	9
2017.08.24	12:00:00	128.902	129.183	128.811	129.080	37758	0	9
2017.08.24	16:00:00	129.080	129.131	128.788	129.037	47243	0	9
2017.08.24	20:00:00	129.037	129.358	129.037	129.298	26755	0	9
2017.08.25	00:00:00	129.269	129.498	129.164	129.430	32729	0	9
2017.08.25	04:00:00	129.429	129.454	129.233	129.280	26000	0	9
2017.08.25	08:00:00	129.277	129.386	129.107	129.335	32688	0	9
2017.08.25	12:00:00	129.334	129.678	129.266	129.549	37388	0	9
2017.08.25	16:00:00	129.551	129.818	129.400	129.810	54758	0	9
2017.08.25	20:00:00	129.813	130.426	129.637	130.117	38333	0	9
2017.08.28	00:00:00	130.384	130.705	130.111	130.215	27636	0	9
2017.08.28	04:00:00	130.215	130.229	129.978	130.084	30289	0	9
2017.08.28	08:00:00	130.085	130.304	130.037	130.267	30482	0	9
2017.08.28	12:00:00	130.267	130.516	130.243	130.478	26606	0	9
2017.08.28	16:00:00	130.479	130.858	130.372	130.776	40765	0	9
2017.08.28	20:00:00	130.780	130.969	130.593	130.864	24645	0	9
2017.08.29	00:00:00	130.833	130.864	129.651	130.251	45775	0	9
2017.08.29	04:00:00	130.250	130.308	130.042	130.292	25511	0	9
2017.08.29	08:00:00	130.292	130.884	130.278	130.812	46704	0	9
2017.08.29	12:00:00	130.812	130.927	130.543	130.557	41723	0	9
2017.08.29	16:00:00	130.556	131.249	130.449	131.162	49365	0	9
2017.08.29	20:00:00	131.163	131.618	131.036	131.325	35829	0	9
2017.08.30	00:00:00	131.325	131.633	131.117	131.511	25672	0	9
2017.08.30	04:00:00	131.511	131.547	131.375	131.413	26495	0	9
2017.08.30	08:00:00	131.413	131.701	131.247	131.291	41519	0	9
2017.08.30	12:00:00	131.291	131.459	131.140	131.391	34160	0	9
2017.08.30	16:00:00	131.390	131.481	131.144	131.294	39625	0	9
2017.08.30	20:00:00	131.293	131.380	131.088	131.091	26382	0	9
2017.08.31	00:00:00	131.091	131.435	131.056	131.287	32867	0	9
2017.08.31	04:00:00	131.289	131.363	131.203	131.229	30071	0	9
2017.08.31	08:00:00	131.233	131.487	131.180	131.470	34485	0	9
2017.08.31	12:00:00	131.467	131.580	130.796	130.842	40736	0	9
2017.08.31	16:00:00	130.841	130.963	130.700	130.854	49492	0	9
2017.08.31	20:00:00	130.855	131.065	130.770	130.894	33760	0	9
2017.09.01	00:00:00	130.926	131.182	130.894	131.126	26869	0	9
2017.09.01	04:00:00	131.124	131.141	130.872	130.904	18480	0	9
2017.09.01	08:00:00	130.904	131.092	130.850	130.922	27695	0	9
2017.09.01	12:00:00	130.924	131.340	130.751	130.948	43141	0	9
2017.09.01	16:00:00	130.946	131.045	130.656	130.759	51949	0	9
2017.09.01	20:00:00	130.757	130.924	130.744	130.790	32486	0	9
2017.09.04	00:00:00	130.185	130.624	130.128	130.410	25888	0	9
2017.09.04	04:00:00	130.412	130.514	130.375	130.469	22107	0	9
2017.09.04	08:00:00	130.469	130.562	130.101	130.498	34336	0	9
2017.09.04	12:00:00	130.498	130.704	130.425	130.482	24087	0	9
2017.09.04	16:00:00	130.481	130.665	130.381	130.420	25005	0	9
2017.09.04	20:00:00	130.415	130.563	130.355	130.444	30838	0	9
2017.09.05	00:00:00	130.444	130.635	130.352	130.385	18073	0	9
2017.09.05	04:00:00	130.385	130.385	130.014	130.181	42726	0	9
2017.09.05	08:00:00	130.180	130.256	129.859	130.039	36530	0	9
2017.09.05	12:00:00	130.039	130.156	129.839	129.923	36138	0	9
2017.09.05	16:00:00	129.926	130.038	129.426	129.440	50797	0	9
2017.09.05	20:00:00	129.441	129.696	129.378	129.612	34682	0	9
2017.09.06	00:00:00	129.612	129.638	129.361	129.523	28432	0	9
2017.09.06	04:00:00	129.523	129.596	129.379	129.496	33295	0	9
2017.09.06	08:00:00	129.496	129.886	129.417	129.810	31498	0	9
2017.09.06	12:00:00	129.809	130.004	129.562	129.885	35447	0	9
2017.09.06	16:00:00	129.882	130.185	129.668	130.161	50063	0	9
2017.09.06	20:00:00	130.161	130.395	130.152	130.241	30066	0	9
2017.09.07	00:00:00	130.241	130.273	129.940	130.118	23209	0	9
2017.09.07	04:00:00	130.119	130.195	129.994	130.040	23459	0	9
2017.09.07	08:00:00	130.039	130.408	129.968	130.278	35526	0	9
2017.09.07	12:00:00	130.279	131.092	129.940	130.922	47187	0	9
2017.09.07	16:00:00	130.921	131.066	129.907	130.076	64036	0	9
2017.09.07	20:00:00	130.078	130.491	130.078	130.491	29332	0	9
2017.09.08	00:00:00	130.491	130.491	130.132	130.357	27047	0	9
2017.09.08	04:00:00	130.358	130.662	130.287	130.431	35512	0	9
2017.09.08	08:00:00	130.424	130.439	129.635	129.911	53761	0	9
2017.09.08	12:00:00	129.912	129.952	129.462	129.692	44082	0	9
2017.09.08	16:00:00	129.694	129.916	129.625	129.722	49270	0	9
2017.09.08	20:00:00	129.724	129.782	129.492	129.541	28324	0	9
2017.09.11	00:00:00	129.996	130.359	129.981	130.243	27085	0	9
2017.09.11	04:00:00	130.242	130.345	130.110	130.135	27171	0	9
2017.09.11	08:00:00	130.135	130.486	130.078	130.331	36658	0	9
2017.09.11	12:00:00	130.330	130.421	130.262	130.303	34407	0	9
2017.09.11	16:00:00	130.303	130.613	130.262	130.564	41229	0	9
2017.09.11	20:00:00	130.564	130.903	130.558	130.856	28084	0	9
2017.09.12	00:00:00	130.722	130.903	130.667	130.863	24885	0	9
2017.09.12	04:00:00	130.864	130.873	130.663	130.764	16766	1975996000	7
2017.09.12	08:00:00	130.764	131.314	130.744	131.192	34938	0	3
2017.09.12	12:00:00	131.191	131.289	130.913	131.175	40543	0	0
2017.09.12	16:00:00	131.175	131.792	131.174	131.643	48929	0	0
2017.09.12	20:00:00	131.643	131.898	131.584	131.825	30145	0	0
2017.09.13	00:00:00	131.825	132.011	131.709	131.854	22848	0	0
2017.09.13	04:00:00	131.848	131.996	131.799	131.969	25153	0	0
2017.09.13	08:00:00	131.968	131.984	131.734	131.822	31459	0	0
2017.09.13	12:00:00	131.821	131.941	131.670	131.864	30283	0	0
2017.09.13	16:00:00	131.866	131.873	131.457	131.487	49711	0	0
2017.09.13	20:00:00	131.487	131.507	131.250	131.305	28734	0	0
2017.09.14	00:00:00	131.305	131.479	131.271	131.392	19081	0	0
2017.09.14	04:00:00	131.391	131.491	131.141	131.214	30276	0	0
2017.09.14	08:00:00	131.214	131.471	131.103	131.424	30013	0	0
2017.09.14	12:00:00	131.425	131.693	131.252	131.365	46212	0	0
2017.09.14	16:00:00	131.365	131.609	131.358	131.607	48883	0	0
2017.09.14	20:00:00	131.606	131.756	131.151	131.391	29868	0	0
2017.09.15	00:00:00	131.375	131.427	130.609	131.231	37473	0	0
2017.09.15	04:00:00	131.232	131.497	131.162	131.456	29292	0	0
2017.09.15	08:00:00	131.456	132.228	131.455	132.082	38284	0	0
2017.09.15	12:00:00	132.080	133.092	132.022	132.566	53440	0	0
2017.09.15	16:00:00	132.568	132.940	132.342	132.365	50290	0	0
2017.09.15	20:00:00	132.364	132.613	132.274	132.405	25860	0	0
2017.09.18	00:00:00	132.410	132.842	132.406	132.841	17026	0	0
2017.09.18	04:00:00	132.842	132.926	132.723	132.741	24515	0	0
2017.09.18	08:00:00	132.739	133.116	132.631	132.922	36734	0	0
2017.09.18	12:00:00	132.919	133.331	132.863	133.274	36950	0	0
2017.09.18	16:00:00	133.275	133.429	132.946	133.126	44433	0	0
2017.09.18	20:00:00	133.126	133.424	133.104	133.353	33155	0	0
2017.09.19	00:00:00	133.319	133.414	133.232	133.331	27230	0	0
2017.09.19	04:00:00	133.329	133.757	133.309	133.681	36039	0	0
2017.09.19	08:00:00	133.681	134.173	133.617	133.691	45401	0	0
2017.09.19	12:00:00	133.690	133.915	133.352	133.535	44601	0	0
2017.09.19	16:00:00	133.533	133.825	133.266	133.807	45730	0	0
2017.09.19	20:00:00	133.806	133.899	133.636	133.834	26938	0	0
2017.09.20	00:00:00	133.834	133.874	133.729	133.776	18970	0	0
2017.09.20	04:00:00	133.775	134.024	133.762	133.820	26491	0	0
2017.09.20	08:00:00	133.818	133.946	133.639	133.707	30125	0	0
2017.09.20	12:00:00	133.707	133.763	133.510	133.622	31381	0	0
2017.09.20	16:00:00	133.622	133.807	133.560	133.716	37134	0	0
2017.09.20	20:00:00	133.718	134.093	133.251	133.451	66671	0	0
2017.09.21	00:00:00	133.422	133.755	133.402	133.602	32381	0	0
2017.09.21	04:00:00	133.604	133.719	133.510	133.616	32777	0	0
2017.09.21	08:00:00	133.616	134.068	133.550	133.801	40731	0	0
2017.09.21	12:00:00	133.801	134.023	133.767	133.887	33028	0	0
2017.09.21	16:00:00	133.887	134.251	133.736	134.154	49029	0	0
2017.09.21	20:00:00	134.152	134.378	134.145	134.273	24672	0	0
2017.09.22	00:00:00	134.273	134.387	134.017	134.051	17384	0	1
2017.09.22	04:00:00	134.049	134.083	133.500	133.721	35640	0	0
2017.09.22	08:00:00	133.722	134.405	133.712	134.340	38022	0	0
2017.09.22	12:00:00	134.341	134.383	133.963	134.124	35955	0	0
2017.09.22	16:00:00	134.123	134.142	133.838	133.911	44608	0	0
2017.09.22	20:00:00	133.911	133.949	133.775	133.777	24687	0	0
2017.09.25	00:00:00	133.522	134.237	133.492	134.138	22663	0	0
2017.09.25	04:00:00	134.137	134.176	133.795	133.949	27207	0	0
2017.09.25	08:00:00	133.949	134.009	133.458	133.481	36612	0	0
2017.09.25	12:00:00	133.480	133.485	133.036	133.243	41597	0	0
2017.09.25	16:00:00	133.241	133.458	131.917	132.150	58154	0	0
2017.09.25	20:00:00	132.148	132.387	132.114	132.357	30733	0	0
2017.09.26	00:00:00	132.357	132.521	132.234	132.301	24524	0	0
2017.09.26	04:00:00	132.300	132.491	132.187	132.216	25297	0	0
2017.09.26	08:00:00	132.217	132.334	131.885	132.035	37894	0	0
2017.09.26	12:00:00	132.034	132.263	131.747	132.224	38720	0	0
2017.09.26	16:00:00	132.226	132.359	131.956	132.285	51727	0	0
2017.09.26	20:00:00	132.279	132.596	132.235	132.340	40652	0	0
2017.09.27	00:00:00	132.340	132.565	132.314	132.515	22443	0	0
2017.09.27	04:00:00	132.513	132.567	132.311	132.367	27791	0	0
2017.09.27	08:00:00	132.369	132.634	132.322	132.500	44274	0	0
2017.09.27	12:00:00	132.498	132.731	132.482	132.670	39511	0	0
2017.09.27	16:00:00	132.670	132.745	132.088	132.427	57185	0	0
2017.09.27	20:00:00	132.425	132.664	132.388	132.505	36454	0	0
2017.09.28	00:00:00	132.505	132.653	132.419	132.602	21665	0	0
2017.09.28	04:00:00	132.602	132.678	132.322	132.630	31228	0	0
2017.09.28	08:00:00	132.633	132.805	132.509	132.703	47094	0	0
2017.09.28	12:00:00	132.706	132.806	132.519	132.666	32418	0	0
2017.09.28	16:00:00	132.667	132.884	132.500	132.513	44233	0	0
2017.09.28	20:00:00	132.512	132.595	132.289	132.400	26450	0	0
2017.09.29	00:00:00	132.400	132.814	132.298	132.710	20907	0	0
2017.09.29	04:00:00	132.710	132.742	132.580	132.662	19559	0	0
2017.09.29	08:00:00	132.664	132.883	132.587	132.796	27258	0	0
2017.09.29	12:00:00	132.798	132.922	132.649	132.821	25446	0	0
2017.09.29	16:00:00	132.822	133.113	132.766	132.929	39298	0	0
2017.09.29	20:00:00	132.928	133.068	132.783	132.832	21808	0	0
2017.10.02	00:00:00	132.699	133.073	132.698	132.999	17728	0	0
2017.10.02	04:00:00	133.003	133.040	132.825	132.861	22576	0	0
2017.10.02	08:00:00	132.866	132.884	132.439	132.484	31484	0	0
2017.10.02	12:00:00	132.479	132.582	132.317	132.413	27255	0	0
2017.10.02	16:00:00	132.407	132.537	132.190	132.329	35330	0	0
2017.10.02	20:00:00	132.328	132.365	132.218	132.286	19212	0	0
2017.10.03	00:00:00	132.286	132.448	132.186	132.370	24383	0	0
2017.10.03	04:00:00	132.370	132.480	132.235	132.451	27188	0	0
2017.10.03	08:00:00	132.452	132.857	132.347	132.710	30234	0	0
2017.10.03	12:00:00	132.711	132.885	132.628	132.845	23477	0	0
2017.10.03	16:00:00	132.844	132.879	132.522	132.615	26213	0	0
2017.10.03	20:00:00	132.616	132.694	132.513	132.515	16314	0	0
2017.10.04	00:00:00	132.515	132.611	132.408	132.521	24897	0	0
2017.10.04	04:00:00	132.519	132.633	132.455	132.543	19896	0	1
2017.10.04	08:00:00	132.543	132.555	132.243	132.360	26587	0	0
2017.10.04	12:00:00	132.362	132.506	132.274	132.451	24936	0	0
2017.10.04	16:00:00	132.453	132.835	132.397	132.703	33166	0	0
2017.10.04	20:00:00	132.705	132.710	132.551	132.580	15632	0	0
2017.10.05	00:00:00	132.580	132.729	132.536	132.545	20036	0	1
2017.10.05	04:00:00	132.544	132.601	132.467	132.564	13107	0	0
2017.10.05	08:00:00	132.562	132.773	132.481	132.583	25374	0	0
2017.10.05	12:00:00	132.583	132.585	131.878	131.904	29415	0	0
2017.10.05	16:00:00	131.906	132.162	131.841	132.025	35286	0	0
2017.10.05	20:00:00	132.025	132.122	131.944	132.098	18493	0	0
2017.10.06	00:00:00	132.098	132.179	132.010	132.142	25905	0	0
2017.10.06	04:00:00	132.143	132.199	131.973	132.157	21194	0	0
2017.10.06	08:00:00	132.159	132.229	132.044	132.191	24508	0	0
2017.10.06	12:00:00	132.190	132.534	132.043	132.477	31691	0	0
2017.10.06	16:00:00	132.486	132.768	132.142	132.148	47229	0	0
2017.10.06	20:00:00	132.149	132.263	132.134	132.164	16863	0	0
2017.10.09	00:00:00	132.035	132.254	131.863	132.163	21064	0	0
2017.10.09	04:00:00	132.162	132.253	132.116	132.122	19183	0	0
2017.10.09	08:00:00	132.122	132.263	131.976	132.204	20424	0	0
2017.10.09	12:00:00	132.204	132.415	132.151	132.295	15875	0	0
2017.10.09	16:00:00	132.300	132.495	132.133	132.386	20208	0	0
2017.10.09	20:00:00	132.386	132.436	132.229	132.301	19154	0	0
2017.10.10	00:00:00	132.301	132.529	132.229	132.446	25433	0	0
2017.10.10	04:00:00	132.445	132.706	132.432	132.594	26958	0	0
2017.10.10	08:00:00	132.595	132.750	132.337	132.387	29529	0	0
2017.10.10	12:00:00	132.387	132.651	132.364	132.527	28407	0	0
2017.10.10	16:00:00	132.525	132.568	132.245	132.421	31751	0	0
2017.10.10	20:00:00	132.424	132.868	132.284	132.764	23551	0	0
2017.10.11	00:00:00	132.765	132.800	132.689	132.761	19328	0	0
2017.10.11	04:00:00	132.762	132.900	132.710	132.864	24744	0	0
2017.10.11	08:00:00	132.865	132.971	132.723	132.736	25585	0	0
2017.10.11	12:00:00	132.737	132.832	132.454	132.821	25707	0	0
2017.10.11	16:00:00	132.820	133.216	132.778	133.164	29317	0	0
2017.10.11	20:00:00	133.166	133.494	133.146	133.375	26469	0	0
2017.10.12	00:00:00	133.376	133.485	133.239	133.362	29517	0	0
2017.10.12	04:00:00	133.362	133.490	133.331	133.422	22465	0	0
2017.10.12	08:00:00	133.421	133.423	133.076	133.177	21727	0	0
2017.10.12	12:00:00	133.179	133.273	133.033	133.144	24524	0	0
2017.10.12	16:00:00	133.145	133.171	132.944	132.959	27523	0	0
2017.10.12	20:00:00	132.961	133.006	132.794	132.819	24238	0	0
2017.10.13	00:00:00	132.818	132.928	132.572	132.891	21439	0	0
2017.10.13	04:00:00	132.890	132.936	132.725	132.872	19932	0	0
2017.10.13	08:00:00	132.873	132.876	132.205	132.585	26569	0	0
2017.10.13	12:00:00	132.582	132.725	132.368	132.573	30807	0	0
2017.10.13	16:00:00	132.571	132.716	132.321	132.321	34547	0	0
2017.10.13	20:00:00	132.322	132.347	132.141	132.180	17591	0	0
2017.10.16	00:00:00	132.042	132.387	132.037	132.350	14855	0	0
2017.10.16	04:00:00	132.350	132.381	132.133	132.187	18310	0	0
2017.10.16	08:00:00	132.187	132.202	131.660	131.837	24743	0	0
2017.10.16	12:00:00	131.836	132.063	131.714	132.003	21872	0	0
2017.10.16	16:00:00	132.001	132.074	131.714	131.998	23425	0	0
2017.10.16	20:00:00	131.999	132.374	131.994	132.331	24417	0	0
2017.10.17	00:00:00	132.327	132.371	132.230	132.287	21728	0	0
2017.10.17	04:00:00	132.287	132.292	131.935	132.056	23507	0	0
2017.10.17	08:00:00	132.055	132.144	131.884	131.981	24855	0	0
2017.10.17	12:00:00	132.006	132.192	131.843	132.142	26102	0	0
2017.10.17	16:00:00	132.138	132.141	131.864	131.886	27624	0	0
2017.10.17	20:00:00	131.881	132.100	131.873	132.008	16800	0	0
2017.10.18	00:00:00	132.008	132.170	131.952	132.061	23822	0	0
2017.10.18	04:00:00	132.060	132.131	132.002	132.052	17482	0	1
2017.10.18	08:00:00	132.054	132.383	132.033	132.316	26735	0	0
2017.10.18	12:00:00	132.315	132.838	132.177	132.775	30905	0	0
2017.10.18	16:00:00	132.775	133.165	132.743	133.042	29253	0	0
2017.10.18	20:00:00	133.042	133.280	133.009	133.111	18454	0	0
2017.10.19	00:00:00	133.111	133.428	133.094	133.361	28432	0	0
2017.10.19	04:00:00	133.362	133.396	133.223	133.352	21696	0	0
2017.10.19	08:00:00	133.351	133.624	132.474	132.989	38130	0	0
2017.10.19	12:00:00	132.989	133.203	132.923	133.143	37253	0	0
2017.10.19	16:00:00	133.143	133.394	133.090	133.209	32841	0	0
2017.10.19	20:00:00	133.216	133.437	133.157	133.355	21725	0	0
2017.10.20	00:00:00	133.355	133.571	133.286	133.552	23806	0	0
2017.10.20	04:00:00	133.554	133.853	133.511	133.747	32585	0	0
2017.10.20	08:00:00	133.748	133.931	133.599	133.760	33259	0	0
2017.10.20	12:00:00	133.762	133.961	133.642	133.695	26093	0	0
2017.10.20	16:00:00	133.695	133.835	133.498	133.614	29995	0	0
2017.10.20	20:00:00	133.614	133.747	133.569	133.695	19489	0	0
2017.10.23	00:00:00	133.975	134.124	133.870	133.887	24194	0	0
2017.10.23	04:00:00	133.890	134.022	133.840	133.862	21987	0	0
2017.10.23	08:00:00	133.863	133.897	133.609	133.711	25495	0	0
2017.10.23	12:00:00	133.709	133.811	133.509	133.591	24855	0	0
2017.10.23	16:00:00	133.593	133.686	133.512	133.533	26077	0	0
2017.10.23	20:00:00	133.533	133.564	133.100	133.270	24045	0	0
2017.10.24	00:00:00	133.270	133.341	133.180	133.235	25256	0	0
2017.10.24	04:00:00	133.233	133.381	133.197	133.350	17780	0	0
2017.10.24	08:00:00	133.350	133.756	133.306	133.719	26232	0	0
2017.10.24	12:00:00	133.720	133.991	133.628	133.921	24680	0	0
2017.10.24	16:00:00	133.920	134.190	133.793	133.958	30736	0	0
2017.10.24	20:00:00	133.958	134.040	133.778	133.942	28770	0	0
2017.10.25	00:00:00	133.942	134.104	133.773	133.811	27715	0	0
2017.10.25	04:00:00	133.812	133.966	133.782	133.926	18363	0	0
2017.10.25	08:00:00	133.928	134.344	133.754	134.295	32959	0	0
2017.10.25	12:00:00	134.293	134.492	134.195	134.376	34039	0	0
2017.10.25	16:00:00	134.376	134.499	134.002	134.206	48611	0	0
2017.10.25	20:00:00	134.207	134.420	134.176	134.352	24775	0	0
2017.10.26	00:00:00	134.352	134.378	134.181	134.291	29541	0	0
2017.10.26	04:00:00	134.293	134.311	134.094	134.239	16919	0	0
2017.10.26	08:00:00	134.237	134.491	134.129	134.257	27011	0	0
2017.10.26	12:00:00	134.256	134.280	133.612	133.790	35591	0	0
2017.10.26	16:00:00	133.797	133.962	132.851	132.874	44391	0	0
2017.10.26	20:00:00	132.873	133.138	132.655	132.785	37912	0	0
2017.10.27	00:00:00	132.785	132.937	132.593	132.735	24186	0	1
2017.10.27	04:00:00	132.734	132.861	132.724	132.817	20510	0	0
2017.10.27	08:00:00	132.818	132.950	132.529	132.568	32937	0	0
2017.10.27	12:00:00	132.567	132.710	132.454	132.510	32280	0	0
2017.10.27	16:00:00	132.512	132.546	131.751	132.103	44447	0	0
2017.10.27	20:00:00	132.106	132.129	131.834	131.938	21536	0	0
2017.10.30	00:00:00	131.986	132.096	131.841	131.935	22645	0	1
2017.10.30	04:00:00	131.935	132.023	131.847	131.972	21873	0	0
2017.10.30	08:00:00	131.973	132.254	131.919	132.175	24671	0	0
2017.10.30	12:00:00	132.167	132.285	131.942	131.967	23213	0	0
2017.10.30	16:00:00	131.963	131.973	131.453	131.658	35107	0	0
2017.10.30	20:00:00	131.660	131.929	131.564	131.858	19133	0	0
2017.10.31	00:00:00	131.845	131.887	131.605	131.774	22835	0	0
2017.10.31	04:00:00	131.771	131.810	131.551	131.591	18082	0	0
2017.10.31	08:00:00	131.593	131.791	131.509	131.768	23804	0	0
2017.10.31	12:00:00	131.768	131.990	131.647	131.964	23921	0	0
2017.10.31	16:00:00	131.967	132.558	131.914	132.553	32274	0	0
2017.10.31	20:00:00	132.551	132.566	132.317	132.334	18184	0	0
2017.11.01	00:00:00	132.325	132.593	132.325	132.574	21682	0	0
2017.11.01	04:00:00	132.573	132.604	132.385	132.452	19272	0	0
2017.11.01	08:00:00	132.453	132.761	132.392	132.683	23125	0	0
2017.11.01	12:00:00	132.682	132.837	132.576	132.672	24928	0	0
2017.11.01	16:00:00	132.681	132.722	132.459	132.573	36257	0	0
2017.11.01	20:00:00	132.572	132.782	132.410	132.662	31505	0	0
2017.11.02	00:00:00	132.664	132.856	132.562	132.641	21696	0	0
2017.11.02	04:00:00	132.644	132.843	132.625	132.779	22815	0	0
2017.11.02	08:00:00	132.780	132.879	132.667	132.700	25646	0	0
2017.11.02	12:00:00	132.700	133.148	132.648	132.933	32878	0	0
2017.11.02	16:00:00	132.934	133.133	132.778	132.986	39411	0	0
2017.11.02	20:00:00	132.988	133.046	132.910	132.974	26203	0	0
2017.11.03	00:00:00	132.974	132.996	132.799	132.878	13650	0	0
2017.11.03	04:00:00	132.878	132.963	132.853	132.960	11515	0	0
2017.11.03	08:00:00	132.961	132.988	132.778	132.927	18949	0	0
2017.11.03	12:00:00	132.924	132.944	132.608	132.611	34598	0	0
2017.11.03	16:00:00	132.619	132.820	132.532	132.573	37674	0	0
2017.11.03	20:00:00	132.573	132.610	132.380	132.385	14400	0	0
2017.11.06	00:00:00	132.369	133.117	132.367	133.065	26351	0	0
2017.11.06	04:00:00	133.062	133.070	132.617	132.678	24333	0	0
2017.11.06	08:00:00	132.679	132.828	132.296	132.436	28073	0	0
2017.11.06	12:00:00	132.433	132.452	132.191	132.191	21298	0	0
2017.11.06	16:00:00	132.191	132.340	132.006	132.185	29013	0	0
2017.11.06	20:00:00	132.186	132.192	131.993	131.997	18544	0	0
2017.11.07	00:00:00	131.999	132.202	131.997	132.173	26954	0	0
2017.11.07	04:00:00	132.174	132.334	132.147	132.290	17979	0	0
2017.11.07	08:00:00	132.290	132.413	132.099	132.179	27694	0	0
2017.11.07	12:00:00	132.180	132.231	131.860	131.955	26627	0	0
2017.11.07	16:00:00	131.954	132.297	131.844	131.866	36871	0	0
2017.11.07	20:00:00	131.866	132.109	131.836	132.083	22022	0	0
2017.11.08	00:00:00	132.083	132.119	131.801	131.939	29675	0	0
2017.11.08	04:00:00	131.939	132.033	131.887	131.995	15437	0	0
2017.11.08	08:00:00	131.996	132.168	131.819	131.822	26024	0	0
2017.11.08	12:00:00	131.822	131.916	131.396	131.651	26292	0	0
2017.11.08	16:00:00	131.647	131.912	131.599	131.904	29682	0	0
2017.11.08	20:00:00	131.904	132.070	131.834	132.020	18568	0	0
2017.11.09	00:00:00	132.020	132.170	131.941	132.138	21188	0	0
2017.11.09	04:00:00	132.139	132.262	131.633	131.804	26951	0	0
2017.11.09	08:00:00	131.805	131.978	131.517	131.642	28517	0	0
2017.11.09	12:00:00	131.643	132.017	131.593	131.755	33074	0	0
2017.11.09	16:00:00	131.756	132.226	131.719	131.765	48380	0	0
2017.11.09	20:00:00	131.766	132.098	131.692	132.085	25058	0	0
2017.11.10	00:00:00	132.085	132.200	131.952	132.058	25577	0	0
2017.11.10	04:00:00	132.059	132.216	131.953	132.141	17393	0	0
2017.11.10	08:00:00	132.134	132.230	131.993	132.194	31371	0	0
2017.11.10	12:00:00	132.194	132.243	132.017	132.090	24442	0	0
2017.11.10	16:00:00	132.087	132.367	132.074	132.336	33001	0	0
2017.11.10	20:00:00	132.336	132.551	132.334	132.402	15856	0	0
2017.11.13	00:00:00	132.249	132.596	132.235	132.395	26860	0	0
2017.11.13	04:00:00	132.396	132.494	132.311	132.319	14566	0	0
2017.11.13	08:00:00	132.319	132.332	131.964	131.971	29628	0	0
2017.11.13	12:00:00	131.970	132.281	131.930	132.245	22670	0	0
2017.11.13	16:00:00	132.245	132.548	132.126	132.511	27963	0	0
2017.11.13	20:00:00	132.509	132.625	132.439	132.555	12524	0	0
2017.11.14	00:00:00	132.555	132.714	132.481	132.657	19218	0	0
2017.11.14	04:00:00	132.655	132.730	132.593	132.656	12648	0	0
2017.11.14	08:00:00	132.657	133.340	132.567	133.305	28815	0	0
2017.11.14	12:00:00	133.306	133.510	133.176	133.497	28543	0	0
2017.11.14	16:00:00	133.498	133.669	133.166	133.614	37453	0	0
2017.11.14	20:00:00	133.614	133.859	133.595	133.845	25432	0	0
2017.11.15	00:00:00	133.836	133.880	133.465	133.478	26332	0	0
2017.11.15	04:00:00	133.480	133.573	133.301	133.415	20506	0	0
2017.11.15	08:00:00	133.411	133.647	133.322	133.556	36336	0	0
2017.11.15	12:00:00	133.554	133.601	133.349	133.426	34757	0	0
2017.11.15	16:00:00	133.430	133.536	133.153	133.396	43699	0	0
2017.11.15	20:00:00	133.398	133.430	132.967	133.080	29349	0	0
2017.11.16	00:00:00	133.077	133.132	132.796	133.034	26316	0	0
2017.11.16	04:00:00	133.034	133.221	133.030	133.201	19963	0	1
2017.11.16	08:00:00	133.202	133.453	133.152	133.319	33730	0	0
2017.11.16	12:00:00	133.322	133.382	133.055	133.075	28839	0	0
2017.11.16	16:00:00	133.074	133.119	132.755	132.883	33223	0	0
2017.11.16	20:00:00	132.880	133.079	132.869	133.058	16991	0	0
2017.11.17	00:00:00	133.058	133.158	132.910	132.978	27731	0	0
2017.11.17	04:00:00	132.979	132.996	132.807	132.897	27960	0	0
2017.11.17	08:00:00	132.897	132.973	132.613	132.721	31170	0	0
2017.11.17	12:00:00	132.720	132.950	132.648	132.686	26648	0	0
2017.11.17	16:00:00	132.686	132.689	132.050	132.201	40929	0	0
2017.11.17	20:00:00	132.201	132.307	132.141	132.142	23210	0	0
2017.11.20	00:00:00	132.120	132.300	131.167	131.569	39277	0	0
2017.11.20	04:00:00	131.571	131.579	131.279	131.508	23157	0	0
2017.11.20	08:00:00	131.508	132.466	131.401	132.238	38137	0	0
2017.11.20	12:00:00	132.238	132.243	132.029	132.134	25802	0	0
2017.11.20	16:00:00	132.136	132.251	131.887	132.245	33406	0	0
2017.11.20	20:00:00	132.245	132.270	132.067	132.139	19850	0	0
2017.11.21	00:00:00	132.126	132.271	132.037	132.158	16168	0	0
2017.11.21	04:00:00	132.160	132.214	132.041	132.159	13831	0	0
2017.11.21	08:00:00	132.158	132.267	131.689	131.857	27639	0	0
2017.11.21	12:00:00	131.857	132.135	131.799	131.835	24871	0	0
2017.11.21	16:00:00	131.835	132.088	131.574	132.025	31472	0	0
2017.11.21	20:00:00	132.025	132.060	131.875	131.970	18944	0	0
2017.11.22	00:00:00	131.973	132.099	131.530	131.789	22442	0	0
2017.11.22	04:00:00	131.790	131.892	131.719	131.780	14728	0	0
2017.11.22	08:00:00	131.776	131.929	131.679	131.783	26055	0	0
2017.11.22	12:00:00	131.782	131.827	131.470	131.607	24579	0	0
2017.11.22	16:00:00	131.609	131.774	131.506	131.628	31664	0	0
2017.11.22	20:00:00	131.629	131.645	131.431	131.486	23395	0	0
2017.11.23	00:00:00	131.486	131.546	131.228	131.476	16867	0	0
2017.11.23	04:00:00	131.475	131.817	131.438	131.668	17174	0	0
2017.11.23	08:00:00	131.667	131.817	131.478	131.759	21837	0	0
2017.11.23	12:00:00	131.759	131.881	131.656	131.871	17898	0	0
2017.11.23	16:00:00	131.871	131.876	131.674	131.762	13419	0	0
2017.11.23	20:00:00	131.763	131.842	131.716	131.768	32531	0	0
2017.11.24	00:00:00	131.768	131.967	131.702	131.898	13875	0	0
2017.11.24	04:00:00	131.898	132.201	131.852	132.140	12643	0	0
2017.11.24	08:00:00	132.141	132.347	131.938	132.246	22830	0	0
2017.11.24	12:00:00	132.248	132.514	132.146	132.489	21433	0	0
2017.11.24	16:00:00	132.489	133.235	132.475	133.080	28809	0	0
2017.11.24	20:00:00	133.080	133.217	133.000	133.037	16415	0	0
2017.11.27	00:00:00	132.971	133.221	132.780	132.827	26381	0	0
2017.11.27	04:00:00	132.828	132.916	132.710	132.860	23055	0	0
2017.11.27	08:00:00	132.862	132.918	132.693	132.741	30235	0	0
2017.11.27	12:00:00	132.741	132.869	132.534	132.629	24066	0	0
2017.11.27	16:00:00	132.629	132.696	132.094	132.180	35134	0	0
2017.11.27	20:00:00	132.181	132.232	132.078	132.166	14833	0	0
2017.11.28	00:00:00	132.166	132.461	132.099	132.449	21980	0	0
2017.11.28	04:00:00	132.448	132.476	132.295	132.326	16093	0	0
2017.11.28	08:00:00	132.326	132.570	132.201	132.278	29132	0	0
2017.11.28	12:00:00	132.279	132.376	132.181	132.323	24289	0	0
2017.11.28	16:00:00	132.323	132.412	131.930	132.050	35413	0	0
2017.11.28	20:00:00	132.051	132.181	131.720	131.952	36185	0	0
2017.11.29	00:00:00	131.952	132.295	131.870	132.185	25985	0	0
2017.11.29	04:00:00	132.186	132.218	132.027	132.211	18589	0	0
2017.11.29	08:00:00	132.212	132.384	132.124	132.277	26221	0	0
2017.11.29	12:00:00	132.278	132.579	131.992	132.575	28150	0	0
2017.11.29	16:00:00	132.573	132.746	132.422	132.638	42163	0	0
2017.11.29	20:00:00	132.637	132.795	132.400	132.587	23739	0	0
2017.11.30	00:00:00	132.587	132.949	132.520	132.896	24476	0	0
2017.11.30	04:00:00	132.896	133.064	132.820	133.021	18232	0	0
2017.11.30	08:00:00	133.021	133.309	132.885	132.885	26744	0	0
2017.11.30	12:00:00	132.885	133.246	132.650	133.141	27796	0	0
2017.11.30	16:00:00	133.139	133.827	133.138	133.792	43940	0	0
2017.11.30	20:00:00	133.788	134.144	133.775	133.951	29193	0	0
2017.12.01	00:00:00	133.951	134.039	133.803	133.850	23860	0	0
2017.12.01	04:00:00	133.850	134.294	133.837	134.233	20983	0	0
2017.12.01	08:00:00	134.237	134.382	133.801	133.836	32601	0	0
2017.12.01	12:00:00	133.837	133.942	133.462	133.817	34476	0	0
2017.12.01	16:00:00	133.814	133.911	132.909	133.357	66092	0	0
2017.12.01	20:00:00	133.355	133.536	133.188	133.386	26592	0	0
2017.12.04	00:00:00	133.721	134.014	133.640	133.816	38029	0	0
2017.12.04	04:00:00	133.815	133.942	133.770	133.878	23928	0	0
2017.12.04	08:00:00	133.880	134.051	133.718	133.820	44888	0	0
2017.12.04	12:00:00	133.815	133.969	133.718	133.812	32973	0	0
2017.12.04	16:00:00	133.812	133.861	133.492	133.645	46498	0	0
2017.12.04	20:00:00	133.644	133.669	133.266	133.362	30299	0	0
2017.12.05	00:00:00	133.362	133.587	133.274	133.527	20758	0	0
2017.12.05	04:00:00	133.527	133.712	133.494	133.609	16592	0	0
2017.12.05	08:00:00	133.607	133.745	133.228	133.368	27784	0	0
2017.12.05	12:00:00	133.364	133.542	133.242	133.254	29248	0	0
2017.12.05	16:00:00	133.253	133.500	133.050	133.067	51999	0	0
2017.12.05	20:00:00	133.068	133.207	133.009	133.122	30434	0	0
2017.12.06	00:00:00	133.122	133.211	132.882	133.000	29023	0	0
2017.12.06	04:00:00	133.001	133.004	132.693	132.745	29291	0	0
2017.12.06	08:00:00	132.746	132.854	132.418	132.602	34497	0	0
2017.12.06	12:00:00	132.603	132.688	132.406	132.475	32402	0	0
2017.12.06	16:00:00	132.474	132.555	132.261	132.364	42196	0	0
2017.12.06	20:00:00	132.362	132.465	132.291	132.437	20966	0	0
2017.12.07	00:00:00	132.436	132.697	132.192	132.678	23499	0	0
2017.12.07	04:00:00	132.680	132.741	132.599	132.676	18964	0	0
2017.12.07	08:00:00	132.674	132.903	132.654	132.810	26666	0	0
2017.12.07	12:00:00	132.810	132.958	132.708	132.842	29769	0	0
2017.12.07	16:00:00	132.843	133.056	132.788	133.039	36477	0	0
2017.12.07	20:00:00	133.039	133.285	133.005	133.123	33791	0	0
2017.12.08	00:00:00	133.114	133.363	133.108	133.358	23325	0	0
2017.12.08	04:00:00	133.358	133.407	133.290	133.404	19232	0	0
2017.12.08	08:00:00	133.403	133.456	133.198	133.283	31508	0	0
2017.12.08	12:00:00	133.283	133.340	133.047	133.314	31428	0	0
2017.12.08	16:00:00	133.313	133.610	133.114	133.452	39904	0	0
2017.12.08	20:00:00	133.452	133.604	133.448	133.592	18801	0	0
2017.12.11	00:00:00	133.576	133.885	133.529	133.799	32903	0	0
2017.12.11	04:00:00	133.802	133.849	133.712	133.767	19591	0	0
2017.12.11	08:00:00	133.769	133.838	133.560	133.739	31293	0	0
2017.12.11	12:00:00	133.739	133.836	133.535	133.573	23901	0	0
2017.12.11	16:00:00	133.574	133.854	133.546	133.762	29574	0	0
2017.12.11	20:00:00	133.763	133.829	133.556	133.630	16543	0	0
2017.12.12	00:00:00	133.630	133.741	133.520	133.525	16557	0	0
2017.12.12	04:00:00	133.526	133.621	133.471	133.571	12689	0	0
2017.12.12	08:00:00	133.572	133.759	133.530	133.684	24615	0	0
2017.12.12	12:00:00	133.686	133.717	133.356	133.361	22858	0	0
2017.12.12	16:00:00	133.362	133.476	133.005	133.211	37067	0	0
2017.12.12	20:00:00	133.212	133.384	133.144	133.313	23192	0	0
2017.12.13	00:00:00	133.313	133.357	133.195	133.266	16431	0	0
2017.12.13	04:00:00	133.266	133.328	133.049	133.204	20881	0	0
2017.12.13	08:00:00	133.204	133.336	133.043	133.232	19858	0	0
2017.12.13	12:00:00	133.235	133.287	132.847	132.931	30372	0	0
2017.12.13	16:00:00	132.932	133.176	132.881	133.073	35352	0	0
2017.12.13	20:00:00	133.071	133.170	132.840	133.089	44495	0	0
2017.12.14	00:00:00	133.089	133.509	133.054	133.351	24500	0	0
2017.12.14	04:00:00	133.352	133.393	133.135	133.135	18455	0	0
2017.12.14	08:00:00	133.136	133.478	133.130	133.292	29698	0	0
2017.12.14	12:00:00	133.292	133.755	133.213	133.291	38256	0	0
2017.12.14	16:00:00	133.293	133.326	132.419	132.445	43551	0	0
2017.12.14	20:00:00	132.444	132.458	132.236	132.353	30018	0	0
2017.12.15	00:00:00	132.343	132.470	132.169	132.268	27403	0	0
2017.12.15	04:00:00	132.269	132.421	132.162	132.275	21850	0	0
2017.12.15	08:00:00	132.275	132.325	132.054	132.309	27203	0	0
2017.12.15	12:00:00	132.308	132.532	132.281	132.417	28730	0	0
2017.12.15	16:00:00	132.418	132.730	132.244	132.574	42854	0	0
2017.12.15	20:00:00	132.579	132.585	132.289	132.308	22437	0	0
2017.12.18	00:00:00	132.381	132.555	132.107	132.425	43093	0	3
2017.12.18	04:00:00	132.424	132.566	132.403	132.497	25393	0	3
2017.12.18	08:00:00	132.498	132.866	132.493	132.793	39984	0	3
2017.12.18	12:00:00	132.792	132.872	132.629	132.697	31880	0	3
2017.12.18	16:00:00	132.696	133.008	132.584	132.609	42941	0	3
2017.12.18	20:00:00	132.609	132.725	132.550	132.580	26140	0	3
2017.12.19	00:00:00	132.580	132.742	132.557	132.681	23224	0	3
2017.12.19	04:00:00	132.682	132.834	132.651	132.768	15806	0	3
2017.12.19	08:00:00	132.771	133.046	132.696	132.958	32728	0	3
2017.12.19	12:00:00	132.958	133.434	132.891	133.398	36514	0	3
2017.12.19	16:00:00	133.397	133.728	133.162	133.716	57347	0	3
2017.12.19	20:00:00	133.716	133.919	133.613	133.637	32655	0	3
2017.12.20	00:00:00	133.637	133.797	133.591	133.699	18979	0	3
2017.12.20	04:00:00	133.698	133.899	133.658	133.808	23938	0	3
2017.12.20	08:00:00	133.808	134.109	133.657	133.943	39182	0	3
2017.12.20	12:00:00	133.942	134.217	133.900	134.172	37586	0	3
2017.12.20	16:00:00	134.172	134.748	134.097	134.586	57116	0	3
2017.12.20	20:00:00	134.587	134.775	134.583	134.609	28691	0	3
2017.12.21	00:00:00	134.609	134.655	134.453	134.514	24105	0	3
2017.12.21	04:00:00	134.515	134.698	134.506	134.571	21614	0	3
2017.12.21	08:00:00	134.570	134.879	134.532	134.817	40356	0	3
2017.12.21	12:00:00	134.817	134.872	134.459	134.461	36796	0	3
2017.12.21	16:00:00	134.461	134.711	134.443	134.646	42979	0	3
2017.12.21	20:00:00	134.647	134.654	134.511	134.584	29657	0	3
2017.12.22	00:00:00	134.584	134.596	133.901	134.185	42029	0	3
2017.12.22	04:00:00	134.184	134.289	134.160	134.261	17962	0	3
2017.12.22	08:00:00	134.262	134.502	134.240	134.287	42472	0	3
2017.12.22	12:00:00	134.288	134.412	134.242	134.396	36158	0	3
2017.12.22	16:00:00	134.396	134.408	134.076	134.238	40085	0	3
2017.12.22	20:00:00	134.242	134.401	134.198	134.400	39864	0	3
2017.12.26	04:00:00	134.468	134.484	134.443	134.483	4263	0	8
2017.12.26	08:00:00	134.475	134.554	134.345	134.380	39593	0	3
2017.12.26	12:00:00	134.381	134.390	134.222	134.285	39337	0	3
2017.12.26	16:00:00	134.285	134.509	134.267	134.354	38086	0	3
2017.12.26	20:00:00	134.353	134.368	134.202	134.253	35012	0	3
2017.12.27	00:00:00	134.259	134.479	134.162	134.388	29523	0	3
2017.12.27	04:00:00	134.389	134.485	134.328	134.455	32499	0	3
2017.12.27	08:00:00	134.455	134.568	134.296	134.539	37940	0	3
2017.12.27	12:00:00	134.540	134.764	134.507	134.739	44359	0	3
2017.12.27	16:00:00	134.740	134.970	134.677	134.839	40137	0	3
2017.12.27	20:00:00	134.843	134.866	134.690	134.708	38669	0	3
2017.12.28	00:00:00	134.708	134.842	134.510	134.818	26599	0	3
2017.12.28	04:00:00	134.817	134.820	134.575	134.579	24163	0	3
2017.12.28	08:00:00	134.581	134.763	134.459	134.710	26459	0	3
2017.12.28	12:00:00	134.709	134.831	134.582	134.831	28819	0	3
2017.12.28	16:00:00	134.831	134.959	134.720	134.913	40466	0	3
2017.12.28	20:00:00	134.914	134.978	134.766	134.824	22595	0	3
2017.12.29	00:00:00	134.824	134.930	134.605	134.665	37308	0	3
2017.12.29	04:00:00	134.664	134.739	134.541	134.674	17080	0	3
2017.12.29	08:00:00	134.675	134.954	134.655	134.925	34819	0	3
2017.12.29	12:00:00	134.926	135.070	134.750	134.936	36880	0	3
2017.12.29	16:00:00	134.937	135.515	134.885	135.355	45070	0	3
2017.12.29	20:00:00	135.353	135.434	135.115	135.189	29737	0	3
2018.01.02	00:00:00	135.220	135.523	135.128	135.438	9076	0	22
2018.01.02	04:00:00	135.440	135.506	135.335	135.506	11368	0	9
2018.01.02	08:00:00	135.511	135.632	135.334	135.498	45323	0	3
2018.01.02	12:00:00	135.500	135.558	135.201	135.203	44490	0	3
2018.01.02	16:00:00	135.203	135.304	134.935	135.249	52803	0	3
2018.01.02	20:00:00	135.249	135.458	135.229	135.365	20670	0	3
2018.01.03	00:00:00	135.371	135.505	135.142	135.374	39900	0	3
2018.01.03	04:00:00	135.374	135.421	135.278	135.387	19614	0	3
2018.01.03	08:00:00	135.386	135.403	135.145	135.185	37793	0	3
2018.01.03	12:00:00	135.185	135.201	134.803	135.040	38202	0	3
2018.01.03	16:00:00	135.040	135.157	134.834	135.102	38597	0	3
2018.01.03	20:00:00	135.103	135.245	135.048	135.151	32050	0	3
2018.01.04	00:00:00	135.150	135.437	135.000	135.368	33977	0	3
2018.01.04	04:00:00	135.368	135.442	135.345	135.413	30857	0	3
2018.01.04	08:00:00	135.414	135.588	135.334	135.546	37466	0	3
2018.01.04	12:00:00	135.546	136.215	135.541	136.100	42180	0	3
2018.01.04	16:00:00	136.102	136.366	135.998	136.164	46128	0	3
2018.01.04	20:00:00	136.165	136.238	136.005	136.050	24865	0	3
2018.01.05	00:00:00	136.054	136.241	135.991	136.149	27959	0	3
2018.01.05	04:00:00	136.148	136.425	136.078	136.413	29910	0	3
2018.01.05	08:00:00	136.413	136.522	136.315	136.390	40367	0	3
2018.01.05	12:00:00	136.388	136.635	136.227	136.449	43995	0	3
2018.01.05	16:00:00	136.449	136.449	136.109	136.333	51903	0	3
2018.01.05	20:00:00	136.332	136.358	135.980	136.025	20914	0	3
2018.01.08	00:00:00	136.058	136.322	135.998	136.258	22860	0	1
2018.01.08	04:00:00	136.259	136.272	136.042	136.097	20667	0	1
2018.01.08	08:00:00	136.098	136.117	135.610	135.677	35913	0	1
2018.01.08	12:00:00	135.677	135.811	135.153	135.176	36253	0	1
2018.01.08	16:00:00	135.177	135.483	135.126	135.439	39063	0	1
2018.01.08	20:00:00	135.440	135.441	135.155	135.307	21299	0	1
2018.01.09	00:00:00	135.315	135.473	134.751	134.822	47469	0	1
2018.01.09	04:00:00	134.822	134.868	134.677	134.844	42609	0	1
2018.01.09	08:00:00	134.843	135.016	134.648	134.758	50750	0	1
2018.01.09	12:00:00	134.757	134.768	134.232	134.268	39932	0	1
2018.01.09	16:00:00	134.268	134.503	134.050	134.207	46886	0	1
2018.01.09	20:00:00	134.208	134.471	134.192	134.428	22743	0	1
2018.01.10	00:00:00	134.428	134.555	133.973	133.994	32346	0	1
2018.01.10	04:00:00	133.994	134.167	133.986	134.018	33332	0	1
2018.01.10	08:00:00	134.018	134.062	133.415	133.425	58034	0	1
2018.01.10	12:00:00	133.425	133.839	133.316	133.835	81154	0	1
2018.01.10	16:00:00	133.835	133.902	133.252	133.340	57174	0	1
2018.01.10	20:00:00	133.339	133.376	133.077	133.105	33915	0	1
2018.01.11	00:00:00	133.105	133.494	133.045	133.468	34791	0	1
2018.01.11	04:00:00	133.468	133.637	133.399	133.637	42845	0	1
2018.01.11	08:00:00	133.637	133.652	133.253	133.363	51059	0	1
2018.01.11	12:00:00	133.362	134.344	133.248	134.191	71384	0	1
2018.01.11	16:00:00	134.192	134.350	133.960	134.032	57045	0	1
2018.01.11	20:00:00	134.033	134.043	133.666	133.816	28220	0	1
2018.01.12	00:00:00	133.816	134.152	133.778	134.102	35609	0	1
2018.01.12	04:00:00	134.101	134.101	133.942	133.983	27206	0	1
2018.01.12	08:00:00	133.982	134.809	133.941	134.720	66212	0	1
2018.01.12	12:00:00	134.720	135.365	134.579	135.299	57379	0	1
2018.01.12	16:00:00	135.298	135.367	134.825	134.975	72143	0	1
2018.01.12	20:00:00	134.976	135.549	134.890	135.499	41702	0	1
2018.01.15	00:00:00	135.437	135.661	135.043	135.081	48977	0	1
2018.01.15	04:00:00	135.081	135.413	135.016	135.310	43923	0	1
2018.01.15	08:00:00	135.309	135.611	135.154	135.545	55386	0	1
2018.01.15	12:00:00	135.544	135.986	135.513	135.788	47503	0	1
2018.01.15	16:00:00	135.789	135.876	135.466	135.512	39848	0	1
2018.01.15	20:00:00	135.512	135.649	135.390	135.522	30163	0	1
2018.01.16	00:00:00	135.522	135.926	135.497	135.895	29382	0	1
2018.01.16	04:00:00	135.896	136.095	135.881	135.936	37263	0	1
2018.01.16	08:00:00	135.937	136.053	135.278	135.377	71449	0	1
2018.01.16	12:00:00	135.378	135.508	135.072	135.240	48516	0	1
2018.01.16	16:00:00	135.241	135.656	134.977	135.574	54190	0	1
2018.01.16	20:00:00	135.574	135.699	135.261	135.379	37758	0	1
2018.01.17	00:00:00	135.379	135.832	135.291	135.710	45390	0	1
2018.01.17	04:00:00	135.711	135.900	135.635	135.727	50553	0	1
2018.01.17	08:00:00	135.726	135.746	135.240	135.503	62958	0	1
2018.01.17	12:00:00	135.504	135.649	135.154	135.359	49440	0	1
2018.01.17	16:00:00	135.359	135.710	135.209	135.707	58964	0	1
2018.01.17	20:00:00	135.708	135.984	135.538	135.580	51905	0	1
2018.01.18	00:00:00	135.590	135.790	135.455	135.685	43579	0	1
2018.01.18	04:00:00	135.685	135.847	135.618	135.651	47999	0	1
2018.01.18	08:00:00	135.652	135.958	135.583	135.955	48470	0	1
2018.01.18	12:00:00	135.956	136.310	135.915	136.135	44919	0	1
2018.01.18	16:00:00	136.135	136.154	135.567	135.684	65737	0	1
2018.01.18	20:00:00	135.684	136.002	135.634	135.920	33943	0	1
2018.01.19	00:00:00	135.920	136.016	135.796	135.960	33478	0	1
2018.01.19	04:00:00	135.960	136.048	135.873	135.938	34075	0	1
2018.01.19	08:00:00	135.938	136.026	135.635	135.880	50217	0	1
2018.01.19	12:00:00	135.879	135.887	135.312	135.370	45265	0	1
2018.01.19	16:00:00	135.370	135.559	135.183	135.301	51390	0	1
2018.01.19	20:00:00	135.301	135.516	135.183	135.421	30056	0	1
2018.01.22	00:00:00	135.575	135.699	135.457	135.507	45208	0	1
2018.01.22	04:00:00	135.507	135.580	135.344	135.510	32606	0	1
2018.01.22	08:00:00	135.512	135.762	135.417	135.612	39865	0	1
2018.01.22	12:00:00	135.614	135.795	135.584	135.652	27709	0	1
2018.01.22	16:00:00	135.654	136.088	135.611	136.053	37902	0	1
2018.01.22	20:00:00	136.054	136.145	135.977	135.990	23884	0	1
2018.01.23	00:00:00	135.990	136.169	135.930	136.134	23528	0	1
2018.01.23	04:00:00	136.135	136.146	135.604	135.864	40525	0	1
2018.01.23	08:00:00	135.866	136.215	135.320	135.424	55716	0	1
2018.01.23	12:00:00	135.424	135.616	135.200	135.298	45364	0	1
2018.01.23	16:00:00	135.299	135.719	135.269	135.582	53049	0	1
2018.01.23	20:00:00	135.582	135.686	135.500	135.637	21727	0	1
2018.01.24	00:00:00	135.640	135.674	135.461	135.463	30762	0	1
2018.01.24	04:00:00	135.463	135.516	135.328	135.500	47893	0	1
2018.01.24	08:00:00	135.500	135.533	135.275	135.294	62520	0	1
2018.01.24	12:00:00	135.295	135.426	134.916	135.421	62418	0	1
2018.01.24	16:00:00	135.420	135.567	135.026	135.327	67586	0	1
2018.01.24	20:00:00	135.327	135.546	135.200	135.515	41793	0	1
2018.01.25	00:00:00	135.511	135.715	135.364	135.540	34360	0	1
2018.01.25	04:00:00	135.541	135.601	135.435	135.593	57504	0	1
2018.01.25	08:00:00	135.592	135.595	135.254	135.518	83581	0	1
2018.01.25	12:00:00	135.517	136.067	135.038	135.905	72517	0	1
2018.01.25	16:00:00	135.902	136.293	135.682	135.747	94670	0	1
2018.01.25	20:00:00	135.748	135.775	135.410	135.583	86169	0	1
2018.01.26	00:00:00	135.583	136.138	135.551	135.992	51470	0	1
2018.01.26	04:00:00	135.992	136.037	135.811	135.949	47152	0	1
2018.01.26	08:00:00	135.950	136.134	135.680	135.901	75387	0	1
2018.01.26	12:00:00	135.901	136.088	135.798	135.921	65966	0	1
2018.01.26	16:00:00	135.921	136.067	134.540	134.912	88924	0	1
2018.01.26	20:00:00	134.915	135.471	134.740	134.946	42621	0	1
2018.01.29	00:00:00	135.028	135.093	134.828	134.915	39981	0	1
2018.01.29	04:00:00	134.916	135.053	134.877	135.053	46792	0	1
2018.01.29	08:00:00	135.053	135.342	134.941	135.024	63135	0	1
2018.01.29	12:00:00	135.024	135.086	134.477	134.491	51696	0	1
2018.01.29	16:00:00	134.490	134.993	134.325	134.961	60913	0	1
2018.01.29	20:00:00	134.962	135.015	134.873	134.882	26018	0	1
2018.01.30	00:00:00	134.884	134.967	134.714	134.813	22300	0	1
2018.01.30	04:00:00	134.812	134.997	134.375	134.375	43004	0	1
2018.01.30	08:00:00	134.378	134.772	134.127	134.700	56876	0	1
2018.01.30	12:00:00	134.700	135.206	134.658	135.115	53592	0	1
2018.01.30	16:00:00	135.115	135.170	134.825	135.005	65866	0	1
2018.01.30	20:00:00	135.006	135.012	134.744	134.889	33235	0	1
2018.01.31	00:00:00	134.886	135.340	134.802	135.063	34053	0	1
2018.01.31	04:00:00	135.063	135.331	135.014	135.185	47429	0	1
2018.01.31	08:00:00	135.185	135.402	135.131	135.345	55330	0	1
2018.01.31	12:00:00	135.352	135.798	135.299	135.787	43533	0	1
2018.01.31	16:00:00	135.786	136.050	135.584	135.775	58052	0	1
2018.01.31	20:00:00	135.775	135.778	135.386	135.519	51993	0	1
2018.02.01	00:00:00	135.519	135.872	135.428	135.826	31203	0	1
2018.02.01	04:00:00	135.827	135.900	135.706	135.816	29747	0	1
2018.02.01	08:00:00	135.818	136.521	135.708	136.448	56193	0	1
2018.02.01	12:00:00	136.448	136.665	136.202	136.236	48279	0	1
2018.02.01	16:00:00	136.234	136.845	135.971	136.716	65707	0	1
2018.02.01	20:00:00	136.724	136.959	136.688	136.811	45261	0	1
2018.02.02	00:00:00	136.811	137.040	136.665	136.791	28710	0	1
2018.02.02	04:00:00	136.789	137.084	136.779	137.020	34033	0	1
2018.02.02	08:00:00	137.020	137.394	136.958	137.200	52275	0	1
2018.02.02	12:00:00	137.199	137.493	137.060	137.266	55394	0	1
2018.02.02	16:00:00	137.265	137.500	136.992	137.346	70359	0	1
2018.02.02	20:00:00	137.347	137.500	137.148	137.219	51394	0	1
2018.02.05	00:00:00	137.007	137.196	136.687	136.878	46355	0	1
2018.02.05	04:00:00	136.878	137.095	136.797	137.015	34647	0	2
2018.02.05	08:00:00	137.014	137.056	136.615	136.927	53251	0	1
2018.02.05	12:00:00	136.926	137.012	136.462	136.617	47983	0	1
2018.02.05	16:00:00	136.616	136.956	136.289	136.669	66924	0	1
2018.02.05	20:00:00	136.666	136.666	134.881	134.884	95458	0	1
2018.02.06	00:00:00	134.899	135.285	134.294	134.447	68568	0	1
2018.02.06	04:00:00	134.448	134.836	133.973	134.743	87287	0	1
2018.02.06	08:00:00	134.743	135.793	134.575	135.201	91359	0	1
2018.02.06	12:00:00	135.201	135.546	134.672	135.128	84492	0	1
2018.02.06	16:00:00	135.129	135.676	134.529	135.507	110190	0	1
2018.02.06	20:00:00	135.506	135.729	135.178	135.573	54484	0	1
2018.02.07	00:00:00	135.573	135.841	135.375	135.580	32979	0	1
2018.02.07	04:00:00	135.583	135.682	135.205	135.258	36165	0	1
2018.02.07	08:00:00	135.259	135.439	134.665	134.728	59643	0	1
2018.02.07	12:00:00	134.727	135.064	134.590	134.755	46573	0	1
2018.02.07	16:00:00	134.754	134.868	134.216	134.453	81651	0	1
2018.02.07	20:00:00	134.454	134.581	133.818	134.033	61176	0	1
2018.02.08	00:00:00	134.050	134.271	133.866	134.132	41218	0	1
2018.02.08	04:00:00	134.130	134.616	134.103	134.601	48983	0	1
2018.02.08	08:00:00	134.601	134.796	134.104	134.232	63541	0	1
2018.02.08	12:00:00	134.231	134.649	134.014	134.505	62842	0	1
2018.02.08	16:00:00	134.505	134.627	132.935	133.134	115372	0	1
2018.02.08	20:00:00	133.134	133.746	132.981	133.173	88302	0	1
2018.02.09	00:00:00	133.173	133.732	133.026	133.320	46463	0	1
2018.02.09	04:00:00	133.320	133.731	133.137	133.595	57863	0	1
2018.02.09	08:00:00	133.596	134.170	133.530	133.755	58398	0	1
2018.02.09	12:00:00	133.755	133.960	133.116	133.818	73299	0	1
2018.02.09	16:00:00	133.815	133.824	132.077	132.428	128920	0	1
2018.02.09	20:00:00	132.427	133.325	131.984	133.306	106843	0	1
2018.02.12	00:00:00	133.295	133.469	133.025	133.330	38720	0	1
2018.02.12	04:00:00	133.330	133.644	133.318	133.503	33624	0	1
2018.02.12	08:00:00	133.502	133.613	133.075	133.343	55718	0	1
2018.02.12	12:00:00	133.342	133.435	132.959	132.971	37106	0	1
2018.02.12	16:00:00	132.971	133.539	132.898	133.415	77591	0	1
2018.02.12	20:00:00	133.416	133.642	133.347	133.517	39270	0	1
2018.02.13	00:00:00	133.517	133.788	133.421	133.616	27700	0	1
2018.02.13	04:00:00	133.616	133.672	133.164	133.345	31623	0	1
2018.02.13	08:00:00	133.348	133.401	132.535	132.562	60219	0	1
2018.02.13	12:00:00	132.563	132.918	132.518	132.813	45195	0	1
2018.02.13	16:00:00	132.814	133.206	132.736	133.031	68612	0	1
2018.02.13	20:00:00	133.031	133.269	132.950	133.138	30466	0	1
2018.02.14	00:00:00	133.138	133.360	132.958	133.025	23140	0	2
2018.02.14	04:00:00	133.025	133.101	132.359	132.644	58607	0	1
2018.02.14	08:00:00	132.644	132.980	132.577	132.765	41843	0	1
2018.02.14	12:00:00	132.765	132.791	131.603	131.948	56093	0	1
2018.02.14	16:00:00	131.948	132.953	131.826	132.932	110049	0	1
2018.02.14	20:00:00	132.931	133.384	132.793	133.181	50452	0	1
2018.02.15	00:00:00	133.240	133.278	132.654	132.929	52888	0	1
2018.02.15	04:00:00	132.929	132.965	132.505	132.826	43710	0	1
2018.02.15	08:00:00	132.827	133.076	132.611	132.881	59120	0	1
2018.02.15	12:00:00	132.881	133.263	132.822	132.867	52055	0	1
2018.02.15	16:00:00	132.869	133.146	132.517	133.044	77713	0	1
2018.02.15	20:00:00	133.042	133.136	132.536	132.693	39445	0	1
2018.02.16	00:00:00	132.694	132.995	132.584	132.799	36679	0	1
2018.02.16	04:00:00	132.798	133.101	132.388	132.759	59601	0	1
2018.02.16	08:00:00	132.759	132.878	132.537	132.823	50379	0	1
2018.02.16	12:00:00	132.822	132.822	132.187	132.188	55428	0	1
2018.02.16	16:00:00	132.188	132.361	131.895	131.946	66276	0	1
2018.02.16	20:00:00	131.947	132.065	131.809	131.895	43667	0	1
2018.02.19	00:00:00	131.813	132.099	131.805	131.935	47324	0	1
2018.02.19	04:00:00	131.940	132.195	131.899	132.154	41986	0	1
2018.02.19	08:00:00	132.154	132.353	132.047	132.316	43849	0	1
2018.02.19	12:00:00	132.315	132.376	132.013	132.036	32045	0	1
2018.02.19	16:00:00	132.036	132.300	131.900	132.270	33983	0	1
2018.02.19	20:00:00	132.270	132.283	132.165	132.227	58073	0	1
2018.02.20	00:00:00	132.231	132.509	132.181	132.251	27396	0	1
2018.02.20	04:00:00	132.251	132.348	132.152	132.319	25616	0	1
2018.02.20	08:00:00	132.316	132.452	132.156	132.295	52890	0	1
2018.02.20	12:00:00	132.298	132.346	132.115	132.275	45816	0	1
2018.02.20	16:00:00	132.277	132.483	132.152	132.410	62734	0	1
2018.02.20	20:00:00	132.410	132.418	132.264	132.395	31244	0	1
2018.02.21	00:00:00	132.400	132.820	132.323	132.773	28203	0	1
2018.02.21	04:00:00	132.774	133.057	132.723	132.850	41325	0	1
2018.02.21	08:00:00	132.849	132.896	132.362	132.571	49748	0	1
2018.02.21	12:00:00	132.570	132.616	132.266	132.422	57008	0	1
2018.02.21	16:00:00	132.422	132.699	132.352	132.698	81099	0	1
2018.02.21	20:00:00	132.698	132.782	132.262	132.357	68324	0	1
2018.02.22	00:00:00	132.359	132.381	131.568	131.701	39439	0	1
2018.02.22	04:00:00	131.703	131.919	131.664	131.902	32847	0	1
2018.02.22	08:00:00	131.903	131.973	131.661	131.934	55669	0	1
2018.02.22	12:00:00	131.933	132.052	131.287	131.600	55508	0	1
2018.02.22	16:00:00	131.599	131.945	131.569	131.755	69586	0	1
2018.02.22	20:00:00	131.755	131.808	131.462	131.597	34329	0	1
2018.02.23	00:00:00	131.602	131.848	131.521	131.629	27873	0	1
2018.02.23	04:00:00	131.629	131.693	131.486	131.589	31541	0	1
2018.02.23	08:00:00	131.589	131.743	131.352	131.572	46280	0	1
2018.02.23	12:00:00	131.576	131.613	131.236	131.317	38149	0	1
2018.02.23	16:00:00	131.318	131.455	130.933	131.136	50915	0	1
2018.02.23	20:00:00	131.137	131.445	131.022	131.407	25831	0	1
2018.02.26	00:00:00	131.667	131.676	131.100	131.172	46424	0	1
2018.02.26	04:00:00	131.172	131.417	131.103	131.314	38580	0	1
2018.02.26	08:00:00	131.313	131.605	131.077	131.571	52867	0	1
2018.02.26	12:00:00	131.570	131.745	131.480	131.480	38840	0	1
2018.02.26	16:00:00	131.483	131.737	131.309	131.694	56952	0	1
2018.02.26	20:00:00	131.695	131.747	131.611	131.655	23154	0	1
2018.02.27	00:00:00	131.655	132.022	131.655	132.020	29702	0	1
2018.02.27	04:00:00	132.020	132.074	131.692	131.728	28729	0	1
2018.02.27	08:00:00	131.727	132.186	131.664	131.988	45168	0	1
2018.02.27	12:00:00	131.988	132.054	131.576	131.599	51850	0	1
2018.02.27	16:00:00	131.598	131.686	131.300	131.522	82993	0	1
2018.02.27	20:00:00	131.522	131.551	131.270	131.273	29594	0	1
2018.02.28	00:00:00	131.273	131.517	130.941	131.026	35958	0	1
2018.02.28	04:00:00	131.026	131.144	130.903	130.907	31417	0	1
2018.02.28	08:00:00	130.907	131.068	130.744	130.852	53233	0	1
2018.02.28	12:00:00	130.856	130.962	130.586	130.799	46155	0	1
2018.02.28	16:00:00	130.800	130.885	130.093	130.304	66239	0	1
2018.02.28	20:00:00	130.303	130.406	130.040	130.053	30954	0	1
2018.03.01	00:00:00	130.063	130.130	129.845	130.017	37105	0	1
2018.03.01	04:00:00	130.017	130.315	129.936	130.251	29378	0	1
2018.03.01	08:00:00	130.252	130.470	129.998	130.052	48768	0	1
2018.03.01	12:00:00	130.053	130.322	129.871	130.307	45214	0	1
2018.03.01	16:00:00	130.306	130.792	129.990	130.433	91970	0	1
2018.03.01	20:00:00	130.431	130.460	129.762	130.274	83486	0	1
2018.03.02	00:00:00	130.274	130.439	130.082	130.123	36761	0	1
2018.03.02	04:00:00	130.121	130.368	129.874	129.903	39845	0	1
2018.03.02	08:00:00	129.904	129.951	129.560	129.828	59609	0	1
2018.03.02	12:00:00	129.826	129.918	129.620	129.766	67731	0	1
2018.03.02	16:00:00	129.765	130.143	129.637	129.998	81639	0	1
2018.03.02	20:00:00	129.997	130.378	129.833	130.243	38319	0	1
2018.03.05	00:00:00	130.037	130.515	129.768	130.054	46008	0	1
2018.03.05	04:00:00	130.055	130.146	129.874	130.046	35989	0	1
2018.03.05	08:00:00	130.048	130.183	129.350	130.092	63580	0	1
2018.03.05	12:00:00	130.092	130.265	129.823	130.053	43910	0	1
2018.03.05	16:00:00	130.052	130.948	130.017	130.947	68871	0	1
2018.03.05	20:00:00	130.949	131.010	130.822	130.996	25776	0	1
2018.03.06	00:00:00	130.997	131.497	130.933	131.382	31621	0	1
2018.03.06	04:00:00	131.382	131.545	131.060	131.179	28270	0	1
2018.03.06	08:00:00	131.178	131.198	130.676	130.676	46392	0	1
2018.03.06	12:00:00	130.678	132.015	130.598	131.568	64003	0	1
2018.03.06	16:00:00	131.569	131.678	131.245	131.635	67196	0	1
2018.03.06	20:00:00	131.635	131.774	131.570	131.613	27228	0	1
2018.03.07	00:00:00	131.613	131.733	130.919	131.361	55472	0	1
2018.03.07	04:00:00	131.362	131.405	131.094	131.190	33947	0	1
2018.03.07	08:00:00	131.191	131.336	131.098	131.204	51948	0	1
2018.03.07	12:00:00	131.204	131.544	131.112	131.388	50510	0	1
2018.03.07	16:00:00	131.388	131.615	131.177	131.339	74033	0	1
2018.03.07	20:00:00	131.339	131.743	131.217	131.600	27116	0	1
2018.03.08	00:00:00	131.604	131.829	131.564	131.613	28596	0	1
2018.03.08	04:00:00	131.615	131.638	131.407	131.445	26493	0	1
2018.03.08	08:00:00	131.443	131.534	131.313	131.365	43151	0	1
2018.03.08	12:00:00	131.365	131.981	131.206	131.563	66146	0	1
2018.03.08	16:00:00	131.562	131.625	130.515	130.743	73672	0	1
2018.03.08	20:00:00	130.744	130.878	130.570	130.725	32980	0	1
2018.03.09	00:00:00	130.774	131.592	130.676	131.431	43232	0	1
2018.03.09	04:00:00	131.429	131.453	131.196	131.329	38713	0	1
2018.03.09	08:00:00	131.329	131.506	131.250	131.354	46243	0	1
2018.03.09	12:00:00	131.355	131.545	131.113	131.378	57718	0	1
2018.03.09	16:00:00	131.380	131.890	131.345	131.568	62772	0	1
2018.03.09	20:00:00	131.570	131.613	131.395	131.422	25908	0	1
2018.03.12	00:00:00	131.436	131.692	131.247	131.271	43313	0	0
2018.03.12	04:00:00	131.273	131.427	131.080	131.372	40875	0	1
2018.03.12	08:00:00	131.372	131.535	131.173	131.173	42365	0	1
2018.03.12	12:00:00	131.174	131.238	130.964	131.105	33354	0	1
2018.03.12	16:00:00	131.106	131.354	131.082	131.347	39884	0	1
2018.03.12	20:00:00	131.349	131.372	131.187	131.278	26183	0	1
2018.03.13	00:00:00	131.274	131.325	131.109	131.248	22337	0	1
2018.03.13	04:00:00	131.249	131.687	131.178	131.635	28327	0	1
2018.03.13	08:00:00	131.637	132.216	131.595	132.102	41141	0	1
2018.03.13	12:00:00	132.104	132.429	132.029	132.223	62720	0	1
2018.03.13	16:00:00	132.225	132.329	131.989	132.109	65756	0	1
2018.03.13	20:00:00	132.107	132.240	131.871	131.905	27885	0	1
2018.03.14	00:00:00	131.905	132.279	131.856	132.123	21948	0	1
2018.03.14	04:00:00	132.122	132.189	131.992	132.055	25591	0	1
2018.03.14	08:00:00	132.056	132.176	131.722	131.786	46980	0	1
2018.03.14	12:00:00	131.787	131.871	131.553	131.587	48018	0	1
2018.03.14	16:00:00	131.586	131.650	131.019	131.593	69997	0	1
2018.03.14	20:00:00	131.593	131.623	131.357	131.481	35970	0	1
2018.03.15	00:00:00	131.481	131.538	130.975	131.099	36269	0	1
2018.03.15	04:00:00	131.100	131.304	130.981	131.081	26842	0	1
2018.03.15	08:00:00	131.080	131.300	130.825	130.947	41360	0	1
2018.03.15	12:00:00	130.946	131.001	130.561	130.624	56837	0	1
2018.03.15	16:00:00	130.625	131.034	130.573	130.738	66304	0	1
2018.03.15	20:00:00	130.742	130.905	130.592	130.835	35487	0	1
2018.03.16	00:00:00	130.840	130.887	130.282	130.386	38200	0	1
2018.03.16	04:00:00	130.386	130.480	130.298	130.355	26443	0	2
2018.03.16	08:00:00	130.354	130.586	130.128	130.269	37312	0	1
2018.03.16	12:00:00	130.269	130.372	130.136	130.274	46675	0	1
2018.03.16	16:00:00	130.272	130.453	130.074	130.370	51186	0	1
2018.03.16	20:00:00	130.375	130.411	130.202	130.274	14962	0	1
2018.03.19	00:00:00	130.209	130.320	129.719	129.829	39347	0	1
2018.03.19	04:00:00	129.828	129.920	129.626	129.662	25540	0	1
2018.03.19	08:00:00	129.661	130.254	129.605	130.194	41250	0	1
2018.03.19	12:00:00	130.193	130.968	130.193	130.656	70019	0	1
2018.03.19	16:00:00	130.658	130.795	130.415	130.754	56936	0	1
2018.03.19	20:00:00	130.754	131.068	130.714	130.790	32261	0	1
2018.03.20	00:00:00	130.790	131.282	130.728	131.177	35373	0	1
2018.03.20	04:00:00	131.179	131.255	131.075	131.131	24729	0	1
2018.03.20	08:00:00	131.131	131.717	130.874	130.975	54357	0	1
2018.03.20	12:00:00	130.974	131.124	130.544	130.585	53909	0	1
2018.03.20	16:00:00	130.585	130.820	130.339	130.456	54731	0	1
2018.03.20	20:00:00	130.456	130.506	130.377	130.424	19858	0	1
2018.03.21	00:00:00	130.426	130.540	130.405	130.490	12056	0	1
2018.03.21	04:00:00	130.492	130.590	130.461	130.486	13101	0	2
2018.03.21	08:00:00	130.485	130.636	130.405	130.529	35403	0	1
2018.03.21	12:00:00	130.529	130.641	130.190	130.559	55836	0	1
2018.03.21	16:00:00	130.559	130.609	130.305	130.381	45727	0	1
2018.03.21	20:00:00	130.381	131.062	130.327	130.866	98976	0	1
2018.03.22	00:00:00	130.867	130.964	130.560	130.664	37643	0	1
2018.03.22	04:00:00	130.662	130.861	130.557	130.738	24193	0	2
2018.03.22	08:00:00	130.737	131.017	130.173	130.276	55798	0	1
2018.03.22	12:00:00	130.276	130.307	129.637	129.919	68085	0	1
2018.03.22	16:00:00	129.917	130.239	129.496	130.113	85994	0	1
2018.03.22	20:00:00	130.112	130.186	129.494	129.595	46166	0	1
2018.03.23	00:00:00	129.598	129.638	128.946	129.365	64898	0	1
2018.03.23	04:00:00	129.366	129.408	129.180	129.231	34604	0	1
2018.03.23	08:00:00	129.231	129.567	129.157	129.252	60366	0	1
2018.03.23	12:00:00	129.252	129.973	129.225	129.710	62057	0	1
2018.03.23	16:00:00	129.710	129.921	129.478	129.838	74934	0	1
2018.03.23	20:00:00	129.838	129.859	129.340	129.391	45690	0	1
2018.03.26	00:00:00	129.273	129.908	129.259	129.852	22510	0	1
2018.03.26	04:00:00	129.852	129.926	129.722	129.765	28433	0	1
2018.03.26	08:00:00	129.766	130.246	129.698	130.063	49620	0	1
2018.03.26	12:00:00	130.062	130.528	130.048	130.434	47954	0	1
2018.03.26	16:00:00	130.434	130.896	130.356	130.826	75219	0	1
2018.03.26	20:00:00	130.826	131.376	130.798	131.152	42380	0	1
2018.03.27	00:00:00	131.206	131.564	131.167	131.457	27605	0	1
2018.03.27	04:00:00	131.457	131.600	131.425	131.501	35171	0	1
2018.03.27	08:00:00	131.501	131.814	131.179	131.215	57358	0	1
2018.03.27	12:00:00	131.213	131.280	130.924	130.975	57651	0	1
2018.03.27	16:00:00	130.976	131.271	130.885	131.255	78521	0	1
2018.03.27	20:00:00	131.258	131.298	130.580	130.627	70277	0	1
2018.03.28	00:00:00	130.627	131.043	130.573	130.932	48330	0	1
2018.03.28	04:00:00	130.931	131.174	130.886	130.956	43629	0	1
2018.03.28	08:00:00	130.956	131.036	130.588	130.840	79500	0	1
2018.03.28	12:00:00	130.840	131.712	130.754	131.355	84763	0	1
2018.03.28	16:00:00	131.354	131.405	130.869	131.360	138678	0	1
2018.03.28	20:00:00	131.361	131.622	131.338	131.468	66071	0	1
2018.03.29	00:00:00	131.456	131.602	131.358	131.548	25950	0	1
2018.03.29	04:00:00	131.547	131.567	131.238	131.259	37979	0	1
2018.03.29	08:00:00	131.259	131.389	131.058	131.239	54787	0	1
2018.03.29	12:00:00	131.239	131.347	131.048	131.221	50060	0	1
2018.03.29	16:00:00	131.221	131.340	130.610	130.781	76932	0	1
2018.03.29	20:00:00	130.780	131.135	130.749	130.889	42385	0	1
2018.03.30	00:00:00	130.912	131.052	130.616	130.716	23256	0	1
2018.03.30	04:00:00	130.714	131.083	130.646	130.831	50079	0	1
2018.03.30	08:00:00	130.831	130.957	130.618	130.882	29732	0	1
2018.03.30	12:00:00	130.881	130.937	130.787	130.875	22870	0	1
2018.03.30	16:00:00	130.870	130.952	130.757	130.885	29835	0	2
2018.03.30	20:00:00	130.890	130.991	130.813	130.925	20672	0	18
2018.04.02	00:00:00	130.800	131.092	130.756	130.957	37977	0	1
2018.04.02	04:00:00	130.958	131.129	130.920	130.964	35608	0	2
2018.04.02	08:00:00	130.964	131.084	130.900	131.034	23449	0	3
2018.04.02	12:00:00	131.035	131.293	131.013	131.285	18835	0	3
2018.04.02	16:00:00	131.285	131.294	130.120	130.334	75038	0	1
2018.04.02	20:00:00	130.333	130.351	129.977	130.264	45482	0	1
2018.04.03	00:00:00	130.256	130.298	129.983	130.175	19906	0	3
2018.04.03	04:00:00	130.174	130.432	130.160	130.401	24928	0	1
2018.04.03	08:00:00	130.401	130.920	130.297	130.674	54054	0	1
2018.04.03	12:00:00	130.673	130.822	130.457	130.697	51261	0	1
2018.04.03	16:00:00	130.698	130.809	130.376	130.565	83730	0	1
2018.04.03	20:00:00	130.565	130.876	130.515	130.805	30006	0	1
2018.04.04	00:00:00	130.795	130.854	130.630	130.795	18745	0	1
2018.04.04	04:00:00	130.796	130.849	130.666	130.812	15593	0	1
2018.04.04	08:00:00	130.812	130.869	130.401	130.520	37412	0	1
2018.04.04	12:00:00	130.523	130.712	130.229	130.648	31437	0	1
2018.04.04	16:00:00	130.648	131.151	130.524	131.070	46171	0	1
2018.04.04	20:00:00	131.070	131.192	130.828	131.099	23107	0	1
2018.04.05	00:00:00	131.085	131.308	131.051	131.294	16245	0	1
2018.04.05	04:00:00	131.293	131.413	131.175	131.282	17367	0	1
2018.04.05	08:00:00	131.282	131.442	131.107	131.376	29535	0	1
2018.04.05	12:00:00	131.376	131.473	131.058	131.173	25865	0	1
2018.04.05	16:00:00	131.173	131.486	131.149	131.450	36580	0	1
2018.04.05	20:00:00	131.449	131.497	131.288	131.434	12106	0	1
2018.04.06	00:00:00	131.432	131.490	131.085	131.250	23624	0	1
2018.04.06	04:00:00	131.250	131.473	131.109	131.377	24039	0	1
2018.04.06	08:00:00	131.377	131.444	131.215	131.420	29708	0	1
2018.04.06	12:00:00	131.420	131.494	131.206	131.325	30135	0	1
2018.04.06	16:00:00	131.325	131.617	131.156	131.481	48645	0	1
2018.04.06	20:00:00	131.481	131.481	131.170	131.330	26957	0	1
2018.04.09	00:00:00	131.302	131.425	131.106	131.202	17623	0	1
2018.04.09	04:00:00	131.202	131.401	131.124	131.391	17530	0	2
2018.04.09	08:00:00	131.391	131.575	131.210	131.501	31771	0	1
2018.04.09	12:00:00	131.502	131.722	131.388	131.709	24428	0	1
2018.04.09	16:00:00	131.709	131.993	131.672	131.723	26987	0	1
2018.04.09	20:00:00	131.723	131.782	131.376	131.513	16907	0	1
2018.04.10	00:00:00	131.503	131.594	131.422	131.489	11702	0	1
2018.04.10	04:00:00	131.489	132.033	131.471	131.951	23498	0	1
2018.04.10	08:00:00	131.951	132.047	131.674	131.855	29381	0	1
2018.04.10	12:00:00	131.855	132.477	131.822	132.236	27431	0	1
2018.04.10	16:00:00	132.235	132.618	132.176	132.316	36035	0	1
2018.04.10	20:00:00	132.316	132.593	132.308	132.449	20850	0	1
2018.04.11	00:00:00	132.449	132.535	132.251	132.382	15093	0	1
2018.04.11	04:00:00	132.382	132.432	132.277	132.314	13173	0	1
2018.04.11	08:00:00	132.314	132.607	132.182	132.381	20554	0	1
2018.04.11	12:00:00	132.379	132.432	132.147	132.208	24805	0	1
2018.04.11	16:00:00	132.208	132.400	132.069	132.241	29229	0	1
2018.04.11	20:00:00	132.241	132.297	132.026	132.066	21502	0	1
2018.04.12	00:00:00	132.048	132.283	132.035	132.234	15904	0	1
2018.04.12	04:00:00	132.235	132.319	132.091	132.120	12755	0	4
2018.04.12	08:00:00	132.120	132.269	131.879	131.882	21314	0	1
2018.04.12	12:00:00	131.882	132.318	131.803	132.066	30802	0	1
2018.04.12	16:00:00	132.066	132.275	132.019	132.244	31929	0	1
2018.04.12	20:00:00	132.244	132.335	132.114	132.268	23285	0	1
2018.04.13	00:00:00	132.248	132.373	132.170	132.325	13912	0	2
2018.04.13	04:00:00	132.325	132.513	132.281	132.382	10924	0	2
2018.04.13	08:00:00	132.382	132.898	132.357	132.739	26135	0	1
2018.04.13	12:00:00	132.739	132.818	132.546	132.643	19927	0	1
2018.04.13	16:00:00	132.643	132.787	132.429	132.545	23771	0	1
2018.04.13	20:00:00	132.545	132.622	132.334	132.365	20271	0	1
2018.04.16	00:00:00	132.462	132.650	132.418	132.609	12144	0	1
2018.04.16	04:00:00	132.610	132.620	132.180	132.247	12322	0	1
2018.04.16	08:00:00	132.247	132.605	132.111	132.536	22758	0	1
2018.04.16	12:00:00	132.536	132.906	132.470	132.861	19061	0	1
2018.04.16	16:00:00	132.861	132.970	132.592	132.638	23090	0	1
2018.04.16	20:00:00	132.638	132.664	132.495	132.598	11468	0	1
2018.04.17	00:00:00	132.584	132.668	132.515	132.584	13753	0	3
2018.04.17	04:00:00	132.584	132.590	132.451	132.562	10037	0	1
2018.04.17	08:00:00	132.562	132.768	132.471	132.480	20260	0	1
2018.04.17	12:00:00	132.480	132.567	132.294	132.295	18406	0	1
2018.04.17	16:00:00	132.295	132.395	132.107	132.131	23648	0	1
2018.04.17	20:00:00	132.131	132.451	132.105	132.362	14172	0	1
2018.04.18	00:00:00	132.361	132.614	132.303	132.586	12183	0	3
2018.04.18	04:00:00	132.585	132.906	132.544	132.869	11159	0	1
2018.04.18	08:00:00	132.869	132.896	132.554	132.595	21914	0	1
2018.04.18	12:00:00	132.595	132.880	132.424	132.867	18847	0	1
2018.04.18	16:00:00	132.868	132.868	132.653	132.778	24051	0	1
2018.04.18	20:00:00	132.778	132.852	132.665	132.677	11599	0	1
2018.04.19	00:00:00	132.666	132.959	132.665	132.919	13519	0	1
2018.04.19	04:00:00	132.919	133.028	132.880	132.980	11192	0	2
2018.04.19	08:00:00	132.980	133.089	132.719	132.763	23250	0	2
2018.04.19	12:00:00	132.763	132.951	132.694	132.887	20835	0	1
2018.04.19	16:00:00	132.888	132.957	132.426	132.426	28842	0	1
2018.04.19	20:00:00	132.426	132.738	132.350	132.534	19585	0	1
2018.04.20	00:00:00	132.532	132.783	132.522	132.685	12954	0	3
2018.04.20	04:00:00	132.685	132.974	132.625	132.845	11534	0	2
2018.04.20	08:00:00	132.845	132.891	132.498	132.525	22517	0	1
2018.04.20	12:00:00	132.525	132.525	132.336	132.360	21208	0	1
2018.04.20	16:00:00	132.360	132.388	132.039	132.201	32697	0	1
2018.04.20	20:00:00	132.201	132.288	132.085	132.288	11314	0	2
2018.04.23	00:00:00	132.202	132.436	132.195	132.301	18018	0	1
2018.04.23	04:00:00	132.301	132.403	132.248	132.296	9216	0	1
2018.04.23	08:00:00	132.296	132.561	132.106	132.172	22127	0	1
2018.04.23	12:00:00	132.172	132.464	132.137	132.455	21394	0	1
2018.04.23	16:00:00	132.455	132.785	132.382	132.744	25792	0	1
2018.04.23	20:00:00	132.744	132.761	132.555	132.703	11331	0	2
2018.04.24	00:00:00	132.694	132.824	132.667	132.747	8410	0	1
2018.04.24	04:00:00	132.747	132.893	132.611	132.893	13699	0	2
2018.04.24	08:00:00	132.893	132.961	132.627	132.793	20040	0	1
2018.04.24	12:00:00	132.794	133.076	132.742	133.046	20584	0	1
2018.04.24	16:00:00	133.046	133.484	132.995	133.079	31715	0	1
2018.04.24	20:00:00	133.079	133.135	132.860	133.105	17835	0	1
2018.04.25	00:00:00	133.099	133.220	133.074	133.165	9130	0	1
2018.04.25	04:00:00	133.165	133.282	133.022	133.206	11657	0	1
2018.04.25	08:00:00	133.206	133.336	133.073	133.117	22601	0	1
2018.04.25	12:00:00	133.117	133.257	132.913	133.042	23288	0	1
2018.04.25	16:00:00	133.042	133.254	132.961	133.108	36728	0	1
2018.04.25	20:00:00	133.107	133.217	133.056	133.072	13825	0	1
2018.04.26	00:00:00	133.055	133.209	132.777	133.187	11523	0	1
2018.04.26	04:00:00	133.187	133.251	133.082	133.134	9046	0	1
2018.04.26	08:00:00	133.134	133.250	132.963	133.110	19926	0	1
2018.04.26	12:00:00	133.110	133.231	132.677	133.192	33183	0	1
2018.04.26	16:00:00	133.191	133.216	132.287	132.423	35311	0	1
2018.04.26	20:00:00	132.424	132.506	132.295	132.297	8543	0	1
2018.04.27	00:00:00	132.267	132.393	132.243	132.295	9640	0	1
2018.04.27	04:00:00	132.295	132.323	132.158	132.236	9433	0	1
2018.04.27	08:00:00	132.236	132.346	131.939	132.033	27708	0	1
2018.04.27	12:00:00	132.034	132.228	131.884	132.101	29690	0	1
2018.04.27	16:00:00	132.101	132.163	131.901	132.117	30977	0	1
2018.04.27	20:00:00	132.117	132.364	132.056	132.272	10862	0	1
2018.04.30	00:00:00	132.231	132.328	132.181	132.281	6445	0	1
2018.04.30	04:00:00	132.281	132.375	132.243	132.363	5672	0	2
2018.04.30	08:00:00	132.363	132.541	132.281	132.303	18470	0	1
2018.04.30	12:00:00	132.304	132.410	132.032	132.132	20622	0	1
2018.04.30	16:00:00	132.132	132.235	131.858	132.034	30355	0	1
2018.04.30	20:00:00	132.034	132.080	131.947	132.032	12456	0	1
2018.05.01	00:00:00	132.037	132.133	131.909	132.058	10499	0	3
2018.05.01	04:00:00	132.058	132.130	132.033	132.081	6336	0	3
2018.05.01	08:00:00	132.081	132.091	131.818	131.889	15001	0	1
2018.05.01	12:00:00	131.889	132.025	131.808	131.921	18266	0	1
2018.05.01	16:00:00	131.921	131.951	131.572	131.716	30056	0	1
2018.05.01	20:00:00	131.716	131.823	131.582	131.776	12461	0	1
2018.05.02	00:00:00	131.776	131.829	131.633	131.701	8490	0	1
2018.05.02	04:00:00	131.701	131.784	131.690	131.750	9025	0	1
2018.05.02	08:00:00	131.750	132.112	131.672	131.776	24324	0	1
2018.05.02	12:00:00	131.781	131.911	131.754	131.889	21555	0	1
2018.05.02	16:00:00	131.889	131.901	131.456	131.508	31957	0	1
2018.05.02	20:00:00	131.506	131.838	131.253	131.304	35043	0	1
2018.05.03	00:00:00	131.303	131.409	131.234	131.282	9692	0	1
2018.05.03	04:00:00	131.282	131.463	131.253	131.459	9718	0	1
2018.05.03	08:00:00	131.459	131.670	131.317	131.430	23535	0	1
2018.05.03	12:00:00	131.432	131.443	130.799	130.890	34379	0	1
2018.05.03	16:00:00	130.890	131.001	130.266	130.854	44794	0	1
2018.05.03	20:00:00	130.853	131.135	130.701	130.907	20064	0	1
2018.05.04	00:00:00	130.907	130.945	130.794	130.835	7772	0	1
2018.05.04	04:00:00	130.835	130.867	130.620	130.767	6468	0	1
2018.05.04	08:00:00	130.767	130.796	130.449	130.456	17888	0	1
2018.05.04	12:00:00	130.456	130.532	129.996	130.209	29102	0	1
2018.05.04	16:00:00	130.209	130.446	129.895	130.358	40110	0	1
2018.05.04	20:00:00	130.358	130.544	130.345	130.494	9891	0	1
2018.05.07	00:00:00	130.418	130.590	130.318	130.360	7445	0	1
2018.05.07	04:00:00	130.360	130.531	130.200	130.506	11240	0	3
2018.05.07	08:00:00	130.506	130.514	130.203	130.397	17957	0	1
2018.05.07	12:00:00	130.397	130.432	130.122	130.240	16623	0	1
2018.05.07	16:00:00	130.240	130.299	130.107	130.165	22762	0	1
2018.05.07	20:00:00	130.165	130.165	129.950	130.059	10987	0	1
2018.05.08	00:00:00	130.059	130.118	129.940	129.988	9357	0	1
2018.05.08	04:00:00	129.988	129.989	129.819	129.907	10628	0	1
2018.05.08	08:00:00	129.907	130.014	129.558	129.636	24862	0	1
2018.05.08	12:00:00	129.636	129.643	129.231	129.465	19169	0	1
2018.05.08	16:00:00	129.465	129.732	129.331	129.556	32077	0	1
2018.05.08	20:00:00	129.556	129.622	129.249	129.467	20409	0	1
2018.05.09	00:00:00	129.467	129.654	129.353	129.626	12074	0	1
2018.05.09	04:00:00	129.626	129.875	129.626	129.773	15471	0	1
2018.05.09	08:00:00	129.773	130.166	129.682	130.125	26050	0	1
2018.05.09	12:00:00	130.125	130.442	130.026	130.329	26316	0	1
2018.05.09	16:00:00	130.329	130.485	129.926	129.996	27498	0	1
2018.05.09	20:00:00	129.996	130.155	129.978	130.048	10609	0	1
2018.05.10	00:00:00	130.048	130.219	129.943	130.172	13706	0	1
2018.05.10	04:00:00	130.172	130.228	130.007	130.226	12672	0	2
2018.05.10	08:00:00	130.226	130.560	130.178	130.330	27281	0	1
2018.05.10	12:00:00	130.330	130.552	130.102	130.506	39317	0	1
2018.05.10	16:00:00	130.506	130.763	130.114	130.358	39001	0	1
2018.05.10	20:00:00	130.358	130.500	130.302	130.412	15942	0	1
2018.05.11	00:00:00	130.404	130.548	130.199	130.242	10161	0	1
2018.05.11	04:00:00	130.242	130.480	130.218	130.402	10287	0	1
2018.05.11	08:00:00	130.402	130.455	129.996	130.261	22416	0	1
2018.05.11	12:00:00	130.261	130.606	130.241	130.549	17395	0	1
2018.05.11	16:00:00	130.549	130.684	130.520	130.607	26878	0	1
2018.05.11	20:00:00	130.606	130.640	130.480	130.616	9849	0	1
2018.05.14	00:00:00	130.547	130.744	130.417	130.725	10244	0	1
2018.05.14	04:00:00	130.725	130.837	130.647	130.783	8384	0	1
2018.05.14	08:00:00	130.783	131.302	130.765	131.284	21646	0	1
2018.05.14	12:00:00	131.284	131.375	131.180	131.243	13818	0	1
2018.05.14	16:00:00	131.243	131.371	131.022	131.047	17022	0	1
2018.05.14	20:00:00	131.047	131.074	130.757	130.765	9344	0	1
2018.05.15	00:00:00	130.765	130.985	130.754	130.966	9348	0	3
2018.05.15	04:00:00	130.966	131.004	130.906	130.941	9419	0	1
2018.05.15	08:00:00	130.941	131.136	130.910	131.054	18182	0	1
2018.05.15	12:00:00	131.054	131.114	130.550	130.558	26309	0	1
2018.05.15	16:00:00	130.558	130.981	130.439	130.859	33177	0	1
2018.05.15	20:00:00	130.860	130.892	130.614	130.614	17124	0	1
2018.05.16	00:00:00	130.554	130.675	130.307	130.520	15534	0	1
2018.05.16	04:00:00	130.521	130.525	130.323	130.448	12689	0	2
2018.05.16	08:00:00	130.448	130.569	130.306	130.410	24555	0	1
2018.05.16	12:00:00	130.412	130.412	129.531	129.571	30165	0	1
2018.05.16	16:00:00	129.571	130.357	129.542	130.035	29404	0	1
2018.05.16	20:00:00	130.035	130.360	130.025	130.337	9820	0	1
2018.05.17	00:00:00	130.333	130.418	130.228	130.318	14400	0	1
2018.05.17	04:00:00	130.318	130.444	130.256	130.383	13167	0	1
2018.05.17	08:00:00	130.383	130.836	130.297	130.755	31471	0	1
2018.05.17	12:00:00	130.755	130.847	130.276	130.744	23945	0	1
2018.05.17	16:00:00	130.744	130.767	130.510	130.608	26423	0	1
2018.05.17	20:00:00	130.608	130.703	130.511	130.616	9880	0	1
2018.05.18	00:00:00	130.616	130.943	130.584	130.897	15227	0	1
2018.05.18	04:00:00	130.897	131.001	130.881	130.938	10147	0	1
2018.05.18	08:00:00	130.938	131.123	130.877	130.989	18782	0	1
2018.05.18	12:00:00	130.989	131.062	130.523	130.587	22904	0	1
2018.05.18	16:00:00	130.587	130.642	130.238	130.357	31781	0	1
2018.05.18	20:00:00	130.357	130.388	130.264	130.354	7942	0	1
2018.05.21	00:00:00	130.496	130.588	130.372	130.430	11039	0	1
2018.05.21	04:00:00	130.430	130.732	130.395	130.708	13243	0	2
2018.05.21	08:00:00	130.708	130.864	130.486	130.691	21215	0	1
2018.05.21	12:00:00	130.691	131.004	130.561	130.936	17089	0	1
2018.05.21	16:00:00	130.936	130.997	130.580	130.684	21674	0	1
2018.05.21	20:00:00	130.684	130.937	130.639	130.931	9189	0	1
2018.05.22	00:00:00	130.898	130.963	130.770	130.839	12446	0	1
2018.05.22	04:00:00	130.839	130.858	130.601	130.620	10110	0	1
2018.05.22	08:00:00	130.620	131.346	130.599	131.060	28896	0	1
2018.05.22	12:00:00	131.060	131.196	130.631	130.665	23411	0	1
2018.05.22	16:00:00	130.665	130.876	130.605	130.735	26132	0	1
2018.05.22	20:00:00	130.735	130.796	130.596	130.622	9523	0	1
2018.05.23	00:00:00	130.611	130.663	130.508	130.611	16062	0	1
2018.05.23	04:00:00	130.611	130.619	129.703	129.999	19518	0	1
2018.05.23	08:00:00	129.999	130.042	128.473	128.858	42298	0	1
2018.05.23	12:00:00	128.857	128.936	128.231	128.594	36084	0	1
2018.05.23	16:00:00	128.594	129.056	128.503	128.919	41523	0	1
2018.05.23	20:00:00	128.919	128.938	128.672	128.733	25942	0	1
2018.05.24	00:00:00	128.686	128.872	128.326	128.383	20469	0	1
2018.05.24	04:00:00	128.383	128.455	127.969	128.190	22791	0	1
2018.05.24	08:00:00	128.190	128.875	127.980	128.774	40104	0	1
2018.05.24	12:00:00	128.774	128.826	128.333	128.567	26740	0	1
2018.05.24	16:00:00	128.567	128.577	127.718	128.263	42998	0	1
2018.05.24	20:00:00	128.263	128.411	128.020	128.027	14167	0	1
2018.05.25	00:00:00	128.026	128.420	127.924	128.334	17543	0	4
2018.05.25	04:00:00	128.334	128.513	128.234	128.261	20167	0	1
2018.05.25	08:00:00	128.261	128.469	127.767	128.452	34602	0	1
2018.05.25	12:00:00	128.453	128.524	127.507	127.683	40726	0	1
2018.05.25	16:00:00	127.683	127.740	127.150	127.605	36925	0	1
2018.05.25	20:00:00	127.606	127.751	127.375	127.424	13744	0	1
2018.05.28	00:00:00	128.207	128.359	128.013	128.061	24324	0	1
2018.05.28	04:00:00	128.061	128.277	127.975	128.271	19743	0	2
2018.05.28	08:00:00	128.269	128.535	127.713	127.741	29537	0	1
2018.05.28	12:00:00	127.741	127.826	126.862	126.943	38097	0	1
2018.05.28	16:00:00	126.943	127.267	126.855	127.235	21214	0	1
2018.05.28	20:00:00	127.234	127.237	127.093	127.175	8284	0	1
2018.05.29	00:00:00	127.132	127.278	126.882	126.976	18412	0	2
2018.05.29	04:00:00	126.976	127.002	126.509	126.846	20377	0	1
2018.05.29	08:00:00	126.846	126.939	125.097	125.354	62968	0	1
2018.05.29	12:00:00	125.354	126.167	125.049	126.108	63457	0	1
2018.05.29	16:00:00	126.109	126.444	125.331	125.581	50774	0	1
2018.05.29	20:00:00	125.582	125.590	124.618	125.485	33584	0	1
2018.05.30	00:00:00	125.413	125.497	124.991	125.137	20923	0	1
2018.05.30	04:00:00	125.137	125.599	124.979	125.375	21563	0	1
2018.05.30	08:00:00	125.375	126.344	125.139	126.163	55683	0	1
2018.05.30	12:00:00	126.163	126.880	125.890	126.524	51237	0	1
2018.05.30	16:00:00	126.523	127.317	126.235	127.030	46219	0	1
2018.05.30	20:00:00	127.031	127.088	126.762	127.009	13327	0	1
2018.05.31	00:00:00	126.985	127.060	126.505	126.789	14983	0	1
2018.05.31	04:00:00	126.789	126.961	126.457	126.803	14218	0	2
2018.05.31	08:00:00	126.802	127.682	126.699	127.677	44284	0	1
2018.05.31	12:00:00	127.676	127.719	126.955	127.017	35577	0	1
2018.05.31	16:00:00	127.017	127.306	126.324	126.899	62063	0	1
2018.05.31	20:00:00	126.899	127.321	126.808	127.208	19360	0	1
2018.06.01	00:00:00	127.187	127.367	127.124	127.306	11765	0	3
2018.06.01	04:00:00	127.306	127.678	127.154	127.413	20543	0	1
2018.06.01	08:00:00	127.413	127.796	127.206	127.574	35869	0	1
2018.06.01	12:00:00	127.575	128.070	127.507	127.872	41878	0	1
2018.06.01	16:00:00	127.872	128.134	127.176	127.724	49101	0	1
2018.06.01	20:00:00	127.724	127.756	127.577	127.702	10004	0	1
2018.06.04	00:00:00	127.543	128.149	127.543	128.114	15911	0	1
2018.06.04	04:00:00	128.114	128.226	127.957	128.167	19235	0	1
2018.06.04	08:00:00	128.167	128.391	127.896	128.259	36062	0	1
2018.06.04	12:00:00	128.259	128.686	128.219	128.296	32615	0	1
2018.06.04	16:00:00	128.295	128.474	127.999	128.174	30223	0	0
2018.06.04	20:00:00	128.174	128.488	128.174	128.445	9312	0	1
2018.06.05	00:00:00	128.420	128.697	128.330	128.495	12548	0	1
2018.06.05	04:00:00	128.495	128.579	128.299	128.494	14713	0	3
2018.06.05	08:00:00	128.495	128.678	128.349	128.456	31292	0	2
2018.06.05	12:00:00	128.456	128.502	127.905	127.948	25527	0	1
2018.06.05	16:00:00	127.946	128.459	127.791	128.367	35284	0	1
2018.06.05	20:00:00	128.367	128.665	128.367	128.654	11313	0	2
2018.06.06	00:00:00	128.627	128.922	128.560	128.764	10957	0	1
2018.06.06	04:00:00	128.764	128.959	128.731	128.795	8968	0	4
2018.06.06	08:00:00	128.795	129.578	128.790	129.234	41034	0	1
2018.06.06	12:00:00	129.235	129.826	129.235	129.529	27294	0	1
2018.06.06	16:00:00	129.528	129.746	129.421	129.685	27295	0	1
2018.06.06	20:00:00	129.685	129.799	129.544	129.715	8921	0	3
2018.06.07	00:00:00	129.720	129.946	129.655	129.889	15205	0	3
2018.06.07	04:00:00	129.889	129.925	129.519	129.616	15098	0	3
2018.06.07	08:00:00	129.616	130.125	129.613	129.960	25488	0	1
2018.06.07	12:00:00	129.960	130.274	129.890	130.157	24536	0	1
2018.06.07	16:00:00	130.157	130.214	129.519	129.622	33191	0	1
2018.06.07	20:00:00	129.622	129.680	129.300	129.416	23993	0	2
2018.06.08	00:00:00	129.401	129.685	129.280	129.628	13819	0	1
2018.06.08	04:00:00	129.628	129.728	129.344	129.453	14023	0	4
2018.06.08	08:00:00	129.453	129.549	128.542	128.604	42008	0	3
2018.06.08	12:00:00	128.604	128.776	128.108	128.615	32189	0	2
2018.06.08	16:00:00	128.615	128.947	128.583	128.906	23134	0	1
2018.06.08	20:00:00	128.906	128.930	128.736	128.893	9611	0	1
2018.06.11	00:00:00	128.690	129.156	128.676	129.125	14604	0	1
2018.06.11	04:00:00	129.125	129.571	129.070	129.539	22090	0	1
2018.06.11	08:00:00	129.539	130.057	129.394	129.576	26883	0	1
2018.06.11	12:00:00	129.576	129.775	129.422	129.666	20048	0	1
2018.06.11	16:00:00	129.666	129.900	129.601	129.683	20021	0	1
2018.06.11	20:00:00	129.683	129.766	129.644	129.649	7069	0	1
2018.06.12	00:00:00	129.623	130.011	129.568	129.650	20291	0	1
2018.06.12	04:00:00	129.651	129.976	129.499	129.910	18294	0	2
2018.06.12	08:00:00	129.910	130.275	129.683	129.983	29408	0	2
2018.06.12	12:00:00	129.983	130.139	129.843	130.131	25626	0	1
2018.06.12	16:00:00	130.131	130.131	129.802	129.813	22722	0	1
2018.06.12	20:00:00	129.813	129.830	129.562	129.629	15491	0	1
2018.06.13	00:00:00	129.629	129.842	129.611	129.755	11598	0	3
2018.06.13	04:00:00	129.755	129.986	129.747	129.928	8535	0	3
2018.06.13	08:00:00	129.928	130.004	129.701	129.911	18255	0	2
2018.06.13	12:00:00	129.911	130.129	129.869	130.078	16705	0	1
2018.06.13	16:00:00	130.078	130.186	129.852	130.167	18069	0	2
2018.06.13	20:00:00	130.167	130.342	129.955	130.090	47788	0	1
2018.06.14	00:00:00	130.070	130.148	129.903	130.102	17879	0	2
2018.06.14	04:00:00	130.102	130.162	129.972	130.068	10362	0	3
2018.06.14	08:00:00	130.068	130.094	129.816	130.024	18868	0	2
2018.06.14	12:00:00	130.024	130.353	128.661	128.769	50973	0	1
2018.06.14	16:00:00	128.769	128.948	128.312	128.479	43337	0	1
2018.06.14	20:00:00	128.479	128.551	127.897	127.932	19736	0	1
2018.06.15	00:00:00	127.956	128.164	127.697	127.798	16877	0	1
2018.06.15	04:00:00	127.798	128.142	127.729	128.140	12171	0	1
2018.06.15	08:00:00	128.140	128.326	127.864	128.096	31633	0	1
2018.06.15	12:00:00	128.096	128.412	127.783	128.204	35209	0	1
2018.06.15	16:00:00	128.204	128.497	128.180	128.340	33236	0	1
2018.06.15	20:00:00	128.340	128.463	128.286	128.463	9429	0	1
2018.06.18	00:00:00	128.267	128.438	127.961	127.990	16476	0	5
2018.06.18	04:00:00	127.991	128.123	127.810	128.080	10754	0	3
2018.06.18	08:00:00	128.080	128.142	127.828	128.101	18238	0	1
2018.06.18	12:00:00	128.101	128.415	128.092	128.199	21034	0	1
2018.06.18	16:00:00	128.198	128.326	128.066	128.187	20260	0	1
2018.06.18	20:00:00	128.187	128.495	128.187	128.490	6961	0	1
2018.06.19	00:00:00	128.490	128.510	127.995	128.107	22102	0	2
2018.06.19	04:00:00	128.106	128.138	127.521	127.571	29170	0	1
2018.06.19	08:00:00	127.572	127.631	126.640	126.903	41251	0	1
2018.06.19	12:00:00	126.903	127.070	126.695	126.985	31791	0	2
2018.06.19	16:00:00	126.986	127.470	126.844	127.215	35257	0	1
2018.06.19	20:00:00	127.215	127.607	127.167	127.526	12405	0	1
2018.06.20	00:00:00	127.522	127.700	127.337	127.339	16504	0	1
2018.06.20	04:00:00	127.339	127.692	127.194	127.455	22002	0	1
2018.06.20	08:00:00	127.455	127.745	127.085	127.258	33564	0	1
2018.06.20	12:00:00	127.258	127.616	127.187	127.571	22950	0	1
2018.06.20	16:00:00	127.571	127.791	127.388	127.704	34614	0	2
2018.06.20	20:00:00	127.704	127.935	127.666	127.686	12923	0	1
2018.06.21	00:00:00	127.668	127.857	127.616	127.776	15835	0	1
2018.06.21	04:00:00	127.776	128.012	127.661	127.926	25765	0	2
2018.06.21	08:00:00	127.926	128.028	127.203	127.248	35804	0	1
2018.06.21	12:00:00	127.248	127.990	126.984	127.791	42878	0	1
2018.06.21	16:00:00	127.791	127.889	127.381	127.626	38952	0	1
2018.06.21	20:00:00	127.626	127.858	127.574	127.580	14367	0	1
2018.06.22	00:00:00	127.556	127.765	127.474	127.723	39053	0	5
2018.06.22	04:00:00	127.723	127.787	127.617	127.785	22419	0	1
2018.06.22	08:00:00	127.785	128.597	127.749	128.524	38402	0	1
2018.06.22	12:00:00	128.524	128.567	128.055	128.262	31226	0	2
2018.06.22	16:00:00	128.262	128.435	127.670	128.058	32709	0	1
2018.06.22	20:00:00	128.058	128.275	128.058	128.205	11843	0	1
2018.06.25	00:00:00	128.135	128.280	127.712	127.778	20459	0	1
2018.06.25	04:00:00	127.780	127.841	127.537	127.577	21464	0	1
2018.06.25	08:00:00	127.579	127.836	127.282	127.617	33434	0	1
2018.06.25	12:00:00	127.617	128.232	127.425	128.091	25752	0	1
2018.06.25	16:00:00	128.091	128.270	127.857	128.074	30420	0	1
2018.06.25	20:00:00	128.074	128.830	128.001	128.435	17470	0	1
2018.06.26	00:00:00	128.434	128.463	128.138	128.240	25922	0	3
2018.06.26	04:00:00	128.237	128.375	128.057	128.223	29422	0	1
2018.06.26	08:00:00	128.223	128.451	127.978	127.988	35719	0	1
2018.06.26	12:00:00	127.990	128.114	127.796	128.038	33405	0	1
2018.06.26	16:00:00	128.038	128.373	127.958	128.232	33168	0	1
2018.06.26	20:00:00	128.232	128.363	128.122	128.130	16028	0	2
2018.06.27	00:00:00	128.129	128.343	128.055	128.120	20608	0	1
2018.06.27	04:00:00	128.122	128.242	127.895	128.185	26824	0	2
2018.06.27	08:00:00	128.185	128.213	127.576	127.641	36360	0	1
2018.06.27	12:00:00	127.641	128.309	127.603	127.850	43379	0	1
2018.06.27	16:00:00	127.850	128.218	127.724	127.808	40594	0	1
2018.06.27	20:00:00	127.808	127.843	127.256	127.365	21406	0	1
2018.06.28	00:00:00	127.360	127.493	127.139	127.259	36205	0	1
2018.06.28	04:00:00	127.258	127.604	127.204	127.523	23729	0	1
2018.06.28	08:00:00	127.522	127.633	127.206	127.456	32668	0	1
2018.06.28	12:00:00	127.456	127.856	127.361	127.380	31408	0	1
2018.06.28	16:00:00	127.380	127.920	127.310	127.807	42227	0	1
2018.06.28	20:00:00	127.807	127.920	127.708	127.812	18600	0	1
2018.06.29	00:00:00	127.813	127.857	127.656	127.779	24071	0	3
2018.06.29	04:00:00	127.779	129.143	127.764	128.986	46053	0	1
2018.06.29	08:00:00	128.984	129.057	128.501	128.988	41871	0	1
2018.06.29	12:00:00	128.988	129.153	128.638	128.795	38402	0	1
2018.06.29	16:00:00	128.795	129.419	128.735	129.355	37391	0	1
2018.06.29	20:00:00	129.355	129.466	129.226	129.333	19745	0	2
2018.07.02	00:00:00	129.202	129.349	129.060	129.291	36093	0	1
2018.07.02	04:00:00	129.291	129.497	129.055	129.078	43751	0	3
2018.07.02	08:00:00	129.078	129.079	128.625	129.014	34237	0	1
2018.07.02	12:00:00	129.014	129.086	128.727	128.744	24844	0	1
2018.07.02	16:00:00	128.744	128.788	128.415	128.575	27044	0	1
2018.07.02	20:00:00	128.575	129.106	128.546	129.066	15726	0	2
2018.07.03	00:00:00	129.053	129.176	128.912	129.094	24897	0	1
2018.07.03	04:00:00	129.094	129.266	128.727	128.931	53205	0	3
2018.07.03	08:00:00	128.931	129.561	128.873	129.334	45958	0	2
2018.07.03	12:00:00	129.334	129.371	128.885	128.989	24148	0	1
2018.07.03	16:00:00	128.989	129.052	128.743	128.787	25130	0	1
2018.07.03	20:00:00	128.787	128.984	128.726	128.858	6843	0	3
2018.07.04	00:00:00	128.866	128.948	128.695	128.712	32862	0	6
2018.07.04	04:00:00	128.712	128.949	128.694	128.820	30052	0	2
2018.07.04	08:00:00	128.820	128.921	128.608	128.648	27433	0	1
2018.07.04	12:00:00	128.650	128.701	128.497	128.635	16176	0	1
2018.07.04	16:00:00	128.635	128.962	128.595	128.884	18958	0	1
2018.07.04	20:00:00	128.884	128.940	128.731	128.742	66387	0	1
2018.07.05	00:00:00	128.737	128.949	128.689	128.745	57592	0	2
2018.07.05	04:00:00	128.745	128.880	128.571	128.667	33114	0	1
2018.07.05	08:00:00	128.667	129.516	128.605	129.336	34992	0	1
2018.07.05	12:00:00	129.336	129.627	129.252	129.520	22973	0	1
2018.07.05	16:00:00	129.520	129.522	129.315	129.410	27916	0	1
2018.07.05	20:00:00	129.410	129.444	129.112	129.286	18391	0	1
2018.07.06	00:00:00	129.289	129.458	129.166	129.420	22295	0	2
2018.07.06	04:00:00	129.420	129.531	129.241	129.327	32146	0	1
2018.07.06	08:00:00	129.327	129.743	129.289	129.583	30921	0	2
2018.07.06	12:00:00	129.583	129.964	129.469	129.837	25594	0	1
2018.07.06	16:00:00	129.837	129.966	129.656	129.755	31678	0	1
2018.07.06	20:00:00	129.755	129.795	129.623	129.716	10821	0	1
2018.07.09	00:00:00	129.534	129.913	129.534	129.847	17259	0	3
2018.07.09	04:00:00	129.849	129.967	129.678	129.898	19959	0	3
2018.07.09	08:00:00	129.898	130.167	129.858	130.043	30467	0	1
2018.07.09	12:00:00	130.043	130.216	129.904	130.138	21488	0	1
2018.07.09	16:00:00	130.138	130.256	130.010	130.178	30656	0	1
2018.07.09	20:00:00	130.178	130.264	130.066	130.233	13313	0	2
2018.07.10	00:00:00	130.211	130.569	130.182	130.549	21788	0	1
2018.07.10	04:00:00	130.549	130.574	130.391	130.510	15855	0	1
2018.07.10	08:00:00	130.510	130.600	130.260	130.329	27341	0	1
2018.07.10	12:00:00	130.329	130.442	130.094	130.290	30467	0	1
2018.07.10	16:00:00	130.290	130.632	130.230	130.558	24889	0	1
2018.07.10	20:00:00	130.558	130.738	130.316	130.345	14303	0	3
2018.07.11	00:00:00	130.355	130.364	129.959	129.980	32621	0	1
2018.07.11	04:00:00	129.982	130.406	129.908	130.197	27987	0	2
2018.07.11	08:00:00	130.196	130.373	130.080	130.147	30913	0	1
2018.07.11	12:00:00	130.148	130.698	130.054	130.592	35393	0	1
2018.07.11	16:00:00	130.592	130.959	130.366	130.904	41865	0	1
2018.07.11	20:00:00	130.904	130.916	130.670	130.711	32924	0	1
2018.07.12	00:00:00	130.692	130.930	130.661	130.895	37758	0	1
2018.07.12	04:00:00	130.898	131.178	130.828	131.077	18351	0	3
2018.07.12	08:00:00	131.077	131.393	131.026	131.194	28392	0	1
2018.07.12	12:00:00	131.196	131.471	131.088	131.295	33683	0	2
2018.07.12	16:00:00	131.295	131.475	131.209	131.363	32020	0	1
2018.07.12	20:00:00	131.363	131.407	131.229	131.342	14961	0	2
2018.07.13	00:00:00	131.272	131.531	131.221	131.474	25437	0	1
2018.07.13	04:00:00	131.473	131.517	131.310	131.344	16579	0	3
2018.07.13	08:00:00	131.344	131.359	130.935	131.069	28294	0	2
2018.07.13	12:00:00	131.069	131.069	130.802	131.021	28245	0	1
2018.07.13	16:00:00	131.022	131.299	130.927	131.261	30696	0	1
2018.07.13	20:00:00	131.261	131.324	131.110	131.312	10246	0	2
2018.07.16	00:00:00	131.164	131.464	131.056	131.417	16200	0	3
2018.07.16	04:00:00	131.417	131.565	131.355	131.436	14233	0	4
2018.07.16	08:00:00	131.436	131.594	131.428	131.550	33978	0	2
2018.07.16	12:00:00	131.550	131.695	131.509	131.561	29111	0	2
2018.07.16	16:00:00	131.563	131.651	131.399	131.491	28486	0	1
2018.07.16	20:00:00	131.491	131.570	131.463	131.483	9405	0	4
2018.07.17	00:00:00	131.446	131.705	131.438	131.612	27318	0	2
2018.07.17	04:00:00	131.612	131.757	131.549	131.694	21113	0	2
2018.07.17	08:00:00	131.694	131.935	131.621	131.906	28424	0	1
2018.07.17	12:00:00	131.906	131.929	131.715	131.772	28967	0	1
2018.07.17	16:00:00	131.772	131.982	131.529	131.540	36784	0	1
2018.07.17	20:00:00	131.540	131.657	131.525	131.610	14778	0	1
2018.07.18	00:00:00	131.597	131.772	131.559	131.707	27633	0	1
2018.07.18	04:00:00	131.708	131.719	131.508	131.547	20565	0	4
2018.07.18	08:00:00	131.550	131.600	131.228	131.360	37730	0	2
2018.07.18	12:00:00	131.360	131.392	130.876	131.123	31822	0	0
2018.07.18	16:00:00	131.123	131.492	131.093	131.442	34841	0	2
2018.07.18	20:00:00	131.442	131.468	131.317	131.347	11099	0	4
2018.07.19	00:00:00	131.316	131.427	131.255	131.329	47896	0	4
2018.07.19	04:00:00	131.329	131.415	131.181	131.305	21453	0	1
2018.07.19	08:00:00	131.304	131.380	131.056	131.149	38673	0	2
2018.07.19	12:00:00	131.151	131.217	130.912	131.021	35921	0	1
2018.07.19	16:00:00	131.021	131.168	130.921	130.993	32540	0	3
2018.07.19	20:00:00	130.993	131.066	130.722	130.895	44348	0	1
2018.07.20	00:00:00	130.897	131.199	130.889	131.141	26935	0	4
2018.07.20	04:00:00	131.141	131.207	130.592	130.888	47245	0	1
2018.07.20	08:00:00	130.888	131.123	130.771	130.895	39184	0	2
2018.07.20	12:00:00	130.895	131.077	130.796	130.906	43056	0	1
2018.07.20	16:00:00	130.906	131.044	130.728	130.774	40219	0	1
2018.07.20	20:00:00	130.775	130.822	130.543	130.638	16762	0	1
2018.07.23	00:00:00	130.602	130.736	130.199	130.272	22207	0	12
2018.07.23	04:00:00	130.272	130.461	130.111	130.158	22867	0	15
2018.07.23	08:00:00	130.157	130.298	130.024	130.049	26891	0	15
2018.07.23	12:00:00	130.049	130.404	129.853	130.377	19626	0	15
2018.07.23	16:00:00	130.377	130.441	130.222	130.360	24164	0	15
2018.07.23	20:00:00	130.360	130.415	130.171	130.178	10814	0	7
2018.07.24	00:00:00	130.178	130.371	130.031	130.046	17080	0	15
2018.07.24	04:00:00	130.046	130.133	129.805	130.003	18034	0	15
2018.07.24	08:00:00	130.002	130.123	129.732	129.969	24139	0	15
2018.07.24	12:00:00	129.970	130.076	129.907	129.995	23659	0	15
2018.07.24	16:00:00	129.994	130.090	129.918	129.992	26442	0	15
2018.07.24	20:00:00	129.992	130.005	129.776	129.919	11967	0	11
2018.07.25	00:00:00	129.921	130.125	129.802	130.077	18186	0	15
2018.07.25	04:00:00	130.077	130.184	129.938	129.948	19352	0	15
2018.07.25	08:00:00	129.950	130.090	129.872	130.059	20812	0	15
2018.07.25	12:00:00	130.059	130.111	129.765	129.920	18275	0	15
2018.07.25	16:00:00	129.920	130.002	129.401	129.599	29722	0	15
2018.07.25	20:00:00	129.599	130.263	129.442	130.142	24545	0	12
2018.07.26	00:00:00	130.146	130.257	129.902	129.957	25731	0	12
2018.07.26	04:00:00	129.957	130.109	129.909	129.973	13315	0	15
2018.07.26	08:00:00	129.973	129.993	129.643	129.683	22603	0	15
2018.07.26	12:00:00	129.683	130.019	129.646	129.772	22634	0	15
2018.07.26	16:00:00	129.772	129.826	129.435	129.562	28735	0	15
2018.07.26	20:00:00	129.564	129.647	129.461	129.504	9845	0	7
2018.07.27	00:00:00	129.482	129.509	129.329	129.362	9578	0	15
2018.07.27	04:00:00	129.363	129.379	129.191	129.296	14233	0	15
2018.07.27	08:00:00	129.296	129.430	129.200	129.263	20368	0	15
2018.07.27	12:00:00	129.263	129.335	129.118	129.161	19277	0	15
2018.07.27	16:00:00	129.161	129.408	129.160	129.215	25608	0	15
2018.07.27	20:00:00	129.215	129.460	129.194	129.449	9970	0	15
2018.07.30	00:00:00	129.295	129.494	129.245	129.442	15473	0	15
2018.07.30	04:00:00	129.442	129.539	129.373	129.458	12329	0	15
2018.07.30	08:00:00	129.459	129.705	129.433	129.688	15046	0	15
2018.07.30	12:00:00	129.688	129.883	129.668	129.876	14450	0	15
2018.07.30	16:00:00	129.876	130.064	129.841	129.969	18447	0	6
2018.07.30	20:00:00	129.969	130.035	129.924	129.949	6992	0	12
2018.07.31	00:00:00	129.946	130.028	129.838	129.908	17296	0	14
2018.07.31	04:00:00	129.908	130.393	129.676	130.093	26936	0	15
2018.07.31	08:00:00	130.093	130.842	130.067	130.776	25497	0	15
2018.07.31	12:00:00	130.776	130.931	130.661	130.764	16223	0	15
2018.07.31	16:00:00	130.765	131.139	130.747	130.853	29989	0	15
2018.07.31	20:00:00	130.851	130.893	130.681	130.782	9769	0	7
2018.08.01	00:00:00	130.763	130.808	130.548	130.711	20319	0	15
2018.08.01	04:00:00	130.711	130.788	130.591	130.757	14166	0	15
2018.08.01	08:00:00	130.761	131.096	130.686	130.829	19522	0	15
2018.08.01	12:00:00	130.829	130.878	130.654	130.836	16677	0	15
2018.08.01	16:00:00	130.836	130.858	130.229	130.286	23988	0	15
2018.08.01	20:00:00	130.287	130.304	130.020	130.257	14868	0	7
2018.08.02	00:00:00	130.248	130.287	130.153	130.245	18763	0	15
2018.08.02	04:00:00	130.246	130.276	129.887	129.969	13801	0	15
2018.08.02	08:00:00	129.969	130.052	129.623	129.627	17724	0	8
2018.08.02	12:00:00	129.628	129.648	129.239	129.504	23320	0	15
2018.08.02	16:00:00	129.504	129.608	129.352	129.577	21326	0	15
2018.08.02	20:00:00	129.577	129.579	129.314	129.329	11759	0	15
2018.08.03	00:00:00	129.329	129.517	129.040	129.455	13276	0	15
2018.08.03	04:00:00	129.455	129.487	129.306	129.457	9931	0	10
2018.08.03	08:00:00	129.457	129.525	129.199	129.342	16724	0	15
2018.08.03	12:00:00	129.343	129.513	129.175	129.223	24353	0	15
2018.08.03	16:00:00	129.223	129.236	128.670	128.961	26451	0	15
2018.08.03	20:00:00	128.961	128.971	128.627	128.696	9084	0	15
2018.08.06	00:00:00	128.661	128.718	128.553	128.560	7849	0	15
2018.08.06	04:00:00	128.560	128.751	128.512	128.676	9930	0	9
2018.08.06	08:00:00	128.676	128.748	128.497	128.538	15110	0	15
2018.08.06	12:00:00	128.537	128.739	128.518	128.645	15405	0	15
2018.08.06	16:00:00	128.645	128.875	128.624	128.816	13888	0	15
2018.08.06	20:00:00	128.817	128.824	128.655	128.701	6411	0	10
2018.08.07	00:00:00	128.699	128.724	128.584	128.623	15254	0	15
2018.08.07	04:00:00	128.623	128.719	128.616	128.676	7667	0	15
2018.08.07	08:00:00	128.675	128.976	128.595	128.933	14877	0	15
2018.08.07	12:00:00	128.932	128.990	128.767	128.829	15336	0	15
2018.08.07	16:00:00	128.829	128.990	128.800	128.946	15470	0	15
2018.08.07	20:00:00	128.947	129.223	128.924	129.171	9414	0	11
2018.08.08	00:00:00	129.150	129.268	129.128	129.230	13963	0	15
2018.08.08	04:00:00	129.230	129.451	129.206	129.310	12416	0	15
2018.08.08	08:00:00	129.311	129.371	128.549	128.580	18759	0	15
2018.08.08	12:00:00	128.580	128.814	128.557	128.695	17951	0	15
2018.08.08	16:00:00	128.695	128.819	128.592	128.657	17402	0	15
2018.08.08	20:00:00	128.657	128.942	128.653	128.839	8332	0	11
2018.08.09	00:00:00	128.855	128.867	128.575	128.625	13926	0	15
2018.08.09	04:00:00	128.626	128.750	128.485	128.730	13052	0	15
2018.08.09	08:00:00	128.730	128.917	128.567	128.822	22871	0	15
2018.08.09	12:00:00	128.823	129.002	128.689	128.728	17364	0	15
2018.08.09	16:00:00	128.726	128.731	128.194	128.279	21002	0	15
2018.08.09	20:00:00	128.279	128.297	128.029	128.035	11417	0	11
2018.08.10	00:00:00	128.028	128.103	127.790	127.861	13281	0	15
2018.08.10	04:00:00	127.860	128.051	127.558	127.585	15623	0	15
2018.08.10	08:00:00	127.583	127.629	126.778	127.011	50116	0	15
2018.08.10	12:00:00	127.011	127.384	126.790	127.066	32200	0	15
2018.08.10	16:00:00	127.067	127.153	126.077	126.232	40437	0	15
2018.08.10	20:00:00	126.232	126.805	126.000	126.580	18653	0	15
2018.08.13	00:00:00	125.592	126.343	125.592	125.701	19989	0	15
2018.08.13	04:00:00	125.703	125.777	125.136	125.198	27270	0	15
2018.08.13	08:00:00	125.197	125.858	125.197	125.623	41788	0	15
2018.08.13	12:00:00	125.624	126.535	125.480	126.436	33394	0	15
2018.08.13	16:00:00	126.436	126.771	125.964	126.131	30247	0	15
2018.08.13	20:00:00	126.131	126.342	125.966	126.293	12714	0	11
2018.08.14	00:00:00	126.257	126.399	126.038	126.322	15212	0	15
2018.08.14	04:00:00	126.320	126.560	126.233	126.349	17855	0	15
2018.08.14	08:00:00	126.349	126.982	126.258	126.411	30075	0	15
2018.08.14	12:00:00	126.411	126.779	126.237	126.301	22944	0	15
2018.08.14	16:00:00	126.300	126.324	125.799	125.986	25986	0	15
2018.08.14	20:00:00	125.987	126.239	125.985	126.077	14494	0	7
2018.08.15	00:00:00	126.058	126.296	126.016	126.247	17339	0	15
2018.08.15	04:00:00	126.247	126.362	125.858	126.036	20296	0	15
2018.08.15	08:00:00	126.037	126.303	125.876	126.034	24136	0	15
2018.08.15	12:00:00	126.034	126.104	125.437	125.453	26071	0	15
2018.08.15	16:00:00	125.453	125.668	124.893	125.596	37342	0	15
2018.08.15	20:00:00	125.596	125.714	125.357	125.623	12980	0	11
2018.08.16	00:00:00	125.626	125.687	125.274	125.423	24923	0	15
2018.08.16	04:00:00	125.423	126.284	125.285	126.090	32810	0	15
2018.08.16	08:00:00	126.089	126.366	125.860	126.106	31434	0	15
2018.08.16	12:00:00	126.106	126.157	125.696	125.744	20980	0	15
2018.08.16	16:00:00	125.745	126.480	125.715	126.042	28448	0	15
2018.08.16	20:00:00	126.042	126.178	125.863	126.152	11012	0	15
2018.08.17	00:00:00	126.145	126.261	125.968	126.086	19366	0	7
2018.08.17	04:00:00	126.086	126.264	126.021	126.147	15078	0	15
2018.08.17	08:00:00	126.146	126.431	126.015	126.184	20319	0	6
2018.08.17	12:00:00	126.184	126.200	125.570	125.898	25530	0	7
2018.08.17	16:00:00	125.898	126.158	125.855	125.949	23382	0	15
2018.08.17	20:00:00	125.949	126.599	125.874	126.395	16764	0	15
2018.08.20	00:00:00	126.483	126.486	126.254	126.316	14435	0	15
2018.08.20	04:00:00	126.316	126.444	126.225	126.383	17879	0	15
2018.08.20	08:00:00	126.383	126.410	126.153	126.210	21790	0	15
2018.08.20	12:00:00	126.210	126.308	126.066	126.149	16642	0	15
2018.08.20	16:00:00	126.149	126.455	126.113	126.393	19535	0	15
2018.08.20	20:00:00	126.398	126.456	126.269	126.369	9734	0	11
2018.08.21	00:00:00	126.362	126.764	126.253	126.569	23051	0	15
2018.08.21	04:00:00	126.568	126.941	126.496	126.883	21224	0	15
2018.08.21	08:00:00	126.883	127.155	126.639	127.080	23392	0	15
2018.08.21	12:00:00	127.080	127.106	126.841	126.962	19646	0	15
2018.08.21	16:00:00	126.962	127.716	126.864	127.672	23473	0	15
2018.08.21	20:00:00	127.671	128.047	127.480	127.590	18510	0	11
2018.08.22	00:00:00	127.534	127.587	127.340	127.539	20253	0	15
2018.08.22	04:00:00	127.542	127.899	127.472	127.828	19340	0	15
2018.08.22	08:00:00	127.829	127.900	127.510	127.761	18466	0	15
2018.08.22	12:00:00	127.761	128.228	127.705	128.216	24099	0	15
2018.08.22	16:00:00	128.216	128.252	127.949	128.096	22227	0	15
2018.08.22	20:00:00	128.096	128.266	128.018	128.188	14531	0	15
2018.08.23	00:00:00	128.177	128.259	127.981	128.091	18614	0	5
2018.08.23	04:00:00	128.091	128.238	127.909	128.041	22472	0	15
2018.08.23	08:00:00	128.040	128.276	127.983	128.191	21192	0	6
2018.08.23	12:00:00	128.189	128.417	128.066	128.319	18364	0	15
2018.08.23	16:00:00	128.320	128.758	128.239	128.557	26918	0	15
2018.08.23	20:00:00	128.557	128.560	128.236	128.415	11992	0	11
2018.08.24	00:00:00	128.414	128.694	128.353	128.638	20922	0	15
2018.08.24	04:00:00	128.638	128.831	128.502	128.813	20559	0	15
2018.08.24	08:00:00	128.813	128.971	128.705	128.845	20845	0	15
2018.08.24	12:00:00	128.845	129.114	128.796	129.061	21075	0	15
2018.08.24	16:00:00	129.062	129.410	129.043	129.254	29201	0	15
2018.08.24	20:00:00	129.254	129.333	129.134	129.282	10023	0	15
2018.08.27	00:00:00	129.298	129.675	129.286	129.419	13827	0	15
2018.08.27	04:00:00	129.417	129.417	128.963	129.056	20741	0	15
2018.08.27	08:00:00	129.056	129.163	128.785	129.066	20910	0	15
2018.08.27	12:00:00	129.066	129.218	128.951	129.198	15491	0	15
2018.08.27	16:00:00	129.198	129.818	129.157	129.782	23423	0	15
2018.08.27	20:00:00	129.782	129.827	129.690	129.705	9457	0	6
2018.08.28	00:00:00	129.684	130.027	129.630	130.009	18523	0	15
2018.08.28	04:00:00	130.010	130.038	129.837	129.838	16466	0	15
2018.08.28	08:00:00	129.837	130.012	129.700	129.873	20563	0	15
2018.08.28	12:00:00	129.873	130.160	129.845	130.134	20905	0	15
2018.08.28	16:00:00	130.134	130.265	130.059	130.152	25503	0	15
2018.08.28	20:00:00	130.152	130.188	129.991	130.017	12446	0	8
2018.08.29	00:00:00	130.019	130.068	129.899	129.991	17002	0	15
2018.08.29	04:00:00	129.991	130.200	129.965	130.082	15687	0	15
2018.08.29	08:00:00	130.082	130.103	129.654	129.731	24971	0	15
2018.08.29	12:00:00	129.731	129.905	129.573	129.889	20155	0	15
2018.08.29	16:00:00	129.889	130.842	129.875	130.786	37001	0	15
2018.08.29	20:00:00	130.785	130.801	130.520	130.730	12477	0	15
2018.08.30	00:00:00	130.744	130.858	130.682	130.751	12639	0	15
2018.08.30	04:00:00	130.751	130.804	130.466	130.623	18371	0	15
2018.08.30	08:00:00	130.621	130.778	130.246	130.383	22279	0	15
2018.08.30	12:00:00	130.383	130.691	130.030	130.032	22246	0	15
2018.08.30	16:00:00	130.031	130.112	129.408	129.660	32248	0	15
2018.08.30	20:00:00	129.660	129.763	129.424	129.503	20620	0	11
2018.08.31	00:00:00	129.444	129.565	129.315	129.428	16282	0	15
2018.08.31	04:00:00	129.428	129.638	129.385	129.537	17588	0	15
2018.08.31	08:00:00	129.537	129.839	129.229	129.264	28057	0	15
2018.08.31	12:00:00	129.262	129.369	128.867	128.930	24797	0	15
2018.08.31	16:00:00	128.930	129.135	128.549	128.784	35121	0	15
2018.08.31	20:00:00	128.783	129.009	128.662	128.926	16837	0	15
2018.09.03	00:00:00	128.765	128.957	128.647	128.704	13911	0	15
2018.09.03	04:00:00	128.704	128.768	128.564	128.714	18289	0	15
2018.09.03	08:00:00	128.713	128.990	128.585	128.892	23905	0	15
2018.09.03	12:00:00	128.892	129.112	128.759	128.964	17635	0	15
2018.09.03	16:00:00	128.965	129.142	128.954	129.050	12865	0	15
2018.09.03	20:00:00	129.050	129.094	128.974	129.010	15986	0	15
2018.09.04	00:00:00	128.987	129.064	128.737	128.870	12451	0	15
2018.09.04	04:00:00	128.871	129.003	128.708	128.963	17095	0	15
2018.09.04	08:00:00	128.963	129.140	128.790	128.883	24992	0	15
2018.09.04	12:00:00	128.883	128.897	128.498	128.688	22605	0	15
2018.09.04	16:00:00	128.689	129.018	128.310	128.987	32567	0	15
2018.09.04	20:00:00	128.989	129.190	128.931	128.968	11094	0	13
2018.09.05	00:00:00	128.962	129.346	128.862	129.324	15172	0	15
2018.09.05	04:00:00	129.324	129.521	129.280	129.322	17481	0	15
2018.09.05	08:00:00	129.322	129.324	128.590	129.002	25154	0	15
2018.09.05	12:00:00	129.001	129.427	128.974	129.128	22744	0	15
2018.09.05	16:00:00	129.128	129.973	129.128	129.552	40639	0	7
2018.09.05	20:00:00	129.552	129.745	129.542	129.689	11672	0	6
2018.09.06	00:00:00	129.699	129.831	129.493	129.565	20074	0	15
2018.09.06	04:00:00	129.565	129.665	129.426	129.560	15685	0	15
2018.09.06	08:00:00	129.560	129.617	129.297	129.557	25249	0	15
2018.09.06	12:00:00	129.558	129.642	129.284	129.445	22294	0	15
2018.09.06	16:00:00	129.445	129.481	128.564	128.725	35783	0	15
2018.09.06	20:00:00	128.724	128.972	128.487	128.707	15445	0	11
2018.09.07	00:00:00	128.695	128.699	128.213	128.375	13929	0	15
2018.09.07	04:00:00	128.377	128.591	128.325	128.574	17729	0	15
2018.09.07	08:00:00	128.574	128.997	128.446	128.915	22057	0	15
2018.09.07	12:00:00	128.915	129.096	128.406	128.435	28361	0	15
2018.09.07	16:00:00	128.435	128.827	128.010	128.323	40229	0	15
2018.09.07	20:00:00	128.325	128.471	128.217	128.286	14250	0	15
2018.09.10	00:00:00	128.220	128.383	128.130	128.296	11206	0	12
2018.09.10	04:00:00	128.294	128.294	128.052	128.119	15697	0	15
2018.09.10	08:00:00	128.119	128.551	127.854	128.496	20495	0	15
2018.09.10	12:00:00	128.495	128.950	128.465	128.939	17298	0	15
2018.09.10	16:00:00	128.940	129.062	128.845	128.917	23182	0	15
2018.09.10	20:00:00	128.917	128.990	128.791	128.791	6733	0	11
2018.09.11	00:00:00	128.792	129.213	128.749	129.101	7343	0	15
2018.09.11	04:00:00	129.101	129.282	128.952	129.225	12128	0	15
2018.09.11	08:00:00	129.225	129.820	129.211	129.376	20017	0	15
2018.09.11	12:00:00	129.376	129.400	128.761	128.973	20909	0	15
2018.09.11	16:00:00	128.973	129.387	128.932	129.334	22730	0	15
2018.09.11	20:00:00	129.334	129.558	129.242	129.532	9887	0	11
2018.09.12	00:00:00	129.515	129.540	129.244	129.345	11687	0	15
2018.09.12	04:00:00	129.343	129.362	129.143	129.196	8753	0	15
2018.09.12	08:00:00	129.196	129.379	129.033	129.202	19758	0	15
2018.09.12	12:00:00	129.202	129.328	128.995	129.010	21780	0	15
2018.09.12	16:00:00	129.010	129.801	128.927	129.436	31346	0	15
2018.09.12	20:00:00	129.436	129.488	129.304	129.336	12617	0	11
2018.09.13	00:00:00	129.377	129.643	129.250	129.636	16720	0	15
2018.09.13	04:00:00	129.638	129.748	129.496	129.500	11298	0	15
2018.09.13	08:00:00	129.502	129.629	129.429	129.501	13145	0	15
2018.09.13	12:00:00	129.499	130.201	129.429	130.192	23909	0	15
2018.09.13	16:00:00	130.195	130.813	130.065	130.631	30419	0	15
2018.09.13	20:00:00	130.631	130.933	130.591	130.837	11885	0	7
2018.09.14	00:00:00	130.830	131.030	130.798	130.997	18092	0	15
2018.09.14	04:00:00	130.995	131.010	130.699	130.803	11591	0	15
2018.09.14	08:00:00	130.803	131.105	130.754	130.912	16160	0	15
2018.09.14	12:00:00	130.912	130.946	130.703	130.726	20351	0	15
2018.09.14	16:00:00	130.725	130.797	130.194	130.367	30578	0	15
2018.09.14	20:00:00	130.368	130.369	130.170	130.223	11285	0	15
2018.09.17	00:00:00	130.171	130.363	130.108	130.361	8491	0	15
2018.09.17	04:00:00	130.361	130.399	130.153	130.290	9850	0	15
2018.09.17	08:00:00	130.290	130.551	130.090	130.464	15955	0	15
2018.09.17	12:00:00	130.461	130.876	130.368	130.864	18680	0	15
2018.09.17	16:00:00	130.864	130.991	130.751	130.966	19581	0	15
2018.09.17	20:00:00	130.963	131.035	130.565	130.667	12660	0	11
2018.09.18	00:00:00	130.662	130.712	130.290	130.469	14501	0	15
2018.09.18	04:00:00	130.469	131.019	130.408	130.932	20058	0	15
2018.09.18	08:00:00	130.932	131.469	130.661	130.842	29831	0	15
2018.09.18	12:00:00	130.841	131.353	130.700	131.318	21607	0	15
2018.09.18	16:00:00	131.318	131.491	130.866	130.984	31626	0	15
2018.09.18	20:00:00	130.985	131.159	130.916	131.057	11326	0	11
2018.09.19	00:00:00	131.061	131.238	130.968	130.968	8990	0	15
2018.09.19	04:00:00	130.969	131.246	130.905	131.156	14216	0	15
2018.09.19	08:00:00	131.156	131.673	131.108	131.486	21559	0	15
2018.09.19	12:00:00	131.487	131.518	130.907	131.146	23478	0	15
2018.09.19	16:00:00	131.147	131.309	130.773	131.085	26651	0	15
2018.09.19	20:00:00	131.085	131.104	130.969	131.049	9248	0	11
2018.09.20	00:00:00	131.040	131.192	130.993	131.162	24890	0	15
2018.09.20	04:00:00	131.162	131.177	130.938	131.021	10831	0	15
2018.09.20	08:00:00	131.022	131.474	130.904	131.245	21005	0	15
2018.09.20	12:00:00	131.245	132.051	131.183	131.960	28678	0	15
2018.09.20	16:00:00	131.960	132.352	131.704	132.262	29272	0	15
2018.09.20	20:00:00	132.260	132.512	132.255	132.474	11074	0	11
2018.09.21	00:00:00	132.473	132.630	132.403	132.571	11341	0	15
2018.09.21	04:00:00	132.571	132.875	132.478	132.781	11830	0	15
2018.09.21	08:00:00	132.781	133.125	132.640	132.857	25084	0	15
2018.09.21	12:00:00	132.857	132.905	132.370	132.531	21796	0	15
2018.09.21	16:00:00	132.530	132.537	132.148	132.206	30709	0	15
2018.09.21	20:00:00	132.206	132.349	132.157	132.247	7937	0	15
2018.09.24	00:00:00	132.034	132.292	132.029	132.269	8272	0	15
2018.09.24	04:00:00	132.270	132.275	132.105	132.208	6458	0	15
2018.09.24	08:00:00	132.208	132.588	131.896	132.580	18808	0	15
2018.09.24	12:00:00	132.580	132.670	132.340	132.364	16639	0	15
2018.09.24	16:00:00	132.364	133.062	132.341	132.536	30752	0	15
2018.09.24	20:00:00	132.536	132.582	132.417	132.511	9078	0	11
2018.09.25	00:00:00	132.511	132.784	132.440	132.690	13201	0	15
2018.09.25	04:00:00	132.688	132.716	132.360	132.514	11548	0	15
2018.09.25	08:00:00	132.514	132.957	132.452	132.741	26649	0	15
2018.09.25	12:00:00	132.741	132.961	132.669	132.895	19746	0	15
2018.09.25	16:00:00	132.896	133.103	132.772	132.924	21535	0	15
2018.09.25	20:00:00	132.925	132.977	132.800	132.917	8199	0	12
2018.09.26	00:00:00	132.914	132.960	132.791	132.799	12542	0	15
2018.09.26	04:00:00	132.799	132.911	132.778	132.812	10545	0	15
2018.09.26	08:00:00	132.811	132.908	132.614	132.813	17035	0	15
2018.09.26	12:00:00	132.816	132.862	132.544	132.647	19096	0	15
2018.09.26	16:00:00	132.646	132.809	132.516	132.696	19727	0	15
2018.09.26	20:00:00	132.699	133.109	132.222	132.342	31594	0	11
2018.09.27	00:00:00	132.341	132.661	132.284	132.633	13788	0	15
2018.09.27	04:00:00	132.632	132.669	132.356	132.440	13124	0	15
2018.09.27	08:00:00	132.440	132.475	131.567	132.022	36449	0	15
2018.09.27	12:00:00	132.021	132.185	131.883	131.924	25883	0	15
2018.09.27	16:00:00	131.923	132.517	131.886	132.416	26123	0	15
2018.09.27	20:00:00	132.416	132.416	131.959	131.959	12322	0	7
2018.09.28	00:00:00	131.975	132.081	131.852	132.061	10802	0	11
2018.09.28	04:00:00	132.061	132.298	132.050	132.206	12450	0	15
2018.09.28	08:00:00	132.206	132.286	131.632	131.809	26320	0	15
2018.09.28	12:00:00	131.792	131.860	131.173	131.345	27953	0	15
2018.09.28	16:00:00	131.345	132.024	131.252	131.801	27236	0	15
2018.09.28	20:00:00	131.801	131.970	131.787	131.889	9009	0	15
2018.10.01	00:00:00	132.085	132.184	131.976	132.115	8802	0	15
2018.10.01	04:00:00	132.116	132.205	131.963	132.096	10649	0	15
2018.10.01	08:00:00	132.096	132.285	131.903	132.264	18878	0	15
2018.10.01	12:00:00	132.262	132.454	132.058	132.258	22934	0	15
2018.10.01	16:00:00	132.258	132.293	131.728	131.846	24211	0	15
2018.10.01	20:00:00	131.846	131.983	131.776	131.846	7853	0	12
2018.10.02	00:00:00	131.862	131.989	131.805	131.892	6122	0	15
2018.10.02	04:00:00	131.892	131.908	131.755	131.840	8258	0	15
2018.10.02	08:00:00	131.840	131.844	130.809	130.828	30173	0	15
2018.10.02	12:00:00	130.828	131.490	130.704	131.298	24277	0	15
2018.10.02	16:00:00	131.298	131.508	131.072	131.347	25069	0	15
2018.10.02	20:00:00	131.347	131.418	131.155	131.222	8963	0	11
2018.10.03	00:00:00	131.180	131.286	131.120	131.129	9623	0	15
2018.10.03	04:00:00	131.129	131.968	130.960	131.577	21575	0	15
2018.10.03	08:00:00	131.577	131.955	131.567	131.769	25987	0	15
2018.10.03	12:00:00	131.769	131.769	131.243	131.279	22344	0	15
2018.10.03	16:00:00	131.279	131.763	131.246	131.671	27939	0	15
2018.10.03	20:00:00	131.671	131.822	131.283	131.447	16677	0	11
2018.10.04	00:00:00	131.421	131.480	131.208	131.277	13346	0	15
2018.10.04	04:00:00	131.276	131.287	130.991	131.147	14887	0	15
2018.10.04	08:00:00	131.147	131.433	131.076	131.309	27344	0	15
2018.10.04	12:00:00	131.309	131.567	131.137	131.339	24422	0	15
2018.10.04	16:00:00	131.337	131.568	130.745	130.907	40160	0	15
2018.10.04	20:00:00	130.908	131.201	130.736	131.147	16427	0	11
2018.10.05	00:00:00	131.122	131.356	131.099	131.277	16359	0	15
2018.10.05	04:00:00	131.281	131.349	131.028	131.141	16253	0	15
2018.10.05	08:00:00	131.141	131.180	130.808	130.829	20988	0	15
2018.10.05	12:00:00	130.829	131.324	130.785	131.212	26151	0	15
2018.10.05	16:00:00	131.212	131.406	130.593	130.840	40471	0	15
2018.10.05	20:00:00	130.841	131.169	130.783	130.974	17512	0	15
2018.10.08	00:00:00	131.084	131.236	130.944	131.135	11843	0	15
2018.10.08	04:00:00	131.135	131.242	131.017	131.057	13268	0	15
2018.10.08	08:00:00	131.057	131.100	129.919	129.973	21019	0	15
2018.10.08	12:00:00	129.973	130.194	129.941	129.967	18018	0	15
2018.10.08	16:00:00	129.967	130.066	129.613	129.651	24157	0	15
2018.10.08	20:00:00	129.651	130.129	129.502	130.103	15727	0	15
2018.10.09	00:00:00	130.100	130.113	129.781	129.880	21202	0	15
2018.10.09	04:00:00	129.880	130.109	129.727	129.994	19836	0	15
2018.10.09	08:00:00	129.994	130.222	129.732	129.870	29845	0	15
2018.10.09	12:00:00	129.869	129.914	129.331	129.740	32368	0	15
2018.10.09	16:00:00	129.740	130.171	129.549	129.810	39771	0	15
2018.10.09	20:00:00	129.810	130.005	129.687	129.782	15724	0	11
2018.10.10	00:00:00	129.775	130.117	129.732	130.103	12057	0	15
2018.10.10	04:00:00	130.100	130.230	129.983	130.089	15423	0	15
2018.10.10	08:00:00	130.089	130.180	129.812	130.003	24393	0	15
2018.10.10	12:00:00	130.003	130.355	129.965	130.236	21960	0	15
2018.10.10	16:00:00	130.236	130.494	129.753	130.041	42114	0	15
2018.10.10	20:00:00	130.041	130.196	129.288	129.315	28268	0	6
2018.10.11	00:00:00	129.332	129.585	129.200	129.529	23247	0	15
2018.10.11	04:00:00	129.529	129.812	129.361	129.693	36350	0	15
2018.10.11	08:00:00	129.693	129.760	129.405	129.596	41943	0	15
2018.10.11	12:00:00	129.595	130.208	129.525	129.970	36068	0	15
2018.10.11	16:00:00	129.970	130.156	129.533	129.979	56723	0	15
2018.10.11	20:00:00	129.977	130.084	129.664	130.021	38535	0	15
2018.10.12	00:00:00	129.907	130.106	129.834	130.075	16777	0	15
2018.10.12	04:00:00	130.075	130.417	130.044	130.372	20584	0	15
2018.10.12	08:00:00	130.371	130.491	129.961	130.063	30976	0	15
2018.10.12	12:00:00	130.063	130.161	129.677	129.781	26103	0	15
2018.10.12	16:00:00	129.781	129.862	129.349	129.478	37103	0	15
2018.10.12	20:00:00	129.477	129.719	129.377	129.685	24479	0	15
2018.10.15	00:00:00	129.385	129.642	129.301	129.352	17749	0	15
2018.10.15	04:00:00	129.350	129.581	129.277	129.391	24173	0	15
2018.10.15	08:00:00	129.391	129.436	129.116	129.205	28313	0	15
2018.10.15	12:00:00	129.205	129.779	129.163	129.777	27150	0	15
2018.10.15	16:00:00	129.777	129.791	129.329	129.506	34259	0	15
2018.10.15	20:00:00	129.509	129.608	129.387	129.404	17025	0	12
2018.10.16	00:00:00	129.404	129.669	129.398	129.621	12795	0	15
2018.10.16	04:00:00	129.622	129.824	129.542	129.643	21612	0	15
2018.10.16	08:00:00	129.643	130.051	129.618	129.901	26954	0	15
2018.10.16	12:00:00	129.902	129.967	129.561	129.967	24989	0	15
2018.10.16	16:00:00	129.967	130.290	129.837	129.921	30320	0	15
2018.10.16	20:00:00	129.923	130.007	129.844	129.911	11574	0	11
2018.10.17	00:00:00	129.908	130.149	129.866	130.113	14147	0	15
2018.10.17	04:00:00	130.114	130.137	129.718	129.753	16646	0	15
2018.10.17	08:00:00	129.754	129.911	129.569	129.763	27766	0	15
2018.10.17	12:00:00	129.763	129.857	129.320	129.489	27408	0	15
2018.10.17	16:00:00	129.489	129.587	129.164	129.439	35507	0	15
2018.10.17	20:00:00	129.441	129.570	129.295	129.535	20009	0	15
2018.10.18	00:00:00	129.533	129.628	129.457	129.581	21647	0	15
2018.10.18	04:00:00	129.579	129.602	129.310	129.382	20535	0	15
2018.10.18	08:00:00	129.382	129.708	129.108	129.637	27147	0	15
2018.10.18	12:00:00	129.637	129.723	129.367	129.423	26150	0	15
2018.10.18	16:00:00	129.422	129.459	128.572	128.666	46709	0	15
2018.10.18	20:00:00	128.666	128.686	128.312	128.474	27574	0	8
2018.10.19	00:00:00	128.458	128.703	128.405	128.686	12889	0	15
2018.10.19	04:00:00	128.687	128.855	128.597	128.736	19546	0	15
2018.10.19	08:00:00	128.736	129.018	128.547	128.709	33710	0	15
2018.10.19	12:00:00	128.710	129.130	128.577	128.914	30936	0	15
2018.10.19	16:00:00	128.914	129.675	128.833	129.534	41874	0	15
2018.10.19	20:00:00	129.534	129.675	129.417	129.574	19079	0	15
2018.10.22	00:00:00	129.629	129.666	129.194	129.333	15924	0	15
2018.10.22	04:00:00	129.334	129.732	129.307	129.610	19579	0	15
2018.10.22	08:00:00	129.611	130.193	129.597	129.846	28568	0	15
2018.10.22	12:00:00	129.846	129.961	129.496	129.496	27071	0	5
2018.10.22	16:00:00	129.460	129.541	129.210	129.248	36909	0	5
2018.10.22	20:00:00	129.248	129.419	129.224	129.324	12815	0	9
2018.10.23	00:00:00	129.329	129.373	129.126	129.196	14222	0	15
2018.10.23	04:00:00	129.197	129.311	128.832	128.922	21180	0	15
2018.10.23	08:00:00	128.922	129.015	128.589	128.696	36542	0	15
2018.10.23	12:00:00	128.695	128.988	128.570	128.602	33922	0	15
2018.10.23	16:00:00	128.603	128.928	128.202	128.838	46431	0	15
2018.10.23	20:00:00	128.838	129.078	128.745	128.966	23014	0	8
2018.10.24	00:00:00	128.965	129.031	128.872	128.943	17749	0	15
2018.10.24	04:00:00	128.943	129.210	128.763	129.161	26350	0	15
2018.10.24	08:00:00	129.161	129.186	128.275	128.412	43735	0	15
2018.10.24	12:00:00	128.413	128.646	128.262	128.481	36308	0	15
2018.10.24	16:00:00	128.480	128.506	128.044	128.230	43346	0	15
2018.10.24	20:00:00	128.228	128.231	127.759	127.862	28668	0	13
2018.10.25	00:00:00	127.829	127.870	127.487	127.686	21509	0	15
2018.10.25	04:00:00	127.686	127.985	127.591	127.909	22625	0	15
2018.10.25	08:00:00	127.909	128.171	127.725	128.102	38334	0	15
2018.10.25	12:00:00	128.102	128.432	127.969	128.366	36193	0	15
2018.10.25	16:00:00	128.369	128.393	127.707	128.046	48467	0	15
2018.10.25	20:00:00	128.046	128.082	127.790	127.848	17738	0	9
2018.10.26	00:00:00	127.837	127.878	127.671	127.777	18695	0	15
2018.10.26	04:00:00	127.777	127.834	127.411	127.565	32013	0	15
2018.10.26	08:00:00	127.567	127.683	127.296	127.441	37998	0	15
2018.10.26	12:00:00	127.441	127.444	126.928	127.202	40700	0	15
2018.10.26	16:00:00	127.201	127.726	126.624	127.574	56663	0	15
2018.10.26	20:00:00	127.573	127.745	127.452	127.551	32624	0	15
2018.10.29	00:00:00	127.534	127.655	127.315	127.378	28705	0	15
2018.10.29	04:00:00	127.378	127.607	127.339	127.573	19638	0	15
2018.10.29	08:00:00	127.577	127.764	127.241	127.634	32814	0	15
2018.10.29	12:00:00	127.635	128.227	127.627	127.921	42310	0	15
2018.10.29	16:00:00	127.920	128.180	127.883	128.060	37737	0	15
2018.10.29	20:00:00	128.060	128.126	127.743	127.769	21141	0	11
2018.10.30	00:00:00	127.768	128.129	127.725	128.114	22526	0	15
2018.10.30	04:00:00	128.114	128.298	128.047	128.203	18876	0	15
2018.10.30	08:00:00	128.204	128.392	128.117	128.195	29844	0	15
2018.10.30	12:00:00	128.190	128.432	128.004	128.378	39795	0	15
2018.10.30	16:00:00	128.378	128.427	127.964	128.087	39955	0	6
2018.10.30	20:00:00	128.087	128.357	127.955	128.276	15378	0	13
2018.10.31	00:00:00	128.276	128.536	128.224	128.443	18231	0	15
2018.10.31	04:00:00	128.445	128.536	128.304	128.464	13618	0	15
2018.10.31	08:00:00	128.466	128.529	128.158	128.257	26105	0	15
2018.10.31	12:00:00	128.259	128.406	128.094	128.318	30982	0	15
2018.10.31	16:00:00	128.318	128.371	127.649	127.805	37066	0	15
2018.10.31	20:00:00	127.805	127.969	127.668	127.760	15496	0	6
2018.11.01	00:00:00	127.760	128.013	127.608	127.997	18951	0	15
2018.11.01	04:00:00	127.996	128.088	127.890	128.049	15462	0	15
2018.11.01	08:00:00	128.049	128.590	127.929	128.570	28128	0	15
2018.11.01	12:00:00	128.570	128.757	128.357	128.399	30973	0	15
2018.11.01	16:00:00	128.400	128.688	128.361	128.555	34952	0	15
2018.11.01	20:00:00	128.554	128.647	128.419	128.438	11727	0	8
2018.11.02	00:00:00	128.438	128.691	128.360	128.434	13739	0	15
2018.11.02	04:00:00	128.434	129.138	128.415	129.063	22602	0	15
2018.11.02	08:00:00	129.063	129.318	128.904	128.971	30660	0	15
2018.11.02	12:00:00	128.971	129.265	128.788	128.938	36800	0	15
2018.11.02	16:00:00	128.937	129.061	128.588	128.850	40190	0	15
2018.11.02	20:00:00	128.849	129.142	128.804	128.864	12841	0	15
2018.11.05	00:00:00	128.815	129.028	128.777	128.849	26997	0	15
2018.11.05	04:00:00	128.849	129.040	128.808	128.984	16298	0	15
2018.11.05	08:00:00	128.984	129.122	128.764	128.910	18617	0	15
2018.11.05	12:00:00	128.911	128.980	128.591	128.810	20601	0	15
2018.11.05	16:00:00	128.809	129.096	128.803	128.949	25605	0	15
2018.11.05	20:00:00	128.949	129.317	128.946	129.106	12678	0	15
2018.11.06	00:00:00	129.108	129.296	129.092	129.208	15711	0	15
2018.11.06	04:00:00	129.207	129.259	129.153	129.249	11955	0	15
2018.11.06	08:00:00	129.255	129.454	129.079	129.098	21069	0	15
2018.11.06	12:00:00	129.098	129.390	128.844	129.332	24703	0	15
2018.11.06	16:00:00	129.333	129.550	129.264	129.491	29254	0	15
2018.11.06	20:00:00	129.491	129.630	129.363	129.590	11067	0	8
2018.11.07	00:00:00	129.590	129.729	129.424	129.671	35914	0	15
2018.11.07	04:00:00	129.669	129.888	129.544	129.563	37212	0	15
2018.11.07	08:00:00	129.563	129.922	129.382	129.903	29507	0	15
2018.11.07	12:00:00	129.903	130.139	129.811	130.017	28665	0	15
2018.11.07	16:00:00	130.017	130.119	129.804	129.917	32865	0	15
2018.11.07	20:00:00	129.917	129.970	129.639	129.661	18490	0	7
2018.11.08	00:00:00	129.709	129.953	129.664	129.865	15983	0	15
2018.11.08	04:00:00	129.868	129.981	129.817	129.937	18017	0	15
2018.11.08	08:00:00	129.937	130.119	129.717	129.851	23749	0	15
2018.11.08	12:00:00	129.850	129.967	129.690	129.890	26451	0	15
2018.11.08	16:00:00	129.890	130.086	129.769	129.818	30650	0	15
2018.11.08	20:00:00	129.818	129.884	129.381	129.604	22086	0	6
2018.11.09	00:00:00	129.610	129.629	129.328	129.425	18189	0	15
2018.11.09	04:00:00	129.424	129.436	129.172	129.272	17903	0	15
2018.11.09	08:00:00	129.272	129.314	128.915	129.108	26343	0	15
2018.11.09	12:00:00	129.108	129.282	128.963	129.268	24774	0	15
2018.11.09	16:00:00	129.267	129.359	128.731	128.940	38900	0	15
2018.11.09	20:00:00	128.940	129.031	128.861	128.862	13353	0	15
2018.11.12	00:00:00	128.793	129.121	128.793	129.059	34863	0	15
2018.11.12	04:00:00	129.058	129.180	128.915	128.980	19265	0	15
2018.11.12	08:00:00	128.983	129.049	128.206	128.237	36548	0	15
2018.11.12	12:00:00	128.237	128.391	128.126	128.281	25760	0	15
2018.11.12	16:00:00	128.282	128.293	127.805	127.945	29098	0	15
2018.11.12	20:00:00	127.945	128.019	127.643	127.692	16597	0	15
2018.11.13	00:00:00	127.687	127.778	127.489	127.765	26362	0	15
2018.11.13	04:00:00	127.768	128.299	127.671	128.110	24723	0	15
2018.11.13	08:00:00	128.110	128.403	128.023	128.176	34769	0	15
2018.11.13	12:00:00	128.177	128.404	128.069	128.299	30765	0	15
2018.11.13	16:00:00	128.299	128.746	128.190	128.513	38976	0	15
2018.11.13	20:00:00	128.514	128.572	128.183	128.470	18722	0	7
2018.11.14	00:00:00	128.488	128.973	128.400	128.792	26125	0	15
2018.11.14	04:00:00	128.792	128.833	128.559	128.602	24487	0	15
2018.11.14	08:00:00	128.602	128.706	128.304	128.342	31506	0	15
2018.11.14	12:00:00	128.342	128.816	128.271	128.632	29048	0	15
2018.11.14	16:00:00	128.634	129.221	128.256	128.319	43396	0	15
2018.11.14	20:00:00	128.319	128.789	128.120	128.464	34081	0	8
2018.11.15	00:00:00	128.499	128.669	128.412	128.460	25327	0	15
2018.11.15	04:00:00	128.461	128.676	128.444	128.657	22803	0	15
2018.11.15	08:00:00	128.657	128.838	127.953	127.964	39600	0	15
2018.11.15	12:00:00	127.964	128.435	127.792	127.895	38412	0	15
2018.11.15	16:00:00	127.895	128.671	127.759	128.262	49920	0	15
2018.11.15	20:00:00	128.262	129.044	128.207	128.699	27126	0	15
2018.11.16	00:00:00	128.693	128.778	128.549	128.640	20684	0	15
2018.11.16	04:00:00	128.640	128.658	128.455	128.541	17138	0	15
2018.11.16	08:00:00	128.540	128.749	128.396	128.575	31793	0	15
2018.11.16	12:00:00	128.576	128.576	128.117	128.571	32535	0	15
2018.11.16	16:00:00	128.571	128.884	128.458	128.776	40757	0	15
2018.11.16	20:00:00	128.773	128.887	128.661	128.751	17729	0	15
2018.11.19	00:00:00	128.690	128.838	128.456	128.592	33222	0	15
2018.11.19	04:00:00	128.593	128.595	128.476	128.566	16392	0	15
2018.11.19	08:00:00	128.565	128.915	128.512	128.734	22856	0	15
2018.11.19	12:00:00	128.734	128.994	128.665	128.932	21643	0	15
2018.11.19	16:00:00	128.932	129.057	128.638	128.825	32134	0	15
2018.11.19	20:00:00	128.825	128.948	128.756	128.890	16046	0	7
2018.11.20	00:00:00	128.901	128.970	128.783	128.933	21162	0	15
2018.11.20	04:00:00	128.933	128.988	128.785	128.853	15012	0	15
2018.11.20	08:00:00	128.853	129.028	128.349	128.508	26963	0	15
2018.11.20	12:00:00	128.511	128.667	128.137	128.188	26643	0	15
2018.11.20	16:00:00	128.188	128.577	128.000	128.224	43035	0	15
2018.11.20	20:00:00	128.224	128.286	128.052	128.207	19834	0	15
2018.11.21	00:00:00	128.207	128.418	128.112	128.355	18304	0	15
2018.11.21	04:00:00	128.356	128.497	128.338	128.418	14660	0	15
2018.11.21	08:00:00	128.418	128.790	128.379	128.607	22212	0	15
2018.11.21	12:00:00	128.606	129.069	128.586	128.833	32756	0	15
2018.11.21	16:00:00	128.833	128.976	128.687	128.806	30225	0	15
2018.11.21	20:00:00	128.806	128.852	128.709	128.714	10460	0	15
2018.11.22	00:00:00	128.729	128.894	128.619	128.730	19314	0	15
2018.11.22	04:00:00	128.730	128.832	128.703	128.811	9137	0	15
2018.11.22	08:00:00	128.810	128.995	128.691	128.788	15891	0	15
2018.11.22	12:00:00	128.788	129.094	128.759	128.818	24712	0	15
2018.11.22	16:00:00	128.819	128.907	128.695	128.868	14661	0	15
2018.11.22	20:00:00	128.868	128.886	128.753	128.765	26829	0	15
2018.11.23	00:00:00	128.799	128.888	128.739	128.863	7809	0	15
2018.11.23	04:00:00	128.863	128.912	128.766	128.802	8451	0	15
2018.11.23	08:00:00	128.802	128.873	128.286	128.333	22102	0	15
2018.11.23	12:00:00	128.334	128.381	127.919	127.970	26803	0	15
2018.11.23	16:00:00	127.969	128.078	127.848	127.884	26098	0	15
2018.11.23	20:00:00	127.884	127.989	127.811	127.941	15200	0	15
2018.11.26	00:00:00	128.023	128.324	127.920	128.279	29915	0	15
2018.11.26	04:00:00	128.279	128.492	128.243	128.453	17076	0	15
2018.11.26	08:00:00	128.453	128.909	128.406	128.775	28945	0	15
2018.11.26	12:00:00	128.775	128.810	128.569	128.755	21391	0	15
2018.11.26	16:00:00	128.755	128.862	128.644	128.706	25883	0	15
2018.11.26	20:00:00	128.704	128.777	128.582	128.649	11964	0	12
2018.11.27	00:00:00	128.648	128.687	128.487	128.508	19177	0	15
2018.11.27	04:00:00	128.507	128.736	128.500	128.699	11342	0	15
2018.11.27	08:00:00	128.699	128.838	128.370	128.503	34393	0	15
2018.11.27	12:00:00	128.503	128.712	128.471	128.626	26354	0	15
2018.11.27	16:00:00	128.626	128.727	128.346	128.394	34674	0	15
2018.11.27	20:00:00	128.394	128.553	128.380	128.429	16243	0	8
2018.11.28	00:00:00	128.451	128.598	128.395	128.423	13565	0	15
2018.11.28	04:00:00	128.423	128.671	128.412	128.618	10600	0	15
2018.11.28	08:00:00	128.618	128.682	128.241	128.309	20099	0	15
2018.11.28	12:00:00	128.311	128.505	128.296	128.480	21111	0	15
2018.11.28	16:00:00	128.480	129.039	128.374	128.976	42155	0	15
2018.11.28	20:00:00	128.975	129.251	128.913	129.199	24398	0	7
2018.11.29	00:00:00	129.205	129.230	128.967	129.001	15117	0	7
2018.11.29	04:00:00	129.006	129.056	128.908	128.935	12866	0	5
2018.11.29	08:00:00	128.935	129.105	128.756	128.794	23217	0	15
2018.11.29	12:00:00	128.795	129.087	128.666	128.870	25058	0	7
2018.11.29	16:00:00	128.870	129.127	128.797	129.031	35464	0	15
2018.11.29	20:00:00	129.033	129.289	129.004	129.273	15824	0	12
2018.11.30	00:00:00	129.272	129.285	129.044	129.156	14025	0	13
2018.11.30	04:00:00	129.156	129.260	129.113	129.172	11470	0	15
2018.11.30	08:00:00	129.173	129.226	129.006	129.041	19218	0	15
2018.11.30	12:00:00	129.041	129.131	128.916	128.925	25584	0	15
2018.11.30	16:00:00	128.925	128.995	128.409	128.572	35580	0	15
2018.11.30	20:00:00	128.573	128.615	128.379	128.394	13214	0	7
2018.12.03	00:00:00	129.043	129.054	128.726	128.866	25130	0	15
2018.12.03	04:00:00	128.866	129.029	128.769	128.990	15637	0	15
2018.12.03	08:00:00	128.989	129.142	128.788	128.920	20671	0	15
2018.12.03	12:00:00	128.920	128.928	128.534	128.573	22213	0	15
2018.12.03	16:00:00	128.573	129.050	128.560	128.995	28148	0	15
2018.12.03	20:00:00	128.995	129.044	128.862	129.020	11569	0	7
2018.12.04	00:00:00	129.013	129.019	128.726	128.792	20889	0	15
2018.12.04	04:00:00	128.792	128.871	128.598	128.681	20084	0	15
2018.12.04	08:00:00	128.680	128.827	128.471	128.652	28222	0	15
2018.12.04	12:00:00	128.649	128.718	128.453	128.573	25586	0	15
2018.12.04	16:00:00	128.573	128.671	127.712	127.904	42027	0	15
2018.12.04	20:00:00	127.904	128.018	127.609	127.915	29546	0	14
2018.12.05	00:00:00	127.907	128.079	127.782	128.079	19464	0	15
2018.12.05	04:00:00	128.079	128.079	127.875	127.962	15231	0	15
2018.12.05	08:00:00	127.961	128.168	127.940	128.075	17245	0	15
2018.12.05	12:00:00	128.075	128.430	128.075	128.391	15270	0	15
2018.12.05	16:00:00	128.391	128.484	128.016	128.412	20648	0	15
2018.12.05	20:00:00	128.414	128.456	128.354	128.404	6525	0	6
2018.12.06	00:00:00	128.404	128.427	127.944	128.013	27512	0	15
2018.12.06	04:00:00	128.013	128.066	127.695	127.911	21339	0	15
2018.12.06	08:00:00	127.910	128.203	127.682	127.708	36632	0	15
2018.12.06	12:00:00	127.708	128.201	127.664	127.996	33330	0	15
2018.12.06	16:00:00	127.997	128.208	127.668	128.136	60692	0	15
2018.12.06	20:00:00	128.134	128.301	127.983	128.187	28197	0	14
2018.12.07	00:00:00	128.186	128.262	127.918	128.171	22418	0	15
2018.12.07	04:00:00	128.173	128.418	128.129	128.338	13154	0	15
2018.12.07	08:00:00	128.338	128.434	128.176	128.253	21418	0	15
2018.12.07	12:00:00	128.253	128.575	128.212	128.417	32992	0	15
2018.12.07	16:00:00	128.415	128.586	128.214	128.437	52501	0	15
2018.12.07	20:00:00	128.438	128.664	128.372	128.413	26391	0	15
2018.12.10	00:00:00	128.199	128.500	128.163	128.425	31631	0	15
2018.12.10	04:00:00	128.425	128.631	128.374	128.613	18478	0	15
2018.12.10	08:00:00	128.611	128.804	128.537	128.633	28787	0	15
2018.12.10	12:00:00	128.633	128.877	128.469	128.772	29526	0	15
2018.12.10	16:00:00	128.773	128.929	128.248	128.501	55678	0	15
2018.12.10	20:00:00	128.501	128.737	128.442	128.687	26122	0	15
2018.12.11	00:00:00	128.662	128.700	128.412	128.466	22123	0	15
2018.12.11	04:00:00	128.467	128.626	128.430	128.583	13317	0	15
2018.12.11	08:00:00	128.583	128.740	128.502	128.640	22912	0	15
2018.12.11	12:00:00	128.641	128.976	128.630	128.715	26801	0	15
2018.12.11	16:00:00	128.715	128.744	128.178	128.244	46245	0	15
2018.12.11	20:00:00	128.246	128.488	128.168	128.293	28704	0	7
2018.12.12	00:00:00	128.329	128.624	128.237	128.584	26826	0	15
2018.12.12	04:00:00	128.584	128.614	128.465	128.539	14063	0	15
2018.12.12	08:00:00	128.539	128.627	128.350	128.589	27604	0	15
2018.12.12	12:00:00	128.589	128.792	128.439	128.739	32266	0	15
2018.12.12	16:00:00	128.738	128.858	128.582	128.765	39557	0	15
2018.12.12	20:00:00	128.767	128.837	128.579	128.774	25723	0	11
2018.12.13	00:00:00	128.765	128.937	128.697	128.936	16723	0	15
2018.12.13	04:00:00	128.936	129.022	128.909	128.955	10771	0	15
2018.12.13	08:00:00	128.955	129.246	128.922	129.089	21368	0	15
2018.12.13	12:00:00	129.091	129.187	128.699	128.787	29926	0	15
2018.12.13	16:00:00	128.786	129.147	128.710	129.041	42842	0	15
2018.12.13	20:00:00	129.041	129.136	128.965	129.063	19126	0	11
2018.12.14	00:00:00	129.033	129.110	128.838	128.920	19819	0	15
2018.12.14	04:00:00	128.921	128.948	128.834	128.896	12412	0	15
2018.12.14	08:00:00	128.898	128.991	128.107	128.194	29100	0	5
2018.12.14	12:00:00	128.194	128.382	128.052	128.100	25619	0	5
2018.12.14	16:00:00	128.101	128.249	128.036	128.069	30464	0	15
2018.12.14	20:00:00	128.069	128.187	127.977	128.171	15100	0	15
2018.12.17	00:00:00	128.099	128.351	128.099	128.283	34473	0	15
2018.12.17	04:00:00	128.284	128.383	128.268	128.312	12708	0	15
2018.12.17	08:00:00	128.312	128.484	128.248	128.397	22091	0	15
2018.12.17	12:00:00	128.396	128.584	128.346	128.397	26529	0	15
2018.12.17	16:00:00	128.398	128.401	127.973	128.032	32643	0	15
2018.12.17	20:00:00	128.032	128.087	127.855	128.023	22437	0	15
2018.12.18	00:00:00	128.022	128.105	127.817	128.025	18450	0	15
2018.12.18	04:00:00	128.024	128.026	127.634	127.731	18874	0	15
2018.12.18	08:00:00	127.731	127.994	127.644	127.860	29640	0	15
2018.12.18	12:00:00	127.860	128.043	127.794	127.916	27588	0	15
2018.12.18	16:00:00	127.916	128.028	127.816	127.894	32091	0	15
2018.12.18	20:00:00	127.895	127.992	127.749	127.820	24304	0	11
2018.12.19	00:00:00	127.863	128.103	127.701	128.002	26971	0	15
2018.12.19	04:00:00	128.002	128.005	127.759	127.938	15409	0	15
2018.12.19	08:00:00	127.937	128.193	127.906	127.955	23728	0	15
2018.12.19	12:00:00	127.955	128.205	127.881	128.072	23512	0	15
2018.12.19	16:00:00	128.072	128.369	128.055	128.183	31057	0	15
2018.12.19	20:00:00	128.187	128.353	127.534	127.947	49575	0	13
2018.12.20	00:00:00	127.949	128.170	127.731	128.053	21390	0	15
2018.12.20	04:00:00	128.052	128.056	127.541	127.664	21676	0	15
2018.12.20	08:00:00	127.664	128.380	127.452	128.230	45488	0	15
2018.12.20	12:00:00	128.229	128.323	127.756	127.766	41367	0	15
2018.12.20	16:00:00	127.766	127.888	127.213	127.402	57462	0	15
2018.12.20	20:00:00	127.402	127.623	127.208	127.382	42063	0	15
2018.12.21	00:00:00	127.384	127.449	127.214	127.351	14792	0	15
2018.12.21	04:00:00	127.351	127.567	127.247	127.551	20149	0	15
2018.12.21	08:00:00	127.550	127.676	126.868	127.022	34366	0	15
2018.12.21	12:00:00	127.025	127.076	126.769	126.821	41213	0	7
2018.12.21	16:00:00	126.820	127.032	126.532	126.749	61563	0	15
2018.12.21	20:00:00	126.749	126.783	126.366	126.382	26759	0	15
2018.12.24	00:00:00	126.397	126.413	126.080	126.358	29343	0	15
2018.12.24	04:00:00	126.358	126.568	126.312	126.542	20087	0	15
2018.12.24	08:00:00	126.542	126.640	126.290	126.560	34850	0	15
2018.12.24	12:00:00	126.560	126.734	126.220	126.264	41238	0	15
2018.12.24	16:00:00	126.264	126.342	125.889	125.893	75676	0	15
2018.12.24	20:00:00	125.938	126.002	125.781	125.915	3300	0	15
2018.12.26	04:00:00	126.029	126.029	125.829	125.929	5515	0	5
2018.12.26	08:00:00	125.931	126.040	125.815	125.865	11689	0	5
2018.12.26	12:00:00	125.866	125.977	125.819	125.858	14631	0	15
2018.12.26	16:00:00	125.857	126.236	125.792	125.986	25457	0	15
2018.12.26	20:00:00	125.987	126.439	125.924	126.410	26713	0	15
2018.12.27	00:00:00	126.411	126.472	126.192	126.278	44752	0	15
2018.12.27	04:00:00	126.274	126.671	126.251	126.640	46826	0	15
2018.12.27	08:00:00	126.639	126.643	126.254	126.364	61841	0	15
2018.12.27	12:00:00	126.364	126.466	125.981	126.245	60246	0	15
2018.12.27	16:00:00	126.245	126.675	126.190	126.544	63811	0	15
2018.12.27	20:00:00	126.543	127.084	126.506	126.900	42884	0	15
2018.12.28	00:00:00	126.909	126.972	126.735	126.821	56400	0	15
2018.12.28	04:00:00	126.822	127.007	126.646	126.785	26391	0	15
2018.12.28	08:00:00	126.786	126.793	126.308	126.334	38099	0	15
2018.12.28	12:00:00	126.334	126.612	126.297	126.521	42210	0	15
2018.12.28	16:00:00	126.520	126.574	126.273	126.351	58197	0	15
2018.12.28	20:00:00	126.351	126.403	126.116	126.195	34409	0	16
2018.12.31	00:00:00	126.117	126.429	126.082	126.329	27047	0	15
2018.12.31	04:00:00	126.329	126.389	126.133	126.188	16397	0	16
2018.12.31	08:00:00	126.187	126.265	125.848	126.002	28155	0	15
2018.12.31	12:00:00	126.003	126.150	125.794	125.967	30237	0	15
2018.12.31	16:00:00	125.969	125.970	125.393	125.606	41894	0	15
2018.12.31	20:00:00	125.605	125.638	125.541	125.607	6921	0	15
2019.01.02	04:00:00	125.265	125.495	125.165	125.489	9029	0	5
2019.01.02	08:00:00	125.470	125.565	124.384	124.587	36387	0	6
2019.01.02	12:00:00	124.585	124.871	123.877	124.189	36029	0	15
2019.01.02	16:00:00	124.188	124.336	123.949	124.079	44527	0	15
2019.01.02	20:00:00	124.078	124.084	123.513	123.531	25543	0	15
2019.01.03	00:00:00	123.538	123.807	118.586	122.028	38520	0	15
2019.01.03	04:00:00	122.028	122.043	121.275	121.516	28136	0	15
2019.01.03	08:00:00	121.516	122.822	121.336	122.462	48630	0	15
2019.01.03	12:00:00	122.462	122.482	121.933	122.456	35629	0	15
2019.01.03	16:00:00	122.454	123.404	122.051	123.127	67308	0	15
2019.01.03	20:00:00	123.127	123.129	122.391	122.640	36152	0	15
2019.01.04	00:00:00	122.638	123.099	122.573	122.969	38231	0	15
2019.01.04	04:00:00	122.969	123.576	122.930	123.290	24600	0	15
2019.01.04	08:00:00	123.290	123.345	122.922	123.179	30219	0	15
2019.01.04	12:00:00	123.179	123.340	123.043	123.142	29092	0	15
2019.01.04	16:00:00	123.144	123.790	122.837	123.682	53122	0	6
2019.01.04	20:00:00	123.682	123.848	123.590	123.644	22580	0	15
2019.01.07	00:00:00	123.628	123.908	123.600	123.760	27636	0	15
2019.01.07	04:00:00	123.761	123.773	123.427	123.582	19863	0	15
2019.01.07	08:00:00	123.583	123.848	123.396	123.781	23988	0	15
2019.01.07	12:00:00	123.782	124.155	123.718	124.141	18976	0	15
2019.01.07	16:00:00	124.141	124.576	124.054	124.551	31097	0	15
2019.01.07	20:00:00	124.550	124.791	124.531	124.735	16839	0	8
2019.01.08	00:00:00	124.743	124.852	124.245	124.276	20743	0	15
2019.01.08	04:00:00	124.276	124.692	124.232	124.481	20311	0	15
2019.01.08	08:00:00	124.481	124.795	124.419	124.670	24691	0	15
2019.01.08	12:00:00	124.670	124.716	124.326	124.406	26715	0	15
2019.01.08	16:00:00	124.406	124.609	124.113	124.372	31937	0	15
2019.01.08	20:00:00	124.372	124.497	124.260	124.394	14708	0	7
2019.01.09	00:00:00	124.392	124.707	124.350	124.645	21802	0	6
2019.01.09	04:00:00	124.646	124.856	124.645	124.751	22266	0	5
2019.01.09	08:00:00	124.750	124.962	124.651	124.809	25786	0	5
2019.01.09	12:00:00	124.809	124.848	124.550	124.650	23189	0	5
2019.01.09	16:00:00	124.648	125.090	124.459	124.916	46136	0	5
2019.01.09	20:00:00	124.916	125.046	124.686	124.825	32348	0	5
2019.01.10	00:00:00	124.828	125.064	124.526	124.760	32132	0	5
2019.01.10	04:00:00	124.757	124.851	124.607	124.755	28055	0	5
2019.01.10	08:00:00	124.754	124.786	124.458	124.577	32122	0	5
2019.01.10	12:00:00	124.576	124.777	124.502	124.647	26310	0	5
2019.01.10	16:00:00	124.648	124.789	124.356	124.724	36094	0	5
2019.01.10	20:00:00	124.722	124.788	124.462	124.691	24852	0	4
2019.01.11	00:00:00	124.696	124.889	124.594	124.850	26354	0	6
2019.01.11	04:00:00	124.855	124.922	124.720	124.826	22296	0	5
2019.01.11	08:00:00	124.827	124.989	124.719	124.802	21519	0	7
2019.01.11	12:00:00	124.802	124.965	124.643	124.724	29127	0	15
2019.01.11	16:00:00	124.724	124.755	124.227	124.479	35118	0	15
2019.01.11	20:00:00	124.479	124.489	124.342	124.419	12552	0	15
2019.01.14	00:00:00	124.311	124.422	124.130	124.165	14344	0	15
2019.01.14	04:00:00	124.167	124.230	123.945	124.081	9709	0	15
2019.01.14	08:00:00	124.081	124.204	123.869	123.953	26077	0	15
2019.01.14	12:00:00	123.953	124.058	123.760	123.979	31249	0	15
2019.01.14	16:00:00	123.980	124.334	123.865	124.153	24478	0	15
2019.01.14	20:00:00	124.153	124.168	124.022	124.029	8821	0	15
2019.01.15	00:00:00	124.041	124.601	123.993	124.497	20050	0	15
2019.01.15	04:00:00	124.497	124.845	124.489	124.830	14912	0	15
2019.01.15	08:00:00	124.832	124.845	124.013	124.118	28636	0	15
2019.01.15	12:00:00	124.119	124.273	123.627	123.940	34214	0	15
2019.01.15	16:00:00	123.940	124.322	123.668	123.705	35814	0	15
2019.01.15	20:00:00	123.706	124.081	123.390	124.024	26898	0	15
2019.01.16	00:00:00	124.038	124.043	123.539	123.577	17370	0	15
2019.01.16	04:00:00	123.571	123.828	123.516	123.782	13149	0	15
2019.01.16	08:00:00	123.782	124.024	123.653	123.943	27145	0	15
2019.01.16	12:00:00	123.944	124.068	123.779	123.923	28756	0	15
2019.01.16	16:00:00	123.923	124.226	123.885	124.210	29984	0	15
2019.01.16	20:00:00	124.210	124.407	124.100	124.274	18833	0	11
2019.01.17	00:00:00	124.266	124.348	124.026	124.074	19085	0	15
2019.01.17	04:00:00	124.074	124.172	124.010	124.054	12665	0	15
2019.01.17	08:00:00	124.053	124.058	123.730	123.880	26134	0	15
2019.01.17	12:00:00	123.881	124.146	123.848	124.054	25521	0	15
2019.01.17	16:00:00	124.055	124.191	123.898	124.078	29789	0	15
2019.01.17	20:00:00	124.076	124.670	124.037	124.406	25859	0	13
2019.01.18	00:00:00	124.403	124.659	124.220	124.604	17592	0	15
2019.01.18	04:00:00	124.604	124.667	124.511	124.546	14040	0	15
2019.01.18	08:00:00	124.545	124.893	124.512	124.877	22015	0	15
2019.01.18	12:00:00	124.877	124.964	124.663	124.712	22857	0	15
2019.01.18	16:00:00	124.713	124.825	124.421	124.750	36595	0	15
2019.01.18	20:00:00	124.749	124.816	124.648	124.736	14913	0	15
2019.01.21	00:00:00	124.577	124.750	124.502	124.590	23814	0	15
2019.01.21	04:00:00	124.592	124.819	124.576	124.640	13579	0	15
2019.01.21	08:00:00	124.639	124.795	124.599	124.706	19272	0	15
2019.01.21	12:00:00	124.706	124.769	124.548	124.591	14384	0	15
2019.01.21	16:00:00	124.591	124.663	124.534	124.627	12721	0	15
2019.01.21	20:00:00	124.628	124.703	124.585	124.626	7507	0	15
2019.01.22	00:00:00	124.627	124.702	124.496	124.641	13610	0	15
2019.01.22	04:00:00	124.642	124.651	124.238	124.281	13075	0	15
2019.01.22	08:00:00	124.281	124.396	124.102	124.349	25501	0	15
2019.01.22	12:00:00	124.349	124.447	124.112	124.163	20810	0	15
2019.01.22	16:00:00	124.163	124.372	124.044	124.283	31961	0	15
2019.01.22	20:00:00	124.283	124.326	124.036	124.238	20571	0	15
2019.01.23	00:00:00	124.223	124.649	124.198	124.624	20237	0	15
2019.01.23	04:00:00	124.624	124.779	124.571	124.617	15212	0	15
2019.01.23	08:00:00	124.616	124.748	124.376	124.527	23221	0	15
2019.01.23	12:00:00	124.527	124.760	124.490	124.713	25232	0	15
2019.01.23	16:00:00	124.713	124.931	124.601	124.696	36825	0	15
2019.01.23	20:00:00	124.696	124.834	124.654	124.729	14550	0	11
2019.01.24	00:00:00	124.733	124.860	124.624	124.660	20902	0	15
2019.01.24	04:00:00	124.661	124.797	124.585	124.792	15989	0	15
2019.01.24	08:00:00	124.792	124.891	124.384	124.520	28327	0	15
2019.01.24	12:00:00	124.520	124.646	123.972	124.181	34692	0	15
2019.01.24	16:00:00	124.181	124.591	123.855	123.912	45639	0	15
2019.01.24	20:00:00	123.914	123.972	123.780	123.936	19715	0	15
2019.01.25	00:00:00	123.959	124.149	123.778	124.082	23409	0	15
2019.01.25	04:00:00	124.082	124.402	124.076	124.302	18848	0	15
2019.01.25	08:00:00	124.302	124.508	124.171	124.391	28094	0	15
2019.01.25	12:00:00	124.390	124.827	124.354	124.805	26024	0	15
2019.01.25	16:00:00	124.805	125.309	124.707	125.191	42224	0	15
2019.01.25	20:00:00	125.191	125.261	124.887	124.930	20460	0	15
2019.01.28	00:00:00	124.882	125.029	124.718	124.894	19873	0	15
2019.01.28	04:00:00	124.895	124.987	124.712	124.732	15235	0	15
2019.01.28	08:00:00	124.733	124.812	124.591	124.790	24159	0	15
2019.01.28	12:00:00	124.790	125.000	124.781	124.915	21101	0	15
2019.01.28	16:00:00	124.913	124.990	124.642	124.925	33197	0	15
2019.01.28	20:00:00	124.925	125.006	124.888	124.918	13441	0	15
2019.01.29	00:00:00	124.919	124.954	124.677	124.735	18840	0	15
2019.01.29	04:00:00	124.734	124.981	124.730	124.973	15216	0	15
2019.01.29	08:00:00	124.973	125.229	124.883	125.215	23744	0	7
2019.01.29	12:00:00	125.214	125.228	124.993	125.087	23170	0	15
2019.01.29	16:00:00	125.086	125.093	124.740	124.989	34268	0	15
2019.01.29	20:00:00	124.990	125.118	124.846	125.054	25098	0	15
2019.01.30	00:00:00	125.022	125.141	124.881	124.988	19934	0	15
2019.01.30	04:00:00	124.988	125.131	124.962	125.054	14987	0	15
2019.01.30	08:00:00	125.055	125.102	124.876	124.993	28004	0	15
2019.01.30	12:00:00	124.993	125.219	124.964	125.183	23620	0	15
2019.01.30	16:00:00	125.185	125.278	125.022	125.059	26440	0	7
2019.01.30	20:00:00	125.059	125.458	125.013	125.159	34416	0	15
2019.01.31	00:00:00	125.159	125.249	125.054	125.148	21923	0	15
2019.01.31	04:00:00	125.148	125.288	125.056	125.094	16591	0	15
2019.01.31	08:00:00	125.095	125.171	124.655	124.667	29715	0	15
2019.01.31	12:00:00	124.667	124.898	124.573	124.783	29919	0	15
2019.01.31	16:00:00	124.780	124.944	124.486	124.588	35926	0	15
2019.01.31	20:00:00	124.589	124.680	124.491	124.614	15191	0	15
2019.02.01	00:00:00	124.598	124.746	124.355	124.501	16458	0	15
2019.02.01	04:00:00	124.502	124.683	124.459	124.527	15437	0	15
2019.02.01	08:00:00	124.529	124.882	124.479	124.881	22020	0	15
2019.02.01	12:00:00	124.881	125.109	124.825	125.035	27619	0	15
2019.02.01	16:00:00	125.034	125.727	125.014	125.640	35696	0	15
2019.02.01	20:00:00	125.640	125.658	125.387	125.391	12016	0	15
2019.02.04	00:00:00	125.402	125.548	125.349	125.511	19642	0	15
2019.02.04	04:00:00	125.512	125.621	125.446	125.581	13626	0	15
2019.02.04	08:00:00	125.581	125.866	125.554	125.753	21913	0	15
2019.02.04	12:00:00	125.752	125.933	125.702	125.925	20540	0	15
2019.02.04	16:00:00	125.925	125.939	125.601	125.628	29301	0	15
2019.02.04	20:00:00	125.629	125.707	125.554	125.665	11380	0	15
2019.02.05	00:00:00	125.671	125.865	125.577	125.839	18010	0	15
2019.02.05	04:00:00	125.840	125.848	125.522	125.560	11386	0	15
2019.02.05	08:00:00	125.560	125.655	125.402	125.606	18491	0	15
2019.02.05	12:00:00	125.606	125.651	125.472	125.573	21306	0	15
2019.02.05	16:00:00	125.570	125.629	125.272	125.401	25635	0	15
2019.02.05	20:00:00	125.401	125.499	125.364	125.403	13410	0	15
2019.02.06	00:00:00	125.395	125.447	125.175	125.390	16142	0	14
2019.02.06	04:00:00	125.391	125.428	125.027	125.077	15995	0	15
2019.02.06	08:00:00	125.077	125.090	124.811	124.874	20278	0	15
2019.02.06	12:00:00	124.874	125.104	124.842	125.007	16968	0	15
2019.02.06	16:00:00	125.007	125.010	124.807	124.836	24056	0	15
2019.02.06	20:00:00	124.836	125.030	124.807	124.942	14536	0	6
2019.02.07	00:00:00	124.943	125.061	124.697	124.762	15451	0	9
2019.02.07	04:00:00	124.762	124.953	124.679	124.897	10802	0	15
2019.02.07	08:00:00	124.898	124.987	124.697	124.812	20283	0	15
2019.02.07	12:00:00	124.811	124.816	124.340	124.373	29515	0	15
2019.02.07	16:00:00	124.370	124.723	124.367	124.608	32876	0	15
2019.02.07	20:00:00	124.608	124.732	124.472	124.510	14836	0	15
2019.02.08	00:00:00	124.515	124.563	124.366	124.414	15648	0	15
2019.02.08	04:00:00	124.414	124.536	124.298	124.441	12222	0	15
2019.02.08	08:00:00	124.442	124.503	124.357	124.399	19730	0	15
2019.02.08	12:00:00	124.401	124.687	124.400	124.615	17809	0	15
2019.02.08	16:00:00	124.615	124.637	124.165	124.311	25666	0	15
2019.02.08	20:00:00	124.311	124.375	124.249	124.273	9696	0	15
2019.02.11	00:00:00	124.225	124.391	124.225	124.367	16309	0	15
2019.02.11	04:00:00	124.367	124.539	124.346	124.539	8692	0	15
2019.02.11	08:00:00	124.538	124.727	124.385	124.605	18441	0	15
2019.02.11	12:00:00	124.605	124.833	124.505	124.817	19565	0	15
2019.02.11	16:00:00	124.817	124.870	124.405	124.479	24369	0	8
2019.02.11	20:00:00	124.479	124.500	124.411	124.449	11599	0	8
2019.02.12	00:00:00	124.444	124.665	124.369	124.623	23483	0	15
2019.02.12	04:00:00	124.626	124.813	124.516	124.711	16580	0	15
2019.02.12	08:00:00	124.713	124.878	124.512	124.626	20692	0	15
2019.02.12	12:00:00	124.626	124.778	124.605	124.702	17615	0	15
2019.02.12	16:00:00	124.702	125.138	124.652	125.091	22543	0	15
2019.02.12	20:00:00	125.091	125.263	125.086	125.111	12300	0	15
2019.02.13	00:00:00	125.135	125.364	125.062	125.339	20842	0	15
2019.02.13	04:00:00	125.338	125.531	125.331	125.425	13543	0	15
2019.02.13	08:00:00	125.425	125.464	125.246	125.295	19787	0	15
2019.02.13	12:00:00	125.297	125.335	125.080	125.158	21899	0	15
2019.02.13	16:00:00	125.157	125.215	125.007	125.033	24056	0	15
2019.02.13	20:00:00	125.033	125.129	124.987	124.988	11296	0	7
2019.02.14	00:00:00	124.991	125.116	124.849	125.061	18281	0	15
2019.02.14	04:00:00	125.061	125.369	125.027	125.229	14125	0	15
2019.02.14	08:00:00	125.229	125.446	124.931	125.045	25063	0	15
2019.02.14	12:00:00	125.046	125.239	124.980	125.004	25913	0	15
2019.02.14	16:00:00	125.004	125.041	124.734	124.921	37540	0	15
2019.02.14	20:00:00	124.919	125.010	124.755	124.782	12858	0	6
2019.02.15	00:00:00	124.788	124.857	124.488	124.540	19128	0	15
2019.02.15	04:00:00	124.540	124.551	124.454	124.508	12957	0	15
2019.02.15	08:00:00	124.508	124.670	124.241	124.559	20769	0	15
2019.02.15	12:00:00	124.559	124.609	124.223	124.414	25776	0	5
2019.02.15	16:00:00	124.414	124.644	124.393	124.628	31101	0	15
2019.02.15	20:00:00	124.627	124.838	124.606	124.680	14413	0	15
2019.02.18	00:00:00	124.697	125.017	124.689	124.995	22228	0	12
2019.02.18	04:00:00	124.994	125.152	124.953	124.987	14183	0	15
2019.02.18	08:00:00	124.986	125.133	124.917	125.076	17863	0	15
2019.02.18	12:00:00	125.076	125.264	125.033	125.201	14482	0	15
2019.02.18	16:00:00	125.201	125.263	124.991	125.049	12779	0	15
2019.02.18	20:00:00	125.050	125.164	125.044	125.070	17217	0	13
2019.02.19	00:00:00	125.071	125.141	124.845	124.921	13355	0	10
2019.02.19	04:00:00	124.922	125.032	124.761	124.991	15563	0	15
2019.02.19	08:00:00	124.989	125.464	124.949	125.192	21658	0	15
2019.02.19	12:00:00	125.193	125.344	124.869	124.988	22655	0	15
2019.02.19	16:00:00	124.988	125.532	124.952	125.412	34276	0	15
2019.02.19	20:00:00	125.412	125.517	125.369	125.441	14327	0	15
2019.02.20	00:00:00	125.423	125.928	125.342	125.878	18942	0	14
2019.02.20	04:00:00	125.880	125.880	125.593	125.693	16582	0	15
2019.02.20	08:00:00	125.693	125.895	125.591	125.699	21177	0	15
2019.02.20	12:00:00	125.699	125.724	125.478	125.602	19910	0	15
2019.02.20	16:00:00	125.600	125.872	125.580	125.777	26295	0	15
2019.02.20	20:00:00	125.778	125.851	125.597	125.663	20425	0	15
2019.02.21	00:00:00	125.663	125.740	125.338	125.475	18905	0	12
2019.02.21	04:00:00	125.475	125.794	125.474	125.509	20967	0	15
2019.02.21	08:00:00	125.509	125.862	125.316	125.387	30006	0	15
2019.02.21	12:00:00	125.388	125.765	125.348	125.703	26460	0	15
2019.02.21	16:00:00	125.704	125.750	125.440	125.534	29969	0	15
2019.02.21	20:00:00	125.534	125.552	125.419	125.474	14182	0	15
2019.02.22	00:00:00	125.451	125.573	125.370	125.507	18462	0	15
2019.02.22	04:00:00	125.506	125.587	125.483	125.570	16230	0	15
2019.02.22	08:00:00	125.570	125.738	125.555	125.675	16580	0	15
2019.02.22	12:00:00	125.675	125.768	125.441	125.473	19084	0	15
2019.02.22	16:00:00	125.472	125.646	125.381	125.449	28560	0	15
2019.02.22	20:00:00	125.449	125.548	125.358	125.379	14878	0	15
2019.02.25	00:00:00	125.402	125.778	125.348	125.551	28398	0	15
2019.02.25	04:00:00	125.551	125.584	125.373	125.476	20982	0	15
2019.02.25	08:00:00	125.476	125.698	125.439	125.618	18424	0	15
2019.02.25	12:00:00	125.618	125.894	125.595	125.810	19347	0	15
2019.02.25	16:00:00	125.810	126.213	125.713	126.168	30345	0	15
2019.02.25	20:00:00	126.167	126.295	126.107	126.123	12464	0	15
2019.02.26	00:00:00	126.119	126.219	125.942	125.957	18332	0	15
2019.02.26	04:00:00	125.957	125.957	125.803	125.835	15325	0	15
2019.02.26	08:00:00	125.835	125.997	125.722	125.986	19611	0	15
2019.02.26	12:00:00	125.987	126.023	125.821	125.864	22378	0	15
2019.02.26	16:00:00	125.864	126.023	125.709	125.989	31009	0	15
2019.02.26	20:00:00	125.987	126.013	125.836	125.931	14293	0	0
2019.02.27	00:00:00	125.927	125.977	125.830	125.920	17342	0	15
2019.02.27	04:00:00	125.921	125.937	125.784	125.797	17972	0	15
2019.02.27	08:00:00	125.798	125.837	125.529	125.822	21231	0	15
2019.02.27	12:00:00	125.821	126.139	125.787	126.012	21277	0	15
2019.02.27	16:00:00	126.016	126.340	125.946	126.125	33138	0	15
2019.02.27	20:00:00	126.124	126.271	126.121	126.184	10246	0	7
2019.02.28	00:00:00	126.183	126.216	126.044	126.157	19026	0	12
2019.02.28	04:00:00	126.157	126.185	126.030	126.043	15639	0	15
2019.02.28	08:00:00	126.044	126.215	125.881	126.192	23043	0	15
2019.02.28	12:00:00	126.192	126.514	126.176	126.489	26361	0	15
2019.02.28	16:00:00	126.491	126.898	126.416	126.702	34675	0	15
2019.02.28	20:00:00	126.702	126.854	126.627	126.642	12996	0	7
2019.03.01	00:00:00	126.643	127.011	126.594	126.960	16415	0	15
2019.03.01	04:00:00	126.959	127.080	126.920	127.015	13868	0	15
2019.03.01	08:00:00	127.015	127.246	126.973	127.120	20519	0	15
2019.03.01	12:00:00	127.120	127.361	127.081	127.298	21176	0	15
2019.03.01	16:00:00	127.299	127.491	127.221	127.246	31027	0	15
2019.03.01	20:00:00	127.247	127.283	127.155	127.172	13306	0	15
2019.03.04	00:00:00	127.232	127.374	127.142	127.311	27058	0	15
2019.03.04	04:00:00	127.311	127.315	127.195	127.207	15242	0	15
2019.03.04	08:00:00	127.206	127.280	126.802	126.860	25046	0	15
2019.03.04	12:00:00	126.858	126.971	126.722	126.938	18862	0	15
2019.03.04	16:00:00	126.939	126.961	126.436	126.588	25434	0	15
2019.03.04	20:00:00	126.588	126.725	126.520	126.700	11147	0	15
2019.03.05	00:00:00	126.709	126.874	126.620	126.717	17093	0	11
2019.03.05	04:00:00	126.717	126.836	126.710	126.771	14305	0	15
2019.03.05	08:00:00	126.771	126.915	126.658	126.816	17526	0	15
2019.03.05	12:00:00	126.817	126.928	126.712	126.788	16153	0	15
2019.03.05	16:00:00	126.788	126.820	126.353	126.435	29031	0	15
2019.03.05	20:00:00	126.434	126.517	126.396	126.511	9551	0	15
2019.03.06	00:00:00	126.501	126.513	126.247	126.303	16950	0	15
2019.03.06	04:00:00	126.303	126.349	126.182	126.310	10503	0	15
2019.03.06	08:00:00	126.310	126.523	126.262	126.409	14339	0	15
2019.03.06	12:00:00	126.409	126.513	126.166	126.375	17714	0	15
2019.03.06	16:00:00	126.375	126.527	126.265	126.297	22437	0	15
2019.03.06	20:00:00	126.297	126.436	126.284	126.354	9376	0	15
2019.03.07	00:00:00	126.365	126.384	126.199	126.230	10331	0	13
2019.03.07	04:00:00	126.228	126.304	126.213	126.290	9089	0	15
2019.03.07	08:00:00	126.291	126.421	126.253	126.322	12962	0	15
2019.03.07	12:00:00	126.320	126.399	125.736	125.795	22839	0	15
2019.03.07	16:00:00	125.794	125.806	125.065	125.297	33092	0	15
2019.03.07	20:00:00	125.295	125.296	124.662	124.880	15800	0	15
2019.03.08	00:00:00	124.895	125.020	124.663	124.747	15154	0	15
2019.03.08	04:00:00	124.746	124.909	124.355	124.417	13617	0	15
2019.03.08	08:00:00	124.417	124.611	124.267	124.564	20348	0	15
2019.03.08	12:00:00	124.565	124.745	124.392	124.537	24275	0	15
2019.03.08	16:00:00	124.538	124.980	124.425	124.804	29925	0	15
2019.03.08	20:00:00	124.804	124.924	124.725	124.861	10718	0	15
2019.03.11	00:00:00	124.870	124.889	124.474	124.735	14846	0	15
2019.03.11	04:00:00	124.736	124.844	124.690	124.810	8805	0	15
2019.03.11	08:00:00	124.810	125.197	124.808	125.140	15635	0	15
2019.03.11	12:00:00	125.140	125.148	124.842	124.943	20930	0	15
2019.03.11	16:00:00	124.942	125.072	124.798	125.027	17455	0	15
2019.03.11	20:00:00	125.026	125.138	124.955	125.097	13881	0	15
2019.03.12	00:00:00	125.098	125.477	125.070	125.442	15364	0	15
2019.03.12	04:00:00	125.442	125.468	125.242	125.281	7545	0	15
2019.03.12	08:00:00	125.280	125.756	125.224	125.548	16644	0	15
2019.03.12	12:00:00	125.548	125.567	125.062	125.382	27657	0	15
2019.03.12	16:00:00	125.383	125.820	125.250	125.654	20974	0	15
2019.03.12	20:00:00	125.654	125.793	125.601	125.676	16410	0	15
2019.03.13	00:00:00	125.676	125.722	125.477	125.488	11763	0	9
2019.03.13	04:00:00	125.488	125.683	125.447	125.635	9296	0	15
2019.03.13	08:00:00	125.634	125.817	125.546	125.710	13317	0	15
2019.03.13	12:00:00	125.710	125.946	125.693	125.890	18290	0	15
2019.03.13	16:00:00	125.890	125.947	125.677	125.717	16901	0	15
2019.03.13	20:00:00	125.717	126.087	125.633	126.072	21025	0	15
2019.03.14	00:00:00	126.072	126.276	125.927	126.246	13440	0	15
2019.03.14	04:00:00	126.246	126.409	126.202	126.287	12835	0	15
2019.03.14	08:00:00	126.286	126.557	126.221	126.394	16971	0	15
2019.03.14	12:00:00	126.394	126.399	126.038	126.057	25720	0	15
2019.03.14	16:00:00	126.057	126.358	126.006	126.247	21724	0	15
2019.03.14	20:00:00	126.247	126.348	126.112	126.210	16452	0	7
2019.03.15	00:00:00	126.211	126.564	126.206	126.499	12188	0	7
2019.03.15	04:00:00	126.499	126.546	126.241	126.352	13366	0	15
2019.03.15	08:00:00	126.353	126.534	126.335	126.402	15589	0	15
2019.03.15	12:00:00	126.402	126.506	126.113	126.298	18139	0	15
2019.03.15	16:00:00	126.297	126.496	126.161	126.205	20434	0	15
2019.03.15	20:00:00	126.205	126.313	126.160	126.205	6936	0	15
2019.03.18	00:00:00	126.218	126.357	126.191	126.326	10804	0	6
2019.03.18	04:00:00	126.326	126.493	126.325	126.448	9904	0	15
2019.03.18	08:00:00	126.448	126.579	126.431	126.534	15632	0	15
2019.03.18	12:00:00	126.535	126.685	126.462	126.530	14077	0	15
2019.03.18	16:00:00	126.530	126.586	126.139	126.215	16061	0	15
2019.03.18	20:00:00	126.215	126.364	126.193	126.325	10517	0	15
2019.03.19	00:00:00	126.324	126.335	126.092	126.199	11695	0	15
2019.03.19	04:00:00	126.200	126.291	126.085	126.223	7369	0	15
2019.03.19	08:00:00	126.223	126.391	126.194	126.324	12098	0	15
2019.03.19	12:00:00	126.324	126.608	126.225	126.384	15727	0	15
2019.03.19	16:00:00	126.384	126.517	126.279	126.444	16222	0	15
2019.03.19	20:00:00	126.444	126.533	126.356	126.450	10775	0	15
2019.03.20	00:00:00	126.449	126.741	126.448	126.670	11187	0	15
2019.03.20	04:00:00	126.670	126.698	126.575	126.580	6004	0	15
2019.03.20	08:00:00	126.580	126.701	126.534	126.601	13742	0	15
2019.03.20	12:00:00	126.601	126.734	126.527	126.588	15486	0	15
2019.03.20	16:00:00	126.590	126.658	126.425	126.631	18602	0	15
2019.03.20	20:00:00	126.632	126.782	126.236	126.379	35287	0	15
2019.03.21	00:00:00	126.377	126.596	126.361	126.477	12828	0	15
2019.03.21	04:00:00	126.477	126.499	126.106	126.217	9241	0	15
2019.03.21	08:00:00	126.217	126.230	125.677	126.001	17764	0	15
2019.03.21	12:00:00	126.001	126.113	125.758	126.063	22598	0	15
2019.03.21	16:00:00	126.063	126.131	125.701	125.841	28019	0	15
2019.03.21	20:00:00	125.841	126.097	125.752	126.064	17860	0	6
2019.03.22	00:00:00	126.065	126.091	125.780	125.911	11904	0	9
2019.03.22	04:00:00	125.911	126.098	125.887	126.060	9258	0	15
2019.03.22	08:00:00	126.060	126.172	124.767	124.928	30387	0	15
2019.03.22	12:00:00	124.927	125.020	124.381	124.393	29490	0	15
2019.03.22	16:00:00	124.393	124.523	123.814	124.295	39658	0	15
2019.03.22	20:00:00	124.296	124.385	124.148	124.205	10717	0	15
2019.03.25	00:00:00	124.246	124.425	123.870	124.049	15418	0	15
2019.03.25	04:00:00	124.049	124.397	123.983	124.307	11329	0	15
2019.03.25	08:00:00	124.305	124.795	124.170	124.759	25066	0	15
2019.03.25	12:00:00	124.759	124.811	124.394	124.440	23017	0	15
2019.03.25	16:00:00	124.440	124.750	124.255	124.257	26143	0	15
2019.03.25	20:00:00	124.257	124.530	124.228	124.407	17557	0	15
2019.03.26	00:00:00	124.407	124.782	124.403	124.574	12269	0	8
2019.03.26	04:00:00	124.574	124.627	124.455	124.531	9942	0	15
2019.03.26	08:00:00	124.531	124.934	124.421	124.912	19708	0	15
2019.03.26	12:00:00	124.912	125.003	124.664	124.873	26487	0	15
2019.03.26	16:00:00	124.875	124.984	124.601	124.630	23812	0	15
2019.03.26	20:00:00	124.629	124.694	124.512	124.660	13568	0	15
2019.03.27	00:00:00	124.659	124.671	124.337	124.435	15674	0	15
2019.03.27	04:00:00	124.435	124.531	124.256	124.531	10356	0	15
2019.03.27	08:00:00	124.530	124.730	124.393	124.566	22297	0	15
2019.03.27	12:00:00	124.565	124.605	124.227	124.280	33466	0	15
2019.03.27	16:00:00	124.281	124.406	124.042	124.340	32938	0	15
2019.03.27	20:00:00	124.340	124.394	124.213	124.264	12222	0	15
2019.03.28	00:00:00	124.264	124.346	123.805	123.873	14527	0	9
2019.03.28	04:00:00	123.873	124.045	123.862	123.910	11279	0	15
2019.03.28	08:00:00	123.910	124.319	123.645	124.170	24992	0	15
2019.03.28	12:00:00	124.170	124.310	123.800	124.252	30455	0	15
2019.03.28	16:00:00	124.252	124.420	124.047	124.218	28256	0	15
2019.03.28	20:00:00	124.218	124.244	124.071	124.192	10304	0	15
2019.03.29	00:00:00	124.196	124.551	124.156	124.352	13042	0	9
2019.03.29	04:00:00	124.353	124.464	124.253	124.398	12292	0	15
2019.03.29	08:00:00	124.398	124.459	124.196	124.212	19979	0	15
2019.03.29	12:00:00	124.211	124.564	124.136	124.416	25066	0	15
2019.03.29	16:00:00	124.417	124.631	124.183	124.289	29658	0	5
2019.03.29	20:00:00	124.291	124.378	124.253	124.275	9165	0	15
2019.04.01	00:00:00	124.653	124.713	124.429	124.713	11149	0	15
2019.04.01	04:00:00	124.713	124.826	124.664	124.709	10080	0	15
2019.04.01	08:00:00	124.709	124.945	124.648	124.839	22124	0	15
2019.04.01	12:00:00	124.835	124.865	124.552	124.629	18498	0	15
2019.04.01	16:00:00	124.629	124.874	124.584	124.857	25800	0	15
2019.04.01	20:00:00	124.857	124.875	124.798	124.844	9353	0	15
2019.04.02	00:00:00	124.848	124.885	124.716	124.808	10670	0	8
2019.04.02	04:00:00	124.809	124.820	124.664	124.723	7930	0	15
2019.04.02	08:00:00	124.724	124.852	124.631	124.728	16266	0	15
2019.04.02	12:00:00	124.728	124.828	124.670	124.792	16269	0	15
2019.04.02	16:00:00	124.792	124.812	124.469	124.671	20453	0	15
2019.04.02	20:00:00	124.671	124.853	124.635	124.716	14520	0	15
2019.04.03	00:00:00	124.714	125.053	124.601	125.029	8689	0	10
2019.04.03	04:00:00	125.030	125.193	124.924	124.972	9718	0	15
2019.04.03	08:00:00	124.972	125.390	124.961	125.364	22191	0	15
2019.04.03	12:00:00	125.369	125.441	125.208	125.210	15223	0	15
2019.04.03	16:00:00	125.210	125.371	125.087	125.332	19943	0	15
2019.04.03	20:00:00	125.332	125.380	125.215	125.221	9219	0	15
2019.04.04	00:00:00	125.227	125.385	125.159	125.344	8035	0	12
2019.04.04	04:00:00	125.344	125.383	125.174	125.223	8209	0	15
2019.04.04	08:00:00	125.223	125.342	125.095	125.128	15291	0	15
2019.04.04	12:00:00	125.128	125.173	124.960	125.046	17438	0	15
2019.04.04	16:00:00	125.045	125.198	124.981	125.140	22346	0	15
2019.04.04	20:00:00	125.140	125.301	125.083	125.279	10001	0	15
2019.04.05	00:00:00	125.274	125.486	125.206	125.385	11085	0	15
2019.04.05	04:00:00	125.385	125.421	125.329	125.394	6208	0	15
2019.04.05	08:00:00	125.395	125.500	125.292	125.416	13445	0	15
2019.04.05	12:00:00	125.416	125.502	125.321	125.431	17682	0	15
2019.04.05	16:00:00	125.432	125.466	125.277	125.297	20095	0	15
2019.04.05	20:00:00	125.297	125.306	125.230	125.276	8816	0	15
2019.04.08	00:00:00	125.222	125.343	124.992	125.074	9084	0	8
2019.04.08	04:00:00	125.074	125.120	124.977	125.098	9279	0	15
2019.04.08	08:00:00	125.098	125.280	125.021	125.202	13101	0	15
2019.04.08	12:00:00	125.202	125.451	125.163	125.397	14971	0	15
2019.04.08	16:00:00	125.397	125.581	125.387	125.572	19530	0	15
2019.04.08	20:00:00	125.573	125.610	125.516	125.528	7599	0	15
2019.04.09	00:00:00	125.526	125.611	125.409	125.420	11707	0	15
2019.04.09	04:00:00	125.421	125.500	125.336	125.444	9429	0	15
2019.04.09	08:00:00	125.444	125.602	125.300	125.575	14818	0	15
2019.04.09	12:00:00	125.574	125.590	125.273	125.282	19337	0	15
2019.04.09	16:00:00	125.282	125.346	125.153	125.231	19346	0	15
2019.04.09	20:00:00	125.231	125.257	125.124	125.160	7295	0	15
2019.04.10	00:00:00	125.182	125.221	125.099	125.143	7789	0	9
2019.04.10	04:00:00	125.143	125.208	125.029	125.131	9371	0	15
2019.04.10	08:00:00	125.132	125.305	125.111	125.245	13528	0	15
2019.04.10	12:00:00	125.245	125.444	125.110	125.136	19720	0	5
2019.04.10	16:00:00	125.136	125.166	124.771	125.005	27616	0	15
2019.04.10	20:00:00	125.008	125.158	124.952	125.137	12391	0	6
2019.04.11	00:00:00	125.151	125.298	124.998	125.233	12489	0	10
2019.04.11	04:00:00	125.233	125.298	125.174	125.260	8151	0	15
2019.04.11	08:00:00	125.260	125.443	125.251	125.314	16075	0	15
2019.04.11	12:00:00	125.314	125.405	125.240	125.338	16721	0	15
2019.04.11	16:00:00	125.339	125.690	125.318	125.599	19494	0	15
2019.04.11	20:00:00	125.599	125.708	125.538	125.647	8726	0	15
2019.04.12	00:00:00	125.647	126.224	125.606	126.110	12223	0	10
2019.04.12	04:00:00	126.111	126.226	126.019	126.167	10260	0	15
2019.04.12	08:00:00	126.166	126.612	126.118	126.540	14011	0	15
2019.04.12	12:00:00	126.541	126.759	126.470	126.727	19211	0	15
2019.04.12	16:00:00	126.726	126.755	126.524	126.568	20114	0	15
2019.04.12	20:00:00	126.568	126.612	126.479	126.532	7506	0	13
2019.04.15	00:00:00	126.527	126.712	126.494	126.552	8704	0	6
2019.04.15	04:00:00	126.552	126.713	126.523	126.585	7772	0	15
2019.04.15	08:00:00	126.586	126.739	126.485	126.710	13905	0	15
2019.04.15	12:00:00	126.710	126.785	126.557	126.725	13287	0	15
2019.04.15	16:00:00	126.725	126.749	126.548	126.592	14586	0	15
2019.04.15	20:00:00	126.592	126.664	126.538	126.632	6851	0	15
2019.04.16	00:00:00	126.636	126.675	126.525	126.591	11471	0	15
2019.04.16	04:00:00	126.591	126.608	126.367	126.555	7800	0	15
2019.04.16	08:00:00	126.554	126.638	126.414	126.540	15350	0	15
2019.04.16	12:00:00	126.539	126.632	126.191	126.499	24056	0	15
2019.04.16	16:00:00	126.498	126.580	126.340	126.380	19381	0	15
2019.04.16	20:00:00	126.380	126.429	126.331	126.331	7782	0	15
2019.04.17	00:00:00	126.354	126.520	126.273	126.502	11600	0	11
2019.04.17	04:00:00	126.503	126.608	126.320	126.511	11269	0	15
2019.04.17	08:00:00	126.511	126.802	126.505	126.702	13692	0	15
2019.04.17	12:00:00	126.702	126.763	126.490	126.539	14010	0	15
2019.04.17	16:00:00	126.539	126.595	126.383	126.474	21314	0	15
2019.04.17	20:00:00	126.474	126.636	126.465	126.545	8116	0	7
2019.04.18	00:00:00	126.586	126.597	126.435	126.473	8762	0	15
2019.04.18	04:00:00	126.474	126.516	126.309	126.352	8857	0	15
2019.04.18	08:00:00	126.352	126.481	125.682	125.961	24068	0	15
2019.04.18	12:00:00	125.961	125.971	125.753	125.829	19421	0	15
2019.04.18	16:00:00	125.828	125.887	125.710	125.735	21481	0	15
2019.04.18	20:00:00	125.735	125.760	125.644	125.720	10843	0	10
2019.04.19	00:00:00	125.718	125.846	125.665	125.801	14855	0	8
2019.04.19	04:00:00	125.801	125.827	125.710	125.752	2427	0	8
2019.04.19	08:00:00	125.751	125.859	125.751	125.849	7249	0	15
2019.04.19	12:00:00	125.849	125.859	125.809	125.841	11457	0	17
2019.04.19	16:00:00	125.841	125.875	125.816	125.836	14863	0	16
2019.04.19	20:00:00	125.834	125.853	125.745	125.745	6610	0	11
2019.04.22	00:00:00	125.748	125.918	125.727	125.879	8656	0	15
2019.04.22	04:00:00	125.880	125.906	125.742	125.777	7665	0	15
2019.04.22	08:00:00	125.778	125.862	125.756	125.860	7306	0	15
2019.04.22	12:00:00	125.860	125.955	125.851	125.884	8379	0	15
2019.04.22	16:00:00	125.883	126.061	125.878	126.010	10712	0	15
2019.04.22	20:00:00	126.010	126.046	125.997	126.003	5888	0	15
2019.04.23	00:00:00	126.000	126.050	125.590	125.594	8161	0	8
2019.04.23	04:00:00	125.594	125.866	125.571	125.840	8444	0	15
2019.04.23	08:00:00	125.840	125.930	125.729	125.841	14443	0	15
2019.04.23	12:00:00	125.843	125.947	125.563	125.607	13182	0	15
2019.04.23	16:00:00	125.607	125.616	125.272	125.351	19312	0	15
2019.04.23	20:00:00	125.354	125.597	125.311	125.576	9292	0	6
2019.04.24	00:00:00	125.576	125.597	125.436	125.520	14189	0	15
2019.04.24	04:00:00	125.520	125.591	125.284	125.421	12101	0	15
2019.04.24	08:00:00	125.422	125.467	125.162	125.445	16926	0	15
2019.04.24	12:00:00	125.445	125.569	125.266	125.291	14473	0	15
2019.04.24	16:00:00	125.290	125.297	124.850	124.878	23305	0	4
2019.04.24	20:00:00	124.878	125.248	124.797	125.115	16171	0	15
2019.04.25	00:00:00	125.115	125.225	125.064	125.123	12786	0	12
2019.04.25	04:00:00	125.123	125.135	124.878	125.008	13247	0	15
2019.04.25	08:00:00	125.008	125.020	124.642	124.780	19607	0	15
2019.04.25	12:00:00	124.780	124.795	124.461	124.537	19642	0	15
2019.04.25	16:00:00	124.537	124.612	124.203	124.344	24540	0	15
2019.04.25	20:00:00	124.344	124.403	124.268	124.330	9655	0	15
2019.04.26	00:00:00	124.339	124.385	124.083	124.338	10341	0	15
2019.04.26	04:00:00	124.337	124.533	124.299	124.414	12035	0	15
2019.04.26	08:00:00	124.413	124.559	124.381	124.492	14778	0	15
2019.04.26	12:00:00	124.492	124.635	124.480	124.563	21382	0	15
2019.04.26	16:00:00	124.563	124.709	124.451	124.629	30659	0	6
2019.04.26	20:00:00	124.629	124.647	124.371	124.400	10134	0	15
2019.04.29	00:00:00	124.294	124.512	124.294	124.490	4663	0	15
2019.04.29	04:00:00	124.490	124.604	124.462	124.590	6184	0	8
2019.04.29	08:00:00	124.591	124.849	124.563	124.813	11028	0	15
2019.04.29	12:00:00	124.813	124.818	124.618	124.813	10969	0	5
2019.04.29	16:00:00	124.811	125.070	124.770	125.062	15650	0	15
2019.04.29	20:00:00	125.062	125.090	124.912	124.936	7154	0	15
2019.04.30	00:00:00	124.922	124.977	124.644	124.965	5635	0	10
2019.04.30	04:00:00	124.965	124.966	124.778	124.813	8018	0	15
2019.04.30	08:00:00	124.813	124.872	124.466	124.850	18167	0	15
2019.04.30	12:00:00	124.848	125.057	124.768	125.002	17947	0	15
2019.04.30	16:00:00	125.002	125.084	124.736	124.914	22583	0	15
2019.04.30	20:00:00	124.913	125.066	124.873	125.007	12870	0	15
2019.05.01	00:00:00	125.020	125.035	124.792	125.015	8211	0	12
2019.05.01	04:00:00	125.015	125.146	124.998	125.112	3667	0	9
2019.05.01	08:00:00	125.112	125.225	124.991	125.148	5029	0	15
2019.05.01	12:00:00	125.148	125.191	125.051	125.102	11434	0	15
2019.05.01	16:00:00	125.103	125.118	124.947	125.007	16607	0	15
2019.05.01	20:00:00	125.007	125.209	124.725	124.734	33751	0	15
2019.05.02	00:00:00	124.740	124.996	124.634	124.995	6970	0	15
2019.05.02	04:00:00	124.994	125.103	124.951	125.037	8030	0	15
2019.05.02	08:00:00	125.037	125.116	124.802	125.014	16074	0	15
2019.05.02	12:00:00	125.014	125.092	124.846	124.868	18587	0	15
2019.05.02	16:00:00	124.871	124.934	124.546	124.643	26020	0	15
2019.05.02	20:00:00	124.649	124.664	124.566	124.582	10088	0	15
2019.05.03	00:00:00	124.583	124.648	124.508	124.530	11196	0	15
2019.05.03	04:00:00	124.530	124.609	124.469	124.516	5649	0	15
2019.05.03	08:00:00	124.515	124.574	124.432	124.487	13662	0	15
2019.05.03	12:00:00	124.486	124.521	124.272	124.363	19497	0	15
2019.05.03	16:00:00	124.362	124.591	124.281	124.527	31796	0	15
2019.05.03	20:00:00	124.527	124.558	124.348	124.457	10606	0	15
2019.05.06	00:00:00	123.562	124.092	123.363	123.372	21212	0	15
2019.05.06	04:00:00	123.373	124.041	123.353	124.033	12932	0	15
2019.05.06	08:00:00	124.032	124.053	123.776	123.815	15952	0	9
2019.05.06	12:00:00	123.815	124.203	123.806	124.025	19050	0	15
2019.05.06	16:00:00	124.025	124.216	123.958	124.126	23096	0	15
2019.05.06	20:00:00	124.125	124.289	123.992	124.041	11850	0	15
2019.05.07	00:00:00	124.040	124.154	123.814	123.992	14027	0	7
2019.05.07	04:00:00	123.993	124.097	123.896	124.077	11336	0	15
2019.05.07	08:00:00	124.077	124.246	123.771	123.782	21513	0	15
2019.05.07	12:00:00	123.783	123.927	123.610	123.746	18022	0	15
2019.05.07	16:00:00	123.746	123.753	123.196	123.292	27081	0	15
2019.05.07	20:00:00	123.290	123.461	123.100	123.365	17794	0	15
2019.05.08	00:00:00	123.378	123.451	123.196	123.253	11959	0	15
2019.05.08	04:00:00	123.253	123.365	123.117	123.208	14088	0	15
2019.05.08	08:00:00	123.208	123.494	123.181	123.333	19245	0	15
2019.05.08	12:00:00	123.335	123.470	123.101	123.330	27972	0	15
2019.05.08	16:00:00	123.331	123.510	123.163	123.221	33217	0	15
2019.05.08	20:00:00	123.221	123.274	123.152	123.208	10641	0	15
2019.05.09	00:00:00	123.208	123.258	122.911	123.034	13332	0	15
2019.05.09	04:00:00	123.034	123.188	122.902	123.057	10820	0	15
2019.05.09	08:00:00	123.057	123.108	122.478	122.736	25068	0	15
2019.05.09	12:00:00	122.737	122.985	122.725	122.890	20902	0	15
2019.05.09	16:00:00	122.890	123.258	122.839	123.121	39171	0	15
2019.05.09	20:00:00	123.120	123.208	123.025	123.084	15787	0	15
2019.05.10	00:00:00	123.053	123.390	122.987	123.379	16454	0	15
2019.05.10	04:00:00	123.379	123.608	123.143	123.149	25720	0	15
2019.05.10	08:00:00	123.149	123.372	123.035	123.344	21152	0	15
2019.05.10	12:00:00	123.345	123.468	123.156	123.297	23958	0	6
2019.05.10	16:00:00	123.297	123.368	123.088	123.238	32515	0	15
2019.05.10	20:00:00	123.238	123.584	123.213	123.528	18726	0	15
2019.05.13	00:00:00	123.289	123.452	123.133	123.219	12501	0	15
2019.05.13	04:00:00	123.219	123.333	123.201	123.266	8655	0	15
2019.05.13	08:00:00	123.267	123.327	123.037	123.133	19105	0	15
2019.05.13	12:00:00	123.133	123.279	122.784	122.850	26445	0	15
2019.05.13	16:00:00	122.850	122.914	122.541	122.615	36763	0	15
2019.05.13	20:00:00	122.614	122.860	122.566	122.650	19754	0	5
2019.05.14	00:00:00	122.688	122.947	122.570	122.937	13076	0	15
2019.05.14	04:00:00	122.938	123.292	122.894	123.244	15690	0	15
2019.05.14	08:00:00	123.244	123.393	123.071	123.281	17655	0	15
2019.05.14	12:00:00	123.281	123.350	122.636	122.846	21463	0	15
2019.05.14	16:00:00	122.846	122.977	122.739	122.916	24160	0	15
2019.05.14	20:00:00	122.916	123.015	122.782	122.792	9803	0	15
2019.05.15	00:00:00	122.787	122.901	122.678	122.772	10062	0	15
2019.05.15	04:00:00	122.772	122.931	122.704	122.904	12527	0	15
2019.05.15	08:00:00	122.904	122.983	122.662	122.683	16237	0	15
2019.05.15	12:00:00	122.683	122.733	122.072	122.203	25784	0	15
2019.05.15	16:00:00	122.201	123.083	122.100	122.631	34486	0	15
2019.05.15	20:00:00	122.630	122.777	122.615	122.739	9106	0	8
2019.05.16	00:00:00	122.750	122.797	122.587	122.656	9184	0	15
2019.05.16	04:00:00	122.656	122.765	122.532	122.698	14198	0	15
2019.05.16	08:00:00	122.698	122.942	122.547	122.917	16819	0	15
2019.05.16	12:00:00	122.917	122.957	122.726	122.772	21260	0	15
2019.05.16	16:00:00	122.772	122.914	122.686	122.776	23481	0	6
2019.05.16	20:00:00	122.781	122.804	122.630	122.735	9249	0	15
2019.05.17	00:00:00	122.719	122.897	122.662	122.874	11245	0	15
2019.05.17	04:00:00	122.874	122.965	122.576	122.645	15878	0	15
2019.05.17	08:00:00	122.645	122.701	122.423	122.478	21917	0	15
2019.05.17	12:00:00	122.478	122.569	122.266	122.505	24663	0	15
2019.05.17	16:00:00	122.504	122.760	122.429	122.743	30336	0	15
2019.05.17	20:00:00	122.743	122.989	122.708	122.765	17260	0	15
2019.05.20	00:00:00	122.867	123.065	122.810	123.047	13150	0	15
2019.05.20	04:00:00	123.048	123.184	122.882	122.927	15655	0	15
2019.05.20	08:00:00	122.927	122.997	122.689	122.712	17755	0	15
2019.05.20	12:00:00	122.712	122.874	122.528	122.704	19037	0	15
2019.05.20	16:00:00	122.705	122.882	122.607	122.807	23783	0	15
2019.05.20	20:00:00	122.807	122.887	122.771	122.887	9086	0	15
2019.05.21	00:00:00	122.878	123.012	122.836	122.970	10463	0	15
2019.05.21	04:00:00	122.970	123.103	122.934	122.949	12776	0	15
2019.05.21	08:00:00	122.949	122.949	122.666	122.738	17243	0	15
2019.05.21	12:00:00	122.738	123.370	122.699	123.333	21892	0	15
2019.05.21	16:00:00	123.333	123.739	123.209	123.485	28882	0	15
2019.05.21	20:00:00	123.484	123.516	123.299	123.310	7074	0	6
2019.05.22	00:00:00	123.310	123.471	123.260	123.316	8117	0	15
2019.05.22	04:00:00	123.316	123.501	123.166	123.208	11813	0	15
2019.05.22	08:00:00	123.208	123.290	123.049	123.215	16883	0	15
2019.05.22	12:00:00	123.214	123.438	123.190	123.248	17025	0	15
2019.05.22	16:00:00	123.248	123.304	122.985	122.998	20873	0	15
2019.05.22	20:00:00	122.998	123.102	122.974	123.035	7243	0	15
2019.05.23	00:00:00	123.041	123.072	122.869	122.906	9548	0	15
2019.05.23	04:00:00	122.906	123.042	122.783	123.001	11301	0	15
2019.05.23	08:00:00	123.001	123.029	122.611	122.683	23483	0	15
2019.05.23	12:00:00	122.683	122.688	122.438	122.475	21557	0	15
2019.05.23	16:00:00	122.475	122.532	122.139	122.452	38798	0	15
2019.05.23	20:00:00	122.453	122.564	122.404	122.538	14313	0	15
2019.05.24	00:00:00	122.548	122.654	122.409	122.630	11811	0	8
2019.05.24	04:00:00	122.631	122.702	122.439	122.514	13214	0	15
2019.05.24	08:00:00	122.514	122.724	122.426	122.507	19210	0	15
2019.05.24	12:00:00	122.507	122.817	122.487	122.604	20477	0	8
2019.05.24	16:00:00	122.603	122.740	122.456	122.549	22477	0	15
2019.05.24	20:00:00	122.549	122.596	122.445	122.450	6368	0	15
2019.05.27	00:00:00	122.567	122.709	122.464	122.688	8537	0	15
2019.05.27	04:00:00	122.686	122.769	122.629	122.685	12461	0	15
2019.05.27	08:00:00	122.686	122.797	122.536	122.541	16683	0	15
2019.05.27	12:00:00	122.541	122.617	122.499	122.594	10977	0	15
2019.05.27	16:00:00	122.594	122.627	122.461	122.569	8886	0	15
2019.05.27	20:00:00	122.569	122.598	122.536	122.560	2327	0	9
2019.05.28	00:00:00	122.561	122.695	122.472	122.641	14935	0	11
2019.05.28	04:00:00	122.641	122.658	122.335	122.491	10677	0	15
2019.05.28	08:00:00	122.491	122.546	122.199	122.244	20832	0	15
2019.05.28	12:00:00	122.244	122.529	122.214	122.449	20395	0	15
2019.05.28	16:00:00	122.448	122.618	122.263	122.298	25800	0	15
2019.05.28	20:00:00	122.299	122.337	121.994	122.048	10471	0	15
2019.05.29	00:00:00	122.045	122.155	121.912	122.043	12308	0	15
2019.05.29	04:00:00	122.043	122.204	121.942	121.953	14626	0	15
2019.05.29	08:00:00	121.953	122.070	121.744	121.862	21963	0	15
2019.05.29	12:00:00	121.863	122.056	121.743	121.912	18877	0	15
2019.05.29	16:00:00	121.912	121.962	121.572	121.762	30354	0	15
2019.05.29	20:00:00	121.762	122.090	121.746	121.976	14215	0	15
2019.05.30	00:00:00	121.974	122.147	121.933	121.971	12808	0	15
2019.05.30	04:00:00	121.971	122.222	121.952	122.180	13747	0	15
2019.05.30	08:00:00	122.180	122.250	122.072	122.141	16033	0	15
2019.05.30	12:00:00	122.141	122.236	122.049	122.070	14960	0	15
2019.05.30	16:00:00	122.069	122.251	121.978	122.145	22893	0	15
2019.05.30	20:00:00	122.147	122.163	121.894	121.992	11990	0	15
2019.05.31	00:00:00	121.994	122.090	121.596	121.658	14747	0	15
2019.05.31	04:00:00	121.658	121.835	121.267	121.305	21086	0	15
2019.05.31	08:00:00	121.305	121.410	121.160	121.267	23960	0	15
2019.05.31	12:00:00	121.267	121.481	121.187	121.369	26805	0	15
2019.05.31	16:00:00	121.368	121.485	120.911	121.120	33935	0	15
2019.05.31	20:00:00	121.120	121.181	120.918	120.918	18642	0	15
2019.06.03	00:00:00	120.908	121.099	120.841	121.055	13794	0	15
2019.06.03	04:00:00	121.055	121.062	120.776	120.782	16053	0	15
2019.06.03	08:00:00	120.782	121.036	120.779	121.035	24298	0	15
2019.06.03	12:00:00	121.035	121.298	120.972	121.284	18723	0	15
2019.06.03	16:00:00	121.284	121.515	121.209	121.426	28307	0	15
2019.06.03	20:00:00	121.426	121.643	121.401	121.465	25070	0	15
2019.06.04	00:00:00	121.464	121.566	121.366	121.399	12998	0	9
2019.06.04	04:00:00	121.399	121.566	121.295	121.423	16855	0	15
2019.06.04	08:00:00	121.423	121.725	121.350	121.618	23443	0	15
2019.06.04	12:00:00	121.618	121.685	121.430	121.558	26898	0	15
2019.06.04	16:00:00	121.559	121.779	121.472	121.690	32878	0	15
2019.06.04	20:00:00	121.691	121.750	121.621	121.672	13919	0	15
2019.06.05	00:00:00	121.679	121.836	121.483	121.737	9336	0	10
2019.06.05	04:00:00	121.737	121.800	121.636	121.706	10546	0	15
2019.06.05	08:00:00	121.704	122.182	121.653	122.086	19015	0	5
2019.06.05	12:00:00	122.086	122.257	121.802	121.907	33975	0	15
2019.06.05	16:00:00	121.906	121.960	121.544	121.695	42391	0	15
2019.06.05	20:00:00	121.695	121.765	121.584	121.694	13420	0	15
2019.06.06	00:00:00	121.680	121.723	121.467	121.628	13028	0	15
2019.06.06	04:00:00	121.628	121.632	121.498	121.530	8840	0	7
2019.06.06	08:00:00	121.530	121.683	121.286	121.567	16880	0	15
2019.06.06	12:00:00	121.566	122.193	121.231	122.008	27131	0	15
2019.06.06	16:00:00	122.008	122.241	121.775	122.181	28924	0	15
2019.06.06	20:00:00	122.181	122.389	122.145	122.214	16793	0	15
2019.06.07	00:00:00	122.203	122.370	122.151	122.267	12897	0	15
2019.06.07	04:00:00	122.267	122.309	122.179	122.205	12402	0	15
2019.06.07	08:00:00	122.206	122.236	122.091	122.220	15324	0	15
2019.06.07	12:00:00	122.219	122.398	122.121	122.202	25919	0	15
2019.06.07	16:00:00	122.206	122.618	122.173	122.603	34800	0	15
2019.06.07	20:00:00	122.604	122.708	122.543	122.607	14095	0	15
2019.06.10	00:00:00	122.799	122.914	122.675	122.720	11196	0	15
2019.06.10	04:00:00	122.720	122.882	122.693	122.864	14914	0	15
2019.06.10	08:00:00	122.864	122.915	122.681	122.697	15177	0	15
2019.06.10	12:00:00	122.698	122.859	122.642	122.651	16238	0	15
2019.06.10	16:00:00	122.651	122.842	122.617	122.828	20140	0	15
2019.06.10	20:00:00	122.828	122.844	122.650	122.656	11647	0	15
2019.06.11	00:00:00	122.653	122.765	122.615	122.742	9710	0	10
2019.06.11	04:00:00	122.742	122.919	122.725	122.892	10802	0	15
2019.06.11	08:00:00	122.891	123.024	122.835	122.929	15919	0	15
2019.06.11	12:00:00	122.929	123.170	122.896	123.008	21708	0	15
2019.06.11	16:00:00	123.008	123.067	122.731	122.868	25678	0	15
2019.06.11	20:00:00	122.869	122.973	122.843	122.903	10363	0	15
2019.06.12	00:00:00	122.894	122.996	122.842	122.941	11996	0	8
2019.06.12	04:00:00	122.943	122.962	122.828	122.957	10465	0	15
2019.06.12	08:00:00	122.957	122.959	122.661	122.673	17996	0	15
2019.06.12	12:00:00	122.673	122.830	122.592	122.680	23034	0	15
2019.06.12	16:00:00	122.679	122.813	122.512	122.562	25979	0	4
2019.06.12	20:00:00	122.562	122.564	122.410	122.465	10838	0	15
2019.06.13	00:00:00	122.458	122.554	122.277	122.484	9250	0	12
2019.06.13	04:00:00	122.484	122.515	122.166	122.431	15126	0	15
2019.06.13	08:00:00	122.431	122.456	122.271	122.383	18043	0	15
2019.06.13	12:00:00	122.382	122.486	122.315	122.331	15994	0	6
2019.06.13	16:00:00	122.331	122.413	122.220	122.278	21965	0	15
2019.06.13	20:00:00	122.278	122.291	122.128	122.207	9639	0	4
2019.06.14	00:00:00	122.183	122.257	122.103	122.175	8967	0	11
2019.06.14	04:00:00	122.175	122.218	122.076	122.123	9900	0	15
2019.06.14	08:00:00	122.122	122.168	121.958	122.084	14544	0	15
2019.06.14	12:00:00	122.085	122.085	121.775	121.820	23026	0	15
2019.06.14	16:00:00	121.820	121.905	121.584	121.658	27448	0	15
2019.06.14	20:00:00	121.658	121.708	121.617	121.685	9444	0	15
2019.06.17	00:00:00	121.587	121.895	121.558	121.870	8260	0	7
2019.06.17	04:00:00	121.870	121.952	121.773	121.812	7900	0	15
2019.06.17	08:00:00	121.812	121.854	121.639	121.749	13572	0	15
2019.06.17	12:00:00	121.748	122.093	121.741	121.974	18076	0	15
2019.06.17	16:00:00	121.974	122.118	121.877	121.877	15323	0	15
2019.06.17	20:00:00	121.878	121.897	121.718	121.757	7360	0	4
2019.06.18	00:00:00	121.749	121.850	121.688	121.828	8650	0	8
2019.06.18	04:00:00	121.827	121.863	121.590	121.688	9357	0	15
2019.06.18	08:00:00	121.688	121.758	121.146	121.168	24416	0	15
2019.06.18	12:00:00	121.166	121.391	121.061	121.210	24520	0	15
2019.06.18	16:00:00	121.210	121.675	121.055	121.475	38207	0	15
2019.06.18	20:00:00	121.475	121.511	121.356	121.376	9677	0	7
2019.06.19	00:00:00	121.382	121.632	121.360	121.565	6721	0	8
2019.06.19	04:00:00	121.565	121.628	121.211	121.223	10153	0	15
2019.06.19	08:00:00	121.224	121.470	121.162	121.440	15413	0	15
2019.06.19	12:00:00	121.441	121.558	121.379	121.533	14285	0	15
2019.06.19	16:00:00	121.531	121.598	121.414	121.517	19457	0	13
2019.06.19	20:00:00	121.516	121.647	121.318	121.355	34222	0	6
2019.06.20	00:00:00	121.351	121.496	121.123	121.167	11806	0	14
2019.06.20	04:00:00	121.167	121.351	121.100	121.225	19762	0	15
2019.06.20	08:00:00	121.225	121.725	121.188	121.682	32472	0	15
2019.06.20	12:00:00	121.681	121.914	121.626	121.694	27591	0	15
2019.06.20	16:00:00	121.694	121.755	121.079	121.216	29777	0	15
2019.06.20	20:00:00	121.216	121.270	121.103	121.154	15122	0	5
2019.06.21	00:00:00	121.140	121.274	121.108	121.236	9381	0	7
2019.06.21	04:00:00	121.236	121.279	120.954	120.960	12761	0	15
2019.06.21	08:00:00	120.961	121.615	120.942	121.417	28322	0	15
2019.06.21	12:00:00	121.417	121.713	121.402	121.695	22792	0	15
2019.06.21	16:00:00	121.696	122.008	121.646	121.889	34833	0	15
2019.06.21	20:00:00	121.890	122.117	121.889	122.032	19821	0	15
2019.06.24	00:00:00	121.992	122.248	121.963	122.185	9989	0	11
2019.06.24	04:00:00	122.185	122.269	122.118	122.195	10641	0	15
2019.06.24	08:00:00	122.195	122.387	122.142	122.241	19651	0	15
2019.06.24	12:00:00	122.240	122.336	122.194	122.329	17326	0	15
2019.06.24	16:00:00	122.329	122.389	122.223	122.237	21279	0	15
2019.06.24	20:00:00	122.237	122.366	122.208	122.287	9279	0	11
2019.06.25	00:00:00	122.289	122.458	122.238	122.338	10362	0	7
2019.06.25	04:00:00	122.338	122.368	121.840	121.871	19030	0	15
2019.06.25	08:00:00	121.871	122.041	121.800	121.889	27117	0	15
2019.06.25	12:00:00	121.888	121.997	121.714	121.989	18654	0	15
2019.06.25	16:00:00	121.987	122.000	121.644	121.840	25920	0	15
2019.06.25	20:00:00	121.840	122.036	121.743	121.801	26417	0	4
2019.06.26	00:00:00	121.819	122.008	121.762	121.966	11694	0	15
2019.06.26	04:00:00	121.966	122.084	121.890	122.045	11855	0	15
2019.06.26	08:00:00	122.045	122.183	121.945	122.034	18503	0	15
2019.06.26	12:00:00	122.032	122.454	122.026	122.279	30272	0	15
2019.06.26	16:00:00	122.279	122.607	122.183	122.544	24280	0	15
2019.06.26	20:00:00	122.544	122.622	122.488	122.534	10479	0	6
2019.06.27	00:00:00	122.520	122.571	122.413	122.447	7038	0	7
2019.06.27	04:00:00	122.447	122.796	122.421	122.670	13697	0	15
2019.06.27	08:00:00	122.670	122.887	122.653	122.737	20912	0	15
2019.06.27	12:00:00	122.738	122.801	122.562	122.611	23851	0	15
2019.06.27	16:00:00	122.611	122.623	122.394	122.453	21944	0	15
2019.06.27	20:00:00	122.455	122.613	122.427	122.545	9188	0	4
2019.06.28	00:00:00	122.524	122.577	122.407	122.421	9528	0	4
2019.06.28	04:00:00	122.421	122.493	122.283	122.305	10330	0	15
2019.06.28	08:00:00	122.305	122.661	122.274	122.607	18016	0	15
2019.06.28	12:00:00	122.615	122.694	122.471	122.683	17365	0	15
2019.06.28	16:00:00	122.683	122.777	122.449	122.532	23915	0	15
2019.06.28	20:00:00	122.532	122.702	122.514	122.680	11143	0	15
2019.07.01	00:00:00	122.663	123.350	122.663	122.888	16047	0	15
2019.07.01	04:00:00	122.887	122.955	122.667	122.829	10837	0	15
2019.07.01	08:00:00	122.829	122.914	122.602	122.642	24538	0	15
2019.07.01	12:00:00	122.643	122.989	122.557	122.925	20881	0	15
2019.07.01	16:00:00	122.925	122.948	122.476	122.510	22392	0	15
2019.07.01	20:00:00	122.510	122.512	122.348	122.368	10477	0	6
2019.07.02	00:00:00	122.363	122.414	122.154	122.347	11145	0	15
2019.07.02	04:00:00	122.347	122.396	122.203	122.361	9746	0	15
2019.07.02	08:00:00	122.361	122.448	122.148	122.206	15169	0	15
2019.07.02	12:00:00	122.206	122.528	122.169	122.211	19153	0	15
2019.07.02	16:00:00	122.211	122.281	121.870	121.963	22340	0	15
2019.07.02	20:00:00	121.963	121.963	121.716	121.726	11524	0	15
2019.07.03	00:00:00	121.732	121.821	121.539	121.543	8147	0	15
2019.07.03	04:00:00	121.543	121.560	121.413	121.488	11234	0	15
2019.07.03	08:00:00	121.488	121.579	121.306	121.558	17944	0	15
2019.07.03	12:00:00	121.558	121.661	121.490	121.575	18770	0	15
2019.07.03	16:00:00	121.575	121.792	121.547	121.640	22426	0	15
2019.07.03	20:00:00	121.640	121.680	121.578	121.590	3567	0	14
2019.07.04	00:00:00	121.591	121.675	121.559	121.610	9126	0	6
2019.07.04	04:00:00	121.610	121.688	121.564	121.649	4611	0	15
2019.07.04	08:00:00	121.649	121.711	121.592	121.610	8880	0	15
2019.07.04	12:00:00	121.610	121.669	121.573	121.599	8755	0	15
2019.07.04	16:00:00	121.599	121.650	121.529	121.594	7370	0	15
2019.07.04	20:00:00	121.594	121.673	121.583	121.656	3103	0	9
2019.07.05	00:00:00	121.655	121.701	121.266	121.654	4602	0	9
2019.07.05	04:00:00	121.654	121.701	121.599	121.680	4388	0	15
2019.07.05	08:00:00	121.678	121.752	121.599	121.651	12434	0	15
2019.07.05	12:00:00	121.651	121.924	121.609	121.908	22949	0	15
2019.07.05	16:00:00	121.908	121.913	121.628	121.764	25170	0	15
2019.07.05	20:00:00	121.764	121.870	121.729	121.756	9963	0	15
2019.07.08	00:00:00	121.612	121.889	121.612	121.773	1622	0	5
2019.07.08	04:00:00	121.773	121.831	121.588	121.656	1732	0	5
2019.07.08	08:00:00	121.645	121.743	121.508	121.732	1833	0	5
2019.07.08	12:00:00	121.723	121.892	121.698	121.847	7521	0	4
2019.07.08	16:00:00	121.847	121.924	121.810	121.879	12366	0	5
2019.07.08	20:00:00	121.880	121.971	121.855	121.919	6252	0	4
2019.07.09	00:00:00	121.919	122.130	121.870	122.086	7519	0	5
2019.07.09	04:00:00	122.086	122.106	121.921	121.965	8444	0	4
2019.07.09	08:00:00	121.964	122.089	121.887	121.968	13494	0	5
2019.07.09	12:00:00	121.968	122.009	121.847	121.913	10305	0	4
2019.07.09	16:00:00	121.913	121.995	121.849	121.954	12360	0	4
2019.07.09	20:00:00	121.954	122.056	121.919	121.999	5134	0	4
2019.07.10	00:00:00	121.998	122.106	121.950	122.076	7668	0	5
2019.07.10	04:00:00	122.076	122.095	121.995	122.006	8493	0	5
2019.07.10	08:00:00	122.010	122.302	122.001	122.289	15260	0	4
2019.07.10	12:00:00	122.287	122.317	122.110	122.114	20102	0	4
2019.07.10	16:00:00	122.116	122.222	121.978	122.056	24540	0	4
2019.07.10	20:00:00	122.057	122.096	121.990	122.023	10481	0	4
2019.07.11	00:00:00	122.021	122.083	121.761	121.774	7659	0	4
2019.07.11	04:00:00	121.774	121.791	121.622	121.732	12360	0	4
2019.07.11	08:00:00	121.732	121.876	121.649	121.827	13846	0	4
2019.07.11	12:00:00	121.827	122.047	121.800	121.984	16245	0	4
2019.07.11	16:00:00	121.986	122.073	121.814	122.073	15038	0	4
2019.07.11	20:00:00	122.073	122.143	122.018	122.098	9767	0	4
2019.07.12	00:00:00	122.098	122.195	122.074	122.184	7655	0	5
2019.07.12	04:00:00	122.183	122.229	122.043	122.099	9981	0	5
2019.07.12	08:00:00	122.099	122.164	121.990	122.027	12917	0	4
2019.07.12	12:00:00	122.029	122.127	121.689	121.759	13266	0	4
2019.07.12	16:00:00	121.760	121.786	121.513	121.619	12270	0	4
2019.07.12	20:00:00	121.618	121.629	121.517	121.583	9458	0	4
2019.07.15	00:00:00	121.541	121.638	121.507	121.555	11775	0	5
2019.07.15	04:00:00	121.555	121.851	121.524	121.777	17210	0	4
2019.07.15	08:00:00	121.777	121.828	121.562	121.629	16024	0	4
2019.07.15	12:00:00	121.629	121.731	121.579	121.586	15628	0	4
2019.07.15	16:00:00	121.584	121.616	121.442	121.447	14945	0	4
2019.07.15	20:00:00	121.448	121.503	121.417	121.478	12717	0	5
2019.07.16	00:00:00	121.472	121.564	121.421	121.535	17527	0	5
2019.07.16	04:00:00	121.535	121.662	121.498	121.581	13592	0	5
2019.07.16	08:00:00	121.581	121.679	121.413	121.477	13185	0	4
2019.07.16	12:00:00	121.477	121.477	121.096	121.388	14710	0	4
2019.07.16	16:00:00	121.389	121.527	121.299	121.388	14339	0	4
2019.07.16	20:00:00	121.387	121.442	121.309	121.329	10358	0	4
2019.07.17	00:00:00	121.328	121.414	121.303	121.356	9497	0	5
2019.07.17	04:00:00	121.356	121.356	121.196	121.348	8761	0	4
2019.07.17	08:00:00	121.348	121.421	121.206	121.362	11197	0	5
2019.07.17	12:00:00	121.361	121.483	121.342	121.404	9202	0	5
2019.07.17	16:00:00	121.403	121.478	121.288	121.328	14246	0	4
2019.07.17	20:00:00	121.328	121.358	121.154	121.156	7205	0	5
2019.07.18	00:00:00	121.154	121.224	121.052	121.063	9486	0	5
2019.07.18	04:00:00	121.062	121.116	120.929	121.022	12355	0	4
2019.07.18	08:00:00	121.022	121.130	120.983	121.088	12226	0	4
2019.07.18	12:00:00	121.087	121.092	120.779	121.039	17820	0	4
2019.07.18	16:00:00	121.039	121.128	120.924	121.027	14378	0	4
2019.07.18	20:00:00	121.027	121.140	120.915	120.982	18095	0	4
2019.07.19	00:00:00	120.968	121.070	120.838	121.067	21762	0	5
2019.07.19	04:00:00	121.067	121.167	121.045	121.150	10408	0	4
2019.07.19	08:00:00	121.150	121.280	121.115	121.129	10611	0	5
2019.07.19	12:00:00	121.128	121.128	120.852	120.938	12715	0	4
2019.07.19	16:00:00	120.937	120.981	120.817	120.963	17801	0	5
2019.07.19	20:00:00	120.963	120.978	120.808	120.869	16107	0	4
2019.07.22	00:00:00	120.826	121.045	120.800	121.008	16818	0	5
2019.07.22	04:00:00	121.009	121.139	120.998	121.107	17096	0	4
2019.07.22	08:00:00	121.107	121.164	120.951	120.996	12703	0	5
2019.07.22	12:00:00	120.995	121.090	120.954	121.065	10056	0	4
2019.07.22	16:00:00	121.065	121.131	120.952	121.023	12187	0	4
2019.07.22	20:00:00	121.023	121.032	120.894	120.901	6462	0	4
2019.07.23	00:00:00	120.897	121.088	120.845	121.017	11991	0	4
2019.07.23	04:00:00	121.017	121.067	120.920	121.039	10141	0	5
2019.07.23	08:00:00	121.039	121.071	120.925	120.972	9533	0	4
2019.07.23	12:00:00	120.973	120.994	120.776	120.785	10102	0	4
2019.07.23	16:00:00	120.783	120.844	120.492	120.615	12667	0	4
2019.07.23	20:00:00	120.615	120.744	120.558	120.669	8436	0	4
2019.07.24	00:00:00	120.663	120.707	120.557	120.580	8334	0	4
2019.07.24	04:00:00	120.580	120.630	120.518	120.539	5800	0	4
2019.07.24	08:00:00	120.539	120.595	120.206	120.360	14648	0	4
2019.07.24	12:00:00	120.360	120.516	120.334	120.368	12120	0	4
2019.07.24	16:00:00	120.369	120.539	120.364	120.507	11096	0	4
2019.07.24	20:00:00	120.507	120.532	120.452	120.509	5504	0	4
2019.07.25	00:00:00	120.496	120.565	120.417	120.473	6366	0	5
2019.07.25	04:00:00	120.471	120.514	120.390	120.394	6004	0	5
2019.07.25	08:00:00	120.394	120.403	120.175	120.289	6771	0	4
2019.07.25	12:00:00	120.289	120.731	120.049	120.660	20639	0	4
2019.07.25	16:00:00	120.661	121.373	120.661	121.022	25662	0	4
2019.07.25	20:00:00	121.023	121.203	120.970	121.081	7763	0	4
2019.07.26	00:00:00	121.074	121.194	121.020	121.156	8226	0	5
2019.07.26	04:00:00	121.156	121.169	121.019	121.086	5551	0	4
2019.07.26	08:00:00	121.087	121.110	120.935	121.011	8618	0	4
2019.07.26	12:00:00	121.010	121.132	120.926	121.019	9428	0	4
2019.07.26	16:00:00	121.019	121.028	120.794	120.903	17074	0	4
2019.07.26	20:00:00	120.903	120.976	120.887	120.920	6426	0	4
2019.07.29	00:00:00	120.822	120.956	120.752	120.791	4347	0	4
2019.07.29	04:00:00	120.791	120.841	120.755	120.815	4333	0	5
2019.07.29	08:00:00	120.815	120.913	120.779	120.850	6618	0	4
2019.07.29	12:00:00	120.850	120.896	120.733	120.854	7048	0	4
2019.07.29	16:00:00	120.857	121.296	120.801	121.257	13598	0	4
2019.07.29	20:00:00	121.257	121.304	121.212	121.233	6264	0	4
2019.07.30	00:00:00	121.233	121.378	121.222	121.256	9617	0	4
2019.07.30	04:00:00	121.256	121.285	120.906	120.944	12323	0	4
2019.07.30	08:00:00	120.944	121.090	120.910	121.019	15893	0	4
2019.07.30	12:00:00	121.019	121.078	120.880	121.070	14997	0	4
2019.07.30	16:00:00	121.071	121.185	120.952	121.137	16347	0	4
2019.07.30	20:00:00	121.136	121.177	121.108	121.133	7005	0	4
2019.07.31	00:00:00	121.122	121.188	121.070	121.169	13880	0	5
2019.07.31	04:00:00	121.169	121.170	120.994	121.073	12633	0	4
2019.07.31	08:00:00	121.073	121.171	120.983	120.984	11928	0	4
2019.07.31	12:00:00	120.983	121.091	120.968	121.050	10474	0	4
2019.07.31	16:00:00	121.050	121.121	120.772	120.840	18267	0	4
2019.07.31	20:00:00	120.840	120.943	120.349	120.458	33583	0	4
2019.08.01	00:00:00	120.461	120.709	120.387	120.634	14954	0	4
2019.08.01	04:00:00	120.633	120.701	120.535	120.680	12424	0	4
2019.08.01	08:00:00	120.677	120.687	120.394	120.504	13653	0	4
2019.08.01	12:00:00	120.504	120.531	119.769	119.830	15835	0	4
2019.08.01	16:00:00	119.829	119.899	119.562	119.686	25021	0	4
2019.08.01	20:00:00	119.684	119.699	118.913	118.983	40289	0	4
2019.08.02	00:00:00	118.983	119.119	118.748	118.785	24525	0	4
2019.08.02	04:00:00	118.789	118.835	118.432	118.651	36513	0	4
2019.08.02	08:00:00	118.653	118.840	118.481	118.649	33691	0	4
2019.08.02	12:00:00	118.648	118.706	118.329	118.623	31932	0	4
2019.08.02	16:00:00	118.623	118.919	118.261	118.490	46313	0	4
2019.08.02	20:00:00	118.490	118.496	118.316	118.374	29893	0	4
2019.08.05	00:00:00	118.257	118.468	118.187	118.293	21855	0	4
2019.08.05	04:00:00	118.295	118.364	117.670	117.992	41066	0	4
2019.08.05	08:00:00	117.993	118.133	117.721	118.091	31756	0	4
2019.08.05	12:00:00	118.092	118.694	118.039	118.585	31770	0	4
2019.08.05	16:00:00	118.582	118.844	118.473	118.723	39743	0	4
2019.08.05	20:00:00	118.723	118.930	118.676	118.689	31099	0	4
2019.08.06	00:00:00	118.684	119.054	118.367	119.000	28530	0	4
2019.08.06	04:00:00	119.000	119.870	118.985	119.510	41727	0	4
2019.08.06	08:00:00	119.511	119.608	119.160	119.175	29068	0	4
2019.08.06	12:00:00	119.175	119.320	118.940	118.964	20797	0	4
2019.08.06	16:00:00	118.964	119.234	118.929	119.160	36441	0	4
2019.08.06	20:00:00	119.159	119.344	119.127	119.208	22811	0	4
2019.08.07	00:00:00	119.211	119.275	118.968	119.103	17910	0	4
2019.08.07	04:00:00	119.103	119.189	118.737	118.944	33744	0	4
2019.08.07	08:00:00	118.943	119.100	118.870	118.881	19872	0	5
2019.08.07	12:00:00	118.879	118.895	118.434	118.598	25740	0	4
2019.08.07	16:00:00	118.596	118.905	118.553	118.796	52484	0	4
2019.08.07	20:00:00	118.796	119.096	118.776	119.000	33768	0	4
2019.08.08	00:00:00	118.994	119.095	118.852	118.860	20851	0	4
2019.08.08	04:00:00	118.860	119.141	118.806	119.001	22636	0	4
2019.08.08	08:00:00	119.001	119.121	118.899	119.021	15679	0	5
2019.08.08	12:00:00	119.021	119.078	118.551	118.882	14840	0	5
2019.08.08	16:00:00	118.884	119.163	118.621	119.018	27844	0	4
2019.08.08	20:00:00	119.017	119.035	118.489	118.598	16624	0	5
2019.08.09	00:00:00	118.585	118.645	118.322	118.603	16704	0	4
2019.08.09	04:00:00	118.602	118.737	118.524	118.659	10856	0	4
2019.08.09	08:00:00	118.660	118.673	118.442	118.560	12208	0	5
2019.08.09	12:00:00	118.559	118.631	118.380	118.428	14860	0	5
2019.08.09	16:00:00	118.432	118.487	118.084	118.326	31008	0	4
2019.08.09	20:00:00	118.326	118.413	118.254	118.345	17598	0	5
2019.08.12	00:00:00	118.152	118.398	117.991	118.110	9823	0	5
2019.08.12	04:00:00	118.110	118.302	118.096	118.150	20937	0	5
2019.08.12	08:00:00	118.150	118.187	117.515	117.653	23321	0	5
2019.08.12	12:00:00	117.653	117.945	117.520	117.931	23850	0	4
2019.08.12	16:00:00	117.930	118.238	117.884	118.097	31861	0	4
2019.08.12	20:00:00	118.097	118.154	118.027	118.069	16341	0	5
2019.08.13	00:00:00	118.067	118.240	117.962	118.101	24076	0	5
2019.08.13	04:00:00	118.101	118.153	117.951	117.970	24987	0	4
2019.08.13	08:00:00	117.969	117.993	117.684	117.840	20229	0	4
2019.08.13	12:00:00	117.840	118.156	117.724	118.005	22285	0	4
2019.08.13	16:00:00	118.005	119.583	117.973	119.135	44339	0	4
2019.08.13	20:00:00	119.135	119.248	119.003	119.243	20064	0	5
2019.08.14	00:00:00	119.244	119.278	118.793	118.843	23671	0	4
2019.08.14	04:00:00	118.844	119.105	118.716	119.037	23456	0	4
2019.08.14	08:00:00	119.037	119.053	118.798	118.962	18171	0	5
2019.08.14	12:00:00	118.962	119.054	118.289	118.481	30401	0	4
2019.08.14	16:00:00	118.481	118.505	117.782	117.861	43039	0	4
2019.08.14	20:00:00	117.861	118.091	117.830	117.955	29254	0	4
2019.08.15	00:00:00	117.954	118.124	117.769	118.060	16833	0	5
2019.08.15	04:00:00	118.060	118.102	117.927	118.091	29197	0	4
2019.08.15	08:00:00	118.091	118.971	118.034	118.246	26208	0	4
2019.08.15	12:00:00	118.246	118.585	117.902	118.330	45323	0	4
2019.08.15	16:00:00	118.326	118.360	117.708	117.777	47473	0	4
2019.08.15	20:00:00	117.777	117.906	117.622	117.868	26799	0	4
2019.08.16	00:00:00	117.820	117.940	117.708	117.812	25772	0	5
2019.08.16	04:00:00	117.812	117.938	117.776	117.828	28169	0	4
2019.08.16	08:00:00	117.826	117.887	117.631	117.835	25054	0	5
2019.08.16	12:00:00	117.834	118.052	117.692	117.819	24749	0	4
2019.08.16	16:00:00	117.819	118.163	117.574	117.902	37621	0	4
2019.08.16	20:00:00	117.899	117.981	117.866	117.954	14259	0	5
2019.08.19	00:00:00	117.744	118.131	117.744	117.955	16665	0	4
2019.08.19	04:00:00	117.955	118.015	117.861	117.955	14807	0	5
2019.08.19	08:00:00	117.955	118.461	117.924	118.326	19626	0	5
2019.08.19	12:00:00	118.326	118.473	118.238	118.346	19433	0	4
2019.08.19	16:00:00	118.348	118.380	118.131	118.188	20472	0	5
2019.08.19	20:00:00	118.188	118.213	118.102	118.127	13003	0	5
2019.08.20	00:00:00	118.115	118.265	118.056	118.185	22397	0	4
2019.08.20	04:00:00	118.185	118.212	118.107	118.139	20026	0	4
2019.08.20	08:00:00	118.139	118.150	117.823	117.899	20513	0	4
2019.08.20	12:00:00	117.899	117.904	117.660	117.718	22171	0	5
2019.08.20	16:00:00	117.718	118.036	117.577	117.991	27633	0	5
2019.08.20	20:00:00	117.991	118.035	117.853	117.905	11799	0	5
2019.08.21	00:00:00	117.903	118.038	117.885	117.940	20176	0	5
2019.08.21	04:00:00	117.940	118.269	117.937	118.111	19084	0	5
2019.08.21	08:00:00	118.111	118.328	118.095	118.225	13952	0	4
2019.08.21	12:00:00	118.225	118.268	118.112	118.215	13213	0	5
2019.08.21	16:00:00	118.215	118.280	118.027	118.188	16713	0	5
2019.08.21	20:00:00	118.188	118.240	118.090	118.176	16528	0	5
2019.08.22	00:00:00	118.162	118.256	118.125	118.170	13858	0	5
2019.08.22	04:00:00	118.170	118.173	117.936	117.955	17143	0	4
2019.08.22	08:00:00	117.955	118.300	117.736	118.084	21242	0	4
2019.08.22	12:00:00	118.084	118.215	117.729	118.090	24124	0	4
2019.08.22	16:00:00	118.090	118.169	117.812	117.955	27986	0	5
2019.08.22	20:00:00	117.954	117.986	117.897	117.920	9259	0	6
2019.08.23	00:00:00	117.915	118.162	117.883	118.079	16736	0	5
2019.08.23	04:00:00	118.079	118.080	117.890	117.990	18100	0	5
2019.08.23	08:00:00	117.990	118.125	117.942	118.001	16347	0	5
2019.08.23	12:00:00	118.001	118.053	117.740	117.829	23383	0	4
2019.08.23	16:00:00	117.826	118.007	117.258	117.406	50355	0	4
2019.08.23	20:00:00	117.406	117.471	117.319	117.389	29637	0	5
2019.08.26	00:00:00	117.064	117.195	116.560	117.140	34146	0	4
2019.08.26	04:00:00	117.140	117.771	117.140	117.312	38312	0	4
2019.08.26	08:00:00	117.312	117.907	117.230	117.710	45860	0	5
2019.08.26	12:00:00	117.710	118.196	117.483	117.960	32507	0	4
2019.08.26	16:00:00	117.958	117.985	117.709	117.897	39863	0	4
2019.08.26	20:00:00	117.898	117.957	117.706	117.804	18337	0	5
2019.08.27	00:00:00	117.816	117.838	117.485	117.519	24940	0	4
2019.08.27	04:00:00	117.519	117.615	117.284	117.357	22125	0	5
2019.08.27	08:00:00	117.356	117.577	117.205	117.550	28934	0	5
2019.08.27	12:00:00	117.550	117.762	117.350	117.585	26352	0	3
2019.08.27	16:00:00	117.585	117.733	117.221	117.325	30730	0	4
2019.08.27	20:00:00	117.325	117.367	117.241	117.267	12494	0	4
2019.08.28	00:00:00	117.259	117.348	117.154	117.265	19172	0	3
2019.08.28	04:00:00	117.263	117.407	117.236	117.350	26293	0	4
2019.08.28	08:00:00	117.350	117.391	117.190	117.280	25417	0	3
2019.08.28	12:00:00	117.280	117.375	117.102	117.211	25719	0	4
2019.08.28	16:00:00	117.210	117.399	117.111	117.387	27945	0	3
2019.08.28	20:00:00	117.387	117.675	117.387	117.549	15090	0	4
2019.08.29	00:00:00	117.542	117.629	117.421	117.490	14620	0	4
2019.08.29	04:00:00	117.490	117.514	117.276	117.362	19797	0	4
2019.08.29	08:00:00	117.361	117.774	117.281	117.709	25930	0	4
2019.08.29	12:00:00	117.709	117.803	117.596	117.640	22885	0	4
2019.08.29	16:00:00	117.640	117.933	117.492	117.785	28257	0	3
2019.08.29	20:00:00	117.785	117.905	117.684	117.769	13653	0	3
2019.08.30	00:00:00	117.752	117.817	117.611	117.673	16193	0	4
2019.08.30	04:00:00	117.671	117.700	117.500	117.516	20220	0	4
2019.08.30	08:00:00	117.515	117.576	117.340	117.446	27236	0	3
2019.08.30	12:00:00	117.445	117.548	117.197	117.210	25403	0	3
2019.08.30	16:00:00	117.211	117.299	116.685	116.861	25831	0	3
2019.08.30	20:00:00	116.861	116.869	116.624	116.776	19141	0	3
2019.09.02	00:00:00	116.470	116.717	116.392	116.581	19003	0	3
2019.09.02	04:00:00	116.581	116.771	116.569	116.678	17101	0	4
2019.09.02	08:00:00	116.678	116.776	116.579	116.606	17240	0	4
2019.09.02	12:00:00	116.606	116.707	116.498	116.641	17712	0	4
2019.09.02	16:00:00	116.641	116.661	116.346	116.465	12971	0	3
2019.09.02	20:00:00	116.465	116.531	116.421	116.508	10032	0	3
2019.09.03	00:00:00	116.522	116.555	116.375	116.404	28481	0	3
2019.09.03	04:00:00	116.404	116.415	116.236	116.291	25697	0	3
2019.09.03	08:00:00	116.291	116.339	115.863	116.112	28200	0	4
2019.09.03	12:00:00	116.111	116.265	115.901	116.238	20343	0	4
2019.09.03	16:00:00	116.238	116.347	115.943	116.143	33765	0	3
2019.09.03	20:00:00	116.143	116.372	116.134	116.232	9514	0	4
2019.09.04	00:00:00	116.239	116.289	116.131	116.218	12434	0	4
2019.09.04	04:00:00	116.217	116.442	116.209	116.380	18728	0	3
2019.09.04	08:00:00	116.380	116.950	116.354	116.893	24923	0	4
2019.09.04	12:00:00	116.893	117.083	116.854	117.034	17340	0	4
2019.09.04	16:00:00	117.034	117.256	116.942	117.203	20630	0	3
2019.09.04	20:00:00	117.202	117.431	117.144	117.390	9168	0	4
2019.09.05	00:00:00	117.392	117.445	117.324	117.409	19686	0	4
2019.09.05	04:00:00	117.410	117.734	117.366	117.475	28587	0	3
2019.09.05	08:00:00	117.475	117.633	117.276	117.600	25451	0	4
2019.09.05	12:00:00	117.600	118.251	117.551	118.179	22150	0	3
2019.09.05	16:00:00	118.179	118.610	118.010	118.070	25171	0	3
2019.09.05	20:00:00	118.070	118.120	117.987	117.995	8220	0	4
2019.09.06	00:00:00	118.002	118.165	117.945	118.061	15558	0	4
2019.09.06	04:00:00	118.062	118.176	118.038	118.057	19599	0	4
2019.09.06	08:00:00	118.057	118.264	118.040	118.137	19715	0	3
2019.09.06	12:00:00	118.137	118.203	117.807	117.951	21015	0	3
2019.09.06	16:00:00	117.951	118.013	117.843	117.911	22148	0	3
2019.09.06	20:00:00	117.910	117.939	117.845	117.854	12233	0	3
2019.09.09	00:00:00	117.742	117.941	117.739	117.832	18115	0	4
2019.09.09	04:00:00	117.830	117.912	117.736	117.878	17390	0	3
2019.09.09	08:00:00	117.879	118.069	117.806	118.035	14563	0	4
2019.09.09	12:00:00	118.035	118.282	117.929	118.166	13378	0	3
2019.09.09	16:00:00	118.165	118.508	118.138	118.394	15170	0	3
2019.09.09	20:00:00	118.394	118.497	118.346	118.469	7031	0	4
2019.09.10	00:00:00	118.449	118.671	118.427	118.645	11728	0	4
2019.09.10	04:00:00	118.644	118.743	118.545	118.610	13955	0	4
2019.09.10	08:00:00	118.610	118.765	118.375	118.437	15061	0	4
2019.09.10	12:00:00	118.437	118.625	118.365	118.433	12318	0	4
2019.09.10	16:00:00	118.433	118.664	118.270	118.637	17037	0	3
2019.09.10	20:00:00	118.637	118.781	118.561	118.762	8179	0	3
2019.09.11	00:00:00	118.760	118.955	118.676	118.899	14038	0	3
2019.09.11	04:00:00	118.899	119.140	118.804	119.104	14026	0	4
2019.09.11	08:00:00	119.104	119.169	118.793	118.804	13937	0	3
2019.09.11	12:00:00	118.804	118.804	118.452	118.552	13215	0	4
2019.09.11	16:00:00	118.553	118.643	118.296	118.616	13303	0	4
2019.09.11	20:00:00	118.616	118.760	118.594	118.692	5709	0	5
2019.09.12	00:00:00	118.695	118.999	118.672	118.974	19058	0	3
2019.09.12	04:00:00	118.974	119.115	118.923	119.039	11657	0	4
2019.09.12	08:00:00	119.039	119.049	118.862	118.947	13329	0	3
2019.09.12	12:00:00	118.947	119.321	117.550	117.896	25418	0	3
2019.09.12	16:00:00	117.896	119.730	117.844	119.572	35761	0	3
2019.09.12	20:00:00	119.573	119.820	119.557	119.589	10580	0	3
2019.09.13	00:00:00	119.596	119.754	119.559	119.738	11755	0	4
2019.09.13	04:00:00	119.737	119.793	119.668	119.702	10614	0	4
2019.09.13	08:00:00	119.700	120.007	119.609	119.787	20459	0	4
2019.09.13	12:00:00	119.792	119.962	119.726	119.887	14140	0	3
2019.09.13	16:00:00	119.887	119.891	119.535	119.761	15944	0	3
2019.09.13	20:00:00	119.761	119.791	119.658	119.669	8848	0	4
2019.09.16	00:00:00	119.682	119.682	118.976	119.255	18941	0	4
2019.09.16	04:00:00	119.255	119.443	119.219	119.384	15429	0	4
2019.09.16	08:00:00	119.384	119.509	119.200	119.229	15529	0	4
2019.09.16	12:00:00	119.229	119.296	118.844	118.946	16442	0	4
2019.09.16	16:00:00	118.945	118.957	118.683	118.790	16280	0	3
2019.09.16	20:00:00	118.790	119.008	118.763	118.933	9189	0	4
2019.09.17	00:00:00	118.907	119.149	118.871	119.124	13429	0	4
2019.09.17	04:00:00	119.125	119.238	119.005	119.190	14609	0	4
2019.09.17	08:00:00	119.189	119.233	118.937	119.122	14695	0	4
2019.09.17	12:00:00	119.122	119.321	119.075	119.311	11729	0	4
2019.09.17	16:00:00	119.311	119.654	119.259	119.631	18573	0	3
2019.09.17	20:00:00	119.631	119.771	119.623	119.716	6809	0	3
2019.09.18	00:00:00	119.691	119.775	119.665	119.756	13288	0	4
2019.09.18	04:00:00	119.756	119.821	119.693	119.718	9007	0	4
2019.09.18	08:00:00	119.718	119.788	119.476	119.481	11987	0	3
2019.09.18	12:00:00	119.481	119.623	119.410	119.615	11725	0	3
2019.09.18	16:00:00	119.615	119.753	119.532	119.670	10558	0	3
2019.09.18	20:00:00	119.670	119.698	119.406	119.612	20939	0	3
2019.09.19	00:00:00	119.600	119.666	119.382	119.399	17319	0	4
2019.09.19	04:00:00	119.399	119.420	118.951	119.113	19845	0	3
2019.09.19	08:00:00	119.113	119.556	119.075	119.444	16590	0	4
2019.09.19	12:00:00	119.444	119.566	119.386	119.494	13377	0	3
2019.09.19	16:00:00	119.494	119.540	119.190	119.257	11159	0	3
2019.09.19	20:00:00	119.257	119.394	119.246	119.255	10223	0	4
2019.09.20	00:00:00	119.261	119.375	119.173	119.320	16430	0	4
2019.09.20	04:00:00	119.320	119.375	119.230	119.260	10064	0	4
2019.09.20	08:00:00	119.260	119.377	119.197	119.232	14190	0	4
2019.09.20	12:00:00	119.232	119.351	118.935	118.998	11298	0	3
2019.09.20	16:00:00	118.999	119.046	118.711	118.756	14764	0	3
2019.09.20	20:00:00	118.756	118.784	118.450	118.530	15938	0	4
2019.09.23	00:00:00	118.646	118.705	118.576	118.643	10644	0	3
2019.09.23	04:00:00	118.643	118.763	118.638	118.732	10798	0	3
2019.09.23	08:00:00	118.732	118.788	117.754	117.849	18907	0	3
2019.09.23	12:00:00	117.849	118.238	117.752	118.135	12907	0	4
2019.09.23	16:00:00	118.136	118.195	117.955	118.106	14736	0	3
2019.09.23	20:00:00	118.106	118.219	118.063	118.213	7470	0	4
2019.09.24	00:00:00	118.213	118.350	118.154	118.317	13315	0	4
2019.09.24	04:00:00	118.314	118.333	118.118	118.259	12304	0	4
2019.09.24	08:00:00	118.259	118.352	118.115	118.330	15311	0	3
2019.09.24	12:00:00	118.331	118.555	118.304	118.478	12808	0	3
2019.09.24	16:00:00	118.478	118.527	117.887	117.946	18865	0	3
2019.09.24	20:00:00	117.946	118.209	117.891	117.953	16937	0	3
2019.09.25	00:00:00	117.963	118.060	117.789	117.850	14393	0	4
2019.09.25	04:00:00	117.852	118.171	117.835	118.046	17855	0	4
2019.09.25	08:00:00	118.045	118.170	117.937	118.064	15492	0	3
2019.09.25	12:00:00	118.064	118.124	117.902	118.109	14265	0	4
2019.09.25	16:00:00	118.109	118.195	117.929	117.966	21384	0	3
2019.09.25	20:00:00	117.966	118.008	117.909	117.915	9635	0	4
2019.09.26	00:00:00	117.907	117.989	117.859	117.965	10774	0	4
2019.09.26	04:00:00	117.964	118.050	117.943	118.039	10709	0	4
2019.09.26	08:00:00	118.040	118.040	117.634	117.718	13711	0	3
2019.09.26	12:00:00	117.718	117.903	117.515	117.785	14119	0	3
2019.09.26	16:00:00	117.784	117.897	117.673	117.786	19319	0	3
2019.09.26	20:00:00	117.787	117.906	117.725	117.738	9409	0	4
2019.09.27	00:00:00	117.749	117.755	117.444	117.639	8754	0	3
2019.09.27	04:00:00	117.639	117.685	117.552	117.599	11280	0	4
2019.09.27	08:00:00	117.599	117.894	117.540	117.879	14790	0	4
2019.09.27	12:00:00	117.880	118.296	117.830	118.200	13171	0	3
2019.09.27	16:00:00	118.202	118.471	118.034	118.043	20703	0	3
2019.09.27	20:00:00	118.043	118.136	117.942	118.089	12069	0	4
2019.09.30	00:00:00	118.101	118.180	117.979	118.009	9219	0	4
2019.09.30	04:00:00	118.010	118.116	117.942	117.978	12913	0	3
2019.09.30	08:00:00	117.977	118.035	117.850	117.973	14144	0	4
2019.09.30	12:00:00	117.973	118.027	117.540	117.697	12954	0	4
2019.09.30	16:00:00	117.697	117.956	117.662	117.910	15691	0	3
2019.09.30	20:00:00	117.910	117.958	117.769	117.783	6139	0	3
2019.10.01	00:00:00	117.783	117.872	117.713	117.837	5822	0	4
2019.10.01	04:00:00	117.837	117.970	117.773	117.876	12238	0	4
2019.10.01	08:00:00	117.876	118.128	117.764	118.087	15166	0	3
2019.10.01	12:00:00	118.087	118.169	117.968	118.065	12567	0	3
2019.10.01	16:00:00	118.066	118.103	117.674	117.789	25294	0	3
2019.10.01	20:00:00	117.790	117.864	117.690	117.759	9862	0	3
2019.10.02	00:00:00	117.762	117.822	117.717	117.818	13359	0	4
2019.10.02	04:00:00	117.820	118.000	117.746	117.894	10564	0	4
2019.10.02	08:00:00	117.894	117.944	117.364	117.396	15373	0	3
2019.10.02	12:00:00	117.396	117.595	117.386	117.424	14620	0	3
2019.10.02	16:00:00	117.424	117.641	117.324	117.372	20039	0	3
2019.10.02	20:00:00	117.372	117.512	117.348	117.456	10682	0	3
2019.10.03	00:00:00	117.450	117.497	117.245	117.310	22510	0	4
2019.10.03	04:00:00	117.310	117.458	117.303	117.435	11385	0	4
2019.10.03	08:00:00	117.435	117.649	117.281	117.429	17051	0	4
2019.10.03	12:00:00	117.428	117.436	117.096	117.276	14748	0	3
2019.10.03	16:00:00	117.275	117.432	117.070	117.315	27431	0	3
2019.10.03	20:00:00	117.319	117.414	117.188	117.205	9553	0	3
2019.10.04	00:00:00	117.199	117.359	117.192	117.261	10918	0	4
2019.10.04	04:00:00	117.261	117.335	117.165	117.195	10419	0	4
2019.10.04	08:00:00	117.195	117.236	117.084	117.180	14577	0	4
2019.10.04	12:00:00	117.180	117.476	117.144	117.443	17585	0	3
2019.10.04	16:00:00	117.443	117.487	117.286	117.382	21580	0	3
2019.10.04	20:00:00	117.382	117.388	117.312	117.350	8717	0	3
2019.10.07	00:00:00	117.112	117.345	117.083	117.260	14296	0	4
2019.10.07	04:00:00	117.260	117.367	117.239	117.335	13884	0	3
2019.10.07	08:00:00	117.335	117.364	117.139	117.156	12404	0	3
2019.10.07	12:00:00	117.156	117.575	117.145	117.575	10743	0	4
2019.10.07	16:00:00	117.575	117.684	117.495	117.650	14248	0	3
2019.10.07	20:00:00	117.649	117.902	117.620	117.656	11852	0	3
2019.10.08	00:00:00	117.635	117.784	117.614	117.758	11487	0	4
2019.10.08	04:00:00	117.758	117.875	117.687	117.871	14144	0	4
2019.10.08	08:00:00	117.870	117.969	117.630	117.770	16102	0	3
2019.10.08	12:00:00	117.770	117.789	117.371	117.484	18940	0	3
2019.10.08	16:00:00	117.485	117.504	117.128	117.354	20446	0	3
2019.10.08	20:00:00	117.354	117.463	117.202	117.302	15337	0	3
2019.10.09	00:00:00	117.298	117.359	117.205	117.328	11283	0	4
2019.10.09	04:00:00	117.328	117.535	117.319	117.460	10297	0	4
2019.10.09	08:00:00	117.459	117.904	117.414	117.823	14402	0	3
2019.10.09	12:00:00	117.823	118.024	117.727	117.847	16272	0	3
2019.10.09	16:00:00	117.848	118.051	117.824	118.042	14644	0	3
2019.10.09	20:00:00	118.042	118.092	117.899	117.912	10561	0	4
2019.10.10	00:00:00	117.889	117.946	117.569	117.846	27382	0	3
2019.10.10	04:00:00	117.849	118.441	117.827	118.096	19862	0	3
2019.10.10	08:00:00	118.096	118.443	118.057	118.335	17028	0	3
2019.10.10	12:00:00	118.335	118.645	118.317	118.634	15092	0	3
2019.10.10	16:00:00	118.635	118.940	118.550	118.867	21707	0	3
2019.10.10	20:00:00	118.867	118.899	118.700	118.814	12369	0	3
2019.10.11	00:00:00	118.815	119.000	118.716	118.935	17543	0	3
2019.10.11	04:00:00	118.935	119.028	118.907	118.946	7640	0	4
2019.10.11	08:00:00	118.946	119.037	118.764	118.893	15347	0	3
2019.10.11	12:00:00	118.893	119.917	118.857	119.741	24287	0	3
2019.10.11	16:00:00	119.740	120.005	119.527	119.791	27614	0	3
2019.10.11	20:00:00	119.791	119.977	119.553	119.659	14715	0	3
2019.10.14	00:00:00	119.492	119.708	119.338	119.430	14600	0	3
2019.10.14	04:00:00	119.429	119.563	119.300	119.473	14760	0	4
2019.10.14	08:00:00	119.474	119.493	119.187	119.406	16754	0	4
2019.10.14	12:00:00	119.404	119.469	119.186	119.365	14133	0	4
2019.10.14	16:00:00	119.364	119.557	119.342	119.525	13477	0	4
2019.10.14	20:00:00	119.525	119.541	119.454	119.515	5133	0	5
2019.10.15	00:00:00	119.515	119.595	119.410	119.485	10039	0	3
2019.10.15	04:00:00	119.485	119.619	119.420	119.478	14795	0	3
2019.10.15	08:00:00	119.479	119.706	119.340	119.456	20371	0	4
2019.10.15	12:00:00	119.456	119.459	119.104	119.238	18613	0	3
2019.10.15	16:00:00	119.237	120.223	119.190	119.993	25150	0	3
2019.10.15	20:00:00	119.994	120.168	119.951	120.085	8199	0	3
2019.10.16	00:00:00	120.085	120.128	119.802	119.941	12951	0	3
2019.10.16	04:00:00	119.942	119.958	119.743	119.843	15715	0	4
2019.10.16	08:00:00	119.843	120.275	119.809	119.969	21358	0	4
2019.10.16	12:00:00	119.969	120.135	119.790	119.956	23079	0	3
2019.10.16	16:00:00	119.956	120.469	119.924	120.411	21029	0	3
2019.10.16	20:00:00	120.412	120.464	120.290	120.416	7649	0	5
2019.10.17	00:00:00	120.416	120.534	120.335	120.460	10621	0	3
2019.10.17	04:00:00	120.459	120.561	120.412	120.429	10455	0	4
2019.10.17	08:00:00	120.429	120.742	120.332	120.673	16802	0	4
2019.10.17	12:00:00	120.674	121.354	120.617	120.860	30710	0	3
2019.10.17	16:00:00	120.861	120.930	120.667	120.734	19638	0	3
2019.10.17	20:00:00	120.734	120.895	120.708	120.846	6996	0	4
2019.10.18	00:00:00	120.848	120.956	120.755	120.932	8167	0	4
2019.10.18	04:00:00	120.932	120.967	120.741	120.766	12430	0	4
2019.10.18	08:00:00	120.766	121.000	120.669	120.953	13218	0	4
2019.10.18	12:00:00	120.952	121.062	120.844	121.012	11899	0	4
2019.10.18	16:00:00	121.012	121.041	120.778	120.984	18051	0	3
2019.10.18	20:00:00	120.984	121.119	120.980	121.065	8958	0	4
2019.10.21	00:00:00	120.952	121.111	120.781	121.088	14221	0	3
2019.10.21	04:00:00	121.087	121.140	120.991	121.103	9029	0	3
2019.10.21	08:00:00	121.102	121.471	120.982	121.281	16636	0	4
2019.10.21	12:00:00	121.285	121.311	121.116	121.128	11518	0	4
2019.10.21	16:00:00	121.128	121.133	120.928	121.081	14672	0	4
2019.10.21	20:00:00	121.081	121.128	121.031	121.092	4763	0	4
2019.10.22	00:00:00	121.090	121.252	121.007	121.216	6907	0	3
2019.10.22	04:00:00	121.217	121.283	121.074	121.158	7021	0	4
2019.10.22	08:00:00	121.158	121.203	120.807	120.941	11196	0	4
2019.10.22	12:00:00	120.941	121.045	120.742	120.756	11667	0	3
2019.10.22	16:00:00	120.756	120.995	120.747	120.955	12558	0	4
2019.10.22	20:00:00	120.958	121.053	120.577	120.679	13679	0	3
2019.10.23	00:00:00	120.679	120.777	120.424	120.601	16864	0	4
2019.10.23	04:00:00	120.600	120.621	120.383	120.495	10497	0	4
2019.10.23	08:00:00	120.494	120.667	120.436	120.496	15924	0	3
2019.10.23	12:00:00	120.497	120.737	120.409	120.708	13717	0	3
2019.10.23	16:00:00	120.708	120.890	120.642	120.865	12571	0	3
2019.10.23	20:00:00	120.865	121.051	120.844	120.974	5644	0	3
2019.10.24	00:00:00	120.974	120.999	120.860	120.931	8478	0	4
2019.10.24	04:00:00	120.931	121.025	120.900	120.914	9226	0	4
2019.10.24	08:00:00	120.914	121.384	120.878	120.992	19066	0	3
2019.10.24	12:00:00	120.992	121.127	120.774	121.089	13397	0	3
2019.10.24	16:00:00	121.090	121.117	120.426	120.595	19873	0	3
2019.10.24	20:00:00	120.597	120.670	120.547	120.601	6571	0	4
2019.10.25	00:00:00	120.601	120.687	120.542	120.623	10378	0	4
2019.10.25	04:00:00	120.623	120.689	120.605	120.628	6403	0	4
2019.10.25	08:00:00	120.628	120.800	120.614	120.744	10688	0	3
2019.10.25	12:00:00	120.745	120.795	120.420	120.490	10035	0	3
2019.10.25	16:00:00	120.491	120.548	120.352	120.437	14623	0	3
2019.10.25	20:00:00	120.437	120.482	120.372	120.400	5325	0	4
2019.10.28	00:00:00	120.439	120.564	120.399	120.479	8019	0	4
2019.10.28	04:00:00	120.479	120.564	120.467	120.555	4183	0	4
2019.10.28	08:00:00	120.555	120.684	120.508	120.555	11684	0	4
2019.10.28	12:00:00	120.555	120.879	120.548	120.844	11483	0	3
2019.10.28	16:00:00	120.844	120.961	120.714	120.939	10657	0	3
2019.10.28	20:00:00	120.939	120.988	120.878	120.946	6010	0	4
2019.10.29	00:00:00	120.948	121.056	120.872	120.894	10376	0	4
2019.10.29	04:00:00	120.893	120.974	120.888	120.910	5720	0	3
2019.10.29	08:00:00	120.910	120.918	120.593	120.597	9856	0	4
2019.10.29	12:00:00	120.597	120.934	120.573	120.842	12772	0	4
2019.10.29	16:00:00	120.842	121.061	120.831	120.982	14385	0	4
2019.10.29	20:00:00	120.982	121.015	120.889	120.993	5974	0	4
2019.10.30	00:00:00	120.993	121.009	120.876	120.936	9139	0	3
2019.10.30	04:00:00	120.935	120.954	120.878	120.934	7284	0	4
2019.10.30	08:00:00	120.935	121.074	120.915	120.952	11298	0	3
2019.10.30	12:00:00	120.952	121.112	120.888	120.967	15064	0	3
2019.10.30	16:00:00	120.967	121.126	120.883	120.996	13452	0	3
2019.10.30	20:00:00	120.996	121.433	120.982	121.399	18899	0	3
2019.10.31	00:00:00	121.399	121.468	121.290	121.331	13969	0	3
2019.10.31	04:00:00	121.330	121.439	121.274	121.316	8803	0	4
2019.10.31	08:00:00	121.316	121.376	120.822	120.893	15284	0	3
2019.10.31	12:00:00	120.892	121.035	120.517	120.528	18140	0	3
2019.10.31	16:00:00	120.530	120.697	120.343	120.363	18559	0	3
2019.10.31	20:00:00	120.363	120.488	120.285	120.463	7354	0	4
2019.11.01	00:00:00	120.463	120.647	120.359	120.627	7931	0	4
2019.11.01	04:00:00	120.627	120.648	120.537	120.551	5268	0	3
2019.11.01	08:00:00	120.551	120.598	120.438	120.471	7968	0	3
2019.11.01	12:00:00	120.472	120.573	120.361	120.501	15563	0	3
2019.11.01	16:00:00	120.475	120.937	120.384	120.828	18508	0	3
2019.11.01	20:00:00	120.828	120.880	120.738	120.789	4673	0	3
2019.11.04	00:00:00	120.776	120.889	120.772	120.846	6424	0	4
2019.11.04	04:00:00	120.846	120.926	120.832	120.878	5450	0	5
2019.11.04	08:00:00	120.879	121.045	120.859	120.999	12567	0	3
2019.11.04	12:00:00	120.998	121.105	120.904	120.983	10395	0	3
2019.11.04	16:00:00	120.984	121.075	120.916	120.977	11085	0	3
2019.11.04	20:00:00	120.977	121.011	120.806	120.806	6131	0	3
2019.11.05	00:00:00	120.805	121.071	120.748	120.972	14943	0	3
2019.11.05	04:00:00	120.972	121.056	120.875	121.038	8191	0	4
2019.11.05	08:00:00	121.038	121.298	121.016	121.143	13756	0	3
2019.11.05	12:00:00	121.144	121.178	120.815	120.893	13263	0	4
2019.11.05	16:00:00	120.894	120.899	120.687	120.778	19046	0	3
2019.11.05	20:00:00	120.776	120.910	120.769	120.869	7101	0	4
2019.11.06	00:00:00	120.868	120.908	120.684	120.795	9749	0	4
2019.11.06	04:00:00	120.795	120.809	120.734	120.793	6222	0	4
2019.11.06	08:00:00	120.795	120.903	120.635	120.843	11888	0	3
2019.11.06	12:00:00	120.843	120.904	120.765	120.815	10072	0	3
2019.11.06	16:00:00	120.817	120.852	120.489	120.508	14979	0	3
2019.11.06	20:00:00	120.508	120.646	120.470	120.578	7208	0	3
2019.11.07	00:00:00	120.577	120.632	120.349	120.392	9730	0	3
2019.11.07	04:00:00	120.393	120.394	120.136	120.293	7764	0	3
2019.11.07	08:00:00	120.293	120.877	120.222	120.813	18789	0	3
2019.11.07	12:00:00	120.813	121.113	120.800	120.819	18430	0	3
2019.11.07	16:00:00	120.819	120.905	120.643	120.860	18493	0	3
2019.11.07	20:00:00	120.860	120.954	120.621	120.756	11092	0	3
2019.11.08	00:00:00	120.746	120.874	120.682	120.709	11885	0	3
2019.11.08	04:00:00	120.708	120.774	120.621	120.747	8678	0	3
2019.11.08	08:00:00	120.750	120.831	120.690	120.699	14222	0	3
2019.11.08	12:00:00	120.699	120.809	120.583	120.612	13151	0	3
2019.11.08	16:00:00	120.612	120.621	120.214	120.320	15065	0	3
2019.11.08	20:00:00	120.321	120.394	120.283	120.366	4604	0	3
2019.11.11	00:00:00	120.374	120.419	120.197	120.255	8680	0	4
2019.11.11	04:00:00	120.255	120.256	120.153	120.198	5524	0	3
2019.11.11	08:00:00	120.197	120.255	120.068	120.183	12074	0	3
2019.11.11	12:00:00	120.183	120.306	120.116	120.281	8896	0	3
2019.11.11	16:00:00	120.281	120.410	120.245	120.345	7708	0	3
2019.11.11	20:00:00	120.345	120.348	120.286	120.298	3481	0	4
2019.11.12	00:00:00	120.295	120.478	120.217	120.361	11250	0	4
2019.11.12	04:00:00	120.361	120.519	120.340	120.508	5579	0	4
2019.11.12	08:00:00	120.508	120.635	120.363	120.432	13224	0	3
2019.11.12	12:00:00	120.430	120.499	120.223	120.264	10596	0	3
2019.11.12	16:00:00	120.264	120.292	120.053	120.112	12845	0	3
2019.11.12	20:00:00	120.111	120.131	119.943	119.991	9046	0	4
2019.11.13	00:00:00	119.991	120.048	119.862	119.964	11834	0	3
2019.11.13	04:00:00	119.964	120.167	119.936	120.162	7966	0	3
2019.11.13	08:00:00	120.162	120.181	119.933	119.952	12810	0	3
2019.11.13	12:00:00	119.951	120.014	119.700	119.745	11612	0	3
2019.11.13	16:00:00	119.745	119.821	119.576	119.720	12216	0	3
2019.11.13	20:00:00	119.720	119.784	119.579	119.768	6967	0	3
2019.11.14	00:00:00	119.768	119.809	119.666	119.754	7471	0	4
2019.11.14	04:00:00	119.754	119.754	119.523	119.590	7864	0	3
2019.11.14	08:00:00	119.590	119.747	119.426	119.458	13518	0	3
2019.11.14	12:00:00	119.458	119.599	119.355	119.447	9563	0	3
2019.11.14	16:00:00	119.447	119.564	119.247	119.364	12727	0	3
2019.11.14	20:00:00	119.362	119.516	119.323	119.487	6505	0	3
2019.11.15	00:00:00	119.486	119.771	119.436	119.693	9094	0	3
2019.11.15	04:00:00	119.693	119.806	119.675	119.683	4461	0	4
2019.11.15	08:00:00	119.683	119.777	119.563	119.757	8177	0	3
2019.11.15	12:00:00	119.757	120.019	119.726	119.997	8765	0	3
2019.11.15	16:00:00	119.998	120.251	119.990	120.236	11052	0	3
2019.11.15	20:00:00	120.236	120.314	120.194	120.194	4717	0	3
2019.11.18	00:00:00	120.182	120.363	120.091	120.345	8501	0	4
2019.11.18	04:00:00	120.345	120.407	120.310	120.364	4948	0	3
2019.11.18	08:00:00	120.364	120.593	120.353	120.574	10395	0	3
2019.11.18	12:00:00	120.574	120.684	120.212	120.280	9524	0	3
2019.11.18	16:00:00	120.276	120.408	120.148	120.329	12409	0	3
2019.11.18	20:00:00	120.329	120.350	120.277	120.318	3940	0	3
2019.11.19	00:00:00	120.318	120.357	119.999	120.200	9085	0	4
2019.11.19	04:00:00	120.200	120.337	120.172	120.302	4815	0	3
2019.11.19	08:00:00	120.302	120.429	120.224	120.394	9649	0	3
2019.11.19	12:00:00	120.393	120.493	120.340	120.401	7625	0	3
2019.11.19	16:00:00	120.400	120.460	120.165	120.223	12866	0	3
2019.11.19	20:00:00	120.223	120.271	120.182	120.235	4905	0	3
2019.11.20	00:00:00	120.234	120.289	119.977	120.075	11142	0	3
2019.11.20	04:00:00	120.075	120.210	120.028	120.177	5108	0	3
2019.11.20	08:00:00	120.178	120.178	119.848	119.955	10897	0	3
2019.11.20	12:00:00	119.955	120.082	119.904	120.075	8953	0	3
2019.11.20	16:00:00	120.075	120.404	120.020	120.109	14998	0	3
2019.11.20	20:00:00	120.111	120.286	120.032	120.241	12944	0	3
2019.11.21	00:00:00	120.214	120.257	119.939	119.981	14393	0	3
2019.11.21	04:00:00	119.981	120.297	119.973	120.254	11922	0	3
2019.11.21	08:00:00	120.253	120.358	120.162	120.317	12735	0	4
2019.11.21	12:00:00	120.316	120.575	120.209	120.229	13151	0	3
2019.11.21	16:00:00	120.226	120.365	120.073	120.145	15250	0	3
2019.11.21	20:00:00	120.146	120.180	120.056	120.102	6794	0	4
2019.11.22	00:00:00	120.100	120.266	120.055	120.249	12595	0	3
2019.11.22	04:00:00	120.249	120.254	120.150	120.195	4397	0	4
2019.11.22	08:00:00	120.194	120.483	119.931	120.050	16844	0	3
2019.11.22	12:00:00	120.051	120.128	119.893	120.088	10151	0	3
2019.11.22	16:00:00	120.088	120.102	119.776	119.798	12996	0	3
2019.11.22	20:00:00	119.795	119.810	119.660	119.701	6866	0	3
2019.11.25	00:00:00	119.647	119.931	119.632	119.897	10348	0	3
2019.11.25	04:00:00	119.896	120.063	119.832	120.063	5880	0	4
2019.11.25	08:00:00	120.063	120.114	119.845	119.885	10089	0	3
2019.11.25	12:00:00	119.885	119.990	119.822	119.969	7774	0	3
2019.11.25	16:00:00	119.969	119.978	119.830	119.921	10776	0	3
2019.11.25	20:00:00	119.921	119.993	119.895	119.970	4945	0	3
2019.11.26	00:00:00	119.956	120.250	119.913	120.121	13254	0	3
2019.11.26	04:00:00	120.122	120.123	119.972	120.020	8016	0	3
2019.11.26	08:00:00	120.019	120.052	119.916	120.003	10156	0	3
2019.11.26	12:00:00	120.003	120.129	119.981	120.045	8512	0	4
2019.11.26	16:00:00	120.044	120.204	120.003	120.199	12579	0	3
2019.11.26	20:00:00	120.197	120.237	120.134	120.140	5059	0	4
2019.11.27	00:00:00	120.129	120.267	120.124	120.213	9059	0	4
2019.11.27	04:00:00	120.213	120.213	120.139	120.176	4014	0	3
2019.11.27	08:00:00	120.175	120.238	120.130	120.184	7805	0	4
2019.11.27	12:00:00	120.184	120.235	120.058	120.171	9209	0	3
2019.11.27	16:00:00	120.171	120.378	120.110	120.365	11839	0	4
2019.11.27	20:00:00	120.365	120.593	120.365	120.463	6648	0	4
2019.11.28	00:00:00	120.458	120.567	120.322	120.462	10018	0	4
2019.11.28	04:00:00	120.459	120.509	120.419	120.443	2847	0	4
2019.11.28	08:00:00	120.443	120.570	120.423	120.518	7505	0	3
2019.11.28	12:00:00	120.518	120.553	120.438	120.545	7239	0	4
2019.11.28	16:00:00	120.546	120.584	120.492	120.550	4244	0	4
2019.11.28	20:00:00	120.552	120.580	120.511	120.515	6694	0	4
2019.11.29	00:00:00	120.534	120.661	120.519	120.544	9119	0	4
2019.11.29	04:00:00	120.544	120.580	120.508	120.535	4784	0	4
2019.11.29	08:00:00	120.535	120.614	120.511	120.556	7312	0	3
2019.11.29	12:00:00	120.556	120.588	120.410	120.517	8438	0	3
2019.11.29	16:00:00	120.518	120.759	120.465	120.519	12677	0	3
2019.11.29	20:00:00	120.518	120.654	120.518	120.582	10506	0	4
2019.12.02	00:00:00	120.442	120.894	120.434	120.856	8816	0	3
2019.12.02	04:00:00	120.856	120.923	120.787	120.810	3476	0	4
2019.12.02	08:00:00	120.810	120.871	120.723	120.765	9106	0	3
2019.12.02	12:00:00	120.765	120.884	120.519	120.841	9611	0	3
2019.12.02	16:00:00	120.841	121.014	120.696	120.752	18888	0	3
2019.12.02	20:00:00	120.752	120.786	120.683	120.719	6655	0	3
2019.12.03	00:00:00	120.717	120.853	120.689	120.777	9443	0	3
2019.12.03	04:00:00	120.777	120.957	120.755	120.893	5900	0	4
2019.12.03	08:00:00	120.893	120.945	120.759	120.840	10291	0	3
2019.12.03	12:00:00	120.840	120.893	120.348	120.374	15937	0	3
2019.12.03	16:00:00	120.374	120.479	120.244	120.338	18244	0	3
2019.12.03	20:00:00	120.337	120.388	120.298	120.372	5943	0	3
2019.12.04	00:00:00	120.370	120.430	120.179	120.257	11728	0	3
2019.12.04	04:00:00	120.257	120.327	120.207	120.286	6317	0	4
2019.12.04	08:00:00	120.286	120.530	120.100	120.400	15499	0	3
2019.12.04	12:00:00	120.401	120.658	120.263	120.658	12372	0	3
2019.12.04	16:00:00	120.656	120.811	120.524	120.594	15556	0	3
2019.12.04	20:00:00	120.593	120.638	120.555	120.585	5776	0	4
2019.12.05	00:00:00	120.585	120.710	120.554	120.645	11123	0	3
2019.12.05	04:00:00	120.645	120.716	120.565	120.566	4951	0	3
2019.12.05	08:00:00	120.566	120.859	120.562	120.842	10143	0	4
2019.12.05	12:00:00	120.840	120.879	120.679	120.767	9563	0	3
2019.12.05	16:00:00	120.767	120.886	120.597	120.696	12092	0	4
2019.12.05	20:00:00	120.696	120.822	120.606	120.754	6276	0	3
2019.12.06	00:00:00	120.752	120.784	120.652	120.742	8512	0	4
2019.12.06	04:00:00	120.742	120.771	120.668	120.694	3560	0	5
2019.12.06	08:00:00	120.694	120.777	120.491	120.514	8587	0	4
2019.12.06	12:00:00	120.514	120.677	120.347	120.561	10362	0	3
2019.12.06	16:00:00	120.560	120.582	120.001	120.068	14781	0	3
2019.12.06	20:00:00	120.068	120.096	120.007	120.066	5971	0	3
2019.12.09	00:00:00	120.099	120.173	119.999	120.046	7326	0	3
2019.12.09	04:00:00	120.046	120.085	120.012	120.065	3923	0	3
2019.12.09	08:00:00	120.065	120.147	119.991	120.057	7087	0	3
2019.12.09	12:00:00	120.057	120.164	120.002	120.135	6655	0	4
2019.12.09	16:00:00	120.135	120.269	120.117	120.150	7522	0	3
2019.12.09	20:00:00	120.150	120.195	120.087	120.100	5753	0	4
2019.12.10	00:00:00	120.094	120.232	120.078	120.220	8114	0	4
2019.12.10	04:00:00	120.220	120.271	120.185	120.215	4678	0	4
2019.12.10	08:00:00	120.211	120.340	120.181	120.275	7414	0	4
2019.12.10	12:00:00	120.273	120.483	120.189	120.323	9891	0	3
2019.12.10	16:00:00	120.324	120.627	120.278	120.553	12598	0	3
2019.12.10	20:00:00	120.553	120.685	120.545	120.589	5592	0	3
2019.12.11	00:00:00	120.580	120.759	120.520	120.639	10926	0	3
2019.12.11	04:00:00	120.639	120.639	120.573	120.612	4918	0	4
2019.12.11	08:00:00	120.614	120.618	120.441	120.463	7773	0	3
2019.12.11	12:00:00	120.463	120.555	120.371	120.500	8129	0	4
2019.12.11	16:00:00	120.500	120.630	120.468	120.561	9739	0	4
2019.12.11	20:00:00	120.561	120.925	120.542	120.812	11466	0	3
2019.12.12	00:00:00	120.807	120.911	120.753	120.904	7713	0	4
2019.12.12	04:00:00	120.905	120.999	120.873	120.973	4886	0	4
2019.12.12	08:00:00	120.973	121.041	120.891	120.935	6770	0	4
2019.12.12	12:00:00	120.928	121.119	120.864	120.939	13159	0	3
2019.12.12	16:00:00	120.938	121.546	120.873	121.392	23688	0	3
2019.12.12	20:00:00	121.392	121.726	121.314	121.643	14750	0	3
2019.12.13	00:00:00	121.666	122.578	121.382	122.431	30079	0	3
2019.12.13	04:00:00	122.432	122.517	122.392	122.443	11676	0	3
2019.12.13	08:00:00	122.440	122.590	122.342	122.581	17209	0	3
2019.12.13	12:00:00	122.581	122.647	122.297	122.400	14261	0	3
2019.12.13	16:00:00	122.403	122.406	121.457	121.513	29799	0	3
2019.12.13	20:00:00	121.513	121.599	121.487	121.559	7100	0	4
2019.12.16	00:00:00	121.641	121.769	121.607	121.707	10480	0	3
2019.12.16	04:00:00	121.706	121.823	121.706	121.805	5900	0	4
2019.12.16	08:00:00	121.805	121.993	121.769	121.823	11125	0	3
2019.12.16	12:00:00	121.822	122.069	121.817	122.056	7003	0	3
2019.12.16	16:00:00	122.056	122.228	121.970	122.143	9815	0	4
2019.12.16	20:00:00	122.143	122.181	122.065	122.073	4400	0	4
2019.12.17	00:00:00	122.073	122.210	121.940	122.035	10119	0	3
2019.12.17	04:00:00	122.035	122.155	122.002	122.145	6286	0	4
2019.12.17	08:00:00	122.145	122.236	121.926	122.221	10219	0	4
2019.12.17	12:00:00	122.220	122.458	122.119	122.131	10913	0	3
2019.12.17	16:00:00	122.131	122.258	122.058	122.064	10421	0	4
2019.12.17	20:00:00	122.064	122.104	122.037	122.068	4088	0	4
2019.12.18	00:00:00	122.068	122.157	121.930	121.952	5301	0	4
2019.12.18	04:00:00	121.952	121.958	121.802	121.891	6376	0	3
2019.12.18	08:00:00	121.891	121.960	121.742	121.828	9094	0	4
2019.12.18	12:00:00	121.827	121.897	121.747	121.846	9252	0	3
2019.12.18	16:00:00	121.846	121.953	121.760	121.857	10523	0	3
2019.12.18	20:00:00	121.857	121.869	121.729	121.745	4735	0	3
2019.12.19	00:00:00	121.729	121.924	121.715	121.889	12621	0	4
2019.12.19	04:00:00	121.889	121.984	121.875	121.932	3872	0	3
2019.12.19	08:00:00	121.932	122.039	121.872	122.002	8655	0	4
2019.12.19	12:00:00	122.000	122.048	121.533	121.564	12840	0	3
2019.12.19	16:00:00	121.565	121.665	121.420	121.495	12555	0	3
2019.12.19	20:00:00	121.495	121.624	121.468	121.623	4979	0	3
2019.12.20	00:00:00	121.611	121.691	121.500	121.569	5555	0	3
2019.12.20	04:00:00	121.569	121.570	121.480	121.564	5137	0	5
2019.12.20	08:00:00	121.564	121.673	121.447	121.584	8913	0	4
2019.12.20	12:00:00	121.583	121.612	121.193	121.234	9886	0	3
2019.12.20	16:00:00	121.234	121.374	121.195	121.221	10501	0	3
2019.12.20	20:00:00	121.220	121.273	121.190	121.212	5208	0	3
2019.12.23	00:00:00	121.204	121.350	121.124	121.209	8214	0	4
2019.12.23	04:00:00	121.209	121.282	121.172	121.252	5378	0	5
2019.12.23	08:00:00	121.252	121.285	121.165	121.217	8865	0	3
2019.12.23	12:00:00	121.217	121.290	121.080	121.201	9392	0	5
2019.12.23	16:00:00	121.202	121.342	121.155	121.310	10355	0	4
2019.12.23	20:00:00	121.311	121.346	121.280	121.297	4325	0	3
2019.12.24	00:00:00	121.280	121.372	121.199	121.275	8893	0	3
2019.12.24	04:00:00	121.275	121.304	121.241	121.301	5176	0	5
2019.12.24	08:00:00	121.302	121.305	121.135	121.136	8832	0	4
2019.12.24	12:00:00	121.136	121.243	121.059	121.170	8919	0	4
2019.12.24	16:00:00	121.170	121.272	121.153	121.271	8211	0	3
2019.12.24	20:00:00	121.269	121.269	121.130	121.194	3788	0	5
2019.12.26	04:00:00	121.484	121.515	121.470	121.492	1059	0	5
2019.12.26	08:00:00	121.492	121.568	121.435	121.502	3542	0	5
2019.12.26	12:00:00	121.506	121.660	121.414	121.637	4612	0	5
2019.12.26	16:00:00	121.637	121.766	121.553	121.716	4441	0	4
2019.12.26	20:00:00	121.716	121.780	121.627	121.662	6470	0	3
2019.12.27	00:00:00	121.660	121.744	121.578	121.743	16100	0	3
2019.12.27	04:00:00	121.753	121.885	121.710	121.875	8625	0	3
2019.12.27	08:00:00	121.875	122.076	121.841	122.047	13235	0	3
2019.12.27	12:00:00	122.048	122.279	122.021	122.226	10246	0	3
2019.12.27	16:00:00	122.223	122.491	122.186	122.490	9864	0	3
2019.12.27	20:00:00	122.490	122.498	122.329	122.390	7265	0	3
2019.12.30	00:00:00	122.390	122.486	122.124	122.425	15982	0	5
2019.12.30	04:00:00	122.425	122.434	122.220	122.319	7956	0	3
2019.12.30	08:00:00	122.319	122.353	122.187	122.244	10509	0	3
2019.12.30	12:00:00	122.244	122.276	122.122	122.244	9918	0	4
2019.12.30	16:00:00	122.244	122.274	121.879	122.103	16533	0	3
2019.12.30	20:00:00	122.102	122.136	121.869	121.947	7692	0	3
2019.12.31	00:00:00	121.947	122.011	121.849	121.883	6466	0	4
2019.12.31	04:00:00	121.885	121.906	121.725	121.846	6447	0	5
2019.12.31	08:00:00	121.847	121.862	121.733	121.811	7029	0	4
2019.12.31	12:00:00	121.811	122.004	121.729	121.970	10629	0	4
2019.12.31	16:00:00	121.971	122.093	121.821	121.955	16912	0	3
2019.12.31	20:00:00	121.955	121.970	121.875	121.913	2398	0	6
2020.01.02	04:00:00	121.901	121.917	121.787	121.843	3609	0	5
2020.01.02	08:00:00	121.843	122.014	121.825	121.937	9475	0	4
2020.01.02	12:00:00	121.937	121.962	121.629	121.699	10352	0	4
2020.01.02	16:00:00	121.699	121.723	120.977	121.227	19296	0	3
2020.01.02	20:00:00	121.226	121.300	121.142	121.300	8951	0	3
2020.01.03	00:00:00	121.275	121.375	120.875	120.899	6116	0	3
2020.01.03	04:00:00	120.899	120.972	120.666	120.731	13505	0	4
2020.01.03	08:00:00	120.731	120.797	120.308	120.387	16082	0	4
2020.01.03	12:00:00	120.387	120.558	120.166	120.470	16164	0	3
2020.01.03	16:00:00	120.470	120.746	120.431	120.619	17602	0	3
2020.01.03	20:00:00	120.619	120.678	120.464	120.591	10308	0	4
2020.01.06	00:00:00	120.393	120.743	120.273	120.498	17225	0	3
2020.01.06	04:00:00	120.498	120.707	120.488	120.616	9527	0	4
2020.01.06	08:00:00	120.616	120.872	120.475	120.867	15339	0	4
2020.01.06	12:00:00	120.867	121.131	120.862	121.066	11040	0	3
2020.01.06	16:00:00	121.066	121.324	120.893	121.295	12916	0	3
2020.01.06	20:00:00	121.295	121.396	121.265	121.337	5601	0	4
2020.01.07	00:00:00	121.306	121.430	121.228	121.371	9504	0	3
2020.01.07	04:00:00	121.371	121.444	121.256	121.256	7209	0	4
2020.01.07	08:00:00	121.259	121.374	121.002	121.307	17672	0	3
2020.01.07	12:00:00	121.306	121.320	120.962	120.974	14794	0	3
2020.01.07	16:00:00	120.972	121.050	120.781	120.945	15907	0	2
2020.01.07	20:00:00	120.945	121.005	120.785	120.951	6854	0	3
2020.01.08	00:00:00	120.951	120.977	120.168	120.515	33697	0	2
2020.01.08	04:00:00	120.516	121.032	120.492	120.750	29185	0	2
2020.01.08	08:00:00	120.751	120.967	120.654	120.789	20754	0	2
2020.01.08	12:00:00	120.789	121.035	120.713	120.840	17474	0	2
2020.01.08	16:00:00	120.840	121.329	120.751	121.293	19141	0	2
2020.01.08	20:00:00	121.292	121.378	121.131	121.161	8623	0	2
2020.01.09	00:00:00	121.159	121.458	121.097	121.447	11696	0	3
2020.01.09	04:00:00	121.446	121.503	121.328	121.496	7002	0	2
2020.01.09	08:00:00	121.499	121.593	121.391	121.463	15967	0	2
2020.01.09	12:00:00	121.463	121.687	121.436	121.635	11538	0	2
2020.01.09	16:00:00	121.636	121.689	121.498	121.613	13337	0	2
2020.01.09	20:00:00	121.613	121.653	121.505	121.633	7251	0	3
2020.01.10	00:00:00	121.632	121.727	121.565	121.642	8502	0	2
2020.01.10	04:00:00	121.647	121.768	121.603	121.718	4675	0	3
2020.01.10	08:00:00	121.718	121.759	121.537	121.667	8199	0	2
2020.01.10	12:00:00	121.667	121.774	121.521	121.682	11120	0	2
2020.01.10	16:00:00	121.680	121.830	121.537	121.771	15058	0	2
2020.01.10	20:00:00	121.770	121.835	121.736	121.778	5437	0	3
2020.01.13	00:00:00	121.514	121.905	121.514	121.888	5788	0	3
2020.01.13	04:00:00	121.888	122.049	121.865	122.019	4008	0	2
2020.01.13	08:00:00	122.018	122.310	121.921	122.096	10135	0	2
2020.01.13	12:00:00	122.096	122.296	122.063	122.136	9422	0	2
2020.01.13	16:00:00	122.136	122.489	122.118	122.442	12344	0	2
2020.01.13	20:00:00	122.444	122.482	122.391	122.403	4014	0	2
2020.01.14	00:00:00	122.319	122.761	122.313	122.579	12626	0	2
2020.01.14	04:00:00	122.579	122.624	122.509	122.572	5835	0	3
2020.01.14	08:00:00	122.572	122.726	122.383	122.464	11946	0	2
2020.01.14	12:00:00	122.464	122.542	122.184	122.218	12032	0	2
2020.01.14	16:00:00	122.218	122.569	122.196	122.545	13558	0	2
2020.01.14	20:00:00	122.545	122.575	122.307	122.379	10294	0	2
2020.01.15	00:00:00	122.383	122.403	122.194	122.368	8359	0	3
2020.01.15	04:00:00	122.368	122.392	122.281	122.379	6019	0	3
2020.01.15	08:00:00	122.380	122.424	122.207	122.265	8820	0	2
2020.01.15	12:00:00	122.265	122.539	122.217	122.450	10186	0	2
2020.01.15	16:00:00	122.450	122.717	122.431	122.605	13089	0	2
2020.01.15	20:00:00	122.605	122.625	122.478	122.525	6435	0	3
2020.01.16	00:00:00	122.523	122.722	122.480	122.605	8539	0	3
2020.01.16	04:00:00	122.607	122.634	122.572	122.585	4410	0	3
2020.01.16	08:00:00	122.585	122.853	122.528	122.685	9303	0	2
2020.01.16	12:00:00	122.685	122.871	122.648	122.676	10013	0	2
2020.01.16	16:00:00	122.676	122.832	122.505	122.644	13365	0	3
2020.01.16	20:00:00	122.645	122.691	122.593	122.654	4285	0	3
2020.01.17	00:00:00	122.652	122.838	122.619	122.705	8745	0	3
2020.01.17	04:00:00	122.705	122.787	122.653	122.719	4806	0	2
2020.01.17	08:00:00	122.719	122.827	122.560	122.599	8072	0	2
2020.01.17	12:00:00	122.599	122.608	122.296	122.310	9912	0	2
2020.01.17	16:00:00	122.310	122.364	122.121	122.156	11672	0	2
2020.01.17	20:00:00	122.156	122.207	122.129	122.163	3432	0	3
2020.01.20	00:00:00	122.145	122.313	122.113	122.261	6336	0	2
2020.01.20	04:00:00	122.261	122.292	122.227	122.274	2989	0	4
2020.01.20	08:00:00	122.274	122.314	122.086	122.169	6975	0	3
2020.01.20	12:00:00	122.171	122.176	122.083	122.120	4506	0	3
2020.01.20	16:00:00	122.120	122.148	122.032	122.113	3879	0	3
2020.01.20	20:00:00	122.113	122.261	122.100	122.229	3580	0	3
2020.01.21	00:00:00	122.231	122.268	121.891	121.935	11269	0	2
2020.01.21	04:00:00	121.935	122.095	121.904	121.973	6190	0	2
2020.01.21	08:00:00	121.974	122.066	121.865	121.940	11357	0	2
2020.01.21	12:00:00	121.941	122.350	121.937	122.317	10335	0	2
2020.01.21	16:00:00	122.317	122.368	121.891	121.918	11153	0	2
2020.01.21	20:00:00	121.918	121.936	121.711	121.749	9027	0	2
2020.01.22	00:00:00	121.736	121.876	121.717	121.790	7707	0	4
2020.01.22	04:00:00	121.789	121.985	121.779	121.975	6448	0	2
2020.01.22	08:00:00	121.975	122.012	121.785	121.953	9373	0	2
2020.01.22	12:00:00	121.954	122.008	121.809	121.930	9213	0	2
2020.01.22	16:00:00	121.930	121.992	121.612	121.795	12107	0	2
2020.01.22	20:00:00	121.794	121.891	121.783	121.840	4799	0	4
2020.01.23	00:00:00	121.840	121.875	121.510	121.585	8323	0	2
2020.01.23	04:00:00	121.584	121.633	121.425	121.446	6146	0	2
2020.01.23	08:00:00	121.446	121.572	121.340	121.404	10124	0	2
2020.01.23	12:00:00	121.405	121.740	121.379	121.426	10901	0	3
2020.01.23	16:00:00	121.426	121.485	120.630	120.843	19734	0	2
2020.01.23	20:00:00	120.845	121.091	120.842	121.020	6536	0	4
2020.01.24	00:00:00	121.018	121.131	120.968	121.005	4364	0	4
2020.01.24	04:00:00	121.005	121.053	120.949	121.033	2886	0	4
2020.01.24	08:00:00	121.033	121.261	120.888	120.917	10709	0	3
2020.01.24	12:00:00	120.916	120.980	120.830	120.910	8124	0	2
2020.01.24	16:00:00	120.910	120.921	120.412	120.545	16348	0	2
2020.01.24	20:00:00	120.545	120.551	120.414	120.486	11104	0	3
2020.01.27	00:00:00	120.125	120.289	119.933	120.240	17797	0	3
2020.01.27	04:00:00	120.239	120.336	120.080	120.280	5537	0	2
2020.01.27	08:00:00	120.280	120.397	119.916	120.007	12390	0	2
2020.01.27	12:00:00	120.007	120.283	119.966	120.224	11701	0	2
2020.01.27	16:00:00	120.224	120.243	119.902	120.070	17523	0	2
2020.01.27	20:00:00	120.070	120.123	119.956	119.986	8119	0	3
2020.01.28	00:00:00	119.986	120.171	119.907	120.144	7351	0	2
2020.01.28	04:00:00	120.144	120.186	120.055	120.166	4266	0	3
2020.01.28	08:00:00	120.167	120.204	119.804	119.888	12871	0	2
2020.01.28	12:00:00	119.888	120.078	119.811	119.986	11788	0	2
2020.01.28	16:00:00	119.986	120.213	119.837	120.138	13150	0	2
2020.01.28	20:00:00	120.138	120.330	120.126	120.296	6057	0	3
2020.01.29	00:00:00	120.255	120.416	120.213	120.298	8314	0	2
2020.01.29	04:00:00	120.298	120.324	120.171	120.204	4065	0	3
2020.01.29	08:00:00	120.202	120.222	119.931	119.951	9329	0	3
2020.01.29	12:00:00	119.951	120.067	119.935	119.978	6781	0	2
2020.01.29	16:00:00	119.978	120.132	119.886	120.117	11755	0	2
2020.01.29	20:00:00	120.117	120.234	119.974	120.018	10076	0	2
2020.01.30	00:00:00	120.021	120.113	119.935	119.963	12172	0	3
2020.01.30	04:00:00	119.959	119.998	119.883	119.956	6531	0	2
2020.01.30	08:00:00	119.956	120.079	119.793	119.994	12136	0	2
2020.01.30	12:00:00	119.995	120.114	119.890	120.065	12500	0	2
2020.01.30	16:00:00	120.063	120.113	119.766	119.872	18161	0	2
2020.01.30	20:00:00	119.872	120.242	119.842	120.175	15255	0	4
2020.01.31	00:00:00	120.178	120.401	120.077	120.273	8295	0	3
2020.01.31	04:00:00	120.273	120.379	120.196	120.213	6082	0	3
2020.01.31	08:00:00	120.213	120.274	120.123	120.162	9306	0	3
2020.01.31	12:00:00	120.160	120.386	120.079	120.332	12685	0	3
2020.01.31	16:00:00	120.332	120.369	120.021	120.161	24948	0	2
2020.01.31	20:00:00	120.161	120.228	120.024	120.207	14984	0	2
2020.02.03	00:00:00	120.040	120.329	120.033	120.316	13963	0	3
2020.02.03	04:00:00	120.316	120.320	120.193	120.291	8808	0	3
2020.02.03	08:00:00	120.291	120.376	120.061	120.142	13386	0	3
2020.02.03	12:00:00	120.142	120.154	119.961	120.079	10665	0	2
2020.02.03	16:00:00	120.079	120.240	119.917	120.166	18783	0	2
2020.02.03	20:00:00	120.166	120.264	120.133	120.185	8264	0	3
2020.02.04	00:00:00	120.170	120.246	120.061	120.224	9270	0	2
2020.02.04	04:00:00	120.224	120.389	120.090	120.331	10094	0	2
2020.02.04	08:00:00	120.331	120.678	120.261	120.602	15087	0	2
2020.02.04	12:00:00	120.599	120.631	120.461	120.588	10471	0	2
2020.02.04	16:00:00	120.588	120.887	120.535	120.813	14627	0	3
2020.02.04	20:00:00	120.811	120.980	120.807	120.949	6466	0	2
2020.02.05	00:00:00	120.950	120.952	120.763	120.873	10355	0	3
2020.02.05	04:00:00	120.874	120.885	120.720	120.786	7731	0	3
2020.02.05	08:00:00	120.786	121.151	120.656	120.948	18307	0	2
2020.02.05	12:00:00	120.948	120.984	120.735	120.886	14005	0	3
2020.02.05	16:00:00	120.887	120.892	120.666	120.749	16998	0	2
2020.02.05	20:00:00	120.750	120.814	120.697	120.788	5588	0	3
2020.02.06	00:00:00	120.785	120.882	120.665	120.790	8779	0	3
2020.02.06	04:00:00	120.790	120.941	120.790	120.894	9997	0	2
2020.02.06	08:00:00	120.895	121.019	120.771	120.821	12724	0	2
2020.02.06	12:00:00	120.821	120.944	120.783	120.888	8026	0	3
2020.02.06	16:00:00	120.887	120.904	120.565	120.692	15009	0	2
2020.02.06	20:00:00	120.691	120.789	120.666	120.786	4932	0	2
2020.02.07	00:00:00	120.786	120.800	120.584	120.722	10151	0	3
2020.02.07	04:00:00	120.722	120.757	120.654	120.666	7477	0	3
2020.02.07	08:00:00	120.666	120.760	120.256	120.265	13901	0	2
2020.02.07	12:00:00	120.265	120.551	120.124	120.297	14062	0	3
2020.02.07	16:00:00	120.296	120.385	120.120	120.163	17991	0	2
2020.02.07	20:00:00	120.163	120.244	120.089	120.136	8913	0	3
2020.02.10	00:00:00	120.054	120.249	119.971	120.223	15737	0	3
2020.02.10	04:00:00	120.223	120.336	120.206	120.268	11052	0	3
2020.02.10	08:00:00	120.266	120.334	120.127	120.152	12116	0	3
2020.02.10	12:00:00	120.153	120.260	119.950	119.980	10074	0	3
2020.02.10	16:00:00	119.980	120.014	119.675	119.675	12123	0	3
2020.02.10	20:00:00	119.675	119.782	119.675	119.776	6343	0	3
2020.02.11	00:00:00	119.769	119.900	119.711	119.885	11002	0	3
2020.02.11	04:00:00	119.885	119.963	119.847	119.918	5548	0	3
2020.02.11	08:00:00	119.918	120.005	119.812	119.900	10477	0	3
2020.02.11	12:00:00	119.900	119.982	119.590	119.697	10483	0	2
2020.02.11	16:00:00	119.698	120.022	119.684	119.937	15653	0	2
2020.02.11	20:00:00	119.933	119.935	119.827	119.832	6469	0	3
2020.02.12	00:00:00	119.824	119.965	119.815	119.959	10924	0	2
2020.02.12	04:00:00	119.959	119.988	119.836	119.862	6206	0	3
2020.02.12	08:00:00	119.862	120.301	119.762	120.113	12879	0	2
2020.02.12	12:00:00	120.113	120.166	119.932	119.934	8008	0	2
2020.02.12	16:00:00	119.934	120.031	119.663	119.704	14307	0	2
2020.02.12	20:00:00	119.704	119.726	119.608	119.706	6789	0	2
2020.02.13	00:00:00	119.705	119.735	119.399	119.543	19460	0	2
2020.02.13	04:00:00	119.543	119.575	119.378	119.397	7826	0	2
2020.02.13	08:00:00	119.397	119.548	119.340	119.423	12359	0	2
2020.02.13	12:00:00	119.423	119.436	119.050	119.130	14673	0	2
2020.02.13	16:00:00	119.129	119.266	118.871	119.013	17016	0	2
2020.02.13	20:00:00	119.011	119.092	118.984	119.044	7408	0	2
2020.02.14	00:00:00	119.038	119.079	118.861	118.993	12715	0	3
2020.02.14	04:00:00	118.993	119.099	118.918	118.984	7858	0	2
2020.02.14	08:00:00	118.984	119.134	118.903	119.081	11087	0	2
2020.02.14	12:00:00	119.078	119.216	118.953	119.165	9891	0	2
2020.02.14	16:00:00	119.164	119.227	118.886	118.987	11754	0	2
2020.02.14	20:00:00	118.985	119.023	118.874	118.894	6175	0	2
2020.02.17	00:00:00	119.007	119.071	118.901	119.022	12672	0	2
2020.02.17	04:00:00	119.022	119.076	119.002	119.060	5964	0	3
2020.02.17	08:00:00	119.061	119.172	119.003	119.144	7858	0	3
2020.02.17	12:00:00	119.144	119.192	119.011	119.057	6509	0	3
2020.02.17	16:00:00	119.056	119.158	119.039	119.069	5167	0	3
2020.02.17	20:00:00	119.068	119.116	119.015	119.046	5090	0	3
2020.02.18	00:00:00	119.045	119.064	118.769	118.855	12472	0	2
2020.02.18	04:00:00	118.855	118.888	118.729	118.875	8608	0	3
2020.02.18	08:00:00	118.874	118.965	118.765	118.794	11881	0	2
2020.02.18	12:00:00	118.794	118.913	118.496	118.583	13892	0	2
2020.02.18	16:00:00	118.584	118.880	118.462	118.703	16238	0	2
2020.02.18	20:00:00	118.703	118.717	118.553	118.560	6204	0	3
2020.02.19	00:00:00	118.560	118.816	118.544	118.786	15092	0	3
2020.02.19	04:00:00	118.786	118.941	118.761	118.805	7392	0	2
2020.02.19	08:00:00	118.803	119.120	118.730	119.088	10607	0	2
2020.02.19	12:00:00	119.088	119.581	119.064	119.433	12120	0	2
2020.02.19	16:00:00	119.433	120.123	119.409	120.063	17171	0	2
2020.02.19	20:00:00	120.062	120.492	120.036	120.308	13338	0	2
2020.02.20	00:00:00	120.308	120.368	120.091	120.153	14767	0	2
2020.02.20	04:00:00	120.152	120.407	120.111	120.274	14895	0	3
2020.02.20	08:00:00	120.274	120.971	120.259	120.934	17132	0	3
2020.02.20	12:00:00	120.934	121.092	120.745	121.016	16169	0	2
2020.02.20	16:00:00	121.016	121.394	120.513	120.909	23262	0	2
2020.02.20	20:00:00	120.909	120.995	120.877	120.887	10926	0	2
2020.02.21	00:00:00	120.881	121.028	120.777	120.891	15790	0	3
2020.02.21	04:00:00	120.891	120.923	120.763	120.838	11690	0	3
2020.02.21	08:00:00	120.838	120.899	120.355	120.752	17579	0	2
2020.02.21	12:00:00	120.753	121.032	120.662	120.897	12062	0	2
2020.02.21	16:00:00	120.896	121.347	120.850	121.239	22245	0	2
2020.02.21	20:00:00	121.239	121.284	121.005	121.032	11015	0	3
2020.02.24	00:00:00	120.457	121.065	120.390	120.828	23902	0	3
2020.02.24	04:00:00	120.830	120.838	120.602	120.669	12370	0	2
2020.02.24	08:00:00	120.667	120.736	120.340	120.391	24292	0	2
2020.02.24	12:00:00	120.391	120.588	120.303	120.370	17757	0	2
2020.02.24	16:00:00	120.370	120.373	119.898	119.979	31993	0	2
2020.02.24	20:00:00	119.979	120.241	119.929	120.157	20181	0	2
2020.02.25	00:00:00	120.151	120.533	120.051	120.465	24449	0	2
2020.02.25	04:00:00	120.465	120.507	120.230	120.234	16174	0	3
2020.02.25	08:00:00	120.233	120.364	119.760	119.768	25776	0	3
2020.02.25	12:00:00	119.769	119.967	119.589	119.899	20853	0	2
2020.02.25	16:00:00	119.900	119.923	119.410	119.736	33597	0	3
2020.02.25	20:00:00	119.735	119.926	119.583	119.905	29837	0	2
2020.02.26	00:00:00	119.904	120.044	119.751	119.856	22855	0	2
2020.02.26	04:00:00	119.854	120.184	119.797	120.039	25868	0	3
2020.02.26	08:00:00	120.039	120.234	119.941	120.104	29520	0	2
2020.02.26	12:00:00	120.104	120.583	119.928	120.025	28977	0	2
2020.02.26	16:00:00	120.024	120.366	119.981	120.157	29184	0	2
2020.02.26	20:00:00	120.157	120.230	119.963	120.141	27066	0	3
2020.02.27	00:00:00	120.141	120.371	120.062	120.280	23487	0	3
2020.02.27	04:00:00	120.280	120.360	120.002	120.034	26192	0	3
2020.02.27	08:00:00	120.034	120.530	119.948	120.465	31933	0	2
2020.02.27	12:00:00	120.466	120.633	120.243	120.604	26403	0	2
2020.02.27	16:00:00	120.603	121.039	120.489	120.965	42446	0	2
2020.02.27	20:00:00	120.964	121.020	120.494	120.539	32001	0	2
2020.02.28	00:00:00	120.539	120.656	120.148	120.221	24893	0	3
2020.02.28	04:00:00	120.220	120.242	119.694	119.773	32106	0	2
2020.02.28	08:00:00	119.774	120.106	119.631	120.029	40138	0	2
2020.02.28	12:00:00	120.029	120.066	119.135	119.227	32454	0	2
2020.02.28	16:00:00	119.226	119.377	118.372	118.985	50581	0	2
2020.02.28	20:00:00	118.985	119.278	118.675	119.185	42866	0	3
2020.03.02	00:00:00	118.742	119.453	118.588	119.305	20711	0	3
2020.03.02	04:00:00	119.303	119.834	119.211	119.557	14802	0	3
2020.03.02	08:00:00	119.557	120.249	119.342	119.477	25411	0	2
2020.03.02	12:00:00	119.477	120.099	119.255	119.760	25255	0	3
2020.03.02	16:00:00	119.760	120.706	119.573	120.466	32978	0	2
2020.03.02	20:00:00	120.466	120.744	120.330	120.568	21119	0	2
2020.03.03	00:00:00	120.566	120.946	120.225	120.319	14656	0	3
2020.03.03	04:00:00	120.320	120.468	119.992	120.100	13766	0	2
2020.03.03	08:00:00	120.098	120.304	119.817	120.132	20139	0	3
2020.03.03	12:00:00	120.132	120.193	119.630	119.806	22057	0	3
2020.03.03	16:00:00	119.807	120.487	119.525	119.776	40688	0	2
2020.03.03	20:00:00	119.771	119.976	119.611	119.627	29371	0	3
2020.03.04	00:00:00	119.609	120.104	119.456	119.818	18381	0	2
2020.03.04	04:00:00	119.818	119.986	119.689	119.817	10278	0	3
2020.03.04	08:00:00	119.817	120.129	119.762	119.845	19337	0	3
2020.03.04	12:00:00	119.845	120.078	119.478	119.569	18199	0	2
2020.03.04	16:00:00	119.569	119.630	119.021	119.491	27756	0	2
2020.03.04	20:00:00	119.488	119.759	119.488	119.734	16116	0	1
2020.03.05	00:00:00	119.733	119.997	119.568	119.664	11575	0	3
2020.03.05	04:00:00	119.664	119.675	119.476	119.562	7290	0	3
2020.03.05	08:00:00	119.561	119.591	119.183	119.491	16391	0	2
2020.03.05	12:00:00	119.491	119.752	119.275	119.508	19962	0	2
2020.03.05	16:00:00	119.506	119.673	119.101	119.159	24764	0	2
2020.03.05	20:00:00	119.159	119.344	118.988	119.310	20491	0	2
2020.03.06	00:00:00	119.311	119.311	119.057	119.144	12421	0	1
2020.03.06	04:00:00	119.147	119.200	118.803	118.819	12986	0	3
2020.03.06	08:00:00	118.819	119.295	118.714	118.774	23388	0	2
2020.03.06	12:00:00	118.773	119.338	118.704	119.216	33893	0	2
2020.03.06	16:00:00	119.211	119.428	119.019	119.240	37390	0	2
2020.03.06	20:00:00	119.239	119.365	118.926	118.939	25572	0	3
2020.03.09	00:00:00	118.475	118.679	116.319	116.810	35522	0	2
2020.03.09	04:00:00	116.797	117.389	116.377	116.765	37582	0	2
2020.03.09	08:00:00	116.769	117.243	116.571	116.779	63601	0	2
2020.03.09	12:00:00	116.776	117.200	116.115	116.795	67768	0	15
2020.03.09	16:00:00	116.796	117.273	116.630	117.104	74743	0	15
2020.03.09	20:00:00	117.104	117.346	116.827	116.985	49987	0	15
2020.03.10	00:00:00	116.984	117.996	116.798	117.817	46951	0	15
2020.03.10	04:00:00	117.815	119.236	117.573	118.747	47146	0	15
2020.03.10	08:00:00	118.747	118.948	118.068	118.751	75346	0	15
2020.03.10	12:00:00	118.750	119.336	118.249	118.800	66537	0	15
2020.03.10	16:00:00	118.801	118.865	117.467	118.112	87002	0	15
2020.03.10	20:00:00	118.110	119.477	118.051	118.832	54732	0	15
2020.03.11	00:00:00	118.819	118.993	118.535	118.624	31032	0	15
2020.03.11	04:00:00	118.624	118.861	118.099	118.215	33172	0	15
2020.03.11	08:00:00	118.216	119.217	118.216	118.741	68351	0	3
2020.03.11	12:00:00	118.741	119.018	118.371	118.677	29214	0	3
2020.03.11	16:00:00	118.681	118.708	117.988	118.194	34902	0	2
2020.03.11	20:00:00	118.195	118.259	117.400	117.546	24976	0	3
2020.03.12	00:00:00	117.551	118.010	117.085	117.144	31332	0	2
2020.03.12	04:00:00	117.146	117.684	116.798	117.256	33078	0	2
2020.03.12	08:00:00	117.254	117.405	116.517	116.765	30951	0	2
2020.03.12	12:00:00	116.763	117.689	116.307	117.684	36140	0	2
2020.03.12	16:00:00	117.688	118.325	116.480	117.865	59935	0	2
2020.03.12	20:00:00	117.868	118.068	116.808	117.046	41966	0	2
2020.03.13	00:00:00	116.935	117.576	116.866	117.489	37519	0	2
2020.03.13	04:00:00	117.489	118.854	117.315	118.275	39916	0	2
2020.03.13	08:00:00	118.275	118.732	117.941	118.640	36927	0	3
2020.03.13	12:00:00	118.642	119.770	118.511	118.801	37959	0	0
2020.03.13	16:00:00	118.808	119.835	118.447	119.291	57567	0	1
2020.03.13	20:00:00	119.297	120.317	119.062	119.893	28555	0	1
2020.03.16	00:00:00	119.812	119.839	118.053	119.134	54367	0	1
2020.03.16	04:00:00	119.125	119.414	118.273	118.360	30028	0	1
2020.03.16	08:00:00	118.352	119.348	118.225	118.558	46410	0	1
2020.03.16	12:00:00	118.560	118.577	117.138	117.915	47222	0	0
2020.03.16	16:00:00	117.916	118.490	117.586	118.230	53313	0	0
2020.03.16	20:00:00	118.227	118.756	118.043	118.326	33741	0	1
2020.03.17	00:00:00	118.293	119.679	118.239	119.161	44611	0	0
2020.03.17	04:00:00	119.161	119.232	118.707	118.863	46207	0	1
2020.03.17	08:00:00	118.860	119.214	118.078	118.217	47231	0	1
2020.03.17	12:00:00	118.216	118.420	117.353	117.485	46782	0	0
2020.03.17	16:00:00	117.482	118.188	117.293	118.006	56332	0	0
2020.03.17	20:00:00	118.006	118.655	117.979	118.415	25273	0	1
2020.03.18	00:00:00	118.428	118.493	117.872	118.022	41162	0	1
2020.03.18	04:00:00	118.017	118.360	117.952	118.189	23979	0	1
2020.03.18	08:00:00	118.189	118.406	117.645	118.014	44189	0	1
2020.03.18	12:00:00	118.015	118.178	117.586	117.772	41044	0	0
2020.03.18	16:00:00	117.780	117.849	116.887	117.641	56135	0	0
2020.03.18	20:00:00	117.642	118.014	117.277	117.743	39124	0	1
2020.03.19	00:00:00	117.744	118.909	117.711	118.682	44302	0	0
2020.03.19	04:00:00	118.682	119.318	118.582	118.640	45958	0	0
2020.03.19	08:00:00	118.630	119.067	117.877	118.132	43916	0	0
2020.03.19	12:00:00	118.133	118.885	117.891	118.819	52696	0	0
2020.03.19	16:00:00	118.824	119.022	117.397	117.917	51901	0	0
2020.03.19	20:00:00	117.920	118.554	117.746	118.186	37334	0	1
2020.03.20	00:00:00	118.199	118.743	117.923	118.348	39254	0	0
2020.03.20	04:00:00	118.349	118.523	118.015	118.304	50089	0	0
2020.03.20	08:00:00	118.306	118.589	118.046	118.198	54461	0	0
2020.03.20	12:00:00	118.205	118.661	117.838	118.626	44779	0	1
2020.03.20	16:00:00	118.621	119.291	118.292	118.339	60458	0	1
2020.03.20	20:00:00	118.341	118.855	118.282	118.559	43442	0	1
2020.03.23	00:00:00	118.458	118.572	117.855	118.276	40655	0	1
2020.03.23	04:00:00	118.268	118.274	117.952	118.128	36837	0	1
2020.03.23	08:00:00	118.129	118.386	117.718	118.032	41613	0	0
2020.03.23	12:00:00	118.038	119.463	118.000	119.367	51130	0	0
2020.03.23	16:00:00	119.364	119.931	119.182	119.572	54208	0	0
2020.03.23	20:00:00	119.575	119.854	118.918	119.254	31445	0	1
2020.03.24	00:00:00	119.257	119.566	119.084	119.106	41179	0	0
2020.03.24	04:00:00	119.105	119.355	118.798	118.982	27955	0	1
2020.03.24	08:00:00	118.982	120.147	118.932	119.846	34379	0	1
2020.03.24	12:00:00	119.846	120.506	119.757	120.199	40385	0	1
2020.03.24	16:00:00	120.198	120.533	119.839	119.887	47680	0	1
2020.03.24	20:00:00	119.889	120.261	119.604	119.913	31200	0	2
2020.03.25	00:00:00	119.920	120.331	119.515	119.749	33510	0	0
2020.03.25	04:00:00	119.752	120.462	119.696	120.301	31967	0	1
2020.03.25	08:00:00	120.304	120.889	120.221	120.805	40266	0	1
2020.03.25	12:00:00	120.806	120.834	120.104	120.503	42238	0	1
2020.03.25	16:00:00	120.502	121.030	120.332	120.725	41730	0	1
2020.03.25	20:00:00	120.728	121.141	120.685	120.843	27778	0	0
2020.03.26	00:00:00	120.850	121.075	120.494	120.674	35114	0	0
2020.03.26	04:00:00	120.677	120.975	120.508	120.667	28410	0	1
2020.03.26	08:00:00	120.673	120.810	120.147	120.454	33545	0	1
2020.03.26	12:00:00	120.454	120.535	119.951	120.352	38267	0	1
2020.03.26	16:00:00	120.350	120.992	120.239	120.711	40101	0	1
2020.03.26	20:00:00	120.709	120.987	120.513	120.626	33978	0	1
2020.03.27	00:00:00	120.630	120.814	119.807	119.858	29446	0	1
2020.03.27	04:00:00	119.857	120.197	119.619	120.067	26345	0	1
2020.03.27	08:00:00	120.065	120.115	119.711	119.746	33702	0	1
2020.03.27	12:00:00	119.745	119.860	119.058	119.122	31784	0	1
2020.03.27	16:00:00	119.118	119.938	118.797	119.855	41456	0	1
2020.03.27	20:00:00	119.853	120.324	119.610	120.295	26781	0	1
2020.03.30	00:00:00	119.589	119.980	119.355	119.385	22078	0	1
2020.03.30	04:00:00	119.387	119.476	118.845	119.232	23503	0	0
2020.03.30	08:00:00	119.232	119.853	119.188	119.375	28706	0	1
2020.03.30	12:00:00	119.372	119.542	119.110	119.258	23363	0	1
2020.03.30	16:00:00	119.259	119.317	118.789	118.909	31721	0	0
2020.03.30	20:00:00	118.913	119.253	118.846	119.027	16948	0	1
2020.03.31	00:00:00	118.958	119.649	118.748	119.516	17450	0	1
2020.03.31	04:00:00	119.516	119.699	119.194	119.256	23712	0	1
2020.03.31	08:00:00	119.251	119.392	119.036	119.123	24354	0	1
2020.03.31	12:00:00	119.126	119.152	118.660	118.939	26102	0	1
2020.03.31	16:00:00	118.937	119.007	118.226	118.238	39408	0	0
2020.03.31	20:00:00	118.237	118.700	118.191	118.622	21438	0	1
2020.04.01	00:00:00	118.649	118.777	118.280	118.569	15435	0	0
2020.04.01	04:00:00	118.569	118.869	118.493	118.715	15051	0	0
2020.04.01	08:00:00	118.715	118.791	117.714	117.746	26791	0	1
2020.04.01	12:00:00	117.746	117.768	117.289	117.363	22774	0	1
2020.04.01	16:00:00	117.367	117.420	116.949	116.988	25059	0	1
2020.04.01	20:00:00	116.988	117.561	116.944	117.475	19203	0	1
2020.04.02	00:00:00	117.475	117.597	117.128	117.530	17473	0	0
2020.04.02	04:00:00	117.529	117.712	117.452	117.625	14346	0	1
2020.04.02	08:00:00	117.623	117.623	117.137	117.166	18434	0	1
2020.04.02	12:00:00	117.164	117.440	116.577	116.611	19362	0	0
2020.04.02	16:00:00	116.609	117.480	116.347	117.052	33387	0	1
2020.04.02	20:00:00	117.053	117.205	116.744	117.061	20595	0	0
2020.04.03	00:00:00	117.005	117.395	116.952	117.162	13471	0	1
2020.04.03	04:00:00	117.162	117.256	116.974	117.078	13379	0	1
2020.04.03	08:00:00	117.075	117.091	116.730	116.901	17637	0	1
2020.04.03	12:00:00	116.901	117.348	116.893	117.018	21473	0	1
2020.04.03	16:00:00	117.019	117.239	116.880	117.018	23074	0	1
2020.04.03	20:00:00	117.018	117.312	116.973	117.250	14485	0	0
2020.04.06	00:00:00	117.099	117.966	117.066	117.805	16580	0	0
2020.04.06	04:00:00	117.805	117.934	117.631	117.800	14843	0	1
2020.04.06	08:00:00	117.796	118.303	117.743	117.843	19521	0	1
2020.04.06	12:00:00	117.844	118.145	117.504	117.669	17353	0	1
2020.04.06	16:00:00	117.668	117.968	117.452	117.759	20472	0	0
2020.04.06	20:00:00	117.759	117.924	117.630	117.845	15334	0	1
2020.04.07	00:00:00	117.845	117.935	117.546	117.660	12929	0	0
2020.04.07	04:00:00	117.660	117.816	117.507	117.757	12679	0	1
2020.04.07	08:00:00	117.751	118.452	117.713	118.318	18026	0	1
2020.04.07	12:00:00	118.319	118.974	118.306	118.858	18575	0	0
2020.04.07	16:00:00	118.862	119.035	118.517	118.587	23215	0	0
2020.04.07	20:00:00	118.590	118.781	118.443	118.443	16896	0	1
2020.04.08	00:00:00	118.443	118.526	118.024	118.034	14788	0	1
2020.04.08	04:00:00	118.034	118.418	118.010	118.326	14676	0	1
2020.04.08	08:00:00	118.322	118.517	117.913	118.150	18907	0	0
2020.04.08	12:00:00	118.156	118.495	118.154	118.434	15420	0	1
2020.04.08	16:00:00	118.434	118.690	117.935	118.013	20774	0	0
2020.04.08	20:00:00	118.013	118.268	117.979	118.122	11323	0	1
2020.04.09	00:00:00	118.113	118.601	118.035	118.503	8843	0	0
2020.04.09	04:00:00	118.505	118.532	118.232	118.414	10322	0	1
2020.04.09	08:00:00	118.414	118.515	118.074	118.351	13546	0	1
2020.04.09	12:00:00	118.351	118.722	118.117	118.664	16578	0	0
2020.04.09	16:00:00	118.667	118.999	118.382	118.514	25543	0	0
2020.04.09	20:00:00	118.513	118.609	118.380	118.527	16127	0	0
2020.04.10	00:00:00	118.447	118.627	118.360	118.560	9273	0	9
2020.04.10	04:00:00	118.561	118.627	118.481	118.552	18301	0	3
2020.04.10	08:00:00	118.546	118.684	118.451	118.584	12552	0	1
2020.04.10	12:00:00	118.585	118.684	118.565	118.667	8143	0	4
2020.04.10	16:00:00	118.668	118.728	118.576	118.618	15041	0	5
2020.04.10	20:00:00	118.618	118.640	118.420	118.486	29769	0	10
2020.04.13	00:00:00	118.651	118.694	118.268	118.278	11135	0	1
2020.04.13	04:00:00	118.277	118.299	117.950	117.996	10333	0	1
2020.04.13	08:00:00	117.996	118.248	117.979	118.009	11683	0	1
2020.04.13	12:00:00	118.009	118.114	117.809	117.848	11245	0	1
2020.04.13	16:00:00	117.849	117.853	117.304	117.438	16564	0	0
2020.04.13	20:00:00	117.432	117.601	117.329	117.554	10946	0	1
2020.04.14	00:00:00	117.554	117.591	117.384	117.532	7133	0	1
2020.04.14	04:00:00	117.533	117.938	117.460	117.853	8533	0	1
2020.04.14	08:00:00	117.854	117.905	117.429	117.486	11289	0	1
2020.04.14	12:00:00	117.487	117.812	117.377	117.790	13584	0	0
2020.04.14	16:00:00	117.793	117.801	117.389	117.421	17266	0	0
2020.04.14	20:00:00	117.421	117.776	117.303	117.729	9607	0	0
2020.04.15	00:00:00	117.709	117.774	117.415	117.682	6212	0	0
2020.04.15	04:00:00	117.682	117.750	117.493	117.517	6610	0	1
2020.04.15	08:00:00	117.516	117.545	117.206	117.465	13054	0	0
2020.04.15	12:00:00	117.465	117.465	116.794	116.804	14104	0	0
2020.04.15	16:00:00	116.804	117.362	116.799	117.213	19927	0	1
2020.04.15	20:00:00	117.212	117.414	117.166	117.207	11375	0	1
2020.04.16	00:00:00	117.154	117.479	117.009	117.237	8446	0	1
2020.04.16	04:00:00	117.237	117.485	117.237	117.412	8805	0	1
2020.04.16	08:00:00	117.413	117.501	117.147	117.270	13301	0	1
2020.04.16	12:00:00	117.268	117.293	116.957	117.067	15383	0	0
2020.04.16	16:00:00	117.066	117.078	116.551	116.697	20846	0	0
2020.04.16	20:00:00	116.695	116.994	116.634	116.970	11677	0	0
2020.04.17	00:00:00	116.954	117.410	116.866	117.161	15098	0	0
2020.04.17	04:00:00	117.161	117.208	117.002	117.107	8576	0	1
2020.04.17	08:00:00	117.107	117.129	116.652	116.715	13693	0	0
2020.04.17	12:00:00	116.715	116.901	116.642	116.725	15177	0	1
2020.04.17	16:00:00	116.725	117.118	116.621	116.925	18632	0	0
2020.04.17	20:00:00	116.925	117.002	116.870	116.942	9706	0	0
2020.04.20	00:00:00	116.677	117.223	116.677	117.141	7539	0	0
2020.04.20	04:00:00	117.141	117.231	117.036	117.209	6862	0	0
2020.04.20	08:00:00	117.209	117.212	116.971	117.157	10717	0	1
2020.04.20	12:00:00	117.158	117.287	116.983	117.037	11877	0	1
2020.04.20	16:00:00	117.037	117.246	116.984	117.039	14514	0	1
2020.04.20	20:00:00	117.041	117.067	116.887	116.887	8723	0	0
2020.04.21	00:00:00	116.872	117.057	116.820	116.952	7535	0	1
2020.04.21	04:00:00	116.952	117.000	116.417	116.476	10930	0	0
2020.04.21	08:00:00	116.476	116.565	116.215	116.340	11972	0	1
2020.04.21	12:00:00	116.337	116.490	116.268	116.464	13789	0	1
2020.04.21	16:00:00	116.464	117.159	116.352	116.878	20872	0	0
2020.04.21	20:00:00	116.878	117.119	116.851	117.018	12001	0	0
2020.04.22	00:00:00	117.020	117.058	116.709	117.039	8041	0	1
2020.04.22	04:00:00	117.039	117.069	116.667	116.729	8899	0	1
2020.04.22	08:00:00	116.729	116.963	116.703	116.836	11934	0	1
2020.04.22	12:00:00	116.836	117.181	116.836	117.085	11437	0	0
2020.04.22	16:00:00	117.085	117.217	116.569	116.603	15084	0	1
2020.04.22	20:00:00	116.603	116.616	116.442	116.612	7636	0	0
2020.04.23	00:00:00	116.618	116.669	116.488	116.526	8919	0	0
2020.04.23	04:00:00	116.524	116.602	116.443	116.566	6662	0	1
2020.04.23	08:00:00	116.565	116.832	116.107	116.203	14109	0	0
2020.04.23	12:00:00	116.203	116.243	115.724	115.871	14302	0	0
2020.04.23	16:00:00	115.871	116.816	115.799	116.264	21317	0	0
2020.04.23	20:00:00	116.263	116.305	115.635	115.950	13623	0	0
2020.04.24	00:00:00	115.950	116.071	115.856	115.973	9436	0	1
2020.04.24	04:00:00	115.976	116.018	115.816	115.942	7144	0	1
2020.04.24	08:00:00	115.942	115.945	115.542	115.832	12095	0	0
2020.04.24	12:00:00	115.832	116.297	115.787	116.246	12855	0	1
2020.04.24	16:00:00	116.246	116.275	115.900	115.926	16671	0	0
2020.04.24	20:00:00	115.925	116.363	115.887	116.346	8160	0	0
2020.04.27	00:00:00	116.248	116.462	116.185	116.375	6425	0	1
2020.04.27	04:00:00	116.375	116.506	116.157	116.264	10372	0	0
2020.04.27	08:00:00	116.266	116.387	116.113	116.302	11856	0	0
2020.04.27	12:00:00	116.302	116.348	116.103	116.194	11392	0	0
2020.04.27	16:00:00	116.194	116.347	116.046	116.107	14450	0	0
2020.04.27	20:00:00	116.105	116.199	116.066	116.142	7487	0	0
2020.04.28	00:00:00	116.113	116.244	116.015	116.235	7939	0	1
2020.04.28	04:00:00	116.234	116.266	116.042	116.087	7151	0	1
2020.04.28	08:00:00	116.089	116.214	115.867	116.147	11411	0	0
2020.04.28	12:00:00	116.147	116.173	115.912	115.923	13423	0	0
2020.04.28	16:00:00	115.923	115.992	115.702	115.766	14717	0	0
2020.04.28	20:00:00	115.766	115.829	115.603	115.621	6701	0	0
2020.04.29	00:00:00	115.602	115.687	115.521	115.553	7460	0	1
2020.04.29	04:00:00	115.557	115.617	115.506	115.597	5462	0	1
2020.04.29	08:00:00	115.598	115.775	115.512	115.728	10918	0	0
2020.04.29	12:00:00	115.730	115.812	115.448	115.791	10716	0	0
2020.04.29	16:00:00	115.788	115.932	115.627	115.722	13184	0	0
2020.04.29	20:00:00	115.721	116.077	115.721	115.946	11361	0	0
2020.04.30	00:00:00	115.943	116.003	115.775	115.963	4541	0	1
2020.04.30	04:00:00	115.962	116.018	115.646	115.687	7378	0	0
2020.04.30	08:00:00	115.687	116.137	115.544	116.110	12284	0	0
2020.04.30	12:00:00	116.107	116.135	115.754	115.944	13629	0	0
2020.04.30	16:00:00	115.941	117.302	115.579	116.950	27090	0	0
2020.04.30	20:00:00	116.950	117.775	116.934	117.319	12745	0	1
2020.05.01	00:00:00	117.294	117.512	117.139	117.341	8558	0	1
2020.05.01	04:00:00	117.343	117.365	117.134	117.262	7106	0	2
2020.05.01	08:00:00	117.264	117.463	117.148	117.301	10634	0	0
2020.05.01	12:00:00	117.304	117.351	117.035	117.109	9868	0	0
2020.05.01	16:00:00	117.109	117.762	117.016	117.329	16637	0	0
2020.05.01	20:00:00	117.327	117.412	117.250	117.386	8367	0	0
2020.05.04	00:00:00	117.258	117.275	116.806	116.843	7263	0	1
2020.05.04	04:00:00	116.845	116.952	116.703	116.715	6867	0	0
2020.05.04	08:00:00	116.716	116.924	116.610	116.844	11525	0	0
2020.05.04	12:00:00	116.844	116.911	116.620	116.863	10286	0	1
2020.05.04	16:00:00	116.862	116.896	116.387	116.450	14983	0	0
2020.05.04	20:00:00	116.449	116.507	116.263	116.385	7317	0	1
2020.05.05	00:00:00	116.371	116.435	116.202	116.256	6421	0	1
2020.05.05	04:00:00	116.259	116.347	116.230	116.273	3896	0	1
2020.05.05	08:00:00	116.273	116.568	115.777	115.810	12902	0	0
2020.05.05	12:00:00	115.810	115.967	115.548	115.672	15844	0	0
2020.05.05	16:00:00	115.671	115.998	115.412	115.455	15512	0	0
2020.05.05	20:00:00	115.453	115.650	115.407	115.419	7958	0	1
2020.05.06	00:00:00	115.427	115.599	115.103	115.162	7822	0	0
2020.05.06	04:00:00	115.162	115.298	115.120	115.282	5266	0	0
2020.05.06	08:00:00	115.282	115.290	114.797	114.886	11419	0	0
2020.05.06	12:00:00	114.893	114.893	114.611	114.808	11725	0	0
2020.05.06	16:00:00	114.808	114.871	114.427	114.568	15613	0	0
2020.05.06	20:00:00	114.569	114.688	114.509	114.509	7705	0	0
2020.05.07	00:00:00	114.518	114.741	114.410	114.649	7291	0	0
2020.05.07	04:00:00	114.651	114.774	114.638	114.714	5724	0	0
2020.05.07	08:00:00	114.714	114.984	114.604	114.832	12817	0	0
2020.05.07	12:00:00	114.830	115.061	114.739	114.938	13854	0	0
2020.05.07	16:00:00	114.936	115.075	114.771	114.951	18006	0	0
2020.05.07	20:00:00	114.951	115.138	114.912	115.108	9570	0	0
2020.05.08	00:00:00	115.095	115.419	115.068	115.329	7312	0	0
2020.05.08	04:00:00	115.332	115.443	115.205	115.394	7673	0	1
2020.05.08	08:00:00	115.394	115.423	115.032	115.231	8025	0	0
2020.05.08	12:00:00	115.231	115.588	115.198	115.579	11265	0	0
2020.05.08	16:00:00	115.577	115.742	115.325	115.637	15572	0	0
2020.05.08	20:00:00	115.637	115.687	115.574	115.613	6622	0	0
2020.05.11	00:00:00	115.179	116.028	115.149	116.016	7302	0	0
2020.05.11	04:00:00	116.015	116.058	115.822	116.004	6806	0	1
2020.05.11	08:00:00	116.004	116.211	115.839	115.997	11078	0	0
2020.05.11	12:00:00	115.999	116.230	115.953	116.214	12181	0	0
2020.05.11	16:00:00	116.216	116.512	116.209	116.372	16841	0	0
2020.05.11	20:00:00	116.371	116.489	116.284	116.291	8030	0	0
2020.05.12	00:00:00	116.283	116.407	115.958	115.988	11338	0	0
2020.05.12	04:00:00	115.988	116.088	115.957	116.042	6494	0	1
2020.05.12	08:00:00	116.041	116.479	116.000	116.364	11540	0	1
2020.05.12	12:00:00	116.362	116.709	116.252	116.664	12280	0	0
2020.05.12	16:00:00	116.662	116.856	116.484	116.496	15775	0	0
2020.05.12	20:00:00	116.497	116.512	116.176	116.176	8430	0	0
2020.05.13	00:00:00	116.174	116.409	116.164	116.303	8508	0	1
2020.05.13	04:00:00	116.302	116.400	116.227	116.274	6696	0	1
2020.05.13	08:00:00	116.272	116.314	115.937	116.067	10496	0	0
2020.05.13	12:00:00	116.064	116.344	115.973	116.295	12201	0	0
2020.05.13	16:00:00	116.297	116.373	115.769	115.800	21903	0	0
2020.05.13	20:00:00	115.799	115.817	115.691	115.772	8635	0	0
2020.05.14	00:00:00	115.764	115.859	115.610	115.650	9805	0	1
2020.05.14	04:00:00	115.650	115.722	115.495	115.547	5800	0	1
2020.05.14	08:00:00	115.547	115.603	115.357	115.488	10771	0	0
2020.05.14	12:00:00	115.487	115.552	115.349	115.452	13536	0	0
2020.05.14	16:00:00	115.452	115.821	115.323	115.575	18159	0	0
2020.05.14	20:00:00	115.581	115.924	115.549	115.854	10462	0	1
2020.05.15	00:00:00	115.846	116.081	115.834	116.016	6511	0	1
2020.05.15	04:00:00	116.020	116.032	115.822	115.851	6939	0	1
2020.05.15	08:00:00	115.851	115.920	115.684	115.742	9365	0	0
2020.05.15	12:00:00	115.742	115.834	115.472	115.787	13958	0	0
2020.05.15	16:00:00	115.787	116.196	115.721	115.949	17505	0	0
2020.05.15	20:00:00	115.950	116.071	115.884	115.937	8013	0	1
2020.05.18	00:00:00	115.875	116.108	115.636	115.949	6326	0	0
2020.05.18	04:00:00	115.949	116.007	115.884	115.919	6138	0	1
2020.05.18	08:00:00	115.918	116.075	115.836	115.973	8547	0	0
2020.05.18	12:00:00	115.973	116.480	115.857	116.452	10211	0	0
2020.05.18	16:00:00	116.452	117.164	116.383	117.022	18791	0	0
2020.05.18	20:00:00	117.022	117.237	116.954	117.122	8408	0	1
2020.05.19	00:00:00	117.113	117.351	117.094	117.176	7348	0	1
2020.05.19	04:00:00	117.180	117.255	117.024	117.218	6025	0	0
2020.05.19	08:00:00	117.217	117.733	117.142	117.669	14145	0	0
2020.05.19	12:00:00	117.680	118.177	117.641	118.165	12934	0	0
2020.05.19	16:00:00	118.163	118.198	117.820	117.847	15141	0	0
2020.05.19	20:00:00	117.847	118.042	117.615	117.627	8169	0	0
2020.05.20	00:00:00	117.618	118.085	117.517	118.023	6777	0	0
2020.05.20	04:00:00	118.023	118.052	117.812	117.896	5659	0	1
2020.05.20	08:00:00	117.895	118.080	117.736	117.777	10951	0	1
2020.05.20	12:00:00	117.774	118.017	117.746	118.000	11727	0	0
2020.05.20	16:00:00	118.001	118.202	117.940	118.026	15861	0	0
2020.05.20	20:00:00	118.026	118.178	117.979	118.038	8728	0	1
2020.05.21	00:00:00	118.041	118.204	117.931	118.163	5726	0	2
2020.05.21	04:00:00	118.161	118.166	117.925	117.962	6288	0	1
2020.05.21	08:00:00	117.964	118.368	117.925	118.243	9926	0	0
2020.05.21	12:00:00	118.243	118.529	118.129	118.440	12249	0	0
2020.05.21	16:00:00	118.440	118.440	117.848	117.930	16978	0	0
2020.05.21	20:00:00	117.931	118.077	117.727	117.805	8055	0	0
2020.05.22	00:00:00	117.765	117.975	117.663	117.931	6132	0	1
2020.05.22	04:00:00	117.931	117.932	117.398	117.416	8738	0	1
2020.05.22	08:00:00	117.416	117.464	117.122	117.209	10979	0	1
2020.05.22	12:00:00	117.208	117.304	117.027	117.242	10667	0	0
2020.05.22	16:00:00	117.242	117.315	116.994	117.119	11328	0	0
2020.05.22	20:00:00	117.118	117.336	117.111	117.314	5943	0	1
2020.05.25	00:00:00	117.120	117.555	117.120	117.377	5736	0	0
2020.05.25	04:00:00	117.377	117.397	117.235	117.253	5852	0	0
2020.05.25	08:00:00	117.254	117.338	117.082	117.314	6795	0	0
2020.05.25	12:00:00	117.314	117.525	117.311	117.423	6146	0	1
2020.05.25	16:00:00	117.423	117.491	117.281	117.318	5899	0	0
2020.05.25	20:00:00	117.320	117.408	117.298	117.305	8351	0	1
2020.05.26	00:00:00	117.279	117.564	117.273	117.552	4715	0	0
2020.05.26	04:00:00	117.550	117.787	117.534	117.740	5809	0	0
2020.05.26	08:00:00	117.740	118.079	117.700	118.050	9804	0	0
2020.05.26	12:00:00	118.053	118.242	117.781	117.874	12143	0	0
2020.05.26	16:00:00	117.875	118.334	117.872	118.065	15406	0	0
2020.05.26	20:00:00	118.066	118.228	118.004	118.047	7071	0	1
2020.05.27	00:00:00	118.031	118.162	117.807	117.964	7082	0	1
2020.05.27	04:00:00	117.961	118.087	117.711	117.727	8127	0	0
2020.05.27	08:00:00	117.725	118.080	117.701	117.897	10631	0	0
2020.05.27	12:00:00	117.897	118.908	117.723	118.657	23148	0	0
2020.05.27	16:00:00	118.657	118.770	118.134	118.243	21581	0	0
2020.05.27	20:00:00	118.241	118.633	118.147	118.485	9972	0	1
2020.05.28	00:00:00	118.479	118.954	118.448	118.903	10281	0	1
2020.05.28	04:00:00	118.903	118.930	118.610	118.685	9355	0	0
2020.05.28	08:00:00	118.685	118.960	118.515	118.595	14325	0	1
2020.05.28	12:00:00	118.594	118.875	118.479	118.770	14670	0	0
2020.05.28	16:00:00	118.770	119.314	118.758	119.265	19468	0	0
2020.05.28	20:00:00	119.265	119.391	119.097	119.205	10339	0	0
2020.05.29	00:00:00	119.166	119.321	119.004	119.052	7632	0	0
2020.05.29	04:00:00	119.051	119.130	118.877	118.915	9346	0	0
2020.05.29	08:00:00	118.915	119.253	118.845	119.194	15989	0	0
2020.05.29	12:00:00	119.199	119.468	119.166	119.278	14373	0	0
2020.05.29	16:00:00	119.277	119.898	119.169	119.638	24959	0	0
2020.05.29	20:00:00	119.641	119.788	119.477	119.719	15694	0	0
2020.06.01	00:00:00	119.739	119.971	119.580	119.854	9535	0	0
2020.06.01	04:00:00	119.854	119.972	119.711	119.712	9915	0	0
2020.06.01	08:00:00	119.714	119.953	119.421	119.645	16268	0	0
2020.06.01	12:00:00	119.647	119.808	119.517	119.664	15588	0	1
2020.06.01	16:00:00	119.664	119.903	119.594	119.729	16613	0	0
2020.06.01	20:00:00	119.729	119.812	119.691	119.787	7333	0	0
2020.06.02	00:00:00	119.779	119.866	119.621	119.743	8491	0	0
2020.06.02	04:00:00	119.746	119.874	119.699	119.821	9202	0	0
2020.06.02	08:00:00	119.820	120.400	119.792	120.382	16570	0	0
2020.06.02	12:00:00	120.382	121.092	120.282	120.923	19453	0	0
2020.06.02	16:00:00	120.923	121.629	120.923	121.447	21394	0	0
2020.06.02	20:00:00	121.448	121.560	121.305	121.367	9940	0	0
2020.06.03	00:00:00	121.363	121.802	121.304	121.664	12987	0	1
2020.06.03	04:00:00	121.664	121.747	121.265	121.571	13323	0	0
2020.06.03	08:00:00	121.571	122.040	121.539	121.961	17393	0	0
2020.06.03	12:00:00	121.960	122.093	121.373	121.596	18213	0	0
2020.06.03	16:00:00	121.593	122.516	121.526	122.373	23100	0	0
2020.06.03	20:00:00	122.372	122.623	122.313	122.315	9197	0	1
2020.06.04	00:00:00	122.313	122.497	122.070	122.208	10804	0	0
2020.06.04	04:00:00	122.208	122.311	122.046	122.269	9486	0	1
2020.06.04	08:00:00	122.268	122.409	122.106	122.216	14287	0	1
2020.06.04	12:00:00	122.216	122.776	121.845	122.172	20250	0	0
2020.06.04	16:00:00	122.169	123.916	122.091	123.445	27860	0	0
2020.06.04	20:00:00	123.445	123.969	123.437	123.732	13458	0	1
2020.06.05	00:00:00	123.708	123.911	123.490	123.585	11691	0	1
2020.06.05	04:00:00	123.585	123.919	123.540	123.847	9468	0	0
2020.06.05	08:00:00	123.843	124.430	123.655	123.795	18713	0	0
2020.06.05	12:00:00	123.797	123.991	123.621	123.774	21158	0	0
2020.06.05	16:00:00	123.774	124.258	123.678	123.914	24530	0	0
2020.06.05	20:00:00	123.912	123.912	123.624	123.696	10086	0	1
2020.06.08	00:00:00	123.782	124.117	123.644	123.666	9028	0	0
2020.06.08	04:00:00	123.666	123.728	123.483	123.551	7961	0	0
2020.06.08	08:00:00	123.549	123.928	123.471	123.726	13244	0	1
2020.06.08	12:00:00	123.726	123.796	123.265	123.361	14240	0	0
2020.06.08	16:00:00	123.364	123.485	122.218	122.247	20831	0	0
2020.06.08	20:00:00	122.247	122.501	122.241	122.440	8030	0	1
2020.06.09	00:00:00	122.438	122.603	122.086	122.122	8783	0	0
2020.06.09	04:00:00	122.122	122.145	121.805	121.843	10778	0	0
2020.06.09	08:00:00	121.842	122.064	121.327	121.491	18667	0	0
2020.06.09	12:00:00	121.491	122.203	121.365	121.936	17608	0	0
2020.06.09	16:00:00	121.935	122.508	121.881	122.181	22361	0	0
2020.06.09	20:00:00	122.180	122.238	122.105	122.175	8453	0	0
2020.06.10	00:00:00	122.200	122.361	122.082	122.215	10098	0	0
2020.06.10	04:00:00	122.215	122.224	121.977	121.986	7619	0	0
2020.06.10	08:00:00	121.986	122.231	121.793	122.008	16194	0	0
2020.06.10	12:00:00	122.007	122.280	121.827	122.151	15371	0	0
2020.06.10	16:00:00	122.151	122.186	121.585	121.710	18807	0	1
2020.06.10	20:00:00	121.716	122.285	121.657	121.812	24719	0	1
2020.06.11	00:00:00	121.658	121.901	121.565	121.829	10010	0	0
2020.06.11	04:00:00	121.829	121.889	121.275	121.545	12251	0	0
2020.06.11	08:00:00	121.546	121.781	121.331	121.673	21818	0	0
2020.06.11	12:00:00	121.673	121.840	121.237	121.354	19495	0	1
2020.06.11	16:00:00	121.355	121.633	121.198	121.200	26480	0	0
2020.06.11	20:00:00	121.195	121.227	120.649	120.726	20460	0	0
2020.06.12	00:00:00	120.712	120.748	120.328	120.349	11525	0	0
2020.06.12	04:00:00	120.349	121.165	120.253	121.034	14125	0	1
2020.06.12	08:00:00	121.034	121.698	120.979	121.506	19324	0	0
2020.06.12	12:00:00	121.509	121.815	121.206	121.406	19005	0	0
2020.06.12	16:00:00	121.406	121.478	120.518	120.783	29343	0	0
2020.06.12	20:00:00	120.783	120.927	120.525	120.877	17422	0	0
2020.06.15	00:00:00	120.396	120.908	120.395	120.572	11720	0	0
2020.06.15	04:00:00	120.573	120.800	120.503	120.570	10708	0	1
2020.06.15	08:00:00	120.570	120.911	120.332	120.890	23437	0	1
2020.06.15	12:00:00	120.886	121.004	120.597	120.819	17438	0	1
2020.06.15	16:00:00	120.818	121.202	120.756	121.021	23352	0	0
2020.06.15	20:00:00	121.022	121.632	121.001	121.518	14632	0	0
2020.06.16	00:00:00	121.554	121.870	121.462	121.630	11399	0	1
2020.06.16	04:00:00	121.630	122.114	121.493	121.810	11961	0	1
2020.06.16	08:00:00	121.810	121.978	121.419	121.808	19838	0	0
2020.06.16	12:00:00	121.808	121.864	121.182	121.382	17383	0	1
2020.06.16	16:00:00	121.385	121.404	120.471	120.946	28764	0	0
2020.06.16	20:00:00	120.949	120.951	120.753	120.880	9954	0	1
2020.06.17	00:00:00	120.861	121.032	120.625	120.929	9593	0	1
2020.06.17	04:00:00	120.932	121.023	120.667	120.852	11973	0	1
2020.06.17	08:00:00	120.852	121.230	120.825	120.939	16519	0	0
2020.06.17	12:00:00	120.937	120.959	120.484	120.664	18031	0	0
2020.06.17	16:00:00	120.666	120.682	120.148	120.489	21704	0	0
2020.06.17	20:00:00	120.488	120.524	120.166	120.299	9978	0	0
2020.06.18	00:00:00	120.301	120.397	119.979	120.046	8433	0	0
2020.06.18	04:00:00	120.047	120.307	119.821	120.242	12103	0	0
2020.06.18	08:00:00	120.242	120.541	120.147	120.406	16030	0	1
2020.06.18	12:00:00	120.406	120.520	119.885	119.903	20139	0	1
2020.06.18	16:00:00	119.904	119.952	119.598	119.637	19660	0	0
2020.06.18	20:00:00	119.634	119.950	119.587	119.851	9121	0	0
2020.06.19	00:00:00	119.852	120.028	119.695	119.796	11865	0	1
2020.06.19	04:00:00	119.796	119.900	119.753	119.815	7900	0	1
2020.06.19	08:00:00	119.816	120.046	119.755	119.926	11580	0	1
2020.06.19	12:00:00	119.928	120.211	119.656	120.100	15353	0	1
2020.06.19	16:00:00	120.101	120.148	119.482	119.583	22389	0	0
2020.06.19	20:00:00	119.583	119.631	119.370	119.441	10773	0	1
2020.06.22	00:00:00	119.328	119.528	119.275	119.425	8085	0	1
2020.06.22	04:00:00	119.425	119.777	119.425	119.776	8484	0	0
2020.06.22	08:00:00	119.774	120.027	119.572	119.990	13565	0	1
2020.06.22	12:00:00	119.990	120.048	119.753	119.924	12397	0	0
2020.06.22	16:00:00	119.926	120.424	119.926	120.341	16227	0	1
2020.06.22	20:00:00	120.345	120.441	120.326	120.364	7755	0	2
2020.06.23	00:00:00	120.365	120.603	120.280	120.502	7839	0	0
2020.06.23	04:00:00	120.502	120.886	119.904	120.651	21883	0	1
2020.06.23	08:00:00	120.651	121.098	120.544	120.856	17334	0	0
2020.06.23	12:00:00	120.858	121.081	120.688	120.795	16527	0	0
2020.06.23	16:00:00	120.794	120.805	120.250	120.396	20596	0	0
2020.06.23	20:00:00	120.395	120.549	120.385	120.447	8450	0	0
2020.06.24	00:00:00	120.431	120.675	120.257	120.579	9367	0	1
2020.06.24	04:00:00	120.579	120.647	120.380	120.582	9782	0	1
2020.06.24	08:00:00	120.582	120.746	120.203	120.383	13405	0	1
2020.06.24	12:00:00	120.382	120.492	120.032	120.354	15183	0	0
2020.06.24	16:00:00	120.351	120.580	120.258	120.483	21033	0	0
2020.06.24	20:00:00	120.483	120.517	120.341	120.426	10929	0	1
2020.06.25	00:00:00	120.426	120.546	120.090	120.515	8261	0	1
2020.06.25	04:00:00	120.517	120.620	120.417	120.511	11470	0	1
2020.06.25	08:00:00	120.510	120.621	120.175	120.390	16509	0	1
2020.06.25	12:00:00	120.390	120.476	120.137	120.294	16973	0	1
2020.06.25	16:00:00	120.295	120.386	120.150	120.339	18227	0	0
2020.06.25	20:00:00	120.340	120.384	120.183	120.240	9090	0	1
2020.06.26	00:00:00	120.229	120.286	120.067	120.213	10817	0	1
2020.06.26	04:00:00	120.213	120.293	120.165	120.184	6109	0	1
2020.06.26	08:00:00	120.185	120.222	120.005	120.103	10839	0	1
2020.06.26	12:00:00	120.101	120.110	119.812	120.090	11138	0	1
2020.06.26	16:00:00	120.091	120.340	119.973	120.317	17127	0	0
2020.06.26	20:00:00	120.315	120.378	120.264	120.279	7794	0	1
2020.06.29	00:00:00	119.965	120.457	119.965	120.455	6169	0	1
2020.06.29	04:00:00	120.455	120.631	120.323	120.384	9063	0	0
2020.06.29	08:00:00	120.384	120.682	120.382	120.647	12624	0	0
2020.06.29	12:00:00	120.644	121.138	120.581	121.135	11167	0	0
2020.06.29	16:00:00	121.135	121.358	120.943	120.997	17216	0	0
2020.06.29	20:00:00	120.996	121.034	120.865	120.925	6819	0	1
2020.06.30	00:00:00	120.922	121.082	120.788	121.032	9949	0	1
2020.06.30	04:00:00	121.032	121.175	121.020	121.053	6091	0	0
2020.06.30	08:00:00	121.053	121.100	120.640	120.802	10554	0	0
2020.06.30	12:00:00	120.809	120.840	120.587	120.748	11455	0	0
2020.06.30	16:00:00	120.748	121.423	120.669	121.226	21968	0	0
2020.06.30	20:00:00	121.227	121.339	121.163	121.238	10453	0	0
2020.07.01	00:00:00	121.238	121.480	121.180	121.390	6686	0	0
2020.07.01	04:00:00	121.390	121.391	120.727	120.767	7925	0	0
2020.07.01	08:00:00	120.768	120.977	120.722	120.765	9626	0	0
2020.07.01	12:00:00	120.765	120.784	120.253	120.524	13070	0	0
2020.07.01	16:00:00	120.521	121.137	120.512	121.001	18486	0	0
2020.07.01	20:00:00	121.001	121.045	120.850	120.907	9016	0	2
2020.07.02	00:00:00	120.907	120.971	120.756	120.923	8147	0	0
2020.07.02	04:00:00	120.921	121.107	120.853	121.020	8760	0	1
2020.07.02	08:00:00	121.021	121.342	120.996	121.293	11198	0	0
2020.07.02	12:00:00	121.292	121.439	121.154	121.232	13513	0	0
2020.07.02	16:00:00	121.232	121.334	120.748	120.799	18559	0	0
2020.07.02	20:00:00	120.800	120.879	120.781	120.811	6468	0	1
2020.07.03	00:00:00	120.811	120.885	120.741	120.838	7280	0	1
2020.07.03	04:00:00	120.838	120.950	120.721	120.730	6977	0	1
2020.07.03	08:00:00	120.730	120.878	120.658	120.722	10558	0	0
2020.07.03	12:00:00	120.723	120.796	120.611	120.731	8621	0	0
2020.07.03	16:00:00	120.731	120.915	120.682	120.856	7642	0	1
2020.07.03	20:00:00	120.856	120.962	120.791	120.853	18991	0	1
2020.07.06	00:00:00	120.731	121.295	120.731	121.270	5456	0	0
2020.07.06	04:00:00	121.268	121.559	121.250	121.552	7145	0	1
2020.07.06	08:00:00	121.551	121.645	121.374	121.450	12539	0	1
2020.07.06	12:00:00	121.448	121.798	121.330	121.780	11875	0	0
2020.07.06	16:00:00	121.784	121.967	121.461	121.474	14349	0	0
2020.07.06	20:00:00	121.472	121.551	121.334	121.361	6495	0	1
2020.07.07	00:00:00	121.274	121.580	121.169	121.514	5940	0	2
2020.07.07	04:00:00	121.512	121.561	121.403	121.442	8854	0	1
2020.07.07	08:00:00	121.442	121.595	121.286	121.300	12699	0	0
2020.07.07	12:00:00	121.300	121.644	121.253	121.576	12458	0	0
2020.07.07	16:00:00	121.576	121.716	121.255	121.386	15036	0	0
2020.07.07	20:00:00	121.387	121.491	121.180	121.201	8043	0	1
2020.07.08	00:00:00	121.201	121.435	121.093	121.366	8975	0	1
2020.07.08	04:00:00	121.365	121.435	121.227	121.242	6284	0	1
2020.07.08	08:00:00	121.242	121.389	121.128	121.329	10829	0	1
2020.07.08	12:00:00	121.333	121.442	121.173	121.405	10483	0	1
2020.07.08	16:00:00	121.405	121.881	121.389	121.631	17597	0	0
2020.07.08	20:00:00	121.628	121.658	121.480	121.509	8297	0	0
2020.07.09	00:00:00	121.500	121.690	121.478	121.598	6475	0	1
2020.07.09	04:00:00	121.601	121.961	121.570	121.917	9215	0	1
2020.07.09	08:00:00	121.916	121.963	121.507	121.548	11834	0	0
2020.07.09	12:00:00	121.551	121.741	121.491	121.615	12089	0	0
2020.07.09	16:00:00	121.615	121.693	121.099	121.155	20599	0	0
2020.07.09	20:00:00	121.154	121.155	120.898	120.969	7189	0	0
2020.07.10	00:00:00	120.925	121.065	120.695	120.726	9221	0	0
2020.07.10	04:00:00	120.726	120.770	120.521	120.535	6953	0	1
2020.07.10	08:00:00	120.537	120.599	120.268	120.482	12382	0	1
2020.07.10	12:00:00	120.482	120.695	120.433	120.600	10703	0	0
2020.07.10	16:00:00	120.597	120.859	120.591	120.800	15875	0	0
2020.07.10	20:00:00	120.800	120.881	120.756	120.774	5636	0	1
2020.07.13	00:00:00	120.749	120.970	120.749	120.893	6560	0	1
2020.07.13	04:00:00	120.894	121.040	120.872	121.003	6551	0	1
2020.07.13	08:00:00	121.003	121.200	120.985	121.069	10560	0	1
2020.07.13	12:00:00	121.071	121.483	121.006	121.408	11155	0	0
2020.07.13	16:00:00	121.410	121.963	121.410	121.826	14317	0	0
2020.07.13	20:00:00	121.829	121.937	121.628	121.704	9728	0	0
2020.07.14	00:00:00	121.703	121.833	121.650	121.669	13275	0	0
2020.07.14	04:00:00	121.671	121.701	121.466	121.659	7333	0	1
2020.07.14	08:00:00	121.659	121.845	121.481	121.804	11018	0	1
2020.07.14	12:00:00	121.808	122.223	121.783	122.078	12985	0	1
2020.07.14	16:00:00	122.080	122.319	121.975	122.236	20056	0	0
2020.07.14	20:00:00	122.237	122.262	122.100	122.229	8382	0	0
2020.07.15	00:00:00	122.225	122.468	122.128	122.456	7454	0	0
2020.07.15	04:00:00	122.458	122.498	122.204	122.227	7755	0	0
2020.07.15	08:00:00	122.225	122.456	122.100	122.264	11968	0	0
2020.07.15	12:00:00	122.262	122.394	122.104	122.143	11579	0	0
2020.07.15	16:00:00	122.146	122.203	121.821	121.988	16318	0	0
2020.07.15	20:00:00	121.990	122.047	121.925	122.020	5859	0	1
2020.07.16	00:00:00	121.997	122.139	121.924	122.096	5652	0	1
2020.07.16	04:00:00	122.095	122.132	121.890	121.900	7966	0	0
2020.07.16	08:00:00	121.902	122.099	121.813	121.952	11872	0	1
2020.07.16	12:00:00	121.953	122.390	121.912	122.283	13485	0	1
2020.07.16	16:00:00	122.276	122.501	122.173	122.297	14665	0	0
2020.07.16	20:00:00	122.297	122.309	122.071	122.093	9327	0	0
2020.07.17	00:00:00	122.085	122.299	121.990	122.125	6045	0	1
2020.07.17	04:00:00	122.125	122.172	122.014	122.060	7469	0	2
2020.07.17	08:00:00	122.062	122.335	121.931	122.312	8989	0	1
2020.07.17	12:00:00	122.311	122.530	122.254	122.457	9027	0	0
2020.07.17	16:00:00	122.458	122.575	122.353	122.389	10919	0	0
2020.07.17	20:00:00	122.390	122.442	122.269	122.269	4983	0	1
2020.07.20	00:00:00	122.042	122.789	122.042	122.659	7609	0	1
2020.07.20	04:00:00	122.652	122.728	122.519	122.728	10394	0	0
2020.07.20	08:00:00	122.732	122.973	122.662	122.819	13439	0	0
2020.07.20	12:00:00	122.816	122.862	122.348	122.369	11237	0	1
2020.07.20	16:00:00	122.370	122.756	122.256	122.702	13142	0	0
2020.07.20	20:00:00	122.702	122.853	122.692	122.786	5446	0	0
2020.07.21	00:00:00	122.792	122.880	122.670	122.816	7644	0	1
2020.07.21	04:00:00	122.816	122.921	122.609	122.687	8146	0	0
2020.07.21	08:00:00	122.687	123.022	122.640	122.786	11956	0	0
2020.07.21	12:00:00	122.786	122.884	122.602	122.612	9756	0	0
2020.07.21	16:00:00	122.614	122.965	122.470	122.935	14565	0	0
2020.07.21	20:00:00	122.935	123.172	122.892	123.114	6639	0	0
2020.07.22	00:00:00	123.111	123.294	123.040	123.199	6968	0	0
2020.07.22	04:00:00	123.198	123.337	123.154	123.323	7658	0	2
2020.07.22	08:00:00	123.323	123.373	123.058	123.323	13940	0	0
2020.07.22	12:00:00	123.323	124.189	123.281	124.153	14082	0	0
2020.07.22	16:00:00	124.155	124.291	123.981	124.097	13851	0	0
2020.07.22	20:00:00	124.098	124.148	123.977	123.982	5287	0	1
2020.07.23	00:00:00	123.981	124.059	123.899	123.956	4837	0	1
2020.07.23	04:00:00	123.956	124.120	123.920	124.093	6389	0	1
2020.07.23	08:00:00	124.094	124.224	123.931	124.151	10465	0	1
2020.07.23	12:00:00	124.151	124.239	123.724	123.724	10955	0	0
2020.07.23	16:00:00	123.721	124.227	123.708	124.134	16932	0	0
2020.07.23	20:00:00	124.133	124.168	123.798	123.912	10605	0	0
2020.07.24	00:00:00	123.914	123.965	123.587	123.718	9222	0	0
2020.07.24	04:00:00	123.717	123.784	123.407	123.418	9067	0	1
2020.07.24	08:00:00	123.420	123.584	123.169	123.445	16514	0	0
2020.07.24	12:00:00	123.445	123.483	123.163	123.261	12957	0	1
2020.07.24	16:00:00	123.261	123.318	122.839	122.980	17801	0	0
2020.07.24	20:00:00	122.979	123.682	122.959	123.677	6656	0	0
2020.07.27	00:00:00	123.403	123.862	123.305	123.664	10453	0	1
2020.07.27	04:00:00	123.669	123.723	123.468	123.601	13010	0	0
2020.07.27	08:00:00	123.603	123.710	123.355	123.410	13046	0	1
2020.07.27	12:00:00	123.410	123.878	123.219	123.753	13899	0	0
2020.07.27	16:00:00	123.753	123.869	123.634	123.672	15144	0	0
2020.07.27	20:00:00	123.672	123.900	123.669	123.821	7239	0	1
2020.07.28	00:00:00	123.818	123.981	123.754	123.930	9823	0	1
2020.07.28	04:00:00	123.931	123.983	123.710	123.852	13796	0	1
2020.07.28	08:00:00	123.852	123.927	123.502	123.541	15738	0	1
2020.07.28	12:00:00	123.544	123.570	123.236	123.298	15327	0	1
2020.07.28	16:00:00	123.296	123.435	123.013	123.284	17501	0	0
2020.07.28	20:00:00	123.284	123.320	123.071	123.116	7232	0	0
2020.07.29	00:00:00	123.111	123.236	123.014	123.225	6129	0	0
2020.07.29	04:00:00	123.222	123.321	123.142	123.259	8281	0	0
2020.07.29	08:00:00	123.256	123.385	123.185	123.276	12745	0	0
2020.07.29	12:00:00	123.277	123.377	123.111	123.344	12299	0	0
2020.07.29	16:00:00	123.349	123.773	123.326	123.621	14156	0	0
2020.07.29	20:00:00	123.621	123.786	123.505	123.701	17257	0	0
2020.07.30	00:00:00	123.667	123.802	123.562	123.703	7801	0	1
2020.07.30	04:00:00	123.703	123.754	123.633	123.692	9646	0	0
2020.07.30	08:00:00	123.692	123.854	123.367	123.383	15689	0	0
2020.07.30	12:00:00	123.384	123.747	123.336	123.717	13541	0	0
2020.07.30	16:00:00	123.719	123.996	123.647	123.880	22651	0	0
2020.07.30	20:00:00	123.878	124.194	123.867	124.064	11366	0	0
2020.07.31	00:00:00	124.039	124.308	123.970	124.061	12914	0	0
2020.07.31	04:00:00	124.059	124.105	123.839	124.102	14558	0	0
2020.07.31	08:00:00	124.105	124.260	123.948	124.137	17705	0	0
2020.07.31	12:00:00	124.125	124.542	123.962	124.521	16588	0	0
2020.07.31	16:00:00	124.520	125.207	124.475	124.792	26774	0	0
2020.07.31	20:00:00	124.786	124.908	124.606	124.692	12352	0	0
2020.08.03	00:00:00	124.517	125.047	124.501	124.771	12628	0	0
2020.08.03	04:00:00	124.772	124.821	124.520	124.611	12215	0	1
2020.08.03	08:00:00	124.611	124.645	124.350	124.377	15434	0	1
2020.08.03	12:00:00	124.378	124.652	123.989	124.416	15891	0	1
2020.08.03	16:00:00	124.419	124.809	124.314	124.649	18130	0	1
2020.08.03	20:00:00	124.649	124.708	124.595	124.616	8130	0	2
2020.08.04	00:00:00	124.616	124.763	124.533	124.733	5700	0	1
2020.08.04	04:00:00	124.736	124.915	124.709	124.856	8586	0	1
2020.08.04	08:00:00	124.856	124.967	124.725	124.935	15775	0	1
2020.08.04	12:00:00	124.937	124.998	124.472	124.515	16359	0	0
2020.08.04	16:00:00	124.515	124.632	124.262	124.552	17843	0	0
2020.08.04	20:00:00	124.552	124.796	124.517	124.766	7319	0	1
2020.08.05	00:00:00	124.756	124.834	124.633	124.694	7162	0	0
2020.08.05	04:00:00	124.695	124.815	124.635	124.753	7925	0	1
2020.08.05	08:00:00	124.753	125.147	124.702	125.134	14276	0	1
2020.08.05	12:00:00	125.137	125.473	125.093	125.313	16540	0	0
2020.08.05	16:00:00	125.313	125.513	125.157	125.310	17829	0	0
2020.08.05	20:00:00	125.310	125.338	125.223	125.272	5847	0	1
2020.08.06	00:00:00	125.272	125.439	125.195	125.361	5781	0	2
2020.08.06	04:00:00	125.361	125.393	125.192	125.352	8114	0	2
2020.08.06	08:00:00	125.352	125.588	125.035	125.141	19043	0	0
2020.08.06	12:00:00	125.140	125.317	124.839	125.085	16653	0	0
2020.08.06	16:00:00	125.085	125.321	124.652	125.305	18646	0	0
2020.08.06	20:00:00	125.306	125.422	125.195	125.352	7554	0	1
2020.08.07	00:00:00	125.355	125.391	125.217	125.345	5480	0	1
2020.08.07	04:00:00	125.345	125.359	124.835	124.929	10460	0	1
2020.08.07	08:00:00	124.929	125.090	124.869	124.947	13171	0	0
2020.08.07	12:00:00	124.949	125.087	124.777	124.946	15981	0	0
2020.08.07	16:00:00	124.946	124.947	124.458	124.772	18901	0	0
2020.08.07	20:00:00	124.773	124.910	124.733	124.827	6057	0	0
2020.08.10	00:00:00	124.743	124.877	124.586	124.719	5931	0	1
2020.08.10	04:00:00	124.716	124.807	124.665	124.717	4620	0	1
2020.08.10	08:00:00	124.717	124.810	124.601	124.722	10975	0	1
2020.08.10	12:00:00	124.721	124.779	124.618	124.730	10256	0	0
2020.08.10	16:00:00	124.730	124.746	124.364	124.409	13247	0	0
2020.08.10	20:00:00	124.409	124.492	124.335	124.362	5764	0	2
2020.08.11	00:00:00	124.362	124.528	124.302	124.457	7286	0	1
2020.08.11	04:00:00	124.457	124.699	124.440	124.660	6549	0	1
2020.08.11	08:00:00	124.660	124.928	124.496	124.892	13868	0	0
2020.08.11	12:00:00	124.892	125.203	124.890	125.016	16147	0	1
2020.08.11	16:00:00	125.016	125.498	124.874	125.413	19016	0	0
2020.08.11	20:00:00	125.413	125.414	124.874	125.011	10329	0	2
2020.08.12	00:00:00	125.023	125.153	124.849	125.017	7072	0	1
2020.08.12	04:00:00	125.017	125.149	124.976	125.067	11057	0	0
2020.08.12	08:00:00	125.068	125.555	125.031	125.470	14143	0	1
2020.08.12	12:00:00	125.469	126.061	125.445	125.903	14879	0	0
2020.08.12	16:00:00	125.900	126.212	125.762	125.960	18047	0	0
2020.08.12	20:00:00	125.961	126.038	125.878	125.979	7180	0	0
2020.08.13	00:00:00	125.956	126.072	125.872	125.967	5361	0	1
2020.08.13	04:00:00	125.966	126.074	125.912	126.017	8092	0	1
2020.08.13	08:00:00	126.014	126.405	125.965	126.365	13485	0	0
2020.08.13	12:00:00	126.368	126.750	126.282	126.688	14647	0	0
2020.08.13	16:00:00	126.688	126.725	126.254	126.296	15615	0	0
2020.08.13	20:00:00	126.296	126.430	126.137	126.310	9248	0	1
2020.08.14	00:00:00	126.309	126.467	126.202	126.307	4381	0	1
2020.08.14	04:00:00	126.307	126.340	126.227	126.260	4271	0	1
2020.08.14	08:00:00	126.260	126.311	125.923	126.095	9398	0	1
2020.08.14	12:00:00	126.095	126.163	125.738	125.947	10614	0	1
2020.08.14	16:00:00	125.944	126.166	125.873	126.118	11824	0	0
2020.08.14	20:00:00	126.118	126.238	126.114	126.194	4750	0	1
2020.08.17	00:00:00	126.034	126.335	126.034	126.198	4978	0	1
2020.08.17	04:00:00	126.196	126.420	126.113	126.382	4847	0	0
2020.08.17	08:00:00	126.382	126.460	125.935	126.053	10307	0	1
2020.08.17	12:00:00	126.053	126.159	125.886	125.992	12701	0	1
2020.08.17	16:00:00	125.994	126.096	125.668	125.779	14066	0	1
2020.08.17	20:00:00	125.780	125.861	125.751	125.828	4859	0	0
2020.08.18	00:00:00	125.813	125.915	125.704	125.754	9222	0	0
2020.08.18	04:00:00	125.754	125.853	125.516	125.623	8060	0	1
2020.08.18	08:00:00	125.623	125.775	125.343	125.725	14047	0	1
2020.08.18	12:00:00	125.725	125.937	125.494	125.896	13237	0	1
2020.08.18	16:00:00	125.904	126.089	125.674	125.731	18261	0	0
2020.08.18	20:00:00	125.729	125.836	125.721	125.753	4868	0	1
2020.08.19	00:00:00	125.753	125.823	125.593	125.650	8067	0	1
2020.08.19	04:00:00	125.650	125.978	125.640	125.942	8894	0	1
2020.08.19	08:00:00	125.941	126.057	125.808	125.834	12110	0	1
2020.08.19	12:00:00	125.834	125.934	125.522	125.808	12391	0	1
2020.08.19	16:00:00	125.803	125.961	125.519	125.582	17715	0	1
2020.08.19	20:00:00	125.582	125.690	125.366	125.596	13014	0	1
2020.08.20	00:00:00	125.596	125.712	125.468	125.654	7448	0	1
2020.08.20	04:00:00	125.654	125.715	125.554	125.615	8384	0	1
2020.08.20	08:00:00	125.614	125.780	125.244	125.398	15183	0	1
2020.08.20	12:00:00	125.394	125.496	125.269	125.309	15069	0	0
2020.08.20	16:00:00	125.309	125.532	125.080	125.476	19335	0	0
2020.08.20	20:00:00	125.471	125.523	125.338	125.474	6668	0	1
2020.08.21	00:00:00	125.469	125.539	125.320	125.492	5520	0	1
2020.08.21	04:00:00	125.492	125.557	125.356	125.451	6241	0	1
2020.08.21	08:00:00	125.451	125.469	124.535	124.647	13666	0	0
2020.08.21	12:00:00	124.647	124.807	124.447	124.594	16564	0	0
2020.08.21	16:00:00	124.594	124.895	124.440	124.636	16428	0	1
2020.08.21	20:00:00	124.636	124.864	124.624	124.823	5766	0	0
2020.08.24	00:00:00	124.712	124.971	124.705	124.754	5330	0	1
2020.08.24	04:00:00	124.754	124.855	124.687	124.844	5823	0	1
2020.08.24	08:00:00	124.845	125.130	124.831	125.111	9634	0	1
2020.08.24	12:00:00	125.112	125.342	125.066	125.275	9899	0	1
2020.08.24	16:00:00	125.276	125.305	124.916	124.939	14226	0	1
2020.08.24	20:00:00	124.940	125.018	124.901	124.915	4954	0	1
2020.08.25	00:00:00	124.908	125.058	124.891	125.056	7022	0	1
2020.08.25	04:00:00	125.056	125.207	124.945	125.176	6270	0	1
2020.08.25	08:00:00	125.176	125.736	125.132	125.723	10840	0	1
2020.08.25	12:00:00	125.723	126.028	125.567	125.750	13052	0	1
2020.08.25	16:00:00	125.750	126.013	125.626	125.723	17253	0	0
2020.08.25	20:00:00	125.723	125.935	125.708	125.900	5486	0	1
2020.08.26	00:00:00	125.896	126.136	125.842	125.936	5430	0	2
2020.08.26	04:00:00	125.935	126.048	125.638	125.668	5817	0	1
2020.08.26	08:00:00	125.668	125.750	125.413	125.492	11089	0	0
2020.08.26	12:00:00	125.492	125.612	125.257	125.425	11697	0	0
2020.08.26	16:00:00	125.425	125.574	125.302	125.427	14933	0	1
2020.08.26	20:00:00	125.427	125.487	125.260	125.378	5997	0	1
2020.08.27	00:00:00	125.374	125.442	125.260	125.411	12252	0	1
2020.08.27	04:00:00	125.411	125.563	125.342	125.360	6463	0	1
2020.08.27	08:00:00	125.361	125.619	125.288	125.497	11508	0	1
2020.08.27	12:00:00	125.497	125.556	125.164	125.529	12472	0	1
2020.08.27	16:00:00	125.530	125.987	125.129	125.855	33404	0	0
2020.08.27	20:00:00	125.855	126.090	125.799	125.975	9138	0	3
2020.08.28	00:00:00	125.969	126.147	125.893	126.033	8328	0	0
2020.08.28	04:00:00	126.033	126.777	125.977	126.688	9873	0	0
2020.08.28	08:00:00	126.688	126.739	125.952	126.060	23463	0	0
2020.08.28	12:00:00	126.064	126.098	125.328	125.440	17875	0	2
2020.08.28	16:00:00	125.440	125.603	125.194	125.303	18387	0	0
2020.08.28	20:00:00	125.304	125.433	125.274	125.417	6182	0	2
2020.08.31	00:00:00	125.469	125.940	125.379	125.510	10375	0	0
2020.08.31	04:00:00	125.510	125.799	125.398	125.755	8173	0	1
2020.08.31	08:00:00	125.754	126.105	125.637	126.083	12197	0	1
2020.08.31	12:00:00	126.078	126.517	125.993	126.486	12159	0	0
2020.08.31	16:00:00	126.491	126.842	126.373	126.390	16316	0	0
2020.08.31	20:00:00	126.390	126.461	126.301	126.412	6862	0	0
2020.09.01	00:00:00	126.412	126.661	126.338	126.362	7099	0	0
2020.09.01	04:00:00	126.362	126.803	126.320	126.786	10537	0	0
2020.09.01	08:00:00	126.785	126.828	126.457	126.590	14787	0	1
2020.09.01	12:00:00	126.589	126.973	126.525	126.904	13449	0	1
2020.09.01	16:00:00	126.901	127.072	126.501	126.521	17784	0	0
2020.09.01	20:00:00	126.521	126.521	126.135	126.209	8292	0	0
2020.09.02	00:00:00	126.211	126.305	126.174	126.261	5752	0	0
2020.09.02	04:00:00	126.261	126.310	126.083	126.239	7256	0	1
2020.09.02	08:00:00	126.238	126.309	125.827	125.915	12644	0	0
2020.09.02	12:00:00	125.913	126.039	125.861	125.879	13210	0	1
2020.09.02	16:00:00	125.878	125.893	125.549	125.787	16765	0	0
2020.09.02	20:00:00	125.788	125.902	125.639	125.874	7556	0	2
2020.09.03	00:00:00	125.798	125.928	125.670	125.679	4880	0	0
2020.09.03	04:00:00	125.679	125.737	125.460	125.529	7558	0	1
2020.09.03	08:00:00	125.529	125.772	125.281	125.723	13132	0	1
2020.09.03	12:00:00	125.724	126.020	125.588	125.880	13333	0	1
2020.09.03	16:00:00	125.883	126.006	125.299	125.556	20124	0	0
2020.09.03	20:00:00	125.556	125.892	125.526	125.840	9667	0	1
2020.09.04	00:00:00	125.838	125.859	125.588	125.793	6353	0	1
2020.09.04	04:00:00	125.794	125.889	125.718	125.790	6793	0	0
2020.09.04	08:00:00	125.789	125.980	125.583	125.950	10912	0	1
2020.09.04	12:00:00	125.950	125.971	125.622	125.704	14335	0	1
2020.09.04	16:00:00	125.705	125.814	125.301	125.751	22377	0	0
2020.09.04	20:00:00	125.751	125.900	125.722	125.773	7690	0	0
2020.09.07	00:00:00	125.845	125.941	125.720	125.882	5460	0	1
2020.09.07	04:00:00	125.882	125.912	125.690	125.732	6668	0	0
2020.09.07	08:00:00	125.733	125.786	125.613	125.660	9579	0	1
2020.09.07	12:00:00	125.654	125.712	125.515	125.561	7976	0	1
2020.09.07	16:00:00	125.561	125.699	125.517	125.598	6477	0	1
2020.09.07	20:00:00	125.594	125.613	125.524	125.532	8678	0	2
2020.09.08	00:00:00	125.570	125.647	125.478	125.484	4189	0	1
2020.09.08	04:00:00	125.486	125.535	125.383	125.514	4863	0	1
2020.09.08	08:00:00	125.514	125.638	125.390	125.510	10972	0	1
2020.09.08	12:00:00	125.510	125.613	124.952	125.070	17444	0	0
2020.09.08	16:00:00	125.069	125.112	124.692	124.952	22107	0	0
2020.09.08	20:00:00	124.951	125.040	124.821	124.838	7594	0	1
2020.09.09	00:00:00	124.852	124.891	124.414	124.800	9065	0	1
2020.09.09	04:00:00	124.800	124.818	124.635	124.734	6371	0	1
2020.09.09	08:00:00	124.734	124.909	124.445	124.678	13058	0	0
2020.09.09	12:00:00	124.680	125.462	124.618	125.270	14398	0	1
2020.09.09	16:00:00	125.268	125.643	125.226	125.409	17448	0	0
2020.09.09	20:00:00	125.409	125.476	125.304	125.325	6231	0	2
2020.09.10	00:00:00	125.327	125.510	125.281	125.406	5393	0	1
2020.09.10	04:00:00	125.403	125.514	125.370	125.404	5900	0	1
2020.09.10	08:00:00	125.405	125.620	125.324	125.507	9605	0	1
2020.09.10	12:00:00	125.507	126.195	125.477	126.048	16421	0	0
2020.09.10	16:00:00	126.051	126.461	125.810	125.895	21385	0	0
2020.09.10	20:00:00	125.895	125.963	125.318	125.374	10899	0	1
2020.09.11	00:00:00	125.376	125.621	125.347	125.604	13719	0	1
2020.09.11	04:00:00	125.605	125.748	125.580	125.648	5752	0	0
2020.09.11	08:00:00	125.647	125.977	125.603	125.952	11215	0	0
2020.09.11	12:00:00	125.952	126.122	125.637	125.752	11358	0	1
2020.09.11	16:00:00	125.753	125.871	125.591	125.661	13979	0	0
2020.09.11	20:00:00	125.661	125.751	125.482	125.736	7093	0	0
2020.09.14	00:00:00	125.527	125.727	125.527	125.609	3737	0	1
2020.09.14	04:00:00	125.609	125.763	125.608	125.641	4735	0	1
2020.09.14	08:00:00	125.639	125.757	125.569	125.672	9010	0	0
2020.09.14	12:00:00	125.674	125.899	125.604	125.821	9996	0	1
2020.09.14	16:00:00	125.821	125.851	125.343	125.372	13348	0	0
2020.09.14	20:00:00	125.372	125.466	125.283	125.424	5086	0	1
2020.09.15	00:00:00	125.429	125.493	125.320	125.462	4105	0	0
2020.09.15	04:00:00	125.462	125.713	125.362	125.693	5352	0	1
2020.09.15	08:00:00	125.696	125.749	125.563	125.689	7216	0	0
2020.09.15	12:00:00	125.689	125.765	125.128	125.168	9613	0	0
2020.09.15	16:00:00	125.167	125.199	124.753	124.996	11971	0	0
2020.09.15	20:00:00	124.995	125.070	124.848	124.906	4221	0	1
2020.09.16	00:00:00	124.901	124.924	124.525	124.673	4185	0	1
2020.09.16	04:00:00	124.673	124.766	124.580	124.753	5233	0	1
2020.09.16	08:00:00	124.753	124.932	124.723	124.821	6640	0	0
2020.09.16	12:00:00	124.821	125.014	124.266	124.367	10118	0	0
2020.09.16	16:00:00	124.368	124.437	123.889	124.133	13344	0	0
2020.09.16	20:00:00	124.133	124.277	123.834	124.004	16394	0	0
2020.09.17	00:00:00	124.004	124.083	123.524	123.726	7267	0	0
2020.09.17	04:00:00	123.725	123.830	123.309	123.555	10079	0	0
2020.09.17	08:00:00	123.554	123.745	123.339	123.636	12712	0	0
2020.09.17	12:00:00	123.636	123.646	123.333	123.456	11490	0	0
2020.09.17	16:00:00	123.456	123.956	123.350	123.932	15034	0	0
2020.09.17	20:00:00	123.933	124.133	123.889	124.094	5573	0	0
2020.09.18	00:00:00	124.088	124.309	124.009	124.170	5233	0	0
2020.09.18	04:00:00	124.170	124.247	124.125	124.184	5744	0	1
2020.09.18	08:00:00	124.185	124.273	123.804	123.903	7878	0	1
2020.09.18	12:00:00	123.903	123.981	123.434	123.644	9123	0	0
2020.09.18	16:00:00	123.649	123.908	123.456	123.851	11668	0	0
2020.09.18	20:00:00	123.853	124.006	123.808	123.820	6231	0	0
2020.09.21	00:00:00	123.825	123.938	123.671	123.867	4500	0	1
2020.09.21	04:00:00	123.867	123.883	123.682	123.759	4879	0	1
2020.09.21	08:00:00	123.760	123.829	122.729	122.872	12447	0	0
2020.09.21	12:00:00	122.872	122.986	122.514	122.599	13157	0	0
2020.09.21	16:00:00	122.596	123.416	122.556	122.978	17941	0	0
2020.09.21	20:00:00	122.978	123.345	122.935	123.178	6784	0	0
2020.09.22	00:00:00	123.171	123.273	123.096	123.157	4215	0	1
2020.09.22	04:00:00	123.157	123.159	122.849	123.023	5700	0	0
2020.09.22	08:00:00	123.023	123.023	122.655	122.792	11068	0	0
2020.09.22	12:00:00	122.791	122.938	122.682	122.849	10908	0	0
2020.09.22	16:00:00	122.847	123.131	122.698	122.921	16732	0	0
2020.09.22	20:00:00	122.921	122.982	122.818	122.843	4960	0	1
2020.09.23	00:00:00	122.842	123.023	122.759	122.773	7949	0	0
2020.09.23	04:00:00	122.773	122.969	122.656	122.703	6672	0	1
2020.09.23	08:00:00	122.703	122.994	122.573	122.985	10470	0	0
2020.09.23	12:00:00	122.984	123.044	122.848	122.964	10023	0	0
2020.09.23	16:00:00	122.964	123.190	122.764	123.137	13593	0	0
2020.09.23	20:00:00	123.140	123.147	122.834	122.877	6923	0	1
2020.09.24	00:00:00	122.873	123.074	122.724	123.031	5786	0	1
2020.09.24	04:00:00	123.033	123.117	122.856	122.874	5445	0	1
2020.09.24	08:00:00	122.874	122.895	122.582	122.799	10129	0	0
2020.09.24	12:00:00	122.799	122.896	122.580	122.692	10232	0	0
2020.09.24	16:00:00	122.692	123.021	122.641	122.991	15024	0	0
2020.09.24	20:00:00	122.990	123.156	122.954	123.019	6951	0	1
2020.09.25	00:00:00	123.016	123.144	122.967	123.107	4824	0	1
2020.09.25	04:00:00	123.106	123.151	122.932	122.964	5367	0	1
2020.09.25	08:00:00	122.963	123.080	122.777	122.895	10374	0	0
2020.09.25	12:00:00	122.895	122.902	122.608	122.767	11426	0	0
2020.09.25	16:00:00	122.767	122.901	122.645	122.716	12458	0	0
2020.09.25	20:00:00	122.716	122.858	122.701	122.750	6271	0	1
2020.09.28	00:00:00	122.680	122.881	122.390	122.423	5136	0	1
2020.09.28	04:00:00	122.423	122.720	122.423	122.481	5081	0	0
2020.09.28	08:00:00	122.480	122.690	122.377	122.615	8322	0	0
2020.09.28	12:00:00	122.615	123.130	122.569	123.032	8764	0	0
2020.09.28	16:00:00	123.032	123.206	122.961	123.037	11386	0	0
2020.09.28	20:00:00	123.037	123.129	123.009	123.016	4387	0	0
2020.09.29	00:00:00	123.052	123.168	123.006	123.059	6551	0	1
2020.09.29	04:00:00	123.059	123.261	123.031	123.261	5375	0	1
2020.09.29	08:00:00	123.261	123.480	123.185	123.461	9860	0	1
2020.09.29	12:00:00	123.461	123.720	123.391	123.631	10207	0	0
2020.09.29	16:00:00	123.631	124.067	123.543	124.015	14214	0	0
2020.09.29	20:00:00	124.015	124.114	123.957	124.076	5314	0	1
2020.09.30	00:00:00	123.999	124.199	123.999	124.178	4424	0	1
2020.09.30	04:00:00	124.177	124.247	123.769	123.794	8034	0	0
2020.09.30	08:00:00	123.794	124.031	123.621	123.723	12189	0	0
2020.09.30	12:00:00	123.722	123.838	123.579	123.721	11762	0	0
2020.09.30	16:00:00	123.723	123.933	123.548	123.693	19513	0	0
2020.09.30	20:00:00	123.693	123.739	123.528	123.589	10042	0	0
2020.10.01	00:00:00	123.607	123.745	123.558	123.627	5469	0	0
2020.10.01	04:00:00	123.627	123.890	123.624	123.859	5395	0	0
2020.10.01	08:00:00	123.859	124.019	123.707	123.786	12791	0	1
2020.10.01	12:00:00	123.789	124.203	123.779	124.100	16009	0	0
2020.10.01	16:00:00	124.101	124.166	123.862	123.964	19105	0	0
2020.10.01	20:00:00	123.964	124.012	123.896	123.970	7351	0	0
2020.10.02	00:00:00	123.970	124.002	123.822	123.856	6149	0	1
2020.10.02	04:00:00	123.856	123.914	123.538	123.556	7021	0	1
2020.10.02	08:00:00	123.557	123.558	123.019	123.237	22374	0	0
2020.10.02	12:00:00	123.226	123.411	123.102	123.178	14994	0	0
2020.10.02	16:00:00	123.179	123.532	123.097	123.472	17196	0	0
2020.10.02	20:00:00	123.471	123.504	123.391	123.404	6812	0	0
2020.10.05	00:00:00	123.311	123.799	123.286	123.760	8381	0	0
2020.10.05	04:00:00	123.760	123.857	123.729	123.844	5313	0	1
2020.10.05	08:00:00	123.845	124.120	123.755	124.108	9594	0	1
2020.10.05	12:00:00	124.110	124.285	124.078	124.206	9224	0	0
2020.10.05	16:00:00	124.210	124.709	124.195	124.646	11981	0	0
2020.10.05	20:00:00	124.643	124.649	124.448	124.591	4877	0	1
2020.10.06	00:00:00	124.579	124.687	124.489	124.611	5153	0	0
2020.10.06	04:00:00	124.610	124.651	124.505	124.509	5146	0	1
2020.10.06	08:00:00	124.509	124.692	124.195	124.300	9423	0	0
2020.10.06	12:00:00	124.299	124.723	124.261	124.592	10645	0	0
2020.10.06	16:00:00	124.592	124.729	124.376	124.423	12566	0	0
2020.10.06	20:00:00	124.423	124.540	123.843	123.932	13918	0	0
2020.10.07	00:00:00	123.934	124.064	123.877	123.991	5791	0	0
2020.10.07	04:00:00	123.991	124.076	123.865	124.056	6217	0	0
2020.10.07	08:00:00	124.055	124.649	124.011	124.620	11645	0	0
2020.10.07	12:00:00	124.620	124.874	124.598	124.729	12171	0	0
2020.10.07	16:00:00	124.727	124.763	124.607	124.732	13366	0	1
2020.10.07	20:00:00	124.732	124.806	124.622	124.625	6348	0	0
2020.10.08	00:00:00	124.620	124.835	124.597	124.759	8033	0	1
2020.10.08	04:00:00	124.759	124.799	124.661	124.718	5534	0	1
2020.10.08	08:00:00	124.718	124.871	124.542	124.635	9333	0	0
2020.10.08	12:00:00	124.634	124.724	124.552	124.587	8825	0	1
2020.10.08	16:00:00	124.587	124.616	124.361	124.608	12268	0	0
2020.10.08	20:00:00	124.608	124.696	124.583	124.667	5026	0	1
2020.10.09	00:00:00	124.637	124.765	124.511	124.584	4946	0	1
2020.10.09	04:00:00	124.584	124.702	124.525	124.651	5734	0	0
2020.10.09	08:00:00	124.651	124.962	124.645	124.934	8918	0	0
2020.10.09	12:00:00	124.934	125.049	124.859	125.003	9767	0	0
2020.10.09	16:00:00	125.003	125.085	124.769	124.964	13868	0	0
2020.10.09	20:00:00	124.964	124.986	124.852	124.941	5246	0	1
2020.10.12	00:00:00	124.958	124.998	124.719	124.765	5506	0	0
2020.10.12	04:00:00	124.762	124.850	124.614	124.672	5662	0	0
2020.10.12	08:00:00	124.672	124.764	124.578	124.724	8598	0	1
2020.10.12	12:00:00	124.724	124.734	124.321	124.440	8501	0	0
2020.10.12	16:00:00	124.440	124.498	124.282	124.389	9440	0	0
2020.10.12	20:00:00	124.389	124.449	124.357	124.406	4059	0	1
2020.10.13	00:00:00	124.403	124.465	124.237	124.318	9027	0	0
2020.10.13	04:00:00	124.318	124.388	124.190	124.384	6495	0	1
2020.10.13	08:00:00	124.384	124.434	124.150	124.342	10583	0	1
2020.10.13	12:00:00	124.342	124.453	124.258	124.428	9754	0	1
2020.10.13	16:00:00	124.429	124.433	123.821	123.846	12526	0	0
2020.10.13	20:00:00	123.846	123.937	123.803	123.881	4923	0	1
2020.10.14	00:00:00	123.880	123.943	123.819	123.838	5233	0	2
2020.10.14	04:00:00	123.838	123.849	123.634	123.813	6721	0	0
2020.10.14	08:00:00	123.813	123.933	123.671	123.701	9089	0	0
2020.10.14	12:00:00	123.701	123.818	123.576	123.761	12374	0	0
2020.10.14	16:00:00	123.761	123.781	123.471	123.563	11850	0	0
2020.10.14	20:00:00	123.564	123.589	123.475	123.515	4639	0	1
2020.10.15	00:00:00	123.485	123.676	123.443	123.619	7279	0	0
2020.10.15	04:00:00	123.619	123.771	123.597	123.721	7207	0	1
2020.10.15	08:00:00	123.721	123.748	123.231	123.271	10938	0	0
2020.10.15	12:00:00	123.271	123.412	123.073	123.100	11666	0	0
2020.10.15	16:00:00	123.100	123.360	123.015	123.269	14730	0	0
2020.10.15	20:00:00	123.269	123.452	123.260	123.433	5305	0	1
2020.10.16	00:00:00	123.425	123.465	123.255	123.345	6837	0	1
2020.10.16	04:00:00	123.345	123.414	123.111	123.145	6464	0	1
2020.10.16	08:00:00	123.145	123.388	123.120	123.155	9517	0	0
2020.10.16	12:00:00	123.157	123.710	123.156	123.616	12784	0	0
2020.10.16	16:00:00	123.616	123.631	123.351	123.514	11981	0	0
2020.10.16	20:00:00	123.513	123.561	123.450	123.491	4138	0	1
2020.10.19	00:00:00	123.468	123.635	123.390	123.540	4727	0	1
2020.10.19	04:00:00	123.541	123.567	123.398	123.414	5667	0	1
2020.10.19	08:00:00	123.414	123.705	123.362	123.642	8784	0	1
2020.10.19	12:00:00	123.642	124.148	123.642	124.058	9217	0	0
2020.10.19	16:00:00	124.058	124.337	124.054	124.197	10812	0	0
2020.10.19	20:00:00	124.197	124.225	124.041	124.084	5017	0	1
2020.10.20	00:00:00	124.086	124.340	123.981	124.288	8935	0	0
2020.10.20	04:00:00	124.288	124.315	124.166	124.277	5728	0	0
2020.10.20	08:00:00	124.274	124.410	124.107	124.334	8447	0	1
2020.10.20	12:00:00	124.334	124.906	124.333	124.824	10092	0	0
2020.10.20	16:00:00	124.824	124.997	124.775	124.842	11522	0	0
2020.10.20	20:00:00	124.844	124.906	124.671	124.719	6098	0	0
2020.10.21	00:00:00	124.718	124.834	124.647	124.698	6444	0	0
2020.10.21	04:00:00	124.697	124.835	124.662	124.748	7022	0	0
2020.10.21	08:00:00	124.748	124.832	124.355	124.362	12989	0	0
2020.10.21	12:00:00	124.362	124.374	124.057	124.068	11996	0	0
2020.10.21	16:00:00	124.071	124.175	123.910	124.083	13887	0	0
2020.10.21	20:00:00	124.083	124.085	123.947	124.039	5707	0	1
2020.10.22	00:00:00	124.035	124.090	123.893	123.939	7816	0	2
2020.10.22	04:00:00	123.939	124.050	123.936	124.025	5524	0	1
2020.10.22	08:00:00	124.025	124.070	123.799	123.982	9855	0	0
2020.10.22	12:00:00	123.983	124.025	123.645	123.712	10063	0	0
2020.10.22	16:00:00	123.712	124.082	123.688	123.911	12172	0	0
2020.10.22	20:00:00	123.911	124.009	123.880	123.925	3943	0	1
2020.10.23	00:00:00	123.912	124.017	123.408	123.586	9509	0	0
2020.10.23	04:00:00	123.586	123.657	123.507	123.569	5859	0	1
2020.10.23	08:00:00	123.569	123.908	123.474	123.853	9755	0	0
2020.10.23	12:00:00	123.851	124.211	123.806	124.093	9342	0	0
2020.10.23	16:00:00	124.091	124.150	123.966	124.046	11413	0	1
2020.10.23	20:00:00	124.047	124.225	124.045	124.184	4048	0	1
2020.10.26	00:00:00	124.084	124.191	123.960	124.150	8286	0	0
2020.10.26	04:00:00	124.150	124.201	124.082	124.095	4928	0	0
2020.10.26	08:00:00	124.092	124.195	123.772	123.851	10912	0	0
2020.10.26	12:00:00	123.851	124.154	123.819	124.031	10146	0	0
2020.10.26	16:00:00	124.031	124.067	123.863	123.903	10769	0	1
2020.10.26	20:00:00	123.903	123.916	123.774	123.810	4485	0	0
2020.10.27	00:00:00	123.807	123.899	123.684	123.817	6555	0	1
2020.10.27	04:00:00	123.817	123.954	123.735	123.943	4128	0	0
2020.10.27	08:00:00	123.943	123.992	123.498	123.525	10449	0	1
2020.10.27	12:00:00	123.524	123.848	123.498	123.795	9989	0	1
2020.10.27	16:00:00	123.796	123.833	123.453	123.478	11336	0	0
2020.10.27	20:00:00	123.478	123.516	123.047	123.125	5919	0	1
2020.10.28	00:00:00	123.125	123.185	122.953	123.008	8243	0	0
2020.10.28	04:00:00	123.008	123.029	122.740	122.853	5993	0	0
2020.10.28	08:00:00	122.854	122.854	122.431	122.431	15003	0	0
2020.10.28	12:00:00	122.432	122.501	122.185	122.429	17063	0	0
2020.10.28	16:00:00	122.430	122.696	122.208	122.577	15458	0	0
2020.10.28	20:00:00	122.577	122.656	122.490	122.518	6824	0	0
2020.10.29	00:00:00	122.509	122.887	122.501	122.838	7413	0	0
2020.10.29	04:00:00	122.838	122.859	122.656	122.716	5204	0	0
2020.10.29	08:00:00	122.716	122.724	122.064	122.085	13621	0	0
2020.10.29	12:00:00	122.085	122.202	121.891	122.003	18597	0	0
2020.10.29	16:00:00	122.009	122.164	121.918	122.053	15633	0	0
2020.10.29	20:00:00	122.053	122.209	122.046	122.101	7001	0	1
2020.10.30	00:00:00	122.094	122.135	121.953	122.063	7698	0	0
2020.10.30	04:00:00	122.063	122.114	121.616	121.739	7977	0	0
2020.10.30	08:00:00	121.737	121.967	121.648	121.903	14165	0	0
2020.10.30	12:00:00	121.912	122.462	121.798	122.140	15416	0	0
2020.10.30	16:00:00	122.140	122.323	121.689	121.877	16327	0	0
2020.10.30	20:00:00	121.878	121.955	121.822	121.904	5437	0	1
2020.11.02	00:00:00	121.703	121.969	121.700	121.901	9719	0	1
2020.11.02	04:00:00	121.900	121.922	121.792	121.840	5540	0	0
2020.11.02	08:00:00	121.839	122.150	121.829	121.993	12452	0	0
2020.11.02	12:00:00	121.994	122.062	121.787	121.794	10497	0	0
2020.11.02	16:00:00	121.794	122.012	121.727	121.917	11207	0	0
2020.11.02	20:00:00	121.917	121.997	121.845	121.919	4909	0	0
2020.11.03	00:00:00	121.919	122.043	121.795	122.018	4215	0	0
2020.11.03	04:00:00	122.017	122.089	121.951	122.042	4303	0	1
2020.11.03	08:00:00	122.042	122.475	121.802	122.466	10765	0	0
2020.11.03	12:00:00	122.465	122.750	122.379	122.486	11116	0	0
2020.11.03	16:00:00	122.486	122.706	122.339	122.356	14938	0	1
2020.11.03	20:00:00	122.356	122.524	122.329	122.346	8428	0	1
2020.11.04	00:00:00	122.356	123.068	122.151	122.217	24369	0	0
2020.11.04	04:00:00	122.222	122.689	122.026	122.346	28543	0	1
2020.11.04	08:00:00	122.339	122.712	121.957	122.456	20288	0	0
2020.11.04	12:00:00	122.458	122.498	122.131	122.340	18931	0	0
2020.11.04	16:00:00	122.339	122.596	122.066	122.501	17760	0	0
2020.11.04	20:00:00	122.501	122.557	122.350	122.537	8620	0	1
2020.11.05	00:00:00	122.544	122.620	122.228	122.269	13173	0	0
2020.11.05	04:00:00	122.271	122.497	122.210	122.406	12476	0	0
2020.11.05	08:00:00	122.406	123.027	122.406	122.949	20191	0	0
2020.11.05	12:00:00	122.949	123.184	122.698	122.733	24478	0	0
2020.11.05	16:00:00	122.732	122.795	122.356	122.421	24168	0	0
2020.11.05	20:00:00	122.421	122.565	122.338	122.426	12960	0	0
2020.11.06	00:00:00	122.426	122.723	122.249	122.390	15023	0	1
2020.11.06	04:00:00	122.390	122.503	122.219	122.321	15381	0	0
2020.11.06	08:00:00	122.321	122.635	122.313	122.538	17498	0	0
2020.11.06	12:00:00	122.538	122.841	122.456	122.781	21525	0	0
2020.11.06	16:00:00	122.781	122.991	122.629	122.714	25608	0	0
2020.11.06	20:00:00	122.714	122.771	122.646	122.743	7285	0	1
2020.11.09	00:00:00	122.769	122.884	122.669	122.837	12652	0	1
2020.11.09	04:00:00	122.837	123.141	122.828	123.011	10616	0	0
2020.11.09	08:00:00	123.011	123.202	122.893	123.161	18409	0	0
2020.11.09	12:00:00	123.162	124.919	123.065	124.713	34508	0	0
2020.11.09	16:00:00	124.712	125.133	124.488	124.633	36685	0	0
2020.11.09	20:00:00	124.633	124.758	124.436	124.456	15063	0	0
2020.11.10	00:00:00	124.461	124.521	124.031	124.078	17485	0	0
2020.11.10	04:00:00	124.079	124.291	123.988	124.204	16882	0	0
2020.11.10	08:00:00	124.205	124.445	124.093	124.336	22212	0	0
2020.11.10	12:00:00	124.336	124.430	124.095	124.295	24544	0	1
2020.11.10	16:00:00	124.294	124.604	124.261	124.453	25637	0	0
2020.11.10	20:00:00	124.453	124.542	124.285	124.388	10756	0	1
2020.11.11	00:00:00	124.363	124.450	124.162	124.293	11201	0	0
2020.11.11	04:00:00	124.293	124.481	124.262	124.425	9291	0	1
2020.11.11	08:00:00	124.425	124.674	124.240	124.342	16757	0	0
2020.11.11	12:00:00	124.342	124.349	123.970	124.029	18052	0	0
2020.11.11	16:00:00	124.029	124.290	123.919	124.282	17204	0	0
2020.11.11	20:00:00	124.282	124.286	124.079	124.148	7079	0	0
2020.11.12	00:00:00	124.149	124.224	123.955	123.987	11739	0	0
2020.11.12	04:00:00	123.987	124.085	123.818	123.883	10511	0	0
2020.11.12	08:00:00	123.883	124.501	123.684	124.453	16063	0	0
2020.11.12	12:00:00	124.454	124.501	124.182	124.249	15229	0	0
2020.11.12	16:00:00	124.249	124.264	123.942	124.141	18531	0	0
2020.11.12	20:00:00	124.141	124.187	124.009	124.108	9690	0	0
2020.11.13	00:00:00	124.107	124.124	123.832	123.891	14134	0	0
2020.11.13	04:00:00	123.891	123.891	123.792	123.826	9104	0	0
2020.11.13	08:00:00	123.827	124.253	123.827	124.203	13846	0	0
2020.11.13	12:00:00	124.199	124.301	123.755	123.810	13476	0	0
2020.11.13	16:00:00	123.810	123.953	123.657	123.718	16628	0	0
2020.11.13	20:00:00	123.718	123.849	123.705	123.787	6489	0	0
2020.11.16	00:00:00	123.965	124.021	123.783	123.867	9903	0	0
2020.11.16	04:00:00	123.865	123.969	123.802	123.906	7722	0	0
2020.11.16	08:00:00	123.905	123.942	123.667	123.828	13414	0	0
2020.11.16	12:00:00	123.828	124.441	123.737	123.932	24751	0	0
2020.11.16	16:00:00	123.932	123.976	123.625	123.792	17404	0	0
2020.11.16	20:00:00	123.791	123.987	123.712	123.923	6845	0	1
2020.11.17	00:00:00	123.923	124.024	123.859	123.983	10852	0	0
2020.11.17	04:00:00	123.983	124.007	123.879	123.910	7591	0	1
2020.11.17	08:00:00	123.911	123.974	123.716	123.776	14907	0	0
2020.11.17	12:00:00	123.776	123.929	123.643	123.783	15165	0	0
2020.11.17	16:00:00	123.784	123.795	123.516	123.642	16608	0	0
2020.11.17	20:00:00	123.642	123.690	123.558	123.596	6967	0	0
2020.11.18	00:00:00	123.584	123.634	123.360	123.407	10357	0	0
2020.11.18	04:00:00	123.407	123.577	123.397	123.480	9562	0	0
2020.11.18	08:00:00	123.480	123.591	123.366	123.460	15243	0	0
2020.11.18	12:00:00	123.460	123.505	123.219	123.295	16522	0	0
2020.11.18	16:00:00	123.296	123.318	123.017	123.235	15259	0	0
2020.11.18	20:00:00	123.235	123.256	123.029	123.060	8094	0	0
2020.11.19	00:00:00	123.068	123.121	122.882	122.995	11692	0	0
2020.11.19	04:00:00	122.995	123.028	122.846	122.976	10743	0	0
2020.11.19	08:00:00	122.976	123.187	122.864	123.094	17010	0	0
2020.11.19	12:00:00	123.094	123.207	123.037	123.054	16158	0	0
2020.11.19	16:00:00	123.055	123.085	122.938	122.994	16461	0	0
2020.11.19	20:00:00	122.994	123.318	122.990	123.178	9483	0	0
2020.11.20	00:00:00	123.169	123.383	123.138	123.365	10564	0	0
2020.11.20	04:00:00	123.365	123.482	123.270	123.340	9583	0	0
2020.11.20	08:00:00	123.340	123.382	123.059	123.100	13458	0	0
2020.11.20	12:00:00	123.100	123.277	123.059	123.187	15113	0	0
2020.11.20	16:00:00	123.186	123.243	123.009	123.090	14826	0	0
2020.11.20	20:00:00	123.090	123.180	123.046	123.141	6713	0	0
2020.11.23	00:00:00	122.972	123.247	122.972	123.220	10858	0	1
2020.11.23	04:00:00	123.220	123.222	123.163	123.215	3798	0	1
2020.11.23	08:00:00	123.215	123.335	123.107	123.280	12791	0	0
2020.11.23	12:00:00	123.280	123.494	123.183	123.420	13430	0	0
2020.11.23	16:00:00	123.418	123.581	123.213	123.550	23975	0	0
2020.11.23	20:00:00	123.550	123.827	123.525	123.740	8851	0	0
2020.11.24	00:00:00	123.740	123.892	123.630	123.831	11849	0	0
2020.11.24	04:00:00	123.831	123.904	123.662	123.692	9431	0	1
2020.11.24	08:00:00	123.693	123.906	123.693	123.840	13800	0	0
2020.11.24	12:00:00	123.840	124.148	123.839	124.081	15416	0	0
2020.11.24	16:00:00	124.081	124.349	123.976	124.217	17415	0	0
2020.11.24	20:00:00	124.219	124.267	124.156	124.177	8679	0	0
2020.11.25	00:00:00	124.212	124.407	124.169	124.366	12910	0	0
2020.11.25	04:00:00	124.366	124.479	124.285	124.305	9549	0	1
2020.11.25	08:00:00	124.305	124.508	124.145	124.225	16802	0	0
2020.11.25	12:00:00	124.226	124.366	124.152	124.284	13959	0	0
2020.11.25	16:00:00	124.284	124.376	124.152	124.324	17508	0	0
2020.11.25	20:00:00	124.324	124.508	124.323	124.460	7424	0	0
2020.11.26	00:00:00	124.434	124.496	124.364	124.432	8635	0	1
2020.11.26	04:00:00	124.433	124.459	124.334	124.457	6468	0	0
2020.11.26	08:00:00	124.457	124.568	124.097	124.111	11270	0	1
2020.11.26	12:00:00	124.110	124.222	123.909	124.042	10038	0	1
2020.11.26	16:00:00	124.042	124.207	124.021	124.205	8692	0	1
2020.11.26	20:00:00	124.205	124.242	124.135	124.193	8422	0	0
2020.11.27	00:00:00	124.200	124.230	123.901	123.936	6778	0	0
2020.11.27	04:00:00	123.936	124.034	123.908	123.970	7533	0	0
2020.11.27	08:00:00	123.968	124.155	123.901	124.039	10373	0	0
2020.11.27	12:00:00	124.039	124.346	123.969	124.327	11753	0	0
2020.11.27	16:00:00	124.327	124.427	124.199	124.381	14499	0	0
2020.11.27	20:00:00	124.382	124.536	124.336	124.488	6436	0	0
2020.11.30	00:00:00	124.359	124.666	124.309	124.368	9030	0	0
2020.11.30	04:00:00	124.366	124.409	124.305	124.338	7535	0	0
2020.11.30	08:00:00	124.338	124.965	124.315	124.679	14559	0	1
2020.11.30	12:00:00	124.680	124.870	124.561	124.862	13722	0	0
2020.11.30	16:00:00	124.862	125.125	124.577	124.667	22493	0	0
2020.11.30	20:00:00	124.667	124.692	124.380	124.380	8192	0	0
2020.12.01	00:00:00	124.409	124.695	124.370	124.695	8161	0	0
2020.12.01	04:00:00	124.695	124.921	124.669	124.804	8101	0	0
2020.12.01	08:00:00	124.804	124.951	124.753	124.931	13539	0	0
2020.12.01	12:00:00	124.931	125.126	124.849	125.118	14652	0	0
2020.12.01	16:00:00	125.119	125.795	125.091	125.660	23072	0	0
2020.12.01	20:00:00	125.659	125.954	125.648	125.904	8370	0	1
2020.12.02	00:00:00	125.898	126.045	125.778	126.031	13289	0	0
2020.12.02	04:00:00	126.031	126.137	126.017	126.028	8271	0	0
2020.12.02	08:00:00	126.029	126.301	125.991	126.190	17107	0	0
2020.12.02	12:00:00	126.190	126.325	126.090	126.230	17295	0	0
2020.12.02	16:00:00	126.229	126.482	126.073	126.390	19455	0	0
2020.12.02	20:00:00	126.388	126.549	126.352	126.475	7933	0	0
2020.12.03	00:00:00	126.476	126.630	126.433	126.602	12640	0	0
2020.12.03	04:00:00	126.601	126.654	126.546	126.591	7722	0	0
2020.12.03	08:00:00	126.591	126.631	126.200	126.286	15024	0	0
2020.12.03	12:00:00	126.287	126.567	126.238	126.422	16829	0	0
2020.12.03	16:00:00	126.422	126.470	126.030	126.175	20401	0	0
2020.12.03	20:00:00	126.174	126.267	126.067	126.120	8782	0	0
2020.12.04	00:00:00	126.120	126.160	126.006	126.089	7960	0	0
2020.12.04	04:00:00	126.089	126.348	126.042	126.328	7190	0	1
2020.12.04	08:00:00	126.327	126.570	126.223	126.484	15971	0	0
2020.12.04	12:00:00	126.482	126.678	126.264	126.332	19335	0	0
2020.12.04	16:00:00	126.333	126.570	126.312	126.435	19044	0	0
2020.12.04	20:00:00	126.435	126.480	126.182	126.268	7558	0	0
2020.12.07	00:00:00	126.281	126.432	126.162	126.246	8976	0	0
2020.12.07	04:00:00	126.247	126.276	126.128	126.272	6875	0	1
2020.12.07	08:00:00	126.272	126.310	125.972	126.115	15977	0	0
2020.12.07	12:00:00	126.115	126.356	126.051	126.268	15736	0	0
2020.12.07	16:00:00	126.268	126.484	126.134	126.166	16527	0	0
2020.12.07	20:00:00	126.166	126.166	125.961	125.985	9277	0	0
2020.12.08	00:00:00	125.992	126.044	125.859	125.964	14485	0	0
2020.12.08	04:00:00	125.964	126.100	125.954	126.080	7604	0	0
2020.12.08	08:00:00	126.082	126.248	125.906	126.141	13636	0	0
2020.12.08	12:00:00	126.141	126.257	126.034	126.151	18646	0	1
2020.12.08	16:00:00	126.152	126.257	126.048	126.146	18208	0	0
2020.12.08	20:00:00	126.146	126.191	126.045	126.048	6798	0	0
2020.12.09	00:00:00	126.048	126.181	125.895	126.122	9541	0	1
2020.12.09	04:00:00	126.122	126.347	126.105	126.347	6787	0	1
2020.12.09	08:00:00	126.347	126.517	126.181	126.214	12861	0	0
2020.12.09	12:00:00	126.213	126.329	126.011	126.235	14199	0	0
2020.12.09	16:00:00	126.235	126.273	125.829	125.965	19470	0	0
2020.12.09	20:00:00	125.965	125.965	125.784	125.898	10496	0	1
2020.12.10	00:00:00	125.899	126.028	125.792	125.987	9169	0	0
2020.12.10	04:00:00	125.987	126.358	125.978	126.302	8853	0	0
2020.12.10	08:00:00	126.303	126.561	126.254	126.458	13831	0	0
2020.12.10	12:00:00	126.458	126.636	126.236	126.557	18799	0	0
2020.12.10	16:00:00	126.556	126.738	126.301	126.418	25082	0	0
2020.12.10	20:00:00	126.415	126.558	126.367	126.520	10161	0	1
2020.12.11	00:00:00	126.515	126.610	126.269	126.407	9880	0	0
2020.12.11	04:00:00	126.407	126.518	126.342	126.423	7118	0	0
2020.12.11	08:00:00	126.422	126.527	125.994	126.060	14073	0	0
2020.12.11	12:00:00	126.064	126.298	126.033	126.058	17204	0	0
2020.12.11	16:00:00	126.056	126.224	125.784	125.909	19249	0	0
2020.12.11	20:00:00	125.908	126.075	125.890	125.997	7506	0	0
2020.12.14	00:00:00	126.126	126.247	125.978	126.147	10500	0	1
2020.12.14	04:00:00	126.147	126.303	126.121	126.299	6815	0	1
2020.12.14	08:00:00	126.299	126.387	126.083	126.138	13539	0	0
2020.12.14	12:00:00	126.139	126.241	126.006	126.047	14864	0	0
2020.12.14	16:00:00	126.045	126.513	125.917	126.448	19057	0	0
2020.12.14	20:00:00	126.449	126.490	126.308	126.329	6320	0	0
2020.12.15	00:00:00	126.349	126.575	126.271	126.565	8204	0	0
2020.12.15	04:00:00	126.565	126.572	126.453	126.484	7558	0	0
2020.12.15	08:00:00	126.483	126.588	126.236	126.495	12009	0	1
2020.12.15	12:00:00	126.492	126.536	125.956	125.971	15669	0	0
2020.12.15	16:00:00	125.971	126.214	125.957	126.147	14908	0	0
2020.12.15	20:00:00	126.148	126.188	125.937	125.975	8026	0	0
2020.12.16	00:00:00	125.998	126.040	125.858	125.937	8853	0	0
2020.12.16	04:00:00	125.936	125.994	125.793	125.867	6781	0	1
2020.12.16	08:00:00	125.867	126.189	125.706	126.077	15961	0	0
2020.12.16	12:00:00	126.074	126.159	125.918	126.135	13888	0	0
2020.12.16	16:00:00	126.135	126.344	126.041	126.100	16071	0	0
2020.12.16	20:00:00	126.097	126.235	125.982	126.202	15406	0	0
2020.12.17	00:00:00	126.230	126.299	126.028	126.115	10111	0	0
2020.12.17	04:00:00	126.115	126.388	126.057	126.307	8330	0	0
2020.12.17	08:00:00	126.307	126.371	126.078	126.081	14898	0	0
2020.12.17	12:00:00	126.081	126.358	126.014	126.157	16081	0	0
2020.12.17	16:00:00	126.158	126.460	126.049	126.381	17361	0	0
2020.12.17	20:00:00	126.381	126.519	126.380	126.469	8058	0	0
2020.12.18	00:00:00	126.467	126.632	126.426	126.621	8608	0	0
2020.12.18	04:00:00	126.619	126.703	126.516	126.646	8713	0	0
2020.12.18	08:00:00	126.644	127.012	126.596	126.842	14772	0	0
2020.12.18	12:00:00	126.841	126.857	126.438	126.484	15480	0	0
2020.12.18	16:00:00	126.484	126.606	126.386	126.444	16199	0	0
2020.12.18	20:00:00	126.444	126.631	126.410	126.589	5987	0	0
2020.12.21	00:00:00	126.478	126.554	126.037	126.115	11353	0	0
2020.12.21	04:00:00	126.115	126.151	125.911	126.136	11862	0	0
2020.12.21	08:00:00	126.136	126.557	126.017	126.302	21179	0	0
2020.12.21	12:00:00	126.302	126.365	125.964	126.218	28577	0	0
2020.12.21	16:00:00	126.217	126.559	126.201	126.502	17882	0	1
2020.12.21	20:00:00	126.503	126.615	126.327	126.477	11200	0	3
2020.12.22	00:00:00	126.494	126.555	126.347	126.494	8491	0	0
2020.12.22	04:00:00	126.494	126.499	126.337	126.410	8565	0	1
2020.12.22	08:00:00	126.411	126.480	126.183	126.215	14833	0	0
2020.12.22	12:00:00	126.216	126.657	126.189	126.547	17503	0	0
2020.12.22	16:00:00	126.547	126.628	126.108	126.185	20189	0	0
2020.12.22	20:00:00	126.186	126.187	125.989	126.041	8205	0	0
2020.12.23	00:00:00	126.046	126.163	125.937	126.111	10241	0	1
2020.12.23	04:00:00	126.111	126.161	125.970	126.072	7551	0	2
2020.12.23	08:00:00	126.073	126.145	125.972	126.138	12843	0	1
2020.12.23	12:00:00	126.138	126.170	125.937	126.034	13685	0	0
2020.12.23	16:00:00	126.034	126.377	126.030	126.252	21791	0	0
2020.12.23	20:00:00	126.252	126.270	126.122	126.179	8009	0	0
2020.12.24	00:00:00	126.184	126.483	126.109	126.454	7234	0	2
2020.12.24	04:00:00	126.454	126.480	126.348	126.391	6449	0	1
2020.12.24	08:00:00	126.391	126.500	126.326	126.365	7686	0	0
2020.12.24	12:00:00	126.366	126.445	126.316	126.368	7719	0	2
2020.12.24	16:00:00	126.366	126.458	126.218	126.282	8507	0	0
2020.12.24	20:00:00	126.284	126.337	126.200	126.277	2840	0	2
2020.12.28	00:00:00	126.097	126.470	126.046	126.395	10049	0	0
2020.12.28	04:00:00	126.395	126.531	126.370	126.454	5854	0	2
2020.12.28	08:00:00	126.457	126.728	126.433	126.723	8924	0	0
2020.12.28	12:00:00	126.723	126.735	126.366	126.534	15594	0	0
2020.12.28	16:00:00	126.534	126.955	126.501	126.759	13930	0	0
2020.12.28	20:00:00	126.759	126.820	126.693	126.778	6383	0	0
2020.12.29	00:00:00	126.773	126.954	126.668	126.896	7952	0	1
2020.12.29	04:00:00	126.896	126.988	126.859	126.913	6406	0	1
2020.12.29	08:00:00	126.912	127.070	126.880	127.037	8746	0	0
2020.12.29	12:00:00	127.036	127.232	126.905	127.075	9478	0	0
2020.12.29	16:00:00	127.077	127.127	126.767	126.784	12970	0	0
2020.12.29	20:00:00	126.783	126.957	126.757	126.891	5941	0	0
2020.12.30	00:00:00	126.859	127.135	126.784	127.031	10038	0	0
2020.12.30	04:00:00	127.031	127.049	126.888	126.944	7826	0	3
2020.12.30	08:00:00	126.944	126.956	126.537	126.651	10336	0	2
2020.12.30	12:00:00	126.651	126.710	126.464	126.654	11922	0	0
2020.12.30	16:00:00	126.657	127.018	126.537	126.876	16644	0	0
2020.12.30	20:00:00	126.877	127.030	126.825	126.910	6087	0	0
2020.12.31	00:00:00	126.762	126.979	126.741	126.914	5092	0	1
2020.12.31	04:00:00	126.914	126.924	126.733	126.746	7083	0	0
2020.12.31	08:00:00	126.745	126.883	126.456	126.493	12528	0	0
2020.12.31	12:00:00	126.492	126.658	126.371	126.608	12766	0	0
2020.12.31	16:00:00	126.613	126.640	126.149	126.276	18487	0	1
2020.12.31	20:00:00	126.277	126.293	126.112	126.130	2862	0	2
2021.01.04	00:00:00	126.105	126.523	126.070	126.269	12435	0	1
2021.01.04	04:00:00	126.269	126.327	126.117	126.233	9718	0	0
2021.01.04	08:00:00	126.233	126.348	126.128	126.305	16147	0	0
2021.01.04	12:00:00	126.305	126.750	126.260	126.707	16953	0	0
2021.01.04	16:00:00	126.710	126.793	126.359	126.418	24105	0	0
2021.01.04	20:00:00	126.417	126.444	126.274	126.291	10171	0	0
2021.01.05	00:00:00	126.290	126.475	126.224	126.400	9648	0	1
2021.01.05	04:00:00	126.400	126.554	126.284	126.344	10970	0	1
2021.01.05	08:00:00	126.344	126.360	126.156	126.203	15497	0	0
2021.01.05	12:00:00	126.203	126.351	126.166	126.200	15215	0	0
2021.01.05	16:00:00	126.200	126.300	126.048	126.255	21462	0	0
2021.01.05	20:00:00	126.255	126.328	126.188	126.262	8131	0	0
2021.01.06	00:00:00	126.314	126.469	126.138	126.301	16055	0	0
2021.01.06	04:00:00	126.300	126.480	126.248	126.393	18967	0	0
2021.01.06	08:00:00	126.393	126.921	126.381	126.916	20777	0	0
2021.01.06	12:00:00	126.914	127.179	126.786	127.111	20874	0	0
2021.01.06	16:00:00	127.106	127.244	126.825	126.934	26199	0	0
2021.01.06	20:00:00	126.933	127.081	126.838	126.975	16235	0	0
2021.01.07	00:00:00	126.970	127.231	126.920	127.184	11351	0	1
2021.01.07	04:00:00	127.184	127.231	127.034	127.081	10791	0	2
2021.01.07	08:00:00	127.082	127.301	126.962	127.068	17360	0	0
2021.01.07	12:00:00	127.068	127.219	126.914	127.133	18395	0	0
2021.01.07	16:00:00	127.132	127.476	127.107	127.417	21834	0	0
2021.01.07	20:00:00	127.417	127.492	127.326	127.360	8614	0	1
2021.01.08	00:00:00	127.340	127.419	127.215	127.246	12083	0	0
2021.01.08	04:00:00	127.246	127.436	127.224	127.366	11626	0	0
2021.01.08	08:00:00	127.366	127.465	126.955	127.069	17827	0	0
2021.01.08	12:00:00	127.070	127.295	127.034	127.176	17176	0	1
2021.01.08	16:00:00	127.173	127.367	127.073	127.166	27262	0	0
2021.01.08	20:00:00	127.163	127.182	126.813	127.069	12633	0	0
2021.01.11	00:00:00	126.798	127.081	126.647	126.860	10193	0	0
2021.01.11	04:00:00	126.860	126.914	126.764	126.914	8034	0	1
2021.01.11	08:00:00	126.914	127.002	126.585	126.597	14624	0	0
2021.01.11	12:00:00	126.596	126.793	126.560	126.636	15331	0	0
2021.01.11	16:00:00	126.635	126.791	126.568	126.752	20850	0	1
2021.01.11	20:00:00	126.752	126.762	126.555	126.668	6917	0	0
2021.01.12	00:00:00	126.670	126.773	126.451	126.636	12753	0	1
2021.01.12	04:00:00	126.636	126.701	126.572	126.678	7671	0	1
2021.01.12	08:00:00	126.677	126.865	126.617	126.674	14538	0	0
2021.01.12	12:00:00	126.674	126.759	126.538	126.617	15352	0	0
2021.01.12	16:00:00	126.618	126.769	126.574	126.704	17684	0	0
2021.01.12	20:00:00	126.704	126.735	126.578	126.642	11976	0	0
2021.01.13	00:00:00	126.672	126.763	126.439	126.523	7686	0	0
2021.01.13	04:00:00	126.523	126.596	126.480	126.588	8472	0	0
2021.01.13	08:00:00	126.588	126.692	126.470	126.575	12871	0	0
2021.01.13	12:00:00	126.574	126.596	126.266	126.319	14430	0	1
2021.01.13	16:00:00	126.319	126.436	126.208	126.370	17674	0	0
2021.01.13	20:00:00	126.369	126.397	126.231	126.280	8003	0	0
2021.01.14	00:00:00	126.279	126.438	126.189	126.337	8693	0	1
2021.01.14	04:00:00	126.337	126.489	126.277	126.396	14081	0	0
2021.01.14	08:00:00	126.395	126.514	126.289	126.498	12831	0	0
2021.01.14	12:00:00	126.496	126.524	126.096	126.122	14892	0	0
2021.01.14	16:00:00	126.122	126.192	125.926	126.096	18529	0	0
2021.01.14	20:00:00	126.096	126.201	126.074	126.148	9916	0	0
2021.01.15	00:00:00	126.163	126.194	126.009	126.052	8216	0	1
2021.01.15	04:00:00	126.052	126.174	125.970	126.016	6392	0	1
2021.01.15	08:00:00	126.017	126.023	125.648	125.830	12682	0	0
2021.01.15	12:00:00	125.830	125.879	125.627	125.712	13963	0	0
2021.01.15	16:00:00	125.710	125.776	125.401	125.539	19753	0	0
2021.01.15	20:00:00	125.538	125.539	125.420	125.439	7694	0	0
2021.01.18	00:00:00	125.394	125.489	125.238	125.285	9455	0	0
2021.01.18	04:00:00	125.285	125.324	125.148	125.276	8427	0	0
2021.01.18	08:00:00	125.279	125.361	125.192	125.217	10675	0	0
2021.01.18	12:00:00	125.217	125.283	125.087	125.151	10917	0	0
2021.01.18	16:00:00	125.151	125.252	125.140	125.216	8469	0	0
2021.01.18	20:00:00	125.216	125.266	125.169	125.206	13797	0	0
2021.01.19	00:00:00	125.201	125.585	125.182	125.569	7846	0	1
2021.01.19	04:00:00	125.569	125.871	125.563	125.797	9888	0	0
2021.01.19	08:00:00	125.797	126.088	125.773	126.038	12429	0	0
2021.01.19	12:00:00	126.038	126.209	126.037	126.114	13005	0	0
2021.01.19	16:00:00	126.113	126.175	125.854	125.914	15726	0	0
2021.01.19	20:00:00	125.914	126.025	125.908	126.016	5433	0	0
2021.01.20	00:00:00	126.017	126.184	125.922	126.033	8560	0	0
2021.01.20	04:00:00	126.033	126.076	125.957	125.992	5559	0	0
2021.01.20	08:00:00	125.992	126.171	125.783	125.870	13599	0	0
2021.01.20	12:00:00	125.870	125.871	125.582	125.604	12310	0	0
2021.01.20	16:00:00	125.604	125.653	125.268	125.427	17936	0	0
2021.01.20	20:00:00	125.427	125.449	125.274	125.327	6389	0	0
2021.01.21	00:00:00	125.318	125.596	125.294	125.545	9452	0	0
2021.01.21	04:00:00	125.545	125.629	125.378	125.433	7152	0	0
2021.01.21	08:00:00	125.433	125.626	125.395	125.580	11921	0	0
2021.01.21	12:00:00	125.579	125.966	125.481	125.861	16211	0	0
2021.01.21	16:00:00	125.859	125.963	125.699	125.798	18167	0	0
2021.01.21	20:00:00	125.798	125.950	125.786	125.916	6760	0	1
2021.01.22	00:00:00	125.929	126.092	125.851	126.090	7835	0	0
2021.01.22	04:00:00	126.090	126.104	125.984	126.082	6029	0	1
2021.01.22	08:00:00	126.079	126.327	125.932	126.194	13952	0	0
2021.01.22	12:00:00	126.190	126.353	126.132	126.317	11922	0	0
2021.01.22	16:00:00	126.317	126.401	126.249	126.310	13847	0	0
2021.01.22	20:00:00	126.312	126.362	126.272	126.282	5958	0	0
2021.01.25	00:00:00	126.286	126.367	126.224	126.311	6887	0	1
2021.01.25	04:00:00	126.311	126.368	126.284	126.334	5526	0	1
2021.01.25	08:00:00	126.333	126.352	126.065	126.090	11596	0	0
2021.01.25	12:00:00	126.089	126.265	125.988	126.048	12391	0	0
2021.01.25	16:00:00	126.049	126.088	125.807	126.042	18257	0	0
2021.01.25	20:00:00	126.042	126.057	125.951	125.972	5950	0	1
2021.01.26	00:00:00	125.955	126.018	125.867	125.949	8279	0	0
2021.01.26	04:00:00	125.949	125.955	125.799	125.836	5048	0	2
2021.01.26	08:00:00	125.836	125.980	125.689	125.885	12760	0	1
2021.01.26	12:00:00	125.885	126.054	125.838	126.012	13281	0	0
2021.01.26	16:00:00	126.013	126.159	125.890	126.043	15644	0	0
2021.01.26	20:00:00	126.043	126.133	125.975	125.982	5488	0	0
2021.01.27	00:00:00	125.993	126.146	125.958	126.098	6030	0	2
2021.01.27	04:00:00	126.099	126.138	126.052	126.106	5760	0	1
2021.01.27	08:00:00	126.106	126.123	125.778	125.818	12906	0	0
2021.01.27	12:00:00	125.816	125.948	125.718	125.933	16148	0	0
2021.01.27	16:00:00	125.932	126.122	125.597	126.106	23352	0	0
2021.01.27	20:00:00	126.106	126.187	125.992	126.055	15173	0	0
2021.01.28	00:00:00	126.051	126.218	125.988	126.201	12227	0	0
2021.01.28	04:00:00	126.203	126.246	126.055	126.179	8523	0	0
2021.01.28	08:00:00	126.179	126.344	126.088	126.287	17381	0	0
2021.01.28	12:00:00	126.285	126.504	126.153	126.483	17756	0	0
2021.01.28	16:00:00	126.483	126.664	126.413	126.429	20365	0	0
2021.01.28	20:00:00	126.432	126.514	126.328	126.340	9283	0	0
2021.01.29	00:00:00	126.340	126.624	126.119	126.509	12490	0	0
2021.01.29	04:00:00	126.509	126.533	126.363	126.409	8834	0	1
2021.01.29	08:00:00	126.409	127.157	126.396	127.060	16719	0	0
2021.01.29	12:00:00	127.060	127.216	126.896	127.140	21438	0	0
2021.01.29	16:00:00	127.143	127.344	126.970	127.029	24115	0	0
2021.01.29	20:00:00	127.029	127.143	126.993	127.089	11650	0	0
2021.02.01	00:00:00	127.081	127.133	126.893	126.960	10393	0	2
2021.02.01	04:00:00	126.960	127.003	126.919	126.951	6705	0	0
2021.02.01	08:00:00	126.951	127.042	126.730	126.830	15375	0	0
2021.02.01	12:00:00	126.828	126.856	126.660	126.814	15413	0	0
2021.02.01	16:00:00	126.815	126.966	126.641	126.725	16456	0	0
2021.02.01	20:00:00	126.725	126.741	126.520	126.527	8104	0	1
2021.02.02	00:00:00	126.531	126.744	126.450	126.729	8066	0	1
2021.02.02	04:00:00	126.729	126.822	126.708	126.794	7105	0	1
2021.02.02	08:00:00	126.794	126.805	126.571	126.614	12769	0	1
2021.02.02	12:00:00	126.609	126.629	126.312	126.481	15434	0	0
2021.02.02	16:00:00	126.483	126.506	126.266	126.314	17036	0	0
2021.02.02	20:00:00	126.316	126.489	126.280	126.417	7601	0	0
2021.02.03	00:00:00	126.414	126.525	126.361	126.435	9847	0	2
2021.02.03	04:00:00	126.435	126.494	126.390	126.464	5048	0	1
2021.02.03	08:00:00	126.464	126.508	126.223	126.323	11395	0	0
2021.02.03	12:00:00	126.323	126.388	126.143	126.222	10865	0	0
2021.02.03	16:00:00	126.222	126.364	126.157	126.290	13997	0	0
2021.02.03	20:00:00	126.290	126.427	126.268	126.407	6191	0	0
2021.02.04	00:00:00	126.401	126.461	126.311	126.450	6661	0	1
2021.02.04	04:00:00	126.450	126.462	126.293	126.350	7093	0	1
2021.02.04	08:00:00	126.351	126.401	126.129	126.131	13118	0	0
2021.02.04	12:00:00	126.131	126.317	126.098	126.198	13386	0	0
2021.02.04	16:00:00	126.200	126.309	126.121	126.121	13503	0	0
2021.02.04	20:00:00	126.122	126.317	126.111	126.229	6336	0	1
2021.02.05	00:00:00	126.236	126.397	126.141	126.252	7052	0	0
2021.02.05	04:00:00	126.252	126.280	126.163	126.218	5319	0	0
2021.02.05	08:00:00	126.218	126.357	126.189	126.319	11267	0	0
2021.02.05	12:00:00	126.317	126.953	126.317	126.858	15463	0	0
2021.02.05	16:00:00	126.860	126.938	126.737	126.813	17270	0	0
2021.02.05	20:00:00	126.811	126.993	126.811	126.977	5865	0	1
2021.02.08	00:00:00	126.804	127.064	126.724	126.981	12694	0	0
2021.02.08	04:00:00	126.981	127.046	126.913	126.988	4539	0	0
2021.02.08	08:00:00	126.989	127.100	126.955	127.023	9383	0	0
2021.02.08	12:00:00	127.022	127.125	126.914	126.973	10609	0	0
2021.02.08	16:00:00	126.973	127.083	126.647	126.718	15841	0	0
2021.02.08	20:00:00	126.718	126.865	126.716	126.768	5228	0	2
2021.02.09	00:00:00	126.768	126.829	126.494	126.780	13300	0	0
2021.02.09	04:00:00	126.779	126.848	126.628	126.700	7883	0	1
2021.02.09	08:00:00	126.697	126.792	126.550	126.628	13055	0	0
2021.02.09	12:00:00	126.628	126.726	126.559	126.608	11990	0	0
2021.02.09	16:00:00	126.607	126.665	126.436	126.578	14670	0	0
2021.02.09	20:00:00	126.578	126.748	126.570	126.700	5804	0	1
2021.02.10	00:00:00	126.703	126.820	126.646	126.799	7167	0	0
2021.02.10	04:00:00	126.799	126.889	126.764	126.788	5027	0	1
2021.02.10	08:00:00	126.788	127.076	126.645	127.006	11957	0	0
2021.02.10	12:00:00	127.007	127.055	126.888	126.919	12461	0	0
2021.02.10	16:00:00	126.918	127.039	126.878	127.013	16231	0	0
2021.02.10	20:00:00	127.013	127.015	126.750	126.751	6078	0	0
2021.02.11	00:00:00	126.751	126.812	126.700	126.706	2917	0	1
2021.02.11	04:00:00	126.707	126.849	126.704	126.833	3685	0	2
2021.02.11	08:00:00	126.833	127.065	126.772	126.957	8600	0	0
2021.02.11	12:00:00	126.957	127.155	126.897	127.127	9330	0	0
2021.02.11	16:00:00	127.127	127.162	126.998	127.029	15678	0	0
2021.02.11	20:00:00	127.029	127.099	127.028	127.040	6729	0	0
2021.02.12	00:00:00	127.054	127.145	126.874	127.107	5398	0	0
2021.02.12	04:00:00	127.107	127.233	127.011	127.217	5059	0	0
2021.02.12	08:00:00	127.217	127.304	127.062	127.184	10771	0	0
2021.02.12	12:00:00	127.184	127.209	126.998	127.002	11182	0	0
2021.02.12	16:00:00	127.001	127.286	126.982	127.205	13473	0	0
2021.02.12	20:00:00	127.205	127.232	127.149	127.157	4001	0	0
2021.02.15	00:00:00	127.168	127.458	127.124	127.360	8424	0	0
2021.02.15	04:00:00	127.360	127.535	127.347	127.504	4433	0	0
2021.02.15	08:00:00	127.503	127.972	127.503	127.869	9518	0	0
2021.02.15	12:00:00	127.870	127.931	127.657	127.808	7189	0	0
2021.02.15	16:00:00	127.808	127.866	127.707	127.734	7100	0	0
2021.02.15	20:00:00	127.735	127.814	127.735	127.784	6454	0	0
2021.02.16	00:00:00	127.806	128.170	127.656	128.114	8826	0	0
2021.02.16	04:00:00	128.115	128.274	127.929	127.990	6384	0	0
2021.02.16	08:00:00	127.992	128.174	127.880	127.980	10720	0	0
2021.02.16	12:00:00	127.980	128.330	127.940	128.016	15104	0	0
2021.02.16	16:00:00	128.017	128.290	127.957	128.219	19656	0	0
2021.02.16	20:00:00	128.218	128.373	128.206	128.355	6311	0	0
2021.02.17	00:00:00	128.349	128.453	128.200	128.221	10465	0	0
2021.02.17	04:00:00	128.224	128.232	127.993	128.032	6612	0	0
2021.02.17	08:00:00	128.033	128.086	127.772	127.868	12613	0	0
2021.02.17	12:00:00	127.868	127.974	127.700	127.727	12943	0	0
2021.02.17	16:00:00	127.727	127.747	127.308	127.425	17997	0	0
2021.02.17	20:00:00	127.425	127.539	127.412	127.454	5927	0	0
2021.02.18	00:00:00	127.454	127.583	127.329	127.390	6787	0	0
2021.02.18	04:00:00	127.390	127.535	127.369	127.530	5333	0	0
2021.02.18	08:00:00	127.523	127.662	127.451	127.618	10610	0	0
2021.02.18	12:00:00	127.619	127.729	127.497	127.643	11738	0	0
2021.02.18	16:00:00	127.646	127.808	127.632	127.644	15225	0	0
2021.02.18	20:00:00	127.646	127.804	127.645	127.773	4609	0	0
2021.02.19	00:00:00	127.765	127.858	127.717	127.771	6051	0	0
2021.02.19	04:00:00	127.772	127.795	127.650	127.698	5580	0	0
2021.02.19	08:00:00	127.693	127.951	127.674	127.872	12000	0	0
2021.02.19	12:00:00	127.872	127.953	127.705	127.888	11084	0	0
2021.02.19	16:00:00	127.888	128.184	127.834	127.865	13192	0	0
2021.02.19	20:00:00	127.867	127.926	127.740	127.741	4781	0	0
2021.02.22	00:00:00	127.604	128.069	127.601	128.041	7005	0	0
2021.02.22	04:00:00	128.042	128.132	127.920	128.060	8821	0	0
2021.02.22	08:00:00	128.059	128.245	127.852	127.926	13385	0	0
2021.02.22	12:00:00	127.926	128.167	127.910	127.976	11472	0	0
2021.02.22	16:00:00	127.976	128.006	127.506	127.798	16991	0	0
2021.02.22	20:00:00	127.796	127.814	127.677	127.719	4679	0	0
2021.02.23	00:00:00	127.721	127.822	127.636	127.790	8150	0	0
2021.02.23	04:00:00	127.788	127.854	127.742	127.850	3728	0	0
2021.02.23	08:00:00	127.849	128.024	127.822	127.898	10823	0	0
2021.02.23	12:00:00	127.898	128.056	127.822	128.030	11546	0	2
2021.02.23	16:00:00	128.028	128.036	127.685	127.825	18152	0	2
2021.02.23	20:00:00	127.825	127.968	127.806	127.870	6372	0	2
2021.02.24	00:00:00	127.874	128.240	127.681	128.167	10974	0	2
2021.02.24	04:00:00	128.168	128.276	128.093	128.200	8352	0	2
2021.02.24	08:00:00	128.200	128.736	128.139	128.648	14701	0	2
2021.02.24	12:00:00	128.646	128.798	128.506	128.615	17144	0	2
2021.02.24	16:00:00	128.615	128.680	128.384	128.568	22130	0	2
2021.02.24	20:00:00	128.569	128.876	128.563	128.774	7818	0	2
2021.02.25	00:00:00	128.772	129.064	128.701	129.014	12877	0	2
2021.02.25	04:00:00	129.015	129.018	128.880	128.947	8196	0	2
2021.02.25	08:00:00	128.947	129.655	128.935	129.587	15137	0	2
2021.02.25	12:00:00	129.587	129.877	129.578	129.638	17135	0	2
2021.02.25	16:00:00	129.637	129.973	129.595	129.844	24334	0	2
2021.02.25	20:00:00	129.843	129.859	128.976	129.329	24755	0	2
2021.02.26	00:00:00	129.329	129.521	128.977	129.109	21401	0	1
2021.02.26	04:00:00	129.113	129.147	128.879	129.066	17359	0	2
2021.02.26	08:00:00	129.064	129.144	128.640	129.112	22303	0	2
2021.02.26	12:00:00	129.111	129.111	128.656	128.880	25259	0	2
2021.02.26	16:00:00	128.881	129.383	128.755	128.826	32723	0	2
2021.02.26	20:00:00	128.827	128.827	128.559	128.629	13168	0	2
2021.03.01	00:00:00	128.551	128.914	128.481	128.854	12004	0	2
2021.03.01	04:00:00	128.858	128.938	128.604	128.736	9812	0	2
2021.03.01	08:00:00	128.736	128.872	128.355	128.481	15644	0	2
2021.03.01	12:00:00	128.481	128.658	128.430	128.542	12975	0	2
2021.03.01	16:00:00	128.542	128.699	128.219	128.572	21296	0	2
2021.03.01	20:00:00	128.572	128.734	128.537	128.619	8566	0	2
2021.03.02	00:00:00	128.625	128.767	128.481	128.597	11576	0	2
2021.03.02	04:00:00	128.597	128.626	128.274	128.420	10427	0	2
2021.03.02	08:00:00	128.420	128.484	128.181	128.330	15496	0	2
2021.03.02	12:00:00	128.330	128.695	128.330	128.617	14505	0	2
2021.03.02	16:00:00	128.617	128.969	128.482	128.936	20204	0	2
2021.03.02	20:00:00	128.935	129.078	128.931	128.982	8691	0	2
2021.03.03	00:00:00	128.982	129.174	128.909	129.166	7340	0	2
2021.03.03	04:00:00	129.165	129.205	129.082	129.139	5042	0	2
2021.03.03	08:00:00	129.140	129.455	129.071	129.350	13669	0	2
2021.03.03	12:00:00	129.350	129.366	128.736	128.846	17163	0	2
2021.03.03	16:00:00	128.846	129.245	128.796	129.094	25660	0	2
2021.03.03	20:00:00	129.094	129.165	129.034	129.068	10931	0	2
2021.03.04	00:00:00	129.040	129.130	128.973	129.088	11109	0	2
2021.03.04	04:00:00	129.088	129.104	128.913	129.076	8028	0	2
2021.03.04	08:00:00	129.076	129.285	129.041	129.150	15294	0	0
2021.03.04	12:00:00	129.150	129.375	129.133	129.360	14351	0	0
2021.03.04	16:00:00	129.360	129.636	129.242	129.279	27389	0	0
2021.03.04	20:00:00	129.277	129.332	129.046	129.245	22028	0	0
2021.03.05	00:00:00	129.245	129.308	128.887	129.015	10812	0	0
2021.03.05	04:00:00	129.015	129.323	128.970	129.296	8832	0	0
2021.03.05	08:00:00	129.293	129.525	129.210	129.359	18719	0	0
2021.03.05	12:00:00	129.358	129.577	129.149	129.266	19755	0	0
2021.03.05	16:00:00	129.267	129.318	128.846	128.985	28051	0	0
2021.03.05	20:00:00	128.985	129.169	128.937	129.105	8735	0	0
2021.03.08	00:00:00	128.980	129.387	128.948	129.299	9608	0	0
2021.03.08	04:00:00	129.299	129.311	128.973	129.067	8787	0	0
2021.03.08	08:00:00	129.067	129.144	128.780	128.889	15184	0	0
2021.03.08	12:00:00	128.890	129.062	128.785	129.029	15748	0	0
2021.03.08	16:00:00	129.030	129.297	129.019	129.100	21385	0	0
2021.03.08	20:00:00	129.100	129.120	128.999	128.999	8000	0	0
2021.03.09	00:00:00	128.999	129.297	128.858	129.271	14035	0	0
2021.03.09	04:00:00	129.271	129.507	129.267	129.425	9872	0	0
2021.03.09	08:00:00	129.423	129.500	129.146	129.376	15834	0	0
2021.03.09	12:00:00	129.377	129.543	129.356	129.473	14632	0	0
2021.03.09	16:00:00	129.474	129.496	128.969	128.995	18776	0	0
2021.03.09	20:00:00	128.995	129.155	128.936	129.096	8300	0	0
2021.03.10	00:00:00	129.096	129.316	128.998	129.188	8392	0	0
2021.03.10	04:00:00	129.187	129.338	129.161	129.304	7051	0	0
2021.03.10	08:00:00	129.304	129.382	129.173	129.325	10972	0	0
2021.03.10	12:00:00	129.325	129.429	129.035	129.194	15541	0	0
2021.03.10	16:00:00	129.194	129.302	129.088	129.212	18644	0	0
2021.03.10	20:00:00	129.212	129.317	129.192	129.274	10491	0	0
2021.03.11	00:00:00	129.268	129.388	129.213	129.355	9230	0	0
2021.03.11	04:00:00	129.355	129.684	129.355	129.646	7832	0	0
2021.03.11	08:00:00	129.648	129.842	129.619	129.773	12291	0	0
2021.03.11	12:00:00	129.773	129.889	129.591	129.810	15917	0	0
2021.03.11	16:00:00	129.807	129.936	129.563	129.935	18048	0	0
2021.03.11	20:00:00	129.934	130.056	129.894	130.036	10430	0	0
2021.03.12	00:00:00	130.017	130.294	129.983	130.213	6412	0	0
2021.03.12	04:00:00	130.213	130.230	130.014	130.100	7051	0	0
2021.03.12	08:00:00	130.098	130.349	129.986	130.038	16292	0	0
2021.03.12	12:00:00	130.038	130.175	129.819	130.093	14392	0	0
2021.03.12	16:00:00	130.093	130.297	129.981	130.272	17671	0	0
2021.03.12	20:00:00	130.272	130.391	130.237	130.304	5731	0	0
2021.03.15	00:00:00	130.200	130.433	130.198	130.412	11346	0	0
2021.03.15	04:00:00	130.412	130.487	130.319	130.405	7654	0	0
2021.03.15	08:00:00	130.405	130.445	130.052	130.119	12414	0	0
2021.03.15	12:00:00	130.118	130.263	130.028	130.197	12244	0	0
2021.03.15	16:00:00	130.198	130.260	129.989	130.184	14104	0	0
2021.03.15	20:00:00	130.184	130.314	130.065	130.173	5569	0	0
2021.03.16	00:00:00	130.167	130.286	130.130	130.251	5219	0	0
2021.03.16	04:00:00	130.253	130.340	130.178	130.302	4965	0	0
2021.03.16	08:00:00	130.302	130.326	130.112	130.247	10435	0	0
2021.03.16	12:00:00	130.247	130.397	129.491	129.549	15698	0	0
2021.03.16	16:00:00	129.549	129.769	129.524	129.753	16124	0	0
2021.03.16	20:00:00	129.753	129.781	129.656	129.710	6150	0	0
2021.03.17	00:00:00	129.712	129.901	129.710	129.836	5077	0	0
2021.03.17	04:00:00	129.837	129.938	129.793	129.892	4476	0	0
2021.03.17	08:00:00	129.892	130.004	129.752	129.934	8249	0	0
2021.03.17	12:00:00	129.934	130.054	129.845	129.947	10657	0	0
2021.03.17	16:00:00	129.947	130.136	129.943	130.057	12741	0	0
2021.03.17	20:00:00	130.057	130.441	130.057	130.392	20305	0	0
2021.03.18	00:00:00	130.393	130.665	130.289	130.541	9392	0	0
2021.03.18	04:00:00	130.541	130.581	130.056	130.252	11116	0	0
2021.03.18	08:00:00	130.254	130.592	130.146	130.209	16462	0	0
2021.03.18	12:00:00	130.210	130.304	130.063	130.102	16742	0	0
2021.03.18	16:00:00	130.102	130.142	129.920	130.018	17260	0	0
2021.03.18	20:00:00	130.018	130.029	129.596	129.773	13050	0	0
2021.03.19	00:00:00	129.758	129.930	129.746	129.854	7360	0	0
2021.03.19	04:00:00	129.854	129.997	129.690	129.773	9085	0	0
2021.03.19	08:00:00	129.774	129.818	129.443	129.459	12485	0	0
2021.03.19	12:00:00	129.459	129.633	129.444	129.513	17428	0	0
2021.03.19	16:00:00	129.513	129.681	129.321	129.660	14662	0	0
2021.03.19	20:00:00	129.661	129.694	129.608	129.614	3573	0	0
2021.03.22	00:00:00	129.134	129.470	128.977	129.405	8419	0	0
2021.03.22	04:00:00	129.405	129.438	129.311	129.413	6002	0	0
2021.03.22	08:00:00	129.412	129.420	129.136	129.301	11955	0	0
2021.03.22	12:00:00	129.301	129.831	129.301	129.612	13645	0	0
2021.03.22	16:00:00	129.612	129.927	129.603	129.871	11294	0	0
2021.03.22	20:00:00	129.871	129.943	129.821	129.874	7862	0	0
2021.03.23	00:00:00	129.874	129.920	129.738	129.763	6754	0	0
2021.03.23	04:00:00	129.761	129.771	129.634	129.676	7269	0	0
2021.03.23	08:00:00	129.677	129.730	129.212	129.212	12409	0	0
2021.03.23	12:00:00	129.212	129.213	128.855	128.980	15170	0	0
2021.03.23	16:00:00	128.980	129.063	128.878	128.908	12784	0	0
2021.03.23	20:00:00	128.908	128.933	128.599	128.677	6941	0	0
2021.03.24	00:00:00	128.676	128.748	128.438	128.525	7833	0	0
2021.03.24	04:00:00	128.525	128.636	128.466	128.516	6951	0	0
2021.03.24	08:00:00	128.515	128.724	128.292	128.566	13888	0	0
2021.03.24	12:00:00	128.566	128.787	128.506	128.727	12239	0	0
2021.03.24	16:00:00	128.726	128.860	128.624	128.663	12374	0	0
2021.03.24	20:00:00	128.664	128.672	128.367	128.430	10515	0	0
2021.03.25	00:00:00	128.428	128.709	128.412	128.659	9265	0	0
2021.03.25	04:00:00	128.661	128.846	128.660	128.765	7776	0	0
2021.03.25	08:00:00	128.764	128.944	128.694	128.796	10743	0	0
2021.03.25	12:00:00	128.796	128.925	128.689	128.827	14227	0	0
2021.03.25	16:00:00	128.827	128.880	128.420	128.492	17064	0	0
2021.03.25	20:00:00	128.493	128.555	128.340	128.462	11718	0	0
2021.03.26	00:00:00	128.461	128.784	128.451	128.683	9449	0	0
2021.03.26	04:00:00	128.684	128.742	128.623	128.731	5223	0	0
2021.03.26	08:00:00	128.732	129.131	128.638	129.094	11237	0	0
2021.03.26	12:00:00	129.094	129.460	129.058	129.396	13588	0	0
2021.03.26	16:00:00	129.395	129.428	129.198	129.316	12583	0	0
2021.03.26	20:00:00	129.316	129.374	129.240	129.342	5103	0	0
2021.03.29	00:00:00	129.319	129.429	129.142	129.194	7556	0	0
2021.03.29	04:00:00	129.194	129.261	128.993	129.034	7110	0	0
2021.03.29	08:00:00	129.034	129.283	128.832	128.998	12351	0	0
2021.03.29	12:00:00	128.999	129.293	128.938	129.280	10349	0	0
2021.03.29	16:00:00	129.280	129.333	129.086	129.207	13798	0	0
2021.03.29	20:00:00	129.206	129.279	129.175	129.180	8294	0	0
2021.03.30	00:00:00	129.189	129.299	129.095	129.296	4886	0	0
2021.03.30	04:00:00	129.295	129.462	129.252	129.336	7028	0	0
2021.03.30	08:00:00	129.336	129.529	129.307	129.502	11788	0	0
2021.03.30	12:00:00	129.503	129.546	129.413	129.452	11370	0	0
2021.03.30	16:00:00	129.453	129.478	129.182	129.238	16227	0	0
2021.03.30	20:00:00	129.238	129.346	129.178	129.285	5098	0	0
2021.03.31	00:00:00	129.286	129.772	129.220	129.749	10272	0	0
2021.03.31	04:00:00	129.748	129.881	129.528	129.790	10358	0	0
2021.03.31	08:00:00	129.787	129.963	129.687	129.800	14334	0	0
2021.03.31	12:00:00	129.798	129.948	129.677	129.804	11219	0	0
2021.03.31	16:00:00	129.805	130.047	129.692	129.958	17889	0	0
2021.03.31	20:00:00	129.958	130.000	129.788	129.856	8494	0	0
2021.04.01	00:00:00	129.851	130.011	129.754	129.945	6372	0	0
2021.04.01	04:00:00	129.945	129.966	129.651	129.688	7920	0	0
2021.04.01	08:00:00	129.687	130.011	129.684	129.905	12665	0	0
2021.04.01	12:00:00	129.906	130.174	129.870	130.012	11557	0	0
2021.04.01	16:00:00	130.012	130.233	129.942	130.186	15034	0	0
2021.04.01	20:00:00	130.186	130.266	130.160	130.227	5565	0	0
2021.04.02	00:00:00	130.220	130.304	130.107	130.218	4310	0	0
2021.04.02	04:00:00	130.217	130.317	130.199	130.262	6784	0	0
2021.04.02	08:00:00	130.262	130.274	130.045	130.058	5725	0	0
2021.04.02	12:00:00	130.059	130.307	130.029	130.168	7038	0	0
2021.04.02	16:00:00	130.171	130.261	130.082	130.170	9148	0	0
2021.04.02	20:00:00	130.171	130.240	129.938	130.123	7970	0	1
2021.04.05	00:00:00	130.031	130.266	130.030	130.145	8289	0	0
2021.04.05	04:00:00	130.146	130.170	130.086	130.112	5219	0	0
2021.04.05	08:00:00	130.112	130.126	129.891	129.930	6734	0	0
2021.04.05	12:00:00	129.931	130.138	129.834	130.129	6864	0	0
2021.04.05	16:00:00	130.131	130.163	129.872	130.088	12559	0	0
2021.04.05	20:00:00	130.090	130.197	130.079	130.134	5877	0	0
2021.04.06	00:00:00	130.121	130.299	130.051	130.263	5741	0	0
2021.04.06	04:00:00	130.262	130.341	130.145	130.157	8999	0	0
2021.04.06	08:00:00	130.157	130.442	130.063	130.422	12896	0	0
2021.04.06	12:00:00	130.422	130.562	129.977	129.998	16194	0	0
2021.04.06	16:00:00	129.999	130.274	129.811	130.269	19382	0	0
2021.04.06	20:00:00	130.268	130.438	130.236	130.290	8425	0	0
2021.04.07	00:00:00	130.290	130.442	130.246	130.330	11723	0	0
2021.04.07	04:00:00	130.330	130.347	130.138	130.243	10496	0	0
2021.04.07	08:00:00	130.243	130.606	130.243	130.581	14035	0	0
2021.04.07	12:00:00	130.579	130.639	130.439	130.582	14394	0	0
2021.04.07	16:00:00	130.582	130.683	130.334	130.368	17370	0	0
2021.04.07	20:00:00	130.368	130.463	130.283	130.363	7735	0	0
2021.04.08	00:00:00	130.366	130.478	130.264	130.264	6059	0	0
2021.04.08	04:00:00	130.264	130.294	130.157	130.212	7262	0	0
2021.04.08	08:00:00	130.212	130.351	129.978	130.046	10681	0	0
2021.04.08	12:00:00	130.045	130.080	129.573	129.721	14090	0	0
2021.04.08	16:00:00	129.721	130.252	129.657	130.237	17091	0	0
2021.04.08	20:00:00	130.236	130.255	130.146	130.172	7236	0	0
2021.04.09	00:00:00	130.172	130.331	130.138	130.228	6552	0	0
2021.04.09	04:00:00	130.228	130.243	130.064	130.192	7460	0	0
2021.04.09	08:00:00	130.191	130.364	130.049	130.338	12466	0	0
2021.04.09	12:00:00	130.337	130.550	130.292	130.490	13214	0	0
2021.04.09	16:00:00	130.488	130.541	130.245	130.465	13192	0	0
2021.04.09	20:00:00	130.465	130.548	130.462	130.500	5878	0	0
2021.04.12	00:00:00	130.296	130.609	130.286	130.589	4977	0	0
2021.04.12	04:00:00	130.589	130.592	130.141	130.215	9656	0	0
2021.04.12	08:00:00	130.215	130.343	129.894	130.092	10345	0	0
2021.04.12	12:00:00	130.092	130.287	130.083	130.255	9523	0	0
2021.04.12	16:00:00	130.254	130.383	130.219	130.364	10333	0	0
2021.04.12	20:00:00	130.364	130.365	130.227	130.272	5061	0	0
2021.04.13	00:00:00	130.272	130.420	130.200	130.407	4853	0	0
2021.04.13	04:00:00	130.409	130.496	130.340	130.407	8062	0	0
2021.04.13	08:00:00	130.407	130.468	130.062	130.098	12626	0	0
2021.04.13	12:00:00	130.098	130.342	129.798	130.311	17217	0	0
2021.04.13	16:00:00	130.313	130.444	130.215	130.345	14851	0	0
2021.04.13	20:00:00	130.345	130.353	130.249	130.300	5862	0	0
2021.04.14	00:00:00	130.295	130.343	130.069	130.085	6211	0	0
2021.04.14	04:00:00	130.085	130.336	130.031	130.334	7434	0	0
2021.04.14	08:00:00	130.334	130.483	130.224	130.413	11095	0	0
2021.04.14	12:00:00	130.413	130.416	130.152	130.344	9528	0	0
2021.04.14	16:00:00	130.345	130.582	130.317	130.580	14152	0	0
2021.04.14	20:00:00	130.580	130.582	130.392	130.461	7119	0	0
2021.04.15	00:00:00	130.481	130.552	130.398	130.500	5546	0	0
2021.04.15	04:00:00	130.501	130.510	130.309	130.320	6757	0	0
2021.04.15	08:00:00	130.320	130.512	130.249	130.322	9193	0	0
2021.04.15	12:00:00	130.322	130.367	130.098	130.106	11354	0	0
2021.04.15	16:00:00	130.106	130.237	130.042	130.117	13826	0	0
2021.04.15	20:00:00	130.117	130.158	130.023	130.112	6013	0	0
2021.04.16	00:00:00	130.099	130.166	129.975	130.046	5848	0	0
2021.04.16	04:00:00	130.048	130.239	130.048	130.171	8497	0	0
2021.04.16	08:00:00	130.171	130.540	130.138	130.385	12041	0	0
2021.04.16	12:00:00	130.385	130.466	130.260	130.444	11786	0	0
2021.04.16	16:00:00	130.444	130.475	130.283	130.324	10323	0	0
2021.04.16	20:00:00	130.324	130.358	130.259	130.346	3319	0	0
2021.04.19	00:00:00	130.136	130.325	129.977	130.019	7356	0	0
2021.04.19	04:00:00	130.019	130.056	129.699	129.944	9774	0	0
2021.04.19	08:00:00	129.944	130.103	129.805	129.969	19797	0	0
2021.04.19	12:00:00	129.969	130.304	129.916	130.133	16329	0	0
2021.04.19	16:00:00	130.133	130.214	129.817	130.089	15168	0	0
2021.04.19	20:00:00	130.089	130.218	130.077	130.149	4762	0	0
2021.04.20	00:00:00	130.154	130.263	130.059	130.234	6113	0	0
2021.04.20	04:00:00	130.234	130.554	130.228	130.468	10594	0	0
2021.04.20	08:00:00	130.468	130.971	130.432	130.918	18013	0	0
2021.04.20	12:00:00	130.917	130.924	130.493	130.519	14161	0	0
2021.04.20	16:00:00	130.522	130.624	130.004	130.080	18400	0	0
2021.04.20	20:00:00	130.080	130.101	129.992	130.082	7776	0	0
2021.04.21	00:00:00	130.084	130.116	129.878	130.079	7894	0	0
2021.04.21	04:00:00	130.078	130.092	129.830	129.966	7705	0	0
2021.04.21	08:00:00	129.966	130.053	129.804	129.920	11538	0	0
2021.04.21	12:00:00	129.920	130.004	129.636	129.817	9750	0	0
2021.04.21	16:00:00	129.817	130.142	129.636	130.020	14550	0	0
2021.04.21	20:00:00	130.020	130.077	129.997	130.042	5035	0	0
2021.04.22	00:00:00	130.072	130.127	129.905	130.024	7211	0	0
2021.04.22	04:00:00	130.024	130.107	129.864	129.924	7244	0	0
2021.04.22	08:00:00	129.924	130.070	129.825	129.926	11164	0	0
2021.04.22	12:00:00	129.925	130.467	129.882	130.453	11819	0	0
2021.04.22	16:00:00	130.443	130.456	129.692	129.939	17235	0	0
2021.04.22	20:00:00	129.939	129.959	129.673	129.711	10366	0	0
2021.04.23	00:00:00	129.711	129.773	129.604	129.679	7596	0	0
2021.04.23	04:00:00	129.677	129.811	129.590	129.768	6429	0	0
2021.04.23	08:00:00	129.776	130.170	129.714	130.131	10268	0	0
2021.04.23	12:00:00	130.131	130.162	129.781	129.789	11253	0	0
2021.04.23	16:00:00	129.789	130.403	129.788	130.398	18543	0	0
2021.04.23	20:00:00	130.398	130.562	130.355	130.502	6538	0	0
2021.04.26	00:00:00	130.436	130.593	130.368	130.568	5871	0	0
2021.04.26	04:00:00	130.568	130.587	130.388	130.424	8341	0	0
2021.04.26	08:00:00	130.424	130.596	130.207	130.326	12904	0	0
2021.04.26	12:00:00	130.326	130.679	130.266	130.557	11375	0	0
2021.04.26	16:00:00	130.557	130.722	130.248	130.711	14362	0	0
2021.04.26	20:00:00	130.711	130.760	130.615	130.627	6720	0	0
2021.04.27	00:00:00	130.613	130.762	130.569	130.616	6338	0	0
2021.04.27	04:00:00	130.616	130.841	130.615	130.657	6636	0	0
2021.04.27	08:00:00	130.656	130.780	130.584	130.656	9309	0	0
2021.04.27	12:00:00	130.655	130.896	130.605	130.820	10261	0	0
2021.04.27	16:00:00	130.821	131.181	130.799	131.177	14053	0	0
2021.04.27	20:00:00	131.177	131.500	131.159	131.429	6884	0	0
2021.04.28	00:00:00	131.369	131.587	131.367	131.566	10048	0	0
2021.04.28	04:00:00	131.566	131.586	131.417	131.427	6818	0	0
2021.04.28	08:00:00	131.427	131.669	131.395	131.531	10984	0	0
2021.04.28	12:00:00	131.530	131.571	131.406	131.504	10297	0	0
2021.04.28	16:00:00	131.504	131.688	131.401	131.615	13716	0	0
2021.04.28	20:00:00	131.616	131.816	131.499	131.660	14971	0	0
2021.04.29	00:00:00	131.697	131.737	131.585	131.689	4345	0	0
2021.04.29	04:00:00	131.688	131.836	131.665	131.732	6483	0	0
2021.04.29	08:00:00	131.732	132.053	131.732	132.035	11646	0	0
2021.04.29	12:00:00	132.037	132.244	131.998	132.039	14706	0	0
2021.04.29	16:00:00	132.039	132.366	131.806	131.963	19510	0	0
2021.04.29	20:00:00	131.963	132.078	131.924	132.012	6542	0	0
2021.04.30	00:00:00	132.000	132.191	131.942	132.053	7094	0	0
2021.04.30	04:00:00	132.053	132.073	131.772	131.847	7452	0	0
2021.04.30	08:00:00	131.848	131.959	131.684	131.725	9507	0	0
2021.04.30	12:00:00	131.725	131.787	131.453	131.692	11478	0	0
2021.04.30	16:00:00	131.692	131.745	131.439	131.461	20334	0	0
2021.04.30	20:00:00	131.462	131.479	131.376	131.427	8981	0	0
2021.05.03	00:00:00	131.376	131.635	131.341	131.588	4151	0	0
2021.05.03	04:00:00	131.588	131.739	131.570	131.734	6792	0	0
2021.05.03	08:00:00	131.734	132.095	131.678	132.081	9952	0	0
2021.05.03	12:00:00	132.083	132.163	131.659	131.725	11451	0	0
2021.05.03	16:00:00	131.725	131.732	131.448	131.544	15247	0	0
2021.05.03	20:00:00	131.542	131.659	131.507	131.568	6258	0	0
2021.05.04	00:00:00	131.563	131.603	131.425	131.532	5874	0	0
2021.05.04	04:00:00	131.530	131.637	131.499	131.582	4995	0	0
2021.05.04	08:00:00	131.580	131.638	131.301	131.344	10951	0	0
2021.05.04	12:00:00	131.342	131.507	131.151	131.194	14896	0	0
2021.05.04	16:00:00	131.194	131.440	131.144	131.327	20430	0	0
2021.05.04	20:00:00	131.326	131.367	131.273	131.318	8277	0	0
2021.05.05	00:00:00	131.332	131.460	131.201	131.410	3279	0	0
2021.05.05	04:00:00	131.410	131.453	131.268	131.438	4718	0	0
2021.05.05	08:00:00	131.438	131.439	130.985	131.194	12532	0	0
2021.05.05	12:00:00	131.193	131.388	131.131	131.155	12236	0	0
2021.05.05	16:00:00	131.154	131.237	131.020	131.092	14097	0	0
2021.05.05	20:00:00	131.092	131.146	131.042	131.051	5616	0	0
2021.05.06	00:00:00	131.054	131.221	131.005	131.162	9002	0	0
2021.05.06	04:00:00	131.162	131.332	131.158	131.299	10496	0	0
2021.05.06	08:00:00	131.299	131.620	131.207	131.502	11220	0	0
2021.05.06	12:00:00	131.503	131.799	131.364	131.783	14456	0	0
2021.05.06	16:00:00	131.783	131.850	131.432	131.469	17460	0	0
2021.05.06	20:00:00	131.469	131.613	131.419	131.603	6234	0	0
2021.05.07	00:00:00	131.616	131.656	131.480	131.635	5269	0	0
2021.05.07	04:00:00	131.638	131.715	131.564	131.581	6667	0	0
2021.05.07	08:00:00	131.581	131.941	131.561	131.909	10787	0	0
2021.05.07	12:00:00	131.908	131.941	131.581	131.696	18329	0	0
2021.05.07	16:00:00	131.695	132.084	131.589	132.034	25514	0	0
2021.05.07	20:00:00	132.033	132.172	132.025	132.080	7686	0	0
2021.05.10	00:00:00	131.986	132.324	131.986	132.249	7262	0	0
2021.05.10	04:00:00	132.247	132.388	132.206	132.278	7424	0	0
2021.05.10	08:00:00	132.278	132.528	132.234	132.402	13642	0	0
2021.05.10	12:00:00	132.399	132.408	132.199	132.291	11900	0	0
2021.05.10	16:00:00	132.295	132.361	132.170	132.300	15559	0	0
2021.05.10	20:00:00	132.300	132.352	131.980	131.980	8946	0	0
2021.05.11	00:00:00	131.980	132.185	131.832	132.132	8572	0	0
2021.05.11	04:00:00	132.132	132.274	132.080	132.116	8465	0	0
2021.05.11	08:00:00	132.116	132.415	132.027	132.359	13162	0	0
2021.05.11	12:00:00	132.359	132.473	132.011	132.110	13481	0	0
2021.05.11	16:00:00	132.108	132.242	131.783	132.020	21129	0	0
2021.05.11	20:00:00	132.020	132.084	131.932	131.937	8091	0	0
2021.05.12	00:00:00	131.937	132.082	131.782	132.032	4851	0	0
2021.05.12	04:00:00	132.032	132.111	131.863	131.938	8262	0	0
2021.05.12	08:00:00	131.938	132.092	131.933	131.963	10787	0	0
2021.05.12	12:00:00	131.964	132.424	131.642	132.219	17681	0	0
2021.05.12	16:00:00	132.219	132.358	131.985	132.283	30350	0	0
2021.05.12	20:00:00	132.278	132.449	132.231	132.403	13102	0	0
2021.05.13	00:00:00	132.403	132.536	132.276	132.427	8268	0	0
2021.05.13	04:00:00	132.427	132.519	132.319	132.488	8989	0	0
2021.05.13	08:00:00	132.489	132.733	132.035	132.167	16507	0	0
2021.05.13	12:00:00	132.168	132.474	132.161	132.390	15203	0	0
2021.05.13	16:00:00	132.389	132.550	132.198	132.228	17651	0	0
2021.05.13	20:00:00	132.228	132.262	132.078	132.203	12383	0	0
2021.05.14	00:00:00	132.205	132.369	132.146	132.322	9522	0	0
2021.05.14	04:00:00	132.322	132.455	132.321	132.376	5841	0	0
2021.05.14	08:00:00	132.375	132.580	132.357	132.504	12237	0	0
2021.05.14	12:00:00	132.505	132.723	132.371	132.607	14818	0	0
2021.05.14	16:00:00	132.607	132.842	132.593	132.788	15137	0	0
2021.05.14	20:00:00	132.788	132.830	132.761	132.808	5231	0	0
2021.05.17	00:00:00	132.632	132.951	132.433	132.783	5658	0	0
2021.05.17	04:00:00	132.783	132.799	132.615	132.684	8091	0	0
2021.05.17	08:00:00	132.683	132.730	132.514	132.668	10800	0	0
2021.05.17	12:00:00	132.668	132.801	132.543	132.644	11688	0	0
2021.05.17	16:00:00	132.644	132.707	132.538	132.640	12565	0	0
2021.05.17	20:00:00	132.640	132.787	132.603	132.731	5950	0	0
2021.05.18	00:00:00	132.729	132.836	132.665	132.762	6862	0	0
2021.05.18	04:00:00	132.762	132.886	132.713	132.842	6779	0	0
2021.05.18	08:00:00	132.842	133.108	132.760	133.005	11833	0	0
2021.05.18	12:00:00	133.004	133.174	132.981	133.124	11560	0	0
2021.05.18	16:00:00	133.123	133.127	132.914	133.087	14136	0	0
2021.05.18	20:00:00	133.087	133.189	133.068	133.089	6566	0	0
2021.05.19	00:00:00	133.089	133.290	133.040	133.274	5430	0	0
2021.05.19	04:00:00	133.274	133.322	133.157	133.273	6640	0	0
2021.05.19	08:00:00	133.277	133.438	133.140	133.224	12314	0	0
2021.05.19	12:00:00	133.224	133.394	133.083	133.096	14867	0	0
2021.05.19	16:00:00	133.096	133.207	132.636	132.869	22986	0	0
2021.05.19	20:00:00	132.869	133.160	132.862	132.974	18760	0	0
2021.05.20	00:00:00	132.974	133.090	132.770	133.057	11833	0	0
2021.05.20	04:00:00	133.057	133.058	132.850	132.977	7718	0	0
2021.05.20	08:00:00	132.977	133.041	132.707	132.751	11705	0	0
2021.05.20	12:00:00	132.755	133.021	132.741	132.965	12784	0	0
2021.05.20	16:00:00	132.964	133.014	132.815	132.925	13939	0	0
2021.05.20	20:00:00	132.925	133.036	132.885	133.024	7756	0	0
2021.05.21	00:00:00	132.990	133.209	132.900	133.141	5338	0	0
2021.05.21	04:00:00	133.141	133.176	133.014	133.064	6334	0	0
2021.05.21	08:00:00	133.063	133.124	132.704	132.790	12456	0	0
2021.05.21	12:00:00	132.790	132.982	132.533	132.692	14591	0	0
2021.05.21	16:00:00	132.694	132.842	132.553	132.579	16170	0	0
2021.05.21	20:00:00	132.579	132.729	132.557	132.698	5838	0	0
2021.05.24	00:00:00	132.596	132.762	132.555	132.748	6193	0	0
2021.05.24	04:00:00	132.748	132.768	132.525	132.564	9447	0	0
2021.05.24	08:00:00	132.564	132.873	132.523	132.840	14748	0	0
2021.05.24	12:00:00	132.841	133.045	132.823	132.970	15446	0	0
2021.05.24	16:00:00	132.970	133.004	132.804	132.888	15146	0	0
2021.05.24	20:00:00	132.889	132.899	132.807	132.867	8300	0	0
2021.05.25	00:00:00	132.847	132.991	132.751	132.957	9369	0	0
2021.05.25	04:00:00	132.957	132.998	132.885	132.951	9424	0	0
2021.05.25	08:00:00	132.952	133.331	132.904	133.301	17637	0	0
2021.05.25	12:00:00	133.302	133.613	133.288	133.540	16474	0	0
2021.05.25	16:00:00	133.540	133.595	133.250	133.275	17002	0	0
2021.05.25	20:00:00	133.276	133.276	133.168	133.223	8727	0	0
2021.05.26	00:00:00	133.222	133.317	133.180	133.189	6890	0	0
2021.05.26	04:00:00	133.189	133.392	133.131	133.356	10876	0	0
2021.05.26	08:00:00	133.357	133.413	133.183	133.256	13405	0	0
2021.05.26	12:00:00	133.256	133.383	133.058	133.093	13820	0	0
2021.05.26	16:00:00	133.093	133.297	133.064	133.087	18943	0	0
2021.05.26	20:00:00	133.087	133.118	132.997	133.052	9372	0	0
2021.05.27	00:00:00	133.050	133.130	132.949	133.047	8297	0	0
2021.05.27	04:00:00	133.048	133.053	132.931	133.021	10968	0	0
2021.05.27	08:00:00	133.021	133.238	132.985	133.005	14853	0	0
2021.05.27	12:00:00	133.005	133.422	132.998	133.260	18302	0	2
2021.05.27	16:00:00	133.260	133.978	133.253	133.913	20862	0	2
2021.05.27	20:00:00	133.913	134.057	133.878	133.890	9649	0	2
2021.05.28	00:00:00	133.890	133.980	133.852	133.928	7049	0	2
2021.05.28	04:00:00	133.928	133.973	133.833	133.886	9723	0	2
2021.05.28	08:00:00	133.885	133.999	133.736	133.983	15060	0	2
2021.05.28	12:00:00	133.982	133.993	133.607	133.718	17477	0	2
2021.05.28	16:00:00	133.722	134.005	133.677	133.933	20455	0	2
2021.05.28	20:00:00	133.933	133.982	133.885	133.922	7490	0	2
2021.05.31	00:00:00	133.883	134.020	133.733	133.824	5425	0	2
2021.05.31	04:00:00	133.824	133.867	133.738	133.769	9715	0	2
2021.05.31	08:00:00	133.769	133.848	133.731	133.783	10634	0	2
2021.05.31	12:00:00	133.783	133.810	133.660	133.759	8796	0	2
2021.05.31	16:00:00	133.759	133.914	133.681	133.872	12460	0	2
2021.05.31	20:00:00	133.872	133.964	133.843	133.924	12699	0	2
2021.06.01	00:00:00	133.946	133.994	133.757	133.801	5416	0	2
2021.06.01	04:00:00	133.801	133.882	133.739	133.853	8136	0	2
2021.06.01	08:00:00	133.852	134.035	133.774	134.008	14907	0	2
2021.06.01	12:00:00	134.009	134.116	133.922	134.033	13859	0	2
2021.06.01	16:00:00	134.033	134.125	133.871	133.874	18140	0	2
2021.06.01	20:00:00	133.874	133.878	133.707	133.707	8520	0	2
2021.06.02	00:00:00	133.721	133.994	133.666	133.961	8137	0	2
2021.06.02	04:00:00	133.959	134.024	133.911	134.008	11531	0	2
2021.06.02	08:00:00	134.010	134.070	133.808	133.816	15461	0	2
2021.06.02	12:00:00	133.817	133.883	133.646	133.713	15669	0	2
2021.06.02	16:00:00	133.714	133.897	133.698	133.872	14616	0	2
2021.06.02	20:00:00	133.871	133.892	133.741	133.749	7038	0	2
2021.06.03	00:00:00	133.761	133.882	133.706	133.864	7913	0	2
2021.06.03	04:00:00	133.864	133.917	133.821	133.867	6333	0	2
2021.06.03	08:00:00	133.867	133.908	133.742	133.808	12634	0	2
2021.06.03	12:00:00	133.806	133.873	133.686	133.697	19435	0	2
2021.06.03	16:00:00	133.696	133.780	133.621	133.655	23353	0	2
2021.06.03	20:00:00	133.655	133.790	133.632	133.740	8992	0	2
2021.06.04	00:00:00	133.740	133.813	133.613	133.674	6804	0	2
2021.06.04	04:00:00	133.676	133.678	133.499	133.571	9844	0	2
2021.06.04	08:00:00	133.571	133.582	133.397	133.400	12509	0	2
2021.06.04	12:00:00	133.400	133.590	133.304	133.547	17865	0	2
2021.06.04	16:00:00	133.547	133.549	133.141	133.159	19682	0	2
2021.06.04	20:00:00	133.160	133.296	133.160	133.244	4596	0	2
2021.06.07	00:00:00	133.208	133.385	133.005	133.323	5434	0	2
2021.06.07	04:00:00	133.323	133.330	133.112	133.151	9338	0	2
2021.06.07	08:00:00	133.151	133.174	133.000	133.014	11904	0	2
2021.06.07	12:00:00	133.013	133.112	132.921	132.924	11168	0	2
2021.06.07	16:00:00	132.924	133.311	132.888	133.264	14234	0	2
2021.06.07	20:00:00	133.264	133.282	133.169	133.169	5247	0	2
2021.06.08	00:00:00	133.169	133.339	133.132	133.287	9842	0	2
2021.06.08	04:00:00	133.286	133.351	133.211	133.256	8429	0	2
2021.06.08	08:00:00	133.256	133.352	133.190	133.309	11859	0	2
2021.06.08	12:00:00	133.309	133.360	133.132	133.197	15107	0	2
2021.06.08	16:00:00	133.197	133.422	133.185	133.341	15374	0	2
2021.06.08	20:00:00	133.341	133.375	133.255	133.263	4993	0	2
2021.06.09	00:00:00	133.258	133.321	133.208	133.254	4756	0	2
2021.06.09	04:00:00	133.253	133.366	133.201	133.335	7021	0	2
2021.06.09	08:00:00	133.335	133.438	133.233	133.436	10483	0	2
2021.06.09	12:00:00	133.436	133.467	133.348	133.409	9828	0	2
2021.06.09	16:00:00	133.409	133.624	133.375	133.508	16536	0	2
2021.06.09	20:00:00	133.507	133.530	133.436	133.504	7246	0	2
2021.06.10	00:00:00	133.501	133.551	133.410	133.441	4875	0	2
2021.06.10	04:00:00	133.441	133.446	133.265	133.290	10126	0	2
2021.06.10	08:00:00	133.290	133.295	133.112	133.205	11545	0	2
2021.06.10	12:00:00	133.205	133.758	133.166	133.615	19666	0	2
2021.06.10	16:00:00	133.615	133.663	133.150	133.246	24591	0	2
2021.06.10	20:00:00	133.246	133.270	133.042	133.080	7911	0	2
2021.06.11	00:00:00	133.078	133.277	133.048	133.249	8601	0	2
2021.06.11	04:00:00	133.250	133.364	133.227	133.328	9506	0	2
2021.06.11	08:00:00	133.328	133.413	133.201	133.266	13444	0	2
2021.06.11	12:00:00	133.265	133.288	132.847	132.966	16475	0	2
2021.06.11	16:00:00	132.966	132.993	132.680	132.680	17535	0	2
2021.06.11	20:00:00	132.681	132.816	132.659	132.785	6092	0	2
2021.06.14	00:00:00	132.687	132.914	132.658	132.882	7263	0	2
2021.06.14	04:00:00	132.881	132.883	132.769	132.851	7722	0	2
2021.06.14	08:00:00	132.851	132.968	132.648	132.778	11901	0	2
2021.06.14	12:00:00	132.778	133.027	132.770	133.013	11508	0	2
2021.06.14	16:00:00	133.012	133.396	132.990	133.364	15225	0	2
2021.06.14	20:00:00	133.364	133.434	133.341	133.369	6071	0	2
2021.06.15	00:00:00	133.369	133.430	133.350	133.418	5419	0	2
2021.06.15	04:00:00	133.418	133.519	133.345	133.487	8330	0	2
2021.06.15	08:00:00	133.486	133.682	133.420	133.584	11951	0	2
2021.06.15	12:00:00	133.585	133.585	133.272	133.353	13315	0	2
2021.06.15	16:00:00	133.353	133.568	133.317	133.493	15281	0	2
2021.06.15	20:00:00	133.493	133.519	133.440	133.451	6296	0	2
2021.06.16	00:00:00	133.461	133.539	133.352	133.508	6433	0	2
2021.06.16	04:00:00	133.509	133.515	133.404	133.484	5504	0	2
2021.06.16	08:00:00	133.482	133.584	133.263	133.341	12240	0	2
2021.06.16	12:00:00	133.342	133.353	133.157	133.202	10943	0	2
2021.06.16	16:00:00	133.292	133.356	133.116	133.156	8788	0	2
2021.06.16	20:00:00	133.155	133.155	132.684	132.767	31565	0	2
2021.06.17	00:00:00	132.758	132.876	132.638	132.766	12859	0	2
2021.06.17	04:00:00	132.768	132.834	132.707	132.818	12443	0	2
2021.06.17	08:00:00	132.818	132.834	132.106	132.196	20554	0	2
2021.06.17	12:00:00	132.196	132.326	131.789	131.827	21097	0	2
2021.06.17	16:00:00	131.827	131.964	131.022	131.224	27377	0	2
2021.06.17	20:00:00	131.224	131.386	131.185	131.185	9809	0	2
2021.06.18	00:00:00	131.183	131.429	131.119	131.350	8952	0	2
2021.06.18	04:00:00	131.350	131.412	131.243	131.306	8589	0	2
2021.06.18	08:00:00	131.306	131.317	130.802	131.201	22150	0	2
2021.06.18	12:00:00	131.203	131.373	130.826	131.068	20829	0	2
2021.06.18	16:00:00	131.069	131.069	130.686	130.886	12032	0	2
2021.06.18	20:00:00	130.886	130.928	130.656	130.703	13007	0	2
2021.06.21	00:00:00	130.540	130.889	130.540	130.866	9262	0	2
2021.06.21	04:00:00	130.867	130.879	130.038	130.281	18706	0	2
2021.06.21	08:00:00	130.281	130.836	130.233	130.747	20569	0	2
2021.06.21	12:00:00	130.747	131.048	130.723	130.971	17975	0	2
2021.06.21	16:00:00	130.973	131.410	130.962	131.305	21297	0	2
2021.06.21	20:00:00	131.306	131.496	131.293	131.382	10387	0	2
2021.06.22	00:00:00	131.369	131.540	131.212	131.296	7182	0	2
2021.06.22	04:00:00	131.296	131.555	131.230	131.466	9870	0	2
2021.06.22	08:00:00	131.466	131.578	131.309	131.432	13580	0	1
2021.06.22	12:00:00	131.434	131.657	131.226	131.645	13655	0	2
2021.06.22	16:00:00	131.641	132.167	131.614	132.116	21564	0	2
2021.06.22	20:00:00	132.115	132.197	132.030	132.135	11618	0	2
2021.06.23	00:00:00	132.135	132.210	132.015	132.121	5638	0	2
2021.06.23	04:00:00	132.121	132.227	132.033	132.058	8579	0	2
2021.06.23	08:00:00	132.059	132.443	132.038	132.339	16153	0	2
2021.06.23	12:00:00	132.339	132.692	132.243	132.486	16950	0	2
2021.06.23	16:00:00	132.486	132.603	132.318	132.432	18552	0	2
2021.06.23	20:00:00	132.432	132.454	132.290	132.298	9498	0	2
2021.06.24	00:00:00	132.279	132.578	132.276	132.452	10107	0	2
2021.06.24	04:00:00	132.454	132.481	132.301	132.314	8392	0	2
2021.06.24	08:00:00	132.317	132.385	132.114	132.216	14203	0	2
2021.06.24	12:00:00	132.215	132.439	132.155	132.394	15353	0	2
2021.06.24	16:00:00	132.394	132.409	132.130	132.248	15734	0	2
2021.06.24	20:00:00	132.248	132.314	132.228	132.248	9129	0	2
2021.06.25	00:00:00	132.246	132.405	132.197	132.346	5967	0	2
2021.06.25	04:00:00	132.345	132.454	132.302	132.333	7134	0	2
2021.06.25	08:00:00	132.333	132.408	132.203	132.241	11199	0	2
2021.06.25	12:00:00	132.241	132.334	132.119	132.179	12519	0	2
2021.06.25	16:00:00	132.173	132.408	132.155	132.294	15952	0	2
2021.06.25	20:00:00	132.294	132.307	132.213	132.230	5736	0	2
2021.06.28	00:00:00	132.098	132.346	132.056	132.141	6102	0	2
2021.06.28	04:00:00	132.138	132.141	131.898	131.926	7659	0	2
2021.06.28	08:00:00	131.925	132.244	131.894	132.214	12377	0	2
2021.06.28	12:00:00	132.214	132.234	132.053	132.145	15184	0	2
2021.06.28	16:00:00	132.147	132.211	131.788	131.813	17566	0	2
2021.06.28	20:00:00	131.812	131.904	131.777	131.885	6048	0	2
2021.06.29	00:00:00	131.938	131.967	131.719	131.741	5816	0	2
2021.06.29	04:00:00	131.741	131.758	131.576	131.706	7381	0	2
2021.06.29	08:00:00	131.706	131.877	131.624	131.627	13528	0	2
2021.06.29	12:00:00	131.625	131.725	131.485	131.520	15096	0	2
2021.06.29	16:00:00	131.520	131.626	131.277	131.484	17102	0	2
2021.06.29	20:00:00	131.482	131.580	131.463	131.501	5545	0	2
2021.06.30	00:00:00	131.432	131.658	131.338	131.571	6132	0	2
2021.06.30	04:00:00	131.571	131.592	131.452	131.494	7981	0	2
2021.06.30	08:00:00	131.494	131.595	131.277	131.294	15248	0	2
2021.06.30	12:00:00	131.294	131.498	131.285	131.470	17855	0	2
2021.06.30	16:00:00	131.470	131.656	131.313	131.620	21506	0	2
2021.06.30	20:00:00	131.621	131.780	131.606	131.713	8871	0	2
2021.07.01	00:00:00	131.704	131.775	131.604	131.613	5978	0	2
2021.07.01	04:00:00	131.613	131.658	131.562	131.641	7515	0	2
2021.07.01	08:00:00	131.641	131.962	131.560	131.952	15402	0	2
2021.07.01	12:00:00	131.952	132.430	131.905	132.314	19133	0	2
2021.07.01	16:00:00	132.313	132.403	132.185	132.198	18980	0	2
2021.07.01	20:00:00	132.197	132.283	132.131	132.131	7646	0	2
2021.07.02	00:00:00	132.132	132.227	132.088	132.218	5322	0	2
2021.07.02	04:00:00	132.221	132.229	132.109	132.169	6169	0	2
2021.07.02	08:00:00	132.169	132.191	131.802	131.841	12931	0	2
2021.07.02	12:00:00	131.841	132.053	131.697	131.820	18197	0	2
2021.07.02	16:00:00	131.821	131.885	131.678	131.720	21105	0	2
2021.07.02	20:00:00	131.720	131.823	131.701	131.719	7061	0	2
2021.07.05	00:00:00	131.590	131.867	131.590	131.783	6062	0	2
2021.07.05	04:00:00	131.784	131.807	131.666	131.770	6440	0	2
2021.07.05	08:00:00	131.770	131.779	131.582	131.640	11978	0	2
2021.07.05	12:00:00	131.640	131.678	131.544	131.594	9655	0	2
2021.07.05	16:00:00	131.594	131.655	131.561	131.604	8601	0	2
2021.07.05	20:00:00	131.605	131.687	131.579	131.614	27528	0	4
2021.07.06	00:00:00	131.614	131.655	131.462	131.489	5633	0	2
2021.07.06	04:00:00	131.489	131.656	131.425	131.605	7978	0	2
2021.07.06	08:00:00	131.605	131.861	131.216	131.227	16189	0	2
2021.07.06	12:00:00	131.227	131.297	130.968	131.043	16339	0	2
2021.07.06	16:00:00	131.043	131.099	130.618	130.703	26430	0	2
2021.07.06	20:00:00	130.703	130.853	130.694	130.779	8151	0	2
2021.07.07	00:00:00	130.762	130.815	130.491	130.521	7814	0	2
2021.07.07	04:00:00	130.521	130.846	130.497	130.679	9870	0	2
2021.07.07	08:00:00	130.680	130.971	130.654	130.951	16538	0	2
2021.07.07	12:00:00	130.950	131.035	130.623	130.662	16747	0	2
2021.07.07	16:00:00	130.662	130.869	130.462	130.596	21547	0	2
2021.07.07	20:00:00	130.596	130.706	130.418	130.427	11342	0	2
2021.07.08	00:00:00	130.425	130.525	130.315	130.336	6200	0	2
2021.07.08	04:00:00	130.337	130.434	130.164	130.380	9160	0	2
2021.07.08	08:00:00	130.381	130.384	129.620	129.868	27405	0	2
2021.07.08	12:00:00	129.869	130.158	129.731	129.976	25893	0	2
2021.07.08	16:00:00	129.977	130.166	129.824	130.055	23333	0	2
2021.07.08	20:00:00	130.054	130.095	129.974	130.015	8994	0	2
2021.07.09	00:00:00	130.015	130.193	129.870	130.097	9449	0	1
2021.07.09	04:00:00	130.097	130.179	129.931	130.142	14046	0	2
2021.07.09	08:00:00	130.142	130.364	130.129	130.265	20324	0	2
2021.07.09	12:00:00	130.265	130.581	130.224	130.529	19277	0	2
2021.07.09	16:00:00	130.529	130.842	130.467	130.783	16699	0	2
2021.07.09	20:00:00	130.783	130.872	130.750	130.757	5610	0	2
2021.07.12	00:00:00	130.672	130.899	130.669	130.776	6369	0	2
2021.07.12	04:00:00	130.776	130.819	130.660	130.763	7325	0	2
2021.07.12	08:00:00	130.763	130.864	130.616	130.685	11569	0	2
2021.07.12	12:00:00	130.685	130.719	130.451	130.629	13435	0	2
2021.07.12	16:00:00	130.630	130.986	130.586	130.879	13767	0	2
2021.07.12	20:00:00	130.878	130.903	130.794	130.882	5271	0	2
2021.07.13	00:00:00	130.878	131.006	130.838	130.986	4843	0	2
2021.07.13	04:00:00	130.985	131.087	130.915	131.004	6639	0	2
2021.07.13	08:00:00	131.004	131.011	130.666	130.758	11434	0	2
2021.07.13	12:00:00	130.757	130.758	130.338	130.391	15954	0	2
2021.07.13	16:00:00	130.390	130.587	130.300	130.344	20034	0	2
2021.07.13	20:00:00	130.344	130.432	130.211	130.266	8965	0	2
2021.07.14	00:00:00	130.255	130.357	130.195	130.278	7330	0	2
2021.07.14	04:00:00	130.278	130.281	130.127	130.207	6882	0	2
2021.07.14	08:00:00	130.207	130.365	130.191	130.218	11927	0	2
2021.07.14	12:00:00	130.220	130.433	130.109	130.252	15403	0	2
2021.07.14	16:00:00	130.251	130.260	130.019	130.138	18429	0	2
2021.07.14	20:00:00	130.137	130.207	130.081	130.129	6206	0	2
2021.07.15	00:00:00	130.118	130.201	129.924	130.051	6704	0	2
2021.07.15	04:00:00	130.051	130.060	129.890	130.007	10305	0	2
2021.07.15	08:00:00	130.008	130.092	129.835	130.039	14581	0	2
2021.07.15	12:00:00	130.039	130.177	129.884	129.949	16805	0	2
2021.07.15	16:00:00	129.949	130.052	129.802	129.880	17044	0	2
2021.07.15	20:00:00	129.880	129.891	129.613	129.716	9912	0	2
2021.07.16	00:00:00	129.716	129.802	129.600	129.784	6327	0	2
2021.07.16	04:00:00	129.785	129.961	129.740	129.915	10242	0	2
2021.07.16	08:00:00	129.913	130.107	129.788	130.095	14313	0	2
2021.07.16	12:00:00	130.095	130.204	129.917	130.189	15548	0	2
2021.07.16	16:00:00	130.188	130.281	129.952	130.040	17192	0	2
2021.07.16	20:00:00	130.040	130.077	129.887	129.952	6197	0	2
2021.07.19	00:00:00	129.732	129.964	129.646	129.667	7939	0	2
2021.07.19	04:00:00	129.666	129.815	129.661	129.767	8307	0	2
2021.07.19	08:00:00	129.767	129.829	129.088	129.190	16234	0	2
2021.07.19	12:00:00	129.189	129.377	128.899	129.035	21081	0	2
2021.07.19	16:00:00	129.035	129.303	128.888	129.064	27438	0	2
2021.07.19	20:00:00	129.063	129.190	129.028	129.119	10525	0	2
2021.07.20	00:00:00	129.189	129.222	128.975	129.164	7082	0	2
2021.07.20	04:00:00	129.163	129.303	128.953	129.044	10649	0	2
2021.07.20	08:00:00	129.043	129.435	128.974	129.219	17741	0	2
2021.07.20	12:00:00	129.220	129.326	128.806	128.953	20454	0	2
2021.07.20	16:00:00	128.953	129.466	128.592	129.441	23920	0	2
2021.07.20	20:00:00	129.442	129.485	129.369	129.404	8603	0	2
2021.07.21	00:00:00	129.386	129.551	129.288	129.540	5971	0	2
2021.07.21	04:00:00	129.540	129.542	129.316	129.360	7386	0	2
2021.07.21	08:00:00	129.360	129.722	129.157	129.695	18082	0	2
2021.07.21	12:00:00	129.697	129.713	129.534	129.652	14964	0	2
2021.07.21	16:00:00	129.652	130.151	129.646	130.092	18833	0	2
2021.07.21	20:00:00	130.094	130.189	130.050	130.050	8381	0	2
2021.07.22	00:00:00	130.043	130.119	129.889	129.894	4689	0	2
2021.07.22	04:00:00	129.894	129.968	129.763	129.938	7092	0	2
2021.07.22	08:00:00	129.940	130.121	129.868	130.059	13761	0	2
2021.07.22	12:00:00	130.059	130.233	129.711	129.878	18851	0	2
2021.07.22	16:00:00	129.877	130.295	129.483	129.540	22733	0	2
2021.07.22	20:00:00	129.542	129.734	129.521	129.627	8422	0	2
2021.07.23	00:00:00	129.610	129.735	129.557	129.716	6457	0	3
2021.07.23	04:00:00	129.716	129.839	129.711	129.759	6896	0	2
2021.07.23	08:00:00	129.759	130.184	129.717	130.091	15526	0	2
2021.07.23	12:00:00	130.091	130.165	129.891	130.143	15957	0	2
2021.07.23	16:00:00	130.144	130.157	129.862	130.088	15802	0	2
2021.07.23	20:00:00	130.089	130.171	130.056	130.106	5834	0	2
2021.07.26	00:00:00	129.952	130.172	129.952	129.962	7187	0	2
2021.07.26	04:00:00	129.962	129.993	129.869	129.961	9562	0	2
2021.07.26	08:00:00	129.961	130.004	129.674	129.887	18662	0	2
2021.07.26	12:00:00	129.888	130.155	129.865	130.047	16017	0	2
2021.07.26	16:00:00	130.046	130.321	129.954	130.313	16416	0	2
2021.07.26	20:00:00	130.314	130.346	130.242	130.257	6203	0	2
2021.07.27	00:00:00	130.255	130.294	130.140	130.156	5576	0	2
2021.07.27	04:00:00	130.154	130.228	130.025	130.068	9427	0	2
2021.07.27	08:00:00	130.071	130.094	129.545	129.643	17891	0	2
2021.07.27	12:00:00	129.641	130.014	129.596	129.947	14214	0	2
2021.07.27	16:00:00	129.947	129.967	129.629	129.756	22644	0	2
2021.07.27	20:00:00	129.753	129.823	129.683	129.690	7884	0	2
2021.07.28	00:00:00	129.678	129.881	129.622	129.802	6631	0	2
2021.07.28	04:00:00	129.804	129.905	129.724	129.748	10364	0	2
2021.07.28	08:00:00	129.746	130.031	129.622	130.024	15115	0	2
2021.07.28	12:00:00	130.025	130.057	129.759	129.956	15401	0	2
2021.07.28	16:00:00	129.955	130.059	129.816	130.013	17792	0	2
2021.07.28	20:00:00	130.013	130.235	129.805	130.161	21917	0	2
2021.07.29	00:00:00	130.161	130.209	129.945	129.977	5872	0	2
2021.07.29	04:00:00	129.975	130.213	129.895	130.161	10014	0	2
2021.07.29	08:00:00	130.161	130.418	130.048	130.418	15867	0	2
2021.07.29	12:00:00	130.418	130.489	130.246	130.435	13031	0	2
2021.07.29	16:00:00	130.435	130.561	130.123	130.166	15513	0	2
2021.07.29	20:00:00	130.166	130.199	130.089	130.103	7077	0	2
2021.07.30	00:00:00	130.098	130.168	130.015	130.160	8169	0	2
2021.07.30	04:00:00	130.157	130.221	130.037	130.099	9792	0	2
2021.07.30	08:00:00	130.099	130.375	130.059	130.368	13904	0	2
2021.07.30	12:00:00	130.368	130.498	130.216	130.400	15809	0	2
2021.07.30	16:00:00	130.399	130.426	130.071	130.193	20050	0	2
2021.07.30	20:00:00	130.192	130.257	130.112	130.189	8384	0	2
2021.08.02	00:00:00	130.031	130.228	129.990	130.123	5969	0	2
2021.08.02	04:00:00	130.123	130.250	130.087	130.221	7542	0	2
2021.08.02	08:00:00	130.221	130.418	130.123	130.317	11713	0	2
2021.08.02	12:00:00	130.317	130.347	130.030	130.052	11713	0	2
2021.08.02	16:00:00	130.053	130.147	129.598	129.675	16895	0	2
2021.08.02	20:00:00	129.675	129.813	129.629	129.729	5464	0	2
2021.08.03	00:00:00	129.729	129.826	129.689	129.765	5808	0	2
2021.08.03	04:00:00	129.766	129.781	129.631	129.710	10013	0	2
2021.08.03	08:00:00	129.710	129.773	129.538	129.708	12463	0	2
2021.08.03	12:00:00	129.707	129.868	129.584	129.598	12955	0	2
2021.08.03	16:00:00	129.599	129.600	129.165	129.438	17872	0	2
2021.08.03	20:00:00	129.439	129.502	129.331	129.331	5648	0	2
2021.08.04	00:00:00	129.327	129.398	129.208	129.311	5477	0	2
2021.08.04	04:00:00	129.310	129.501	129.240	129.494	8037	0	2
2021.08.04	08:00:00	129.494	129.614	129.335	129.399	11112	0	2
2021.08.04	12:00:00	129.398	129.491	129.135	129.313	14707	0	2
2021.08.04	16:00:00	129.313	129.818	129.286	129.646	23432	0	2
2021.08.04	20:00:00	129.646	129.647	129.546	129.574	6571	0	2
2021.08.05	00:00:00	129.574	129.783	129.525	129.779	5866	0	2
2021.08.05	04:00:00	129.779	129.840	129.736	129.806	6612	0	2
2021.08.05	08:00:00	129.806	129.929	129.695	129.738	14050	0	2
2021.08.05	12:00:00	129.738	129.808	129.629	129.714	15155	0	2
2021.08.05	16:00:00	129.714	130.011	129.706	129.920	14406	0	2
2021.08.05	20:00:00	129.920	129.948	129.847	129.869	5379	0	2
2021.08.06	00:00:00	129.868	129.963	129.808	129.921	3785	0	2
2021.08.06	04:00:00	129.921	129.951	129.831	129.863	5463	0	2
2021.08.06	08:00:00	129.863	129.919	129.587	129.666	12050	0	2
2021.08.06	12:00:00	129.666	129.845	129.548	129.758	16455	0	2
2021.08.06	16:00:00	129.759	129.901	129.610	129.634	18266	0	2
2021.08.06	20:00:00	129.633	129.680	129.574	129.625	5744	0	2
2021.08.09	00:00:00	129.560	129.693	129.501	129.562	6739	0	2
2021.08.09	04:00:00	129.561	129.646	129.530	129.644	7563	0	2
2021.08.09	08:00:00	129.645	129.650	129.499	129.518	12007	0	2
2021.08.09	12:00:00	129.517	129.578	129.439	129.534	12253	0	2
2021.08.09	16:00:00	129.534	129.570	129.391	129.481	13841	0	2
2021.08.09	20:00:00	129.482	129.523	129.455	129.485	6035	0	2
2021.08.10	00:00:00	129.482	129.572	129.394	129.495	8310	0	2
2021.08.10	04:00:00	129.496	129.532	129.421	129.501	7215	0	2
2021.08.10	08:00:00	129.500	129.684	129.485	129.623	12009	0	2
2021.08.10	12:00:00	129.622	129.622	129.400	129.449	12550	0	2
2021.08.10	16:00:00	129.450	129.616	129.442	129.570	14466	0	2
2021.08.10	20:00:00	129.571	129.623	129.548	129.552	5358	0	2
2021.08.11	00:00:00	129.553	129.668	129.498	129.627	6039	0	1
2021.08.11	04:00:00	129.627	129.735	129.615	129.690	8916	0	2
2021.08.11	08:00:00	129.690	129.804	129.650	129.767	10377	0	2
2021.08.11	12:00:00	129.768	129.792	129.588	129.662	13335	0	2
2021.08.11	16:00:00	129.662	129.759	129.594	129.716	13497	0	2
2021.08.11	20:00:00	129.716	129.724	129.612	129.612	8245	0	2
2021.08.12	00:00:00	129.573	129.682	129.543	129.548	4596	0	2
2021.08.12	04:00:00	129.548	129.656	129.494	129.625	8347	0	2
2021.08.12	08:00:00	129.625	129.663	129.560	129.630	11201	0	2
2021.08.12	12:00:00	129.630	129.709	129.577	129.680	10474	0	2
2021.08.12	16:00:00	129.678	129.692	129.389	129.591	11305	0	2
2021.08.12	20:00:00	129.591	129.648	129.500	129.500	4910	0	2
2021.08.13	00:00:00	129.451	129.615	129.385	129.592	4906	0	2
2021.08.13	04:00:00	129.593	129.637	129.557	129.609	6894	0	2
2021.08.13	08:00:00	129.609	129.612	129.362	129.485	8382	0	2
2021.08.13	12:00:00	129.486	129.696	129.472	129.657	9368	0	2
2021.08.13	16:00:00	129.657	129.672	129.404	129.416	13370	0	2
2021.08.13	20:00:00	129.416	129.417	129.233	129.277	4767	0	2
2021.08.16	00:00:00	129.220	129.431	129.071	129.159	6771	0	2
2021.08.16	04:00:00	129.159	129.193	128.940	129.062	6350	0	2
2021.08.16	08:00:00	129.062	129.080	128.831	128.847	10157	0	2
2021.08.16	12:00:00	128.848	128.901	128.680	128.739	11480	0	2
2021.08.16	16:00:00	128.740	128.760	128.498	128.630	13213	0	2
2021.08.16	20:00:00	128.630	128.682	128.597	128.654	3816	0	2
2021.08.17	00:00:00	128.641	128.771	128.580	128.613	5414	0	2
2021.08.17	04:00:00	128.614	128.696	128.549	128.677	8345	0	2
2021.08.17	08:00:00	128.679	128.873	128.359	128.730	14097	0	2
2021.08.17	12:00:00	128.730	128.747	128.477	128.636	13094	0	2
2021.08.17	16:00:00	128.635	128.640	128.257	128.259	16381	0	2
2021.08.17	20:00:00	128.259	128.369	128.251	128.353	7123	0	2
2021.08.18	00:00:00	128.353	128.353	128.240	128.265	6273	0	2
2021.08.18	04:00:00	128.262	128.509	128.217	128.449	8882	0	2
2021.08.18	08:00:00	128.449	128.561	128.384	128.480	9683	0	2
2021.08.18	12:00:00	128.479	128.766	128.418	128.731	12133	0	2
2021.08.18	16:00:00	128.732	128.749	128.565	128.669	13175	0	2
2021.08.18	20:00:00	128.669	128.943	128.499	128.532	13101	0	2
2021.08.19	00:00:00	128.473	128.624	128.467	128.535	7061	0	2
2021.08.19	04:00:00	128.536	128.705	128.514	128.646	13250	0	2
2021.08.19	08:00:00	128.645	128.698	128.045	128.093	20713	0	2
2021.08.19	12:00:00	128.093	128.386	127.928	128.314	17364	0	2
2021.08.19	16:00:00	128.312	128.455	128.142	128.310	18254	0	2
2021.08.19	20:00:00	128.311	128.313	128.149	128.167	7702	0	2
2021.08.20	00:00:00	128.165	128.376	128.040	128.320	4728	0	2
2021.08.20	04:00:00	128.320	128.323	128.028	128.251	9029	0	2
2021.08.20	08:00:00	128.251	128.251	127.984	128.037	15288	0	2
2021.08.20	12:00:00	128.036	128.103	127.945	128.089	11539	0	2
2021.08.20	16:00:00	128.089	128.523	128.061	128.513	15507	0	2
2021.08.20	20:00:00	128.513	128.522	128.415	128.457	5356	0	2
2021.08.23	00:00:00	128.212	128.633	128.102	128.537	6999	0	2
2021.08.23	04:00:00	128.538	128.800	128.528	128.742	8265	0	2
2021.08.23	08:00:00	128.741	128.983	128.700	128.963	12584	0	2
2021.08.23	12:00:00	128.963	129.142	128.926	129.097	11498	0	2
2021.08.23	16:00:00	129.097	129.097	128.781	128.864	14527	0	2
2021.08.23	20:00:00	128.864	128.885	128.791	128.853	5057	0	2
2021.08.24	00:00:00	128.807	128.871	128.745	128.850	4009	0	2
2021.08.24	04:00:00	128.849	128.902	128.755	128.881	5336	0	2
2021.08.24	08:00:00	128.881	129.031	128.711	128.769	11958	0	2
2021.08.24	12:00:00	128.769	128.835	128.656	128.705	12197	0	2
2021.08.24	16:00:00	128.705	129.006	128.593	128.872	16359	0	2
2021.08.24	20:00:00	128.872	128.974	128.801	128.929	5426	0	2
2021.08.25	00:00:00	128.915	129.040	128.741	128.941	5502	0	2
2021.08.25	04:00:00	128.941	128.945	128.828	128.852	7049	0	2
2021.08.25	08:00:00	128.851	129.122	128.767	128.963	12108	0	2
2021.08.25	12:00:00	128.963	129.057	128.944	129.036	12535	0	2
2021.08.25	16:00:00	129.036	129.434	129.004	129.424	16078	0	2
2021.08.25	20:00:00	129.423	129.535	129.414	129.518	8555	0	2
2021.08.26	00:00:00	129.503	129.540	129.371	129.488	5561	0	2
2021.08.26	04:00:00	129.488	129.526	129.301	129.392	8288	0	2
2021.08.26	08:00:00	129.390	129.765	129.351	129.562	15231	0	2
2021.08.26	12:00:00	129.562	129.699	129.455	129.465	14560	0	2
2021.08.26	16:00:00	129.464	129.627	129.226	129.439	21056	0	2
2021.08.26	20:00:00	129.439	129.446	129.283	129.361	8544	0	2
2021.08.27	00:00:00	129.358	129.398	129.154	129.263	5983	0	2
2021.08.27	04:00:00	129.263	129.369	129.196	129.305	8291	0	2
2021.08.27	08:00:00	129.304	129.522	129.299	129.392	12387	0	2
2021.08.27	12:00:00	129.392	129.619	129.358	129.412	11659	0	2
2021.08.27	16:00:00	129.413	129.748	129.370	129.576	29831	0	2
2021.08.27	20:00:00	129.576	129.578	129.501	129.573	7969	0	2
2021.08.30	00:00:00	129.514	129.635	129.478	129.525	5079	0	2
2021.08.30	04:00:00	129.526	129.645	129.489	129.544	7804	0	2
2021.08.30	08:00:00	129.544	129.669	129.488	129.602	8891	0	2
2021.08.30	12:00:00	129.602	129.684	129.531	129.576	8926	0	2
2021.08.30	16:00:00	129.576	129.691	129.544	129.658	14540	0	2
2021.08.30	20:00:00	129.658	129.707	129.632	129.647	4951	0	2
2021.08.31	00:00:00	129.627	129.750	129.580	129.678	7491	0	2
2021.08.31	04:00:00	129.678	129.939	129.634	129.879	9919	0	2
2021.08.31	08:00:00	129.879	129.979	129.819	129.904	12452	0	2
2021.08.31	12:00:00	129.902	130.175	129.757	129.861	17707	0	2
2021.08.31	16:00:00	129.861	129.916	129.591	129.839	27187	0	2
2021.08.31	20:00:00	129.840	129.934	129.812	129.903	7082	0	2
2021.09.01	00:00:00	129.886	130.068	129.842	130.044	7215	0	2
2021.09.01	04:00:00	130.042	130.111	130.028	130.067	8116	0	2
2021.09.01	08:00:00	130.067	130.412	129.979	130.386	15272	0	2
2021.09.01	12:00:00	130.386	130.444	130.236	130.246	15290	0	2
2021.09.01	16:00:00	130.246	130.452	130.126	130.375	18311	0	2
2021.09.01	20:00:00	130.375	130.397	130.221	130.255	7310	0	2
2021.09.02	00:00:00	130.230	130.405	130.136	130.261	6863	0	2
2021.09.02	04:00:00	130.261	130.266	130.159	130.211	6689	0	2
2021.09.02	08:00:00	130.211	130.422	130.197	130.299	11599	0	2
2021.09.02	12:00:00	130.298	130.403	130.250	130.346	11168	0	2
2021.09.02	16:00:00	130.346	130.564	130.340	130.521	16072	0	2
2021.09.02	20:00:00	130.522	130.594	130.519	130.533	6981	0	2
2021.09.03	00:00:00	130.533	130.636	130.478	130.568	5137	0	2
2021.09.03	04:00:00	130.568	130.744	130.461	130.672	10074	0	2
2021.09.03	08:00:00	130.673	130.712	130.582	130.585	11020	0	2
2021.09.03	12:00:00	130.585	130.686	130.423	130.632	17801	0	2
2021.09.03	16:00:00	130.632	130.736	130.186	130.353	24084	0	2
2021.09.03	20:00:00	130.353	130.457	130.285	130.308	6314	0	2
2021.09.06	00:00:00	130.184	130.500	130.148	130.436	5843	0	2
2021.09.06	04:00:00	130.439	130.457	130.270	130.330	6802	0	2
2021.09.06	08:00:00	130.330	130.500	130.286	130.371	8828	0	2
2021.09.06	12:00:00	130.371	130.397	130.292	130.331	8035	0	2
2021.09.06	16:00:00	130.331	130.415	130.249	130.415	6874	0	2
2021.09.06	20:00:00	130.415	130.417	130.355	130.407	10423	0	3
2021.09.07	00:00:00	130.349	130.435	130.278	130.412	7476	0	2
2021.09.07	04:00:00	130.412	130.492	130.294	130.409	9158	0	2
2021.09.07	08:00:00	130.411	130.597	130.348	130.544	16501	0	2
2021.09.07	12:00:00	130.543	130.598	130.420	130.456	18148	0	2
2021.09.07	16:00:00	130.456	130.604	130.434	130.553	18328	0	2
2021.09.07	20:00:00	130.552	130.656	130.550	130.578	7444	0	2
2021.09.08	00:00:00	130.565	130.663	130.451	130.632	6746	0	2
2021.09.08	04:00:00	130.631	130.695	130.586	130.638	5866	0	2
2021.09.08	08:00:00	130.639	130.696	130.173	130.224	17414	0	2
2021.09.08	12:00:00	130.224	130.411	130.218	130.317	14864	0	2
2021.09.08	16:00:00	130.316	130.420	130.223	130.337	23062	0	2
2021.09.08	20:00:00	130.336	130.372	130.268	130.272	8810	0	2
2021.09.09	00:00:00	130.242	130.314	130.175	130.203	5634	0	2
2021.09.09	04:00:00	130.203	130.256	130.096	130.134	8322	0	2
2021.09.09	08:00:00	130.133	130.173	129.965	130.039	14218	0	2
2021.09.09	12:00:00	130.039	130.145	129.769	129.934	18939	0	2
2021.09.09	16:00:00	129.936	129.970	129.665	129.792	19673	0	2
2021.09.09	20:00:00	129.792	129.811	129.704	129.735	9998	0	2
2021.09.10	00:00:00	129.691	129.834	129.645	129.713	6994	0	2
2021.09.10	04:00:00	129.714	129.993	129.686	129.985	8701	0	2
2021.09.10	08:00:00	129.984	130.277	129.957	130.200	13742	0	2
2021.09.10	12:00:00	130.198	130.226	129.957	129.964	12503	0	2
2021.09.10	16:00:00	129.964	130.054	129.868	129.916	18425	0	2
2021.09.10	20:00:00	129.916	129.917	129.765	129.806	9515	0	2
2021.09.13	00:00:00	129.740	129.938	129.718	129.821	6220	0	2
2021.09.13	04:00:00	129.821	129.828	129.680	129.718	7572	0	2
2021.09.13	08:00:00	129.718	129.839	129.652	129.820	14412	0	2
2021.09.13	12:00:00	129.820	129.856	129.588	129.679	11608	0	2
2021.09.13	16:00:00	129.679	129.946	129.668	129.880	17155	0	2
2021.09.13	20:00:00	129.882	129.936	129.805	129.914	7418	0	2
2021.09.14	00:00:00	129.914	129.955	129.785	129.934	3927	0	2
2021.09.14	04:00:00	129.931	130.087	129.927	130.017	9234	0	2
2021.09.14	08:00:00	130.018	130.127	129.967	130.075	11298	0	2
2021.09.14	12:00:00	130.075	130.195	129.948	130.105	18372	0	2
2021.09.14	16:00:00	130.105	130.121	129.586	129.605	20468	0	2
2021.09.14	20:00:00	129.605	129.615	129.365	129.459	8817	0	2
2021.09.15	00:00:00	129.437	129.531	129.349	129.352	7190	0	2
2021.09.15	04:00:00	129.352	129.488	129.328	129.408	7205	0	2
2021.09.15	08:00:00	129.408	129.419	129.220	129.291	13707	0	2
2021.09.15	12:00:00	129.291	129.311	129.061	129.193	15039	0	2
2021.09.15	16:00:00	129.193	129.278	129.057	129.120	19067	0	2
2021.09.15	20:00:00	129.120	129.245	129.119	129.232	7565	0	2
2021.09.16	00:00:00	129.232	129.355	129.148	129.282	6311	0	4
2021.09.16	04:00:00	129.282	129.283	129.064	129.064	6375	0	2
2021.09.16	08:00:00	129.064	129.070	128.724	128.775	15538	0	2
2021.09.16	12:00:00	128.775	128.963	128.605	128.940	16708	0	2
2021.09.16	16:00:00	128.940	129.087	128.870	129.043	15362	0	2
2021.09.16	20:00:00	129.043	129.173	128.937	129.124	8341	0	2
2021.09.17	00:00:00	129.117	129.181	129.015	129.118	6386	0	2
2021.09.17	04:00:00	129.119	129.304	129.103	129.301	7984	0	2
2021.09.17	08:00:00	129.301	129.550	129.294	129.518	15179	0	3
2021.09.17	12:00:00	129.518	129.669	129.477	129.535	14549	0	2
2021.09.17	16:00:00	129.535	129.584	128.930	128.959	18520	0	2
2021.09.17	20:00:00	128.959	129.005	128.902	128.942	5509	0	3
2021.09.20	00:00:00	128.830	129.025	128.830	128.972	5218	0	4
2021.09.20	04:00:00	128.973	128.974	128.677	128.764	5501	0	3
2021.09.20	08:00:00	128.764	128.797	128.375	128.427	14295	0	2
2021.09.20	12:00:00	128.426	128.479	128.141	128.269	15331	0	2
2021.09.20	16:00:00	128.268	128.506	128.235	128.248	18893	0	2
2021.09.20	20:00:00	128.249	128.357	128.185	128.291	9055	0	2
2021.09.21	00:00:00	128.198	128.500	128.170	128.455	7256	0	2
2021.09.21	04:00:00	128.455	128.642	128.430	128.554	8840	0	3
2021.09.21	08:00:00	128.554	128.703	128.474	128.552	15585	0	2
2021.09.21	12:00:00	128.551	128.628	128.261	128.296	14171	0	2
2021.09.21	16:00:00	128.299	128.321	127.997	128.139	20158	0	2
2021.09.21	20:00:00	128.138	128.157	128.020	128.049	10497	0	3
2021.09.22	00:00:00	128.031	128.106	127.920	128.033	13672	0	2
2021.09.22	04:00:00	128.033	128.408	127.954	128.378	12646	0	3
2021.09.22	08:00:00	128.378	128.557	128.314	128.500	15386	0	2
2021.09.22	12:00:00	128.500	128.588	128.420	128.560	16070	0	2
2021.09.22	16:00:00	128.560	128.696	128.483	128.621	15247	0	2
2021.09.22	20:00:00	128.621	128.771	128.329	128.330	25710	0	2
2021.09.23	00:00:00	128.307	128.422	128.266	128.399	7512	0	3
2021.09.23	04:00:00	128.399	128.580	128.381	128.577	5961	0	3
2021.09.23	08:00:00	128.577	128.928	128.549	128.858	17579	0	2
2021.09.23	12:00:00	128.858	129.137	128.564	129.104	21734	0	2
2021.09.23	16:00:00	129.104	129.410	129.040	129.387	17985	0	2
2021.09.23	20:00:00	129.386	129.540	129.374	129.503	7499	0	2
2021.09.24	00:00:00	129.376	129.682	129.376	129.638	8924	0	2
2021.09.24	04:00:00	129.639	129.692	129.497	129.619	10520	0	3
2021.09.24	08:00:00	129.619	129.753	129.429	129.589	14521	0	1
2021.09.24	12:00:00	129.589	129.624	129.420	129.420	15610	0	0
2021.09.24	16:00:00	129.419	129.783	129.382	129.754	17862	0	0
2021.09.24	20:00:00	129.753	129.840	129.732	129.792	6053	0	1
2021.09.27	00:00:00	129.766	129.862	129.578	129.749	5935	0	0
2021.09.27	04:00:00	129.750	129.777	129.586	129.592	6371	0	1
2021.09.27	08:00:00	129.592	129.743	129.482	129.646	14728	0	0
2021.09.27	12:00:00	129.646	129.934	129.646	129.794	18701	0	0
2021.09.27	16:00:00	129.794	129.904	129.651	129.887	18056	0	0
2021.09.27	20:00:00	129.885	129.925	129.808	129.812	5827	0	0
2021.09.28	00:00:00	129.799	129.847	129.663	129.783	6967	0	0
2021.09.28	04:00:00	129.782	130.071	129.726	130.032	5546	0	0
2021.09.28	08:00:00	130.032	130.142	129.881	129.987	15326	0	0
2021.09.28	12:00:00	129.989	130.365	129.926	130.304	20025	0	0
2021.09.28	16:00:00	130.303	130.379	129.957	130.157	27033	0	0
2021.09.28	20:00:00	130.155	130.346	130.128	130.259	10986	0	0
2021.09.29	00:00:00	130.230	130.441	130.171	130.416	6518	0	0
2021.09.29	04:00:00	130.418	130.470	130.109	130.301	12111	0	0
2021.09.29	08:00:00	130.301	130.333	129.731	129.844	20358	0	0
2021.09.29	12:00:00	129.844	130.003	129.673	129.937	18385	0	0
2021.09.29	16:00:00	129.936	130.038	129.747	129.872	21385	0	0
2021.09.29	20:00:00	129.872	129.995	129.771	129.843	9149	0	0
2021.09.30	00:00:00	129.823	129.894	129.732	129.823	6137	0	1
2021.09.30	04:00:00	129.823	129.935	129.737	129.928	6700	0	0
2021.09.30	08:00:00	129.927	129.959	129.684	129.903	15133	0	0
2021.09.30	12:00:00	129.902	129.922	129.551	129.672	15899	0	0
2021.09.30	16:00:00	129.672	129.705	128.920	128.935	27455	0	0
2021.09.30	20:00:00	128.934	129.061	128.784	128.822	11996	0	0
2021.10.01	00:00:00	128.782	129.044	128.740	128.828	7401	0	1
2021.10.01	04:00:00	128.828	128.860	128.651	128.740	13204	0	1
2021.10.01	08:00:00	128.739	128.927	128.618	128.645	18133	0	0
2021.10.01	12:00:00	128.645	129.032	128.594	128.786	17452	0	0
2021.10.01	16:00:00	128.786	128.891	128.546	128.724	26614	0	0
2021.10.01	20:00:00	128.723	128.857	128.699	128.757	7204	0	1
2021.10.04	00:00:00	128.751	128.861	128.540	128.733	8225	0	0
2021.10.04	04:00:00	128.729	128.852	128.681	128.765	10102	0	1
2021.10.04	08:00:00	128.764	129.165	128.691	129.136	16250	0	0
2021.10.04	12:00:00	129.139	129.374	129.066	129.197	15529	0	0
2021.10.04	16:00:00	129.197	129.355	128.809	128.817	21511	0	0
2021.10.04	20:00:00	128.817	128.975	128.810	128.896	9012	0	0
2021.10.05	00:00:00	128.825	128.953	128.756	128.804	7922	0	1
2021.10.05	04:00:00	128.804	128.981	128.798	128.920	8988	0	1
2021.10.05	08:00:00	128.920	129.035	128.806	128.939	15693	0	0
2021.10.05	12:00:00	128.939	129.107	128.879	129.067	13556	0	0
2021.10.05	16:00:00	129.067	129.386	128.986	129.342	19642	0	0
2021.10.05	20:00:00	129.342	129.345	129.237	129.262	6785	0	0
2021.10.06	00:00:00	129.236	129.430	129.167	129.429	7064	0	2
2021.10.06	04:00:00	129.429	129.486	129.262	129.465	8566	0	0
2021.10.06	08:00:00	129.465	129.496	128.788	128.892	19329	0	0
2021.10.06	12:00:00	128.891	128.893	128.442	128.549	19838	0	0
2021.10.06	16:00:00	128.549	128.643	128.333	128.574	18441	0	0
2021.10.06	20:00:00	128.575	128.802	128.552	128.747	9329	0	0
2021.10.07	00:00:00	128.725	128.779	128.642	128.736	7515	0	1
2021.10.07	04:00:00	128.737	128.858	128.700	128.743	5707	0	1
2021.10.07	08:00:00	128.744	128.915	128.630	128.797	13872	0	0
2021.10.07	12:00:00	128.795	128.916	128.713	128.791	12598	0	0
2021.10.07	16:00:00	128.792	128.992	128.747	128.984	15064	0	0
2021.10.07	20:00:00	128.984	129.028	128.917	128.948	6739	0	1
2021.10.08	00:00:00	128.948	129.156	128.872	129.127	7204	0	2
2021.10.08	04:00:00	129.126	129.284	129.123	129.251	8972	0	0
2021.10.08	08:00:00	129.251	129.369	129.167	129.350	13023	0	0
2021.10.08	12:00:00	129.350	129.431	129.091	129.120	16160	0	0
2021.10.08	16:00:00	129.121	129.800	129.077	129.745	20294	0	0
2021.10.08	20:00:00	129.746	129.902	129.717	129.891	7173	0	0
2021.10.11	00:00:00	129.636	129.989	129.636	129.983	5439	0	2
2021.10.11	04:00:00	129.984	130.423	129.979	130.393	8523	0	1
2021.10.11	08:00:00	130.393	130.717	130.367	130.634	15459	0	0
2021.10.11	12:00:00	130.633	130.978	130.490	130.862	13527	0	0
2021.10.11	16:00:00	130.862	131.221	130.752	131.136	12855	0	0
2021.10.11	20:00:00	131.136	131.136	130.889	130.895	7741	0	1
2021.10.12	00:00:00	130.887	131.096	130.731	131.026	7166	0	1
2021.10.12	04:00:00	131.028	131.070	130.849	130.975	7918	0	2
2021.10.12	08:00:00	130.975	131.163	130.741	131.078	16381	0	0
2021.10.12	12:00:00	131.078	131.246	130.884	131.181	16355	0	0
2021.10.12	16:00:00	131.183	131.272	130.905	131.005	21243	0	0
2021.10.12	20:00:00	131.004	131.059	130.951	130.977	8998	0	0
2021.10.13	00:00:00	130.977	131.033	130.862	130.924	9059	0	1
2021.10.13	04:00:00	130.922	131.119	130.883	131.080	7855	0	1
2021.10.13	08:00:00	131.081	131.276	130.995	131.226	14489	0	0
2021.10.13	12:00:00	131.226	131.353	131.126	131.193	16990	0	0
2021.10.13	16:00:00	131.193	131.354	130.992	131.348	21985	0	0
2021.10.13	20:00:00	131.348	131.463	131.284	131.303	10130	0	0
2021.10.14	00:00:00	131.225	131.505	131.189	131.492	7109	0	1
2021.10.14	04:00:00	131.492	131.681	131.489	131.597	7876	0	1
2021.10.14	08:00:00	131.597	131.794	131.537	131.752	15478	0	0
2021.10.14	12:00:00	131.752	131.777	131.497	131.741	15073	0	0
2021.10.14	16:00:00	131.741	131.780	131.579	131.685	16069	0	0
2021.10.14	20:00:00	131.685	131.855	131.682	131.821	7836	0	2
2021.10.15	00:00:00	131.806	132.065	131.755	132.031	9346	0	2
2021.10.15	04:00:00	132.033	132.319	131.978	132.289	9034	0	0
2021.10.15	08:00:00	132.289	132.621	132.281	132.621	16892	0	0
2021.10.15	12:00:00	132.621	132.774	132.489	132.667	16925	0	0
2021.10.15	16:00:00	132.668	132.751	132.301	132.507	18794	0	0
2021.10.15	20:00:00	132.506	132.602	132.490	132.511	7688	0	1
2021.10.18	00:00:00	132.514	132.677	132.290	132.347	11379	0	1
2021.10.18	04:00:00	132.347	132.563	132.145	132.392	12336	0	2
2021.10.18	08:00:00	132.392	132.544	132.220	132.444	17983	0	0
2021.10.18	12:00:00	132.443	132.683	132.402	132.571	20865	0	0
2021.10.18	16:00:00	132.571	132.787	132.462	132.742	16632	0	0
2021.10.18	20:00:00	132.743	132.748	132.608	132.720	6194	0	2
2021.10.19	00:00:00	132.702	132.868	132.622	132.669	6249	0	1
2021.10.19	04:00:00	132.666	133.019	132.643	132.974	10244	0	2
2021.10.19	08:00:00	132.975	133.022	132.713	132.864	18759	0	0
2021.10.19	12:00:00	132.864	133.190	132.803	133.079	17224	0	0
2021.10.19	16:00:00	133.079	133.171	132.876	132.986	16204	0	0
2021.10.19	20:00:00	132.985	133.085	132.963	133.036	6976	0	1
2021.10.20	00:00:00	132.920	133.407	132.896	133.359	8582	0	2
2021.10.20	04:00:00	133.358	133.466	133.216	133.440	10036	0	1
2021.10.20	08:00:00	133.441	133.478	132.880	133.032	16279	0	0
2021.10.20	12:00:00	133.032	133.131	132.734	132.917	14398	0	0
2021.10.20	16:00:00	132.917	133.166	132.836	132.991	16363	0	0
2021.10.20	20:00:00	132.991	133.212	132.990	133.192	8708	0	1
2021.10.21	00:00:00	133.168	133.320	132.995	133.207	5648	0	3
2021.10.21	04:00:00	133.207	133.368	132.813	132.927	11129	0	0
2021.10.21	08:00:00	132.925	132.989	132.635	132.734	16474	0	0
2021.10.21	12:00:00	132.733	132.957	132.576	132.678	14735	0	0
2021.10.21	16:00:00	132.677	132.695	132.274	132.275	17518	0	0
2021.10.21	20:00:00	132.275	132.540	132.261	132.505	9017	0	1
2021.10.22	00:00:00	132.480	132.667	132.299	132.653	8605	0	0
2021.10.22	04:00:00	132.652	132.790	132.553	132.580	8994	0	2
2021.10.22	08:00:00	132.580	132.789	132.456	132.636	15682	0	0
2021.10.22	12:00:00	132.636	132.683	132.340	132.368	13908	0	0
2021.10.22	16:00:00	132.367	132.536	131.916	131.983	21782	0	0
2021.10.22	20:00:00	131.983	132.148	131.949	132.142	8823	0	1
2021.10.25	00:00:00	132.150	132.455	132.050	132.393	7980	0	1
2021.10.25	04:00:00	132.393	132.599	132.274	132.520	12113	0	2
2021.10.25	08:00:00	132.520	132.596	132.273	132.322	15086	0	0
2021.10.25	12:00:00	132.322	132.331	131.860	132.036	15178	0	0
2021.10.25	16:00:00	132.036	132.091	131.860	131.987	15011	0	2
2021.10.25	20:00:00	131.987	132.051	131.972	132.001	5719	0	1
2021.10.26	00:00:00	131.990	132.117	131.926	132.107	5371	0	1
2021.10.26	04:00:00	132.107	132.223	132.066	132.219	8307	0	1
2021.10.26	08:00:00	132.220	132.365	132.132	132.334	13340	0	1
2021.10.26	12:00:00	132.334	132.663	132.290	132.596	13107	0	0
2021.10.26	16:00:00	132.596	132.642	132.252	132.293	14310	0	0
2021.10.26	20:00:00	132.292	132.416	132.245	132.361	5079	0	2
2021.10.27	00:00:00	132.330	132.476	132.190	132.458	7864	0	2
2021.10.27	04:00:00	132.458	132.520	132.183	132.277	7579	0	2
2021.10.27	08:00:00	132.277	132.399	131.770	131.829	14683	0	0
2021.10.27	12:00:00	131.829	132.183	131.578	132.097	17801	0	0
2021.10.27	16:00:00	132.096	132.198	131.733	132.021	23915	0	0
2021.10.27	20:00:00	132.021	132.179	131.963	132.064	8227	0	1
2021.10.28	00:00:00	132.024	132.110	131.911	131.916	6115	0	2
2021.10.28	04:00:00	131.917	131.960	131.734	131.805	10937	0	1
2021.10.28	08:00:00	131.805	131.971	131.605	131.715	16802	0	0
2021.10.28	12:00:00	131.715	132.265	131.555	132.214	21426	0	0
2021.10.28	16:00:00	132.214	132.520	131.839	132.488	27110	0	0
2021.10.28	20:00:00	132.488	132.697	132.481	132.652	8575	0	0
2021.10.29	00:00:00	132.628	132.917	132.558	132.670	8346	0	0
2021.10.29	04:00:00	132.670	132.743	132.459	132.535	11419	0	1
2021.10.29	08:00:00	132.535	132.671	132.398	132.472	17790	0	1
2021.10.29	12:00:00	132.472	132.687	132.345	132.387	18643	0	0
2021.10.29	16:00:00	132.387	132.589	131.604	131.642	25650	0	0
2021.10.29	20:00:00	131.642	131.829	131.613	131.763	8450	0	0
2021.11.01	00:00:00	131.908	132.056	131.794	131.923	9197	0	0
2021.11.01	04:00:00	131.923	132.143	131.806	132.097	7868	0	0
2021.11.01	08:00:00	132.097	132.397	132.000	132.133	14689	0	0
2021.11.01	12:00:00	132.134	132.275	132.083	132.139	13831	0	0
2021.11.01	16:00:00	132.138	132.442	131.999	132.276	13219	0	0
2021.11.01	20:00:00	132.276	132.354	132.184	132.287	9696	0	1
2021.11.02	00:00:00	132.264	132.388	132.142	132.169	7594	0	1
2021.11.02	04:00:00	132.169	132.213	131.865	131.960	9824	0	0
2021.11.02	08:00:00	131.960	131.986	131.476	131.672	14602	0	0
2021.11.02	12:00:00	131.673	132.098	131.596	131.862	15208	0	0
2021.11.02	16:00:00	131.861	131.943	131.743	131.894	15154	0	0
2021.11.02	20:00:00	131.894	132.030	131.857	131.952	9887	0	2
2021.11.03	00:00:00	131.934	131.996	131.839	131.898	6779	0	2
2021.11.03	04:00:00	131.897	131.932	131.756	131.908	5035	0	1
2021.11.03	08:00:00	131.907	132.016	131.809	131.983	10912	0	0
2021.11.03	12:00:00	131.982	131.988	131.746	131.850	14662	0	0
2021.11.03	16:00:00	131.846	132.156	131.846	131.999	13497	0	0
2021.11.03	20:00:00	132.002	132.412	131.979	132.369	22359	0	0
2021.11.04	00:00:00	132.343	132.561	132.328	132.522	8596	0	0
2021.11.04	04:00:00	132.521	132.540	132.230	132.295	7791	0	2
2021.11.04	08:00:00	132.294	132.333	131.605	131.747	15410	0	0
2021.11.04	12:00:00	131.747	131.790	131.402	131.487	20373	0	0
2021.11.04	16:00:00	131.486	131.499	131.016	131.265	19299	0	0
2021.11.04	20:00:00	131.265	131.506	131.265	131.424	8255	0	0
2021.11.05	00:00:00	131.401	131.540	131.178	131.203	10334	0	0
2021.11.05	04:00:00	131.204	131.394	131.135	131.301	7993	0	3
2021.11.05	08:00:00	131.298	131.589	131.259	131.367	15356	0	0
2021.11.05	12:00:00	131.367	131.439	130.865	130.898	24393	0	0
2021.11.05	16:00:00	130.896	131.149	130.833	131.023	19789	0	0
2021.11.05	20:00:00	131.023	131.204	130.940	131.157	7237	0	0
2021.11.08	00:00:00	130.933	131.374	130.933	131.254	12040	0	0
2021.11.08	04:00:00	131.255	131.416	131.218	131.285	7505	0	2
2021.11.08	08:00:00	131.286	131.425	131.086	131.092	17692	0	0
2021.11.08	12:00:00	131.092	131.344	131.078	131.138	13550	0	0
2021.11.08	16:00:00	131.137	131.216	130.895	131.194	16259	0	0
2021.11.08	20:00:00	131.194	131.252	131.156	131.185	7511	0	1
2021.11.09	00:00:00	131.154	131.263	130.969	131.007	9185	0	1
2021.11.09	04:00:00	131.007	131.018	130.674	130.808	11814	0	2
2021.11.09	08:00:00	130.808	130.957	130.734	130.827	15297	0	0
2021.11.09	12:00:00	130.826	130.913	130.769	130.888	15291	0	0
2021.11.09	16:00:00	130.885	130.980	130.708	130.790	22887	0	0
2021.11.09	20:00:00	130.790	130.894	130.762	130.851	9628	0	1
2021.11.10	00:00:00	130.834	130.952	130.741	130.877	9116	0	1
2021.11.10	04:00:00	130.877	130.893	130.648	130.684	7719	0	1
2021.11.10	08:00:00	130.683	131.128	130.676	131.073	16270	0	1
2021.11.10	12:00:00	131.073	131.091	130.724	131.068	18433	0	0
2021.11.10	16:00:00	131.067	131.415	131.054	131.157	25805	0	0
2021.11.10	20:00:00	131.158	131.178	130.640	130.727	17503	0	0
2021.11.11	00:00:00	130.630	130.992	130.613	130.938	11994	0	0
2021.11.11	04:00:00	130.937	130.991	130.694	130.796	8021	0	1
2021.11.11	08:00:00	130.796	130.885	130.634	130.766	13159	0	0
2021.11.11	12:00:00	130.765	130.838	130.438	130.494	13826	0	0
2021.11.11	16:00:00	130.494	130.786	130.462	130.640	12398	0	0
2021.11.11	20:00:00	130.640	130.644	130.534	130.594	6456	0	3
2021.11.12	00:00:00	130.564	130.742	130.499	130.720	8845	0	3
2021.11.12	04:00:00	130.720	130.734	130.640	130.691	7794	0	1
2021.11.12	08:00:00	130.689	130.760	130.415	130.477	14164	0	0
2021.11.12	12:00:00	130.477	130.614	130.419	130.432	12261	0	0
2021.11.12	16:00:00	130.433	130.478	130.232	130.414	19965	0	0
2021.11.12	20:00:00	130.413	130.415	130.286	130.357	8051	0	0
2021.11.15	00:00:00	130.370	130.491	130.326	130.387	7818	0	2
2021.11.15	04:00:00	130.388	130.500	130.388	130.437	7058	0	1
2021.11.15	08:00:00	130.437	130.597	130.290	130.306	13457	0	0
2021.11.15	12:00:00	130.306	130.431	130.254	130.331	14031	0	1
2021.11.15	16:00:00	130.331	130.421	129.727	129.870	20812	0	0
2021.11.15	20:00:00	129.870	129.910	129.677	129.724	9452	0	0
2021.11.16	00:00:00	129.704	130.054	129.583	130.047	12047	0	2
2021.11.16	04:00:00	130.048	130.075	129.822	129.859	7738	0	2
2021.11.16	08:00:00	129.859	130.030	129.659	129.731	15575	0	0
2021.11.16	12:00:00	129.731	130.110	129.678	130.005	17960	0	0
2021.11.16	16:00:00	130.006	130.061	129.732	129.835	22475	0	0
2021.11.16	20:00:00	129.835	129.980	129.767	129.969	11638	0	0
2021.11.17	00:00:00	129.959	130.073	129.899	129.987	9968	0	0
2021.11.17	04:00:00	129.987	130.021	129.412	129.836	11757	0	0
2021.11.17	08:00:00	129.835	130.018	129.710	129.904	16753	0	0
2021.11.17	12:00:00	129.904	129.940	129.611	129.630	15183	0	0
2021.11.17	16:00:00	129.631	129.806	129.087	129.115	19571	0	0
2021.11.17	20:00:00	129.116	129.253	129.033	129.157	11348	0	0
2021.11.18	00:00:00	129.156	129.327	128.990	129.150	9615	0	1
2021.11.18	04:00:00	129.150	129.362	129.066	129.227	10082	0	2
2021.11.18	08:00:00	129.226	129.445	129.147	129.391	14567	0	1
2021.11.18	12:00:00	129.391	129.695	129.363	129.614	14441	0	0
2021.11.18	16:00:00	129.614	129.895	129.569	129.888	20899	0	0
2021.11.18	20:00:00	129.888	129.942	129.836	129.913	7567	0	1
2021.11.19	00:00:00	129.885	129.985	129.798	129.828	8420	0	1
2021.11.19	04:00:00	129.829	129.899	129.799	129.818	5781	0	2
2021.11.19	08:00:00	129.818	129.851	128.643	128.816	19331	0	0
2021.11.19	12:00:00	128.816	128.915	127.977	128.470	29611	0	0
2021.11.19	16:00:00	128.468	129.045	128.412	128.778	26582	0	0
2021.11.19	20:00:00	128.778	128.827	128.576	128.648	10229	0	0
2021.11.22	00:00:00	128.533	128.880	128.328	128.693	14214	0	0
2021.11.22	04:00:00	128.693	128.760	128.588	128.716	8450	0	1
2021.11.22	08:00:00	128.712	128.807	128.574	128.746	17648	0	0
2021.11.22	12:00:00	128.744	128.890	128.559	128.766	16381	0	0
2021.11.22	16:00:00	128.766	129.321	128.697	129.165	26599	0	0
2021.11.22	20:00:00	129.167	129.219	129.035	129.058	9218	0	0
2021.11.23	00:00:00	129.051	129.103	128.977	129.039	6596	0	0
2021.11.23	04:00:00	129.039	129.387	129.035	129.319	9034	0	0
2021.11.23	08:00:00	129.320	129.366	128.893	129.214	26040	0	0
2021.11.23	12:00:00	129.215	129.410	129.147	129.373	20520	0	0
2021.11.23	16:00:00	129.372	129.593	129.293	129.414	23023	0	0
2021.11.23	20:00:00	129.414	129.574	129.294	129.510	12316	0	1
2021.11.24	00:00:00	129.465	129.558	129.366	129.428	13963	0	0
2021.11.24	04:00:00	129.428	129.428	129.138	129.170	10680	0	1
2021.11.24	08:00:00	129.170	129.291	128.684	128.861	19705	0	0
2021.11.24	12:00:00	128.859	129.148	128.801	129.059	21390	0	0
2021.11.24	16:00:00	129.058	129.322	128.963	129.252	25448	0	0
2021.11.24	20:00:00	129.251	129.317	129.193	129.277	10231	0	0
2021.11.25	00:00:00	129.248	129.384	129.191	129.318	8914	0	0
2021.11.25	04:00:00	129.319	129.417	129.304	129.373	4334	0	1
2021.11.25	08:00:00	129.374	129.496	129.332	129.470	10338	0	0
2021.11.25	12:00:00	129.469	129.529	129.324	129.379	10112	0	0
2021.11.25	16:00:00	129.379	129.404	129.282	129.298	8324	0	0
2021.11.25	20:00:00	129.300	129.348	129.268	129.300	25044	0	1
2021.11.26	00:00:00	129.228	129.286	128.617	128.858	16745	0	0
2021.11.26	04:00:00	128.858	128.915	128.579	128.681	15194	0	1
2021.11.26	08:00:00	128.681	128.772	128.057	128.371	38367	0	0
2021.11.26	12:00:00	128.371	128.950	128.368	128.584	29726	0	0
2021.11.26	16:00:00	128.584	128.599	127.790	127.801	28899	0	0
2021.11.26	20:00:00	127.807	128.495	127.807	128.291	14583	0	4
2021.11.29	00:00:00	128.405	128.568	128.047	128.252	21114	0	1
2021.11.29	04:00:00	128.258	128.296	127.717	127.757	15469	0	0
2021.11.29	08:00:00	127.758	128.023	127.487	127.905	27202	0	0
2021.11.29	12:00:00	127.905	128.299	127.886	128.142	17616	0	0
2021.11.29	16:00:00	128.142	128.370	127.935	128.193	20290	0	0
2021.11.29	20:00:00	128.194	128.264	128.154	128.186	10417	0	0
2021.11.30	00:00:00	128.180	128.597	128.078	128.432	10581	0	2
2021.11.30	04:00:00	128.432	128.562	127.864	127.905	14823	0	2
2021.11.30	08:00:00	127.908	128.314	127.831	128.231	32156	0	0
2021.11.30	12:00:00	128.236	128.352	128.075	128.211	23367	0	0
2021.11.30	16:00:00	128.211	128.367	127.646	127.935	40873	0	0
2021.11.30	20:00:00	127.937	128.306	127.888	128.301	13902	0	0
2021.12.01	00:00:00	128.252	128.525	128.125	128.467	13531	0	2
2021.12.01	04:00:00	128.467	128.637	128.356	128.607	10286	0	1
2021.12.01	08:00:00	128.606	128.785	128.297	128.505	22542	0	0
2021.12.01	12:00:00	128.505	128.586	128.193	128.268	17790	0	0
2021.12.01	16:00:00	128.268	128.294	127.654	127.685	26949	0	0
2021.12.01	20:00:00	127.689	127.771	127.566	127.638	18073	0	0
2021.12.02	00:00:00	127.642	128.084	127.486	128.071	10620	0	3
2021.12.02	04:00:00	128.071	128.204	127.951	128.018	9212	0	2
2021.12.02	08:00:00	128.018	128.221	127.982	128.127	19427	0	0
2021.12.02	12:00:00	128.127	128.176	127.799	127.895	21870	0	0
2021.12.02	16:00:00	127.896	128.125	127.743	127.936	30342	0	0
2021.12.02	20:00:00	127.934	127.964	127.813	127.891	12965	0	0
2021.12.03	00:00:00	127.687	127.948	127.520	127.756	10923	0	2
2021.12.03	04:00:00	127.756	127.978	127.730	127.918	8242	0	2
2021.12.03	08:00:00	127.921	128.200	127.843	128.015	16098	0	0
2021.12.03	12:00:00	128.015	128.288	127.869	128.273	20729	0	0
2021.12.03	16:00:00	128.272	128.337	127.565	127.618	30730	0	0
2021.12.03	20:00:00	127.616	127.665	127.378	127.598	14336	0	2
2021.12.06	00:00:00	127.492	127.818	127.492	127.640	10618	0	0
2021.12.06	04:00:00	127.638	127.681	127.529	127.533	7743	0	1
2021.12.06	08:00:00	127.534	127.977	127.509	127.942	18356	0	0
2021.12.06	12:00:00	127.943	128.018	127.700	127.906	16159	0	0
2021.12.06	16:00:00	127.905	127.973	127.644	127.971	21957	0	0
2021.12.06	20:00:00	127.969	128.084	127.961	128.058	9357	0	0
2021.12.07	00:00:00	128.040	128.150	127.938	128.109	8246	0	0
2021.12.07	04:00:00	128.109	128.390	128.073	128.363	8840	0	1
2021.12.07	08:00:00	128.362	128.464	127.958	128.141	16170	0	0
2021.12.07	12:00:00	128.141	128.181	127.599	127.867	15814	0	0
2021.12.07	16:00:00	127.868	127.882	127.667	127.878	15898	0	0
2021.12.07	20:00:00	127.871	127.992	127.716	127.956	9720	0	0
2021.12.08	00:00:00	127.904	128.041	127.746	127.991	10123	0	0
2021.12.08	04:00:00	127.992	128.192	127.972	128.183	6954	0	1
2021.12.08	08:00:00	128.180	128.222	127.925	128.090	14342	0	0
2021.12.08	12:00:00	128.089	128.873	127.944	128.857	26077	0	0
2021.12.08	16:00:00	128.856	129.103	128.662	128.989	19872	0	0
2021.12.08	20:00:00	128.989	129.053	128.903	128.939	9408	0	1
2021.12.09	00:00:00	128.919	129.068	128.840	128.892	6826	0	2
2021.12.09	04:00:00	128.892	128.949	128.696	128.706	6625	0	0
2021.12.09	08:00:00	128.706	128.793	128.338	128.535	13855	0	0
2021.12.09	12:00:00	128.535	128.537	128.200	128.266	18235	0	1
2021.12.09	16:00:00	128.266	128.392	127.932	128.185	18257	0	0
2021.12.09	20:00:00	128.185	128.285	128.030	128.136	10098	0	2
2021.12.10	00:00:00	128.092	128.168	127.910	128.097	9570	0	2
2021.12.10	04:00:00	128.099	128.331	128.099	128.152	9239	0	1
2021.12.10	08:00:00	128.152	128.328	128.152	128.250	15119	0	0
2021.12.10	12:00:00	128.250	128.402	128.047	128.193	17844	0	0
2021.12.10	16:00:00	128.196	128.307	127.809	128.286	20462	0	0
2021.12.10	20:00:00	128.286	128.381	128.279	128.306	5544	0	0
2021.12.13	00:00:00	128.077	128.451	128.077	128.346	7240	0	3
2021.12.13	04:00:00	128.347	128.369	128.175	128.224	6059	0	3
2021.12.13	08:00:00	128.223	128.282	128.015	128.124	12818	0	0
2021.12.13	12:00:00	128.124	128.277	128.022	128.236	14340	0	0
2021.12.13	16:00:00	128.236	128.313	128.007	128.137	17497	0	0
2021.12.13	20:00:00	128.139	128.212	128.129	128.168	7212	0	2
2021.12.14	00:00:00	128.147	128.204	128.058	128.181	6840	0	1
2021.12.14	04:00:00	128.182	128.227	127.991	128.104	6074	0	2
2021.12.14	08:00:00	128.104	128.437	128.072	128.383	13195	0	0
2021.12.14	12:00:00	128.383	128.556	128.285	128.414	16213	0	0
2021.12.14	16:00:00	128.414	128.503	128.013	128.120	20233	0	0
2021.12.14	20:00:00	128.120	128.139	127.997	128.039	8024	0	1
2021.12.15	00:00:00	127.920	128.204	127.920	128.152	7025	0	2
2021.12.15	04:00:00	128.150	128.183	128.025	128.156	5586	0	0
2021.12.15	08:00:00	128.156	128.225	128.080	128.203	11756	0	0
2021.12.15	12:00:00	128.202	128.353	128.156	128.333	13757	0	0
2021.12.15	16:00:00	128.331	128.341	128.008	128.260	17203	0	0
2021.12.15	20:00:00	128.261	128.822	128.153	128.814	25383	0	0
2021.12.16	00:00:00	128.814	128.940	128.539	128.782	9209	0	2
2021.12.16	04:00:00	128.781	128.848	128.726	128.821	8426	0	0
2021.12.16	08:00:00	128.821	129.153	128.810	129.134	15837	0	0
2021.12.16	12:00:00	129.135	129.636	128.883	129.633	21182	0	0
2021.12.16	16:00:00	129.633	129.633	128.448	128.609	24640	0	0
2021.12.16	20:00:00	128.610	128.848	128.561	128.806	11412	0	1
2021.12.17	00:00:00	128.736	128.976	128.626	128.693	9402	0	1
2021.12.17	04:00:00	128.693	128.898	128.524	128.889	9088	0	0
2021.12.17	08:00:00	128.889	128.911	128.597	128.732	16728	0	0
2021.12.17	12:00:00	128.731	128.734	128.116	128.147	17699	0	0
2021.12.17	16:00:00	128.145	128.255	127.991	128.046	19309	0	1
2021.12.17	20:00:00	128.046	128.068	127.745	127.770	8544	0	2
2021.12.20	00:00:00	127.609	127.820	127.570	127.580	11017	0	2
2021.12.20	04:00:00	127.581	127.777	127.519	127.675	9780	0	2
2021.12.20	08:00:00	127.676	127.879	127.514	127.813	19267	0	0
2021.12.20	12:00:00	127.813	128.292	127.775	128.208	16526	0	0
2021.12.20	16:00:00	128.208	128.311	127.990	128.095	21407	0	0
2021.12.20	20:00:00	128.096	128.279	128.062	128.141	10288	0	2
2021.12.21	00:00:00	128.120	128.275	127.940	128.233	7987	0	2
2021.12.21	04:00:00	128.232	128.307	128.177	128.292	6646	0	2
2021.12.21	08:00:00	128.292	128.437	128.235	128.354	14971	0	0
2021.12.21	12:00:00	128.354	128.525	128.196	128.446	14083	0	0
2021.12.21	16:00:00	128.446	128.709	128.259	128.676	17765	0	0
2021.12.21	20:00:00	128.674	128.764	128.604	128.729	7558	0	1
2021.12.22	00:00:00	128.704	128.855	128.530	128.786	7110	0	1
2021.12.22	04:00:00	128.786	128.789	128.575	128.626	6397	0	2
2021.12.22	08:00:00	128.626	128.986	128.563	128.951	12671	0	0
2021.12.22	12:00:00	128.951	129.195	128.951	129.155	14644	0	0
2021.12.22	16:00:00	129.153	129.500	129.068	129.386	17752	0	0
2021.12.22	20:00:00	129.386	129.420	129.250	129.250	7301	0	2
2021.12.23	00:00:00	129.249	129.486	129.095	129.428	5656	0	1
2021.12.23	04:00:00	129.428	129.472	129.378	129.447	3413	0	3
2021.12.23	08:00:00	129.447	129.532	129.286	129.399	9489	0	0
2021.12.23	12:00:00	129.399	129.516	129.142	129.147	12019	0	0
2021.12.23	16:00:00	129.144	129.711	129.044	129.704	14503	0	1
2021.12.23	20:00:00	129.703	129.723	129.564	129.591	5197	0	4
2021.12.24	00:00:00	129.583	129.685	129.284	129.506	12800	0	3
2021.12.24	04:00:00	129.506	129.703	129.478	129.603	13113	0	1
2021.12.24	08:00:00	129.602	129.747	129.553	129.736	9322	0	3
2021.12.24	12:00:00	129.736	129.747	129.392	129.480	17065	0	3
2021.12.24	16:00:00	129.480	129.554	129.303	129.389	19644	0	14
2021.12.24	20:00:00	129.389	129.516	129.320	129.472	2238	0	12
2021.12.27	00:00:00	129.182	129.529	129.182	129.480	6878	0	4
2021.12.27	04:00:00	129.483	129.597	129.460	129.477	5409	0	3
2021.12.27	08:00:00	129.478	129.808	129.450	129.670	10312	0	1
2021.12.27	12:00:00	129.670	129.825	129.630	129.791	9922	0	1
2021.12.27	16:00:00	129.791	130.145	129.753	130.134	12227	0	2
2021.12.27	20:00:00	130.138	130.152	130.082	130.125	5197	0	3
2021.12.28	00:00:00	130.096	130.222	129.991	130.037	5295	0	4
2021.12.28	04:00:00	130.037	130.141	130.018	130.126	4666	0	3
2021.12.28	08:00:00	130.125	130.147	129.914	130.056	8888	0	3
2021.12.28	12:00:00	130.056	130.198	129.877	129.880	9430	0	0
2021.12.28	16:00:00	129.879	129.956	129.602	129.783	14434	0	3
2021.12.28	20:00:00	129.783	129.890	129.696	129.845	7078	0	2
2021.12.29	00:00:00	129.822	129.925	129.687	129.754	7794	0	3
2021.12.29	04:00:00	129.755	129.920	129.697	129.893	6065	0	0
2021.12.29	08:00:00	129.894	129.934	129.647	129.747	10913	0	1
2021.12.29	12:00:00	129.746	130.178	129.720	130.130	13646	0	0
2021.12.29	16:00:00	130.130	130.561	130.007	130.361	18205	0	0
2021.12.29	20:00:00	130.362	130.550	130.352	130.491	7618	0	0
2021.12.30	00:00:00	130.481	130.586	130.355	130.518	5878	0	2
2021.12.30	04:00:00	130.517	130.536	130.319	130.375	4060	0	1
2021.12.30	08:00:00	130.375	130.398	130.120	130.160	11105	0	0
2021.12.30	12:00:00	130.160	130.553	130.144	130.192	14466	0	0
2021.12.30	16:00:00	130.192	130.513	130.126	130.329	16749	0	1
2021.12.30	20:00:00	130.329	130.376	130.171	130.315	6901	0	0
2021.12.31	00:00:00	130.295	130.343	130.165	130.247	5663	0	4
2021.12.31	04:00:00	130.248	130.348	130.171	130.185	3693	0	3
2021.12.31	08:00:00	130.186	130.425	130.158	130.409	8297	0	0
2021.12.31	12:00:00	130.408	130.676	130.219	130.621	12154	0	0
2021.12.31	16:00:00	130.622	131.005	130.496	130.969	17734	0	1
2021.12.31	20:00:00	130.969	131.032	130.919	130.919	4132	0	6
