<DATE>	<OPEN>	<HIGH>	<LOW>	<CLOSE>	<TICKVOL>	<VOL>	<SPREAD>
2012.01.02	99.796	99.851	99.348	99.455	53322	0	20
2012.01.03	99.458	100.293	99.435	100.122	96501	0	20
2012.01.04	100.121	100.178	99.041	99.277	98790	0	20
2012.01.05	99.276	99.342	98.470	98.637	104795	0	20
2012.01.06	98.640	98.841	97.871	97.895	94516	0	20
2012.01.09	97.477	98.243	97.273	98.124	96903	0	20
2012.01.10	98.124	98.450	97.955	98.110	96350	0	9
2012.01.11	98.115	98.364	97.430	97.697	98297	0	20
2012.01.12	97.692	98.552	97.661	98.364	84041	0	20
2012.01.13	98.368	98.790	97.188	97.543	75693	0	8
2012.01.16	97.194	97.386	97.029	97.151	62641	0	20
2012.01.17	97.149	98.318	97.136	97.873	84052	0	20
2012.01.18	97.878	98.864	97.679	98.679	103821	0	20
2012.01.19	98.676	100.047	98.543	99.956	101821	0	20
2012.01.20	99.955	100.321	99.412	99.568	94877	0	20
2012.01.23	99.129	100.475	99.129	100.173	94439	0	4
2012.01.24	100.171	101.288	100.014	101.172	96038	0	4
2012.01.25	101.172	101.961	100.965	101.757	106602	0	20
2012.01.26	101.758	102.195	101.407	101.495	96632	0	8
2012.01.27	101.494	101.565	100.588	101.344	105319	0	20
2012.01.30	101.426	101.445	99.986	100.354	102460	0	20
2012.01.31	100.356	100.875	99.542	99.855	106358	0	4
2012.02.01	99.854	100.683	99.241	100.339	103840	0	20
2012.02.02	100.337	100.450	99.610	100.128	99620	0	4
2012.02.03	100.129	100.852	99.920	100.762	94928	0	4
2012.02.06	100.454	100.600	99.845	100.479	98506	0	20
2012.02.07	100.477	101.976	100.362	101.835	101935	0	20
2012.02.08	101.837	102.436	101.643	102.093	103046	0	20
2012.02.09	102.093	103.278	101.845	103.151	105146	0	20
2012.02.10	103.150	103.207	102.152	102.412	99139	0	20
2012.02.13	102.795	103.172	102.164	102.175	97668	0	20
2012.02.14	102.177	103.171	101.820	102.933	107710	0	20
2012.02.15	102.935	103.477	102.185	102.371	109334	0	20
2012.02.16	102.370	103.813	101.917	103.574	105952	0	20
2012.02.17	103.576	104.658	103.427	104.534	96572	0	20
2012.02.20	105.284	105.737	104.646	105.366	95635	0	20
2012.02.21	105.364	105.993	105.035	105.506	106738	0	6
2012.02.22	105.505	106.558	105.473	106.362	103009	0	20
2012.02.23	106.364	107.007	106.153	106.954	100703	0	20
2012.02.24	106.951	109.234	106.851	109.193	103015	0	20
2012.02.27	109.805	109.826	107.185	107.796	110317	0	20
2012.02.28	107.797	108.731	107.286	108.326	113023	0	20
2012.02.29	108.327	108.710	107.874	108.293	117399	0	20
2012.03.01	108.293	108.437	107.678	108.030	109474	0	20
2012.03.02	108.029	108.440	107.562	107.953	103302	0	20
2012.03.05	108.006	108.013	106.917	107.725	99453	0	20
2012.03.06	107.725	107.849	105.638	105.856	111632	0	20
2012.03.07	105.854	106.787	105.692	106.726	106322	0	20
2012.03.08	106.725	108.450	106.583	108.244	109278	0	20
2012.03.09	108.243	108.637	107.686	108.200	104029	0	20
2012.03.12	108.130	108.293	107.505	108.281	100920	0	20
2012.03.13	108.283	108.715	107.884	108.555	106830	0	20
2012.03.14	108.553	109.363	108.371	109.123	105452	0	20
2012.03.15	109.125	109.626	108.584	109.301	108294	0	20
2012.03.16	109.299	109.974	109.004	109.926	92997	0	20
2012.03.19	110.056	110.550	109.170	110.343	96835	0	20
2012.03.20	110.345	110.817	110.277	110.693	88326	0	20
2012.03.21	110.695	111.422	110.036	110.221	98572	0	20
2012.03.22	110.220	110.455	108.480	109.048	109828	0	20
2012.03.23	109.047	109.818	108.574	109.237	99954	0	20
2012.03.26	109.373	110.711	109.172	110.685	100041	0	20
2012.03.27	110.684	111.246	110.344	110.799	90965	0	4
2012.03.28	110.801	110.908	109.865	110.357	100920	0	6
2012.03.29	110.355	110.501	108.768	109.568	101509	0	20
2012.03.30	109.567	110.593	109.028	110.524	106034	0	20
2012.04.02	110.810	111.132	108.948	109.322	89517	0	15
2012.04.03	109.324	109.801	108.685	109.592	104310	0	15
2012.04.04	109.591	109.690	107.893	108.287	106941	0	4
2012.04.05	108.290	108.401	106.881	107.596	99707	0	15
2012.04.06	107.595	107.823	106.539	106.816	64553	0	15
2012.04.09	106.796	107.234	106.109	106.906	78218	0	15
2012.04.10	106.905	107.459	105.470	105.603	107747	0	15
2012.04.11	105.604	106.675	105.443	106.008	101887	0	10
2012.04.12	106.006	106.791	105.956	106.638	99217	0	11
2012.04.13	106.637	107.086	105.732	105.806	92088	0	15
2012.04.16	105.786	105.807	104.630	105.612	101025	0	15
2012.04.17	105.613	106.300	105.275	106.180	94021	0	15
2012.04.18	106.178	106.883	106.163	106.628	96401	0	15
2012.04.19	106.628	107.324	106.504	107.178	98943	0	15
2012.04.20	107.179	107.986	107.094	107.755	87985	0	15
2012.04.23	107.615	107.795	106.313	106.781	74457	0	15
2012.04.24	106.780	107.389	106.308	107.295	83074	0	12
2012.04.25	107.293	107.639	107.115	107.511	91453	0	15
2012.04.26	107.514	107.642	106.483	106.843	90557	0	15
2012.04.27	106.842	107.468	106.154	106.361	95810	0	15
2012.04.30	106.363	106.425	105.450	105.700	77648	0	15
2012.05.01	105.701	106.197	105.532	106.019	72376	0	15
2012.05.02	106.016	106.534	105.132	105.388	86378	0	15
2012.05.03	105.387	106.113	105.300	105.460	76018	0	15
2012.05.04	105.460	105.562	104.391	104.464	75730	0	15
2012.05.07	103.887	104.439	103.225	104.315	91162	0	15
2012.05.08	104.317	104.427	103.522	103.839	92060	0	15
2012.05.09	103.841	103.925	102.752	102.993	98910	0	15
2012.05.10	102.994	103.761	102.931	103.316	93307	0	15
2012.05.11	103.315	103.583	102.963	103.230	89328	0	15
2012.05.14	103.020	103.360	102.222	102.426	72759	0	15
2012.05.15	102.428	102.864	102.041	102.165	76333	0	15
2012.05.16	102.164	102.700	101.902	102.158	82013	0	15
2012.05.17	102.160	102.374	100.555	100.589	83336	0	15
2012.05.18	100.591	101.086	100.203	100.951	92948	0	15
2012.05.21	101.207	101.694	100.856	101.544	97060	0	15
2012.05.22	101.547	102.112	101.121	101.401	100524	0	15
2012.05.23	101.403	101.464	99.527	99.999	110824	0	15
2012.05.24	100.001	100.249	99.356	99.767	105963	0	15
2012.05.25	99.766	100.316	99.472	99.720	95633	0	7
2012.05.28	100.142	100.215	99.500	99.656	84479	0	15
2012.05.29	99.658	99.931	98.933	99.301	103138	0	15
2012.05.30	99.301	99.363	97.750	97.843	109710	0	14
2012.05.31	97.845	98.018	96.503	96.858	113116	0	14
2012.06.01	96.859	97.464	95.581	96.981	115944	0	15
2012.06.04	97.129	97.993	96.755	97.872	104365	0	15
2012.06.05	97.871	98.295	97.037	98.045	103607	0	15
2012.06.06	98.046	99.710	97.914	99.676	114495	0	14
2012.06.07	99.678	100.612	99.406	100.087	113195	0	15
2012.06.08	100.086	100.256	98.548	99.460	109938	0	15
2012.06.11	100.528	100.907	98.931	98.951	109638	0	15
2012.06.12	98.952	99.776	98.705	99.490	112721	0	15
2012.06.13	99.491	100.093	99.287	99.821	108873	0	15
2012.06.14	99.819	100.290	99.462	100.268	103371	0	15
2012.06.15	100.270	100.342	99.077	99.412	103425	0	15
2012.06.18	100.526	100.842	99.112	99.471	112298	0	15
2012.06.19	99.471	100.480	99.176	100.209	101862	0	15
2012.06.20	100.211	101.393	99.817	100.904	106488	0	15
2012.06.21	100.906	101.615	100.511	100.647	111611	0	15
2012.06.22	100.648	101.219	100.377	101.065	102113	0	15
2012.06.25	101.014	101.105	99.152	99.555	97877	0	12
2012.06.26	99.554	99.875	98.740	99.305	100792	0	15
2012.06.27	99.303	99.603	99.063	99.359	95217	0	14
2012.06.28	99.358	99.466	98.322	98.798	100030	0	15
2012.06.29	98.797	101.381	98.523	101.044	112771	0	15
2012.07.02	101.257	101.258	99.754	100.066	91297	0	15
2012.07.03	100.066	100.815	99.880	100.618	92091	0	15
2012.07.04	100.621	100.656	99.790	100.049	83982	0	15
2012.07.05	100.049	100.330	98.784	99.004	98405	0	9
2012.07.06	99.006	99.090	97.628	97.851	94266	0	15
2012.07.09	97.717	98.122	97.474	97.960	86403	0	14
2012.07.10	97.960	98.046	97.217	97.272	89807	0	14
2012.07.11	97.273	97.727	96.993	97.597	91063	0	14
2012.07.12	97.599	97.842	96.417	96.710	97068	0	11
2012.07.13	96.710	97.092	96.433	96.966	86693	0	14
2012.07.16	97.047	97.103	96.161	96.754	80274	0	15
2012.07.17	96.757	97.365	96.403	97.162	92162	0	15
2012.07.18	97.163	97.295	96.465	96.779	89661	0	15
2012.07.19	96.777	96.808	96.126	96.506	94113	0	15
2012.07.20	96.505	96.697	95.337	95.395	89021	0	15
2012.07.23	95.094	95.250	94.241	94.891	100057	0	15
2012.07.24	94.894	95.004	94.108	94.270	94438	0	15
2012.07.25	94.272	95.193	94.129	94.937	97197	0	15
2012.07.26	94.935	96.412	94.657	96.034	96870	0	15
2012.07.27	96.033	97.323	95.636	96.641	99732	0	15
2012.07.30	96.556	96.651	95.527	95.785	89167	0	15
2012.07.31	95.786	96.273	95.735	96.074	92902	0	14
2012.08.01	96.076	96.450	95.692	95.903	90775	0	5
2012.08.02	95.904	96.938	94.920	95.315	99564	0	15
2012.08.03	95.316	97.387	95.017	97.181	92772	0	4
2012.08.06	97.425	97.788	96.690	97.019	90027	0	15
2012.08.07	97.019	97.806	96.823	97.434	88315	0	15
2012.08.08	97.435	97.472	96.574	96.979	90495	0	15
2012.08.09	96.977	97.270	96.319	96.686	93154	0	15
2012.08.10	96.686	96.728	95.711	96.154	84453	0	15
2012.08.13	96.187	96.902	95.930	96.587	67086	0	14
2012.08.14	96.587	97.455	96.536	96.989	80980	0	15
2012.08.15	96.988	97.415	96.528	97.018	81588	0	15
2012.08.16	97.022	98.170	96.982	98.018	90132	0	15
2012.08.17	98.016	98.399	97.714	98.109	82189	0	15
2012.08.20	98.171	98.345	97.724	98.130	80576	0	10
2012.08.21	98.129	99.173	97.952	98.867	70729	0	15
2012.08.22	98.868	99.010	98.105	98.427	88557	0	15
2012.08.23	98.426	98.803	98.268	98.671	89417	0	15
2012.08.24	98.672	98.816	97.966	98.408	81288	0	14
2012.08.27	98.421	98.703	98.308	98.416	64987	0	11
2012.08.28	98.419	98.818	97.883	98.668	76049	0	15
2012.08.29	98.666	98.815	98.375	98.594	72122	0	15
2012.08.30	98.591	98.779	98.036	98.318	73455	0	15
2012.08.31	98.319	99.015	97.973	98.565	85533	0	15
2012.09.03	98.538	98.686	98.213	98.539	63576	0	14
2012.09.04	98.542	99.008	98.396	98.559	79237	0	14
2012.09.05	98.561	98.903	97.980	98.802	85170	0	14
2012.09.06	98.802	99.792	98.747	99.626	85685	0	7
2012.09.07	99.625	100.417	99.597	100.246	88389	0	15
2012.09.10	100.187	100.258	99.816	99.846	64425	0	15
2012.09.11	99.847	100.232	99.515	99.973	86033	0	15
2012.09.12	99.974	100.632	99.741	100.391	90675	0	15
2012.09.13	100.392	100.760	99.514	100.615	92064	0	15
2012.09.14	100.617	103.004	100.616	102.908	99057	0	15
2012.09.17	102.833	103.850	102.571	103.233	85798	0	15
2012.09.18	103.231	103.252	102.396	102.757	90878	0	15
2012.09.19	102.756	103.625	102.100	102.236	98248	0	15
2012.09.20	102.235	102.385	100.929	101.434	95733	0	15
2012.09.21	101.435	102.093	101.247	101.431	89656	0	15
2012.09.24	101.401	101.410	100.350	100.664	80190	0	4
2012.09.25	100.663	101.035	100.157	100.389	86238	0	15
2012.09.26	100.391	100.457	99.706	100.062	82459	0	14
2012.09.27	100.062	100.347	99.634	100.240	89426	0	15
2012.09.28	100.240	100.665	99.917	100.191	87497	0	15
2012.10.01	100.175	101.019	99.776	100.508	78892	0	15
2012.10.02	100.509	101.185	100.478	100.966	64551	0	15
2012.10.03	100.967	101.464	100.710	101.321	77088	0	15
2012.10.04	101.321	102.196	101.298	102.166	83582	0	15
2012.10.05	102.165	102.792	101.840	102.549	80103	0	15
2012.10.08	102.448	102.494	101.113	101.531	72450	0	15
2012.10.09	101.534	101.838	100.583	100.820	64042	0	15
2012.10.10	100.820	101.153	100.381	100.427	63493	0	15
2012.10.11	100.428	101.702	100.145	101.366	65315	0	8
2012.10.12	101.364	101.901	101.234	101.586	56332	0	15
2012.10.15	101.607	102.279	101.029	101.878	61637	0	14
2012.10.16	101.879	103.348	101.859	103.291	66082	0	15
2012.10.17	103.290	103.730	102.904	103.674	68598	0	15
2012.10.18	103.676	104.121	103.292	103.611	70545	0	15
2012.10.19	103.610	103.790	103.134	103.261	59398	0	15
2012.10.22	103.266	104.465	103.130	104.424	62841	0	12
2012.10.23	104.424	104.582	103.276	103.694	66498	0	15
2012.10.24	103.696	103.814	102.981	103.497	64929	0	15
2012.10.25	103.499	104.411	103.451	103.990	62255	0	15
2012.10.26	103.987	104.033	102.674	103.044	59488	0	10
2012.10.29	103.012	103.145	102.511	102.930	38565	0	7
2012.10.30	102.929	103.403	102.162	103.203	48741	0	9
2012.10.31	103.204	103.929	103.058	103.423	55350	0	4
2012.11.01	103.423	103.980	103.327	103.781	56001	0	15
2012.11.02	103.781	103.854	103.045	103.203	56286	0	4
2012.11.05	103.219	103.328	102.437	102.658	56105	0	4
2012.11.06	102.659	103.141	102.176	102.965	59095	0	4
2012.11.07	102.965	103.410	101.799	102.095	79955	0	15
2012.11.08	102.093	102.141	101.027	101.286	68044	0	15
2012.11.09	101.287	101.736	100.419	101.007	68065	0	15
2012.11.12	101.012	101.286	100.868	101.083	48741	0	4
2012.11.13	101.084	101.238	100.319	100.884	62542	0	5
2012.11.14	100.885	102.388	100.872	102.072	66690	0	15
2012.11.15	102.073	103.977	102.000	103.679	69603	0	15
2012.11.16	103.680	103.873	103.042	103.592	63635	0	15
2012.11.19	103.746	104.320	103.505	103.940	60575	0	4
2012.11.20	103.939	104.761	103.663	104.669	64211	0	15
2012.11.21	104.670	105.883	104.091	105.856	68381	0	4
2012.11.22	105.857	106.571	105.708	106.195	62539	0	15
2012.11.23	106.194	106.968	105.713	106.887	57107	0	15
2012.11.26	106.877	107.125	106.079	106.613	60621	0	4
2012.11.27	106.613	106.950	106.112	106.196	66576	0	4
2012.11.28	106.196	106.376	105.275	106.291	70127	0	7
2012.11.29	106.292	106.804	106.144	106.564	63375	0	7
2012.11.30	106.564	107.663	106.429	107.086	67978	0	5
2012.12.03	107.071	107.576	106.847	107.309	60546	0	9
2012.12.04	107.306	107.386	106.919	107.223	62423	0	4
2012.12.05	107.222	107.955	107.129	107.718	60330	0	10
2012.12.06	107.719	107.881	106.603	106.776	62005	0	4
2012.12.07	106.775	107.068	106.116	106.630	56354	0	5
2012.12.10	106.485	106.634	105.971	106.553	52927	0	4
2012.12.11	106.553	107.410	106.467	107.361	53978	0	7
2012.12.12	107.363	109.028	107.254	108.718	61040	0	9
2012.12.13	108.719	109.527	108.634	109.324	63473	0	6
2012.12.14	109.325	109.972	109.038	109.902	63490	0	9
2012.12.17	110.924	110.934	109.925	110.369	60324	0	4
2012.12.18	110.369	111.464	110.360	111.433	58176	0	4
2012.12.19	111.434	112.487	110.806	110.994	68974	0	6
2012.12.20	111.007	112.139	110.723	111.712	69334	0	4
2012.12.21	111.721	111.768	110.615	111.076	74194	0	9
2012.12.24	111.186	111.997	111.122	111.788	42168	0	4
2012.12.26	112.448	113.376	112.438	113.036	41723	0	9
2012.12.27	113.035	114.309	113.020	114.204	72394	0	4
2012.12.28	114.183	114.682	113.287	113.539	62326	0	12
2012.12.31	113.424	114.432	113.424	114.304	44848	0	8
2013.01.01	114.447	114.768	114.345	114.580	3106	0	8
2013.01.02	114.579	115.988	114.169	115.178	96811	0	8
2013.01.03	115.181	115.181	113.647	113.981	63692	0	10
2013.01.04	113.979	115.403	113.968	115.191	67876	0	11
2013.01.07	115.517	115.519	114.105	114.796	64517	0	8
2013.01.08	114.798	115.225	113.545	113.603	66856	0	8
2013.01.09	113.602	115.021	113.592	114.928	66811	0	9
2013.01.10	114.926	118.224	114.814	117.976	73141	0	11
2013.01.11	117.972	119.327	117.626	118.987	75297	0	8
2013.01.14	119.593	120.115	118.881	119.684	66497	0	8
2013.01.15	119.685	119.972	117.613	118.100	84046	0	8
2013.01.16	118.097	118.173	116.463	117.706	82677	0	8
2013.01.17	117.701	120.584	117.001	120.309	88088	0	15
2013.01.18	120.310	120.695	119.342	119.972	78655	0	8
2013.01.21	120.002	120.147	118.881	119.592	65278	0	11
2013.01.22	119.584	120.150	117.326	118.232	87655	0	8
2013.01.23	118.231	118.324	117.048	117.836	76993	0	8
2013.01.24	117.835	121.061	117.577	120.976	81474	0	8
2013.01.25	120.972	122.766	120.662	122.335	77012	0	8
2013.01.28	122.576	122.901	121.621	121.884	69346	0	8
2013.01.29	121.878	122.554	121.213	122.397	75273	0	10
2013.01.30	122.394	123.850	122.324	123.559	79413	0	12
2013.01.31	123.558	124.658	122.979	124.634	77948	0	10
2013.02.01	124.634	126.964	124.616	126.619	86398	0	8
2013.02.04	126.693	126.768	124.169	124.359	82883	0	8
2013.02.05	124.361	127.404	124.014	127.275	93886	0	15
2013.02.06	127.276	127.694	125.930	126.415	89521	0	8
2013.02.07	126.416	127.452	124.490	125.526	89292	0	14
2013.02.08	125.526	125.563	123.424	123.832	84815	0	8
2013.02.11	123.746	126.616	123.603	126.306	77482	0	8
2013.02.12	126.305	126.942	125.000	125.404	89020	0	10
2013.02.13	125.405	126.559	124.771	125.374	82500	0	8
2013.02.14	125.374	125.948	123.808	124.068	83993	0	8
2013.02.15	124.068	125.273	122.898	124.875	68502	0	8
2013.02.18	125.302	125.883	125.006	125.383	45556	0	8
2013.02.19	125.385	125.446	124.552	125.233	46411	0	8
2013.02.20	125.234	125.881	124.172	124.515	53653	0	8
2013.02.21	124.514	124.693	122.260	122.643	53831	0	8
2013.02.22	122.651	123.762	122.562	123.196	49309	0	8
2013.02.25	124.266	125.207	118.736	120.338	67902	0	10
2013.02.26	120.336	121.352	118.973	120.157	72828	0	8
2013.02.27	120.156	121.450	119.213	121.120	60373	0	8
2013.02.28	121.114	121.816	120.520	121.033	54424	0	10
2013.03.01	121.032	122.151	120.351	121.838	54557	0	8
2013.03.04	121.737	121.976	121.130	121.745	15305	0	5
2013.03.05	121.747	121.848	121.142	121.764	13611	0	8
2013.03.06	121.780	122.271	121.513	121.961	32148	0	1
2013.03.07	121.961	124.578	121.850	124.392	67553	0	1
2013.03.08	124.391	125.898	123.798	124.821	54555	0	1
2013.03.11	124.903	125.973	124.638	125.928	51943	0	1
2013.03.12	125.930	126.030	124.382	124.907	69345	0	4
2013.03.13	124.907	125.214	124.175	124.437	72572	0	1
2013.03.14	124.432	125.237	124.048	125.002	72602	0	1
2013.03.15	125.002	125.782	124.205	124.589	66336	0	1
2013.03.18	122.474	123.946	121.633	123.438	79549	0	1
2013.03.19	123.439	124.121	121.828	122.172	77600	0	1
2013.03.20	122.172	124.494	122.027	124.239	70005	0	1
2013.03.21	124.241	124.370	122.039	122.631	79201	0	1
2013.03.22	122.631	123.454	121.459	122.663	69806	0	1
2013.03.25	122.747	123.847	120.077	121.162	79355	0	1
2013.03.26	121.164	121.731	120.720	121.724	69428	0	1
2013.03.27	121.722	121.865	119.956	120.560	69414	0	1
2013.03.28	120.561	120.940	119.743	120.826	66891	0	1
2013.03.29	120.826	120.828	120.288	120.727	41712	0	1
2013.04.01	120.741	120.865	119.493	119.693	48121	0	1
2013.04.02	119.695	120.141	119.136	119.714	62752	0	1
2013.04.03	119.715	120.171	119.105	119.541	58592	0	1
2013.04.04	119.542	124.669	119.150	124.627	78182	0	1
2013.04.05	124.625	127.282	123.862	126.710	84584	0	1
2013.04.08	127.650	129.501	127.412	129.495	80217	0	1
2013.04.09	129.494	130.088	128.430	129.727	77353	0	1
2013.04.10	129.729	130.528	129.401	130.407	69286	0	6
2013.04.11	130.407	131.111	129.697	130.796	71332	0	6
2013.04.12	130.791	130.791	128.584	128.985	74146	0	6
2013.04.15	128.854	129.313	124.963	125.988	96776	0	6
2013.04.16	126.017	129.001	125.933	128.855	96345	0	6
2013.04.17	128.855	129.732	126.434	128.082	92044	0	6
2013.04.18	128.085	128.778	127.154	128.161	83858	0	6
2013.04.19	128.159	130.245	128.055	129.850	78418	0	6
2013.04.22	130.395	130.659	128.914	129.694	70385	0	2
2013.04.23	129.694	129.817	127.866	129.188	79988	0	2
2013.04.24	129.188	129.791	128.805	129.497	69465	0	2
2013.04.25	129.495	129.895	129.022	129.206	67846	0	2
2013.04.26	129.205	129.372	127.136	127.668	86683	0	2
2013.04.29	127.925	128.587	127.048	128.085	64787	0	6
2013.04.30	128.090	128.512	127.199	128.212	69442	0	1
2013.05.01	128.225	128.924	127.848	128.245	58709	0	1
2013.05.02	128.246	129.904	127.502	127.900	68149	0	1
2013.05.03	127.908	130.335	127.874	129.792	54299	0	1
2013.05.06	130.055	130.402	129.602	129.858	41806	0	1
2013.05.07	129.858	130.360	129.226	129.422	58555	0	1
2013.05.08	129.422	130.415	128.978	130.209	60550	0	1
2013.05.09	130.203	131.760	129.585	131.270	66410	0	1
2013.05.10	131.266	132.253	131.068	131.951	75403	0	1
2013.05.13	132.099	132.395	131.571	132.107	62981	0	1
2013.05.14	132.105	132.767	131.533	132.248	68617	0	1
2013.05.15	132.257	132.430	131.186	131.697	67454	0	1
2013.05.16	131.695	132.203	131.283	131.691	67075	0	1
2013.05.17	131.697	132.534	131.302	132.487	60668	0	1
2013.05.20	131.864	132.126	131.559	131.755	60432	0	1
2013.05.21	131.752	132.400	131.676	132.290	62291	0	1
2013.05.22	132.291	133.798	131.962	132.538	82356	0	1
2013.05.23	132.540	132.868	129.968	131.888	120255	0	5
2013.05.24	131.889	132.566	130.089	130.948	107338	0	5
2013.05.27	130.971	131.058	130.265	130.714	61409	0	5
2013.05.28	130.711	132.143	130.660	131.441	101461	0	5
2013.05.29	131.444	131.702	130.391	130.884	108285	0	5
2013.05.30	130.888	131.946	130.193	131.442	109608	0	5
2013.05.31	131.459	132.073	130.268	130.528	107213	0	5
2013.06.03	130.614	130.982	129.517	129.967	98636	0	5
2013.06.04	129.976	131.398	129.928	130.870	95810	0	5
2013.06.05	130.870	131.401	129.597	129.805	106759	0	5
2013.06.06	129.684	130.716	127.484	128.425	114966	0	13
2013.06.07	128.429	129.174	126.155	128.896	129819	0	13
2013.06.10	129.071	131.102	128.996	130.910	107629	0	10
2013.06.11	130.910	131.295	127.103	127.827	122752	0	13
2013.06.12	127.826	129.337	127.032	128.045	108623	0	13
2013.06.13	128.037	128.109	124.965	127.543	120433	0	13
2013.06.14	127.864	127.945	125.182	125.503	105246	0	5
2013.06.17	125.724	126.922	125.675	126.510	82184	0	5
2013.06.18	126.509	128.072	126.206	127.763	86496	0	5
2013.06.19	127.766	128.763	127.058	128.030	89308	0	5
2013.06.20	128.030	129.907	127.821	128.705	124291	0	5
2013.06.21	128.701	129.696	127.789	128.415	105515	0	5
2013.06.24	128.391	129.204	127.286	128.238	107762	0	5
2013.06.25	128.235	128.668	127.293	128.141	97634	0	5
2013.06.26	128.141	128.449	126.572	127.166	96958	0	5
2013.06.27	127.161	128.373	127.041	128.200	93129	0	13
2013.06.28	128.198	129.643	128.161	128.942	98505	0	13
2013.07.01	129.108	130.250	129.079	130.113	72765	0	1
2013.07.02	130.121	131.119	129.837	130.630	77119	0	1
2013.07.03	130.628	130.858	128.645	130.014	87662	0	1
2013.07.04	130.013	130.204	128.831	129.267	64420	0	5
2013.07.05	129.269	129.881	128.580	129.765	76235	0	5
2013.07.08	129.831	130.188	129.397	129.822	70510	0	5
2013.07.09	129.827	130.561	128.706	129.240	74631	0	5
2013.07.10	129.242	129.815	128.014	129.609	89959	0	5
2013.07.11	129.609	130.428	128.644	129.613	116998	0	5
2013.07.12	129.613	129.952	128.906	129.570	75483	0	1
2013.07.15	129.738	130.705	129.393	130.581	66346	0	1
2013.07.16	130.581	130.814	130.036	130.423	80171	0	1
2013.07.17	130.423	131.357	130.289	130.682	79731	0	1
2013.07.18	130.682	131.887	130.532	131.795	75620	0	1
2013.07.19	131.795	132.234	131.214	132.188	76818	0	1
2013.07.22	131.862	132.239	131.148	131.323	72754	0	1
2013.07.23	131.325	132.017	130.765	131.538	74879	0	1
2013.07.24	131.537	132.733	131.370	132.320	73144	0	1
2013.07.25	132.345	132.482	131.454	131.770	80182	0	1
2013.07.26	131.788	131.911	130.083	130.474	78040	0	1
2013.07.29	130.524	130.525	129.586	129.853	75322	0	1
2013.07.30	129.852	130.517	129.762	130.022	70338	0	1
2013.07.31	130.022	130.787	129.335	130.039	87930	0	1
2013.08.01	130.042	131.547	129.933	131.433	80487	0	1
2013.08.02	131.442	131.957	131.071	131.333	74132	0	1
2013.08.05	131.452	131.553	130.146	130.295	64847	0	1
2013.08.06	130.295	130.729	129.801	130.105	71775	0	1
2013.08.07	130.105	130.116	128.440	128.524	85518	0	1
2013.08.08	128.524	129.452	128.215	129.264	78712	0	1
2013.08.09	129.262	129.710	128.282	128.344	66234	0	1
2013.08.12	128.419	129.171	127.968	129.122	63335	0	1
2013.08.13	129.121	130.467	129.095	130.264	74638	0	1
2013.08.14	130.302	130.659	129.835	129.946	64771	0	1
2013.08.15	129.947	130.723	129.423	129.840	83925	0	1
2013.08.16	129.843	130.429	129.575	129.979	65969	0	1
2013.08.19	130.180	131.034	129.853	130.187	65311	0	1
2013.08.20	130.187	130.793	129.286	130.565	74611	0	1
2013.08.21	130.568	131.010	130.286	130.503	73466	0	1
2013.08.22	130.503	131.960	130.405	131.904	69570	0	1
2013.08.23	131.896	132.422	131.827	132.057	63994	0	1
2013.08.26	131.951	132.309	131.542	131.610	46657	0	1
2013.08.27	131.620	131.741	129.839	129.925	73408	0	1
2013.08.28	129.926	130.551	129.656	130.326	71213	0	1
2013.08.29	130.326	130.531	129.985	130.167	70319	0	1
2013.08.30	130.167	130.337	129.303	129.696	65224	0	1
2013.09.02	129.893	131.380	129.786	131.117	54071	0	1
2013.09.03	131.115	131.476	130.645	131.080	65259	0	1
2013.09.04	131.088	131.814	130.812	131.713	56898	0	1
2013.09.05	131.716	132.147	131.029	131.400	60975	0	1
2013.09.06	131.401	131.474	129.909	130.572	58370	0	1
2013.09.09	131.434	132.205	130.981	132.016	55344	0	1
2013.09.10	132.026	133.300	131.918	133.163	59022	0	1
2013.09.11	133.164	133.367	132.773	133.072	60040	0	1
2013.09.12	133.070	133.094	131.731	132.314	62007	0	1
2013.09.13	132.314	132.643	131.659	132.085	54170	0	1
2013.09.16	132.049	132.399	131.872	132.131	52325	0	1
2013.09.17	132.131	132.641	132.034	132.404	49052	0	1
2013.09.18	132.413	132.682	131.862	132.601	57612	0	1
2013.09.19	132.601	134.943	132.509	134.489	68913	0	1
2013.09.20	134.501	134.734	134.161	134.269	53114	0	1
2013.09.23	134.333	134.421	133.089	133.303	47991	0	1
2013.09.24	133.314	133.999	132.698	132.986	56555	0	1
2013.09.25	132.994	133.554	132.686	133.109	53715	0	1
2013.09.26	133.116	133.932	132.885	133.490	59132	0	1
2013.09.27	133.478	133.575	132.623	132.788	53894	0	1
2013.09.30	131.842	133.228	131.639	132.832	62693	0	1
2013.10.01	132.836	133.479	132.321	132.573	66928	0	1
2013.10.02	132.572	132.608	131.421	132.268	63812	0	1
2013.10.03	132.266	133.205	132.132	132.437	63826	0	1
2013.10.04	132.440	132.687	131.770	132.134	56029	0	1
2013.10.07	131.953	132.046	131.143	131.274	54988	0	1
2013.10.08	131.275	132.034	131.172	131.493	55220	0	1
2013.10.09	131.499	132.178	131.244	131.673	58686	0	1
2013.10.10	131.680	132.961	131.662	132.929	56194	0	1
2013.10.11	132.930	133.594	132.444	133.455	53533	0	1
2013.10.14	133.149	133.825	133.143	133.759	34843	0	1
2013.10.15	133.759	133.792	132.630	132.818	54950	0	1
2013.10.16	132.828	133.748	132.745	133.690	58041	0	1
2013.10.17	133.693	133.945	133.330	133.845	58280	0	1
2013.10.18	133.845	134.181	133.611	133.704	45229	0	1
2013.10.21	134.002	134.369	133.868	134.269	40297	0	1
2013.10.22	134.281	135.503	134.196	135.174	43121	0	1
2013.10.23	135.173	135.276	133.603	134.072	54961	0	1
2013.10.24	134.075	134.788	133.890	134.295	51801	0	1
2013.10.25	134.304	134.523	133.885	134.410	51069	0	1
2013.10.28	134.659	134.930	134.553	134.640	41249	0	1
2013.10.29	134.636	135.172	134.263	134.942	53071	0	1
2013.10.30	134.944	135.449	134.765	135.177	50068	0	1
2013.10.31	135.179	135.273	133.339	133.639	56511	0	1
2013.11.01	133.630	133.641	132.603	132.972	51134	0	1
2013.11.04	133.131	133.351	132.863	133.300	31905	0	1
2013.11.05	133.302	133.332	132.370	132.741	50174	0	1
2013.11.06	132.741	133.725	132.548	133.301	43800	0	1
2013.11.07	133.305	133.526	131.227	131.707	61859	0	1
2013.11.08	131.707	132.542	131.305	132.367	56293	0	1
2013.11.11	132.466	133.148	132.207	132.939	40922	0	1
2013.11.12	132.943	134.008	132.909	133.838	58967	0	1
2013.11.13	133.848	133.955	133.226	133.850	56644	0	1
2013.11.14	133.847	134.715	133.736	134.676	63114	0	1
2013.11.15	134.678	135.311	134.486	135.176	51383	0	1
2013.11.18	135.266	135.350	134.746	134.940	51220	0	1
2013.11.19	134.940	135.715	134.606	135.612	56351	0	1
2013.11.20	135.615	135.940	134.108	134.451	61988	0	1
2013.11.21	134.454	136.424	134.412	136.340	64297	0	1
2013.11.22	136.337	137.330	136.016	137.294	51831	0	1
2013.11.25	137.263	137.983	137.018	137.278	43406	0	1
2013.11.26	137.285	137.674	137.134	137.427	40795	0	1
2013.11.27	137.433	138.832	137.285	138.810	50165	0	1
2013.11.28	138.818	139.246	138.309	139.142	44499	0	1
2013.11.29	139.133	139.703	138.966	139.162	55457	0	1
2013.12.02	139.274	139.701	139.031	139.360	54949	0	1
2013.12.03	139.360	140.021	138.703	139.193	62761	0	1
2013.12.04	139.195	139.602	138.427	139.076	71173	0	1
2013.12.05	139.076	139.565	138.459	139.165	68244	0	1
2013.12.06	139.162	141.043	138.933	141.007	58342	0	1
2013.12.09	141.401	141.943	140.992	141.859	53769	0	1
2013.12.10	141.863	142.166	141.275	141.552	55920	0	1
2013.12.11	141.551	141.685	140.914	141.262	57402	0	1
2013.12.12	141.264	142.452	141.187	142.395	61232	0	1
2013.12.13	142.403	142.822	141.418	141.735	57866	0	1
2013.12.16	141.709	142.119	141.217	141.830	55088	0	1
2013.12.17	141.832	141.950	140.980	141.262	47622	0	1
2013.12.18	141.255	142.897	141.224	142.575	62125	0	1
2013.12.19	142.571	142.689	141.858	142.321	58833	0	1
2013.12.20	142.320	142.737	142.100	142.261	50806	0	1
2013.12.23	142.262	142.752	142.096	142.697	32985	0	1
2013.12.24	142.687	142.877	142.452	142.602	30461	0	1
2013.12.26	143.395	143.531	143.289	143.474	23084	0	1
2013.12.27	143.474	145.684	143.464	144.549	53938	0	1
2013.12.30	144.881	145.165	144.551	144.923	42875	0	1
2013.12.31	144.922	145.137	144.410	145.128	32520	0	1
2014.01.01	144.780	145.039	144.735	144.946	5712	0	8
2014.01.02	144.970	145.125	142.840	143.249	77382	0	1
2014.01.03	143.249	143.313	141.961	142.426	55087	0	1
2014.01.06	142.531	142.775	141.498	142.096	62417	0	1
2014.01.07	142.098	142.589	141.941	142.504	56892	0	1
2014.01.08	142.503	143.161	142.120	142.367	60776	0	1
2014.01.09	142.366	143.033	142.038	142.586	55586	0	1
2014.01.10	142.588	143.048	142.056	142.348	53124	0	1
2014.01.13	142.231	142.289	140.496	140.865	57580	0	1
2014.01.14	140.859	142.626	140.789	142.513	58953	0	1
2014.01.15	142.515	142.589	141.795	142.262	53974	0	1
2014.01.16	142.262	142.907	141.707	142.063	52298	0	1
2014.01.17	142.070	142.160	140.973	141.211	47814	0	1
2014.01.20	141.135	141.376	140.319	141.215	41674	0	1
2014.01.21	141.215	141.855	141.035	141.417	52760	0	1
2014.01.22	141.417	141.828	141.055	141.590	54576	0	1
2014.01.23	141.587	142.412	141.029	141.529	69782	0	1
2014.01.24	141.525	141.768	139.756	139.894	74567	0	1
2014.01.27	139.629	140.693	139.444	140.348	71598	0	1
2014.01.28	140.348	141.252	140.172	141.106	60441	0	1
2014.01.29	141.112	141.247	139.046	139.554	70796	0	1
2014.01.30	139.560	139.946	138.890	139.353	65684	0	1
2014.01.31	139.352	139.500	137.466	137.499	65782	0	1
2014.02.03	137.734	138.102	136.361	136.788	69795	0	1
2014.02.04	136.757	137.437	136.225	137.340	69764	0	1
2014.02.05	137.340	137.539	136.546	137.383	84795	0	1
2014.02.06	137.383	138.822	136.750	138.578	77864	0	1
2014.02.07	138.581	139.603	138.165	139.517	74962	0	1
2014.02.10	139.769	139.798	139.168	139.473	53165	0	1
2014.02.11	139.473	140.300	139.276	139.953	51305	0	1
2014.02.12	139.954	139.971	138.673	139.405	57055	0	1
2014.02.13	139.406	139.914	138.874	139.861	61434	0	1
2014.02.14	139.871	140.060	138.986	139.374	57099	0	1
2014.02.17	139.368	139.754	138.948	139.725	42800	0	1
2014.02.18	139.736	141.032	139.491	140.902	60966	0	1
2014.02.19	140.902	140.902	139.999	140.506	55281	0	1
2014.02.20	140.509	140.620	139.194	140.432	62802	0	1
2014.02.21	140.432	141.263	140.312	140.812	52300	0	1
2014.02.24	140.895	141.039	140.341	140.746	54660	0	1
2014.02.25	140.743	140.964	140.128	140.481	53430	0	1
2014.02.26	140.481	140.784	139.651	140.065	57622	0	1
2014.02.27	140.072	140.219	138.788	140.050	61403	0	1
2014.02.28	140.051	141.115	139.116	140.450	66557	0	1
2014.03.03	139.886	139.968	139.149	139.332	58804	0	1
2014.03.04	139.330	140.575	139.270	140.496	53717	0	1
2014.03.05	140.496	140.779	140.188	140.606	53260	0	1
2014.03.06	140.607	142.992	140.502	142.874	59297	0	1
2014.03.07	142.876	143.788	142.535	143.260	82396	0	0
2014.03.10	143.165	143.615	142.849	143.345	94783	0	0
2014.03.11	143.346	143.438	142.618	142.636	99273	0	0
2014.03.12	142.638	142.965	142.235	142.811	108347	0	0
2014.03.13	142.810	143.379	140.710	141.264	151083	0	0
2014.03.14	141.264	141.506	140.445	141.005	138622	0	0
2014.03.17	140.944	141.978	140.884	141.777	105280	0	0
2014.03.18	141.775	141.960	140.738	141.234	116425	0	0
2014.03.19	141.234	141.922	141.062	141.501	116526	0	0
2014.03.20	141.501	141.726	140.817	141.076	118267	0	0
2014.03.21	141.076	141.292	140.437	141.069	77188	0	0
2014.03.24	140.975	141.886	140.721	141.454	100023	0	0
2014.03.25	141.453	141.593	140.692	141.420	101587	0	0
2014.03.26	141.419	141.502	140.499	140.648	95239	0	0
2014.03.27	140.650	141.035	140.178	140.458	116784	0	0
2014.03.28	140.459	141.644	139.960	141.375	94838	0	0
2014.03.31	141.504	142.602	141.317	142.172	107710	0	0
2014.04.01	142.173	143.063	142.004	143.016	90098	0	1
2014.04.02	143.016	143.474	142.722	142.972	87490	0	1
2014.04.03	142.974	143.442	142.297	142.550	95981	0	1
2014.04.04	142.550	142.619	141.378	141.498	104955	0	1
2014.04.07	141.579	141.892	141.119	141.629	73098	0	1
2014.04.08	141.630	141.717	140.080	140.520	136108	0	1
2014.04.09	140.522	141.330	140.451	141.288	132272	0	1
2014.04.10	141.288	141.552	140.597	140.874	81974	0	1
2014.04.11	140.874	141.556	140.643	141.103	78012	0	1
2014.04.14	140.799	140.922	140.422	140.749	68684	0	1
2014.04.15	140.750	140.902	140.230	140.680	75225	0	1
2014.04.16	140.685	141.765	140.646	141.228	64527	0	1
2014.04.17	141.231	141.624	140.985	141.445	54273	0	1
2014.04.18	141.446	141.652	141.369	141.403	17673	0	1
2014.04.21	141.529	141.820	141.404	141.561	28971	0	1
2014.04.22	141.565	141.771	141.211	141.632	49832	0	1
2014.04.23	141.633	141.996	141.183	141.665	55449	0	1
2014.04.24	141.660	141.790	141.046	141.465	60641	0	1
2014.04.25	141.466	141.746	141.033	141.345	53763	0	1
2014.04.28	141.345	142.145	140.989	141.944	60514	0	0
2014.04.29	141.950	142.473	141.585	141.770	52335	0	1
2014.04.30	141.768	142.135	141.125	141.730	67712	0	0
2014.05.01	141.730	142.011	141.679	141.891	38364	0	1
2014.05.02	141.890	142.402	141.646	141.717	69187	0	1
2014.05.05	141.848	141.856	141.285	141.729	37341	0	1
2014.05.06	141.729	142.090	141.356	141.675	63924	0	1
2014.05.07	141.673	142.005	141.151	141.710	97900	0	1
2014.05.08	141.712	142.366	140.528	140.687	89959	0	1
2014.05.09	140.687	140.804	139.885	140.133	65135	0	1
2014.05.12	140.091	140.629	140.065	140.536	52225	0	1
2014.05.13	140.537	140.944	139.987	140.140	70452	0	1
2014.05.14	140.140	140.273	139.459	139.667	56498	0	1
2014.05.15	139.671	139.861	138.972	139.266	63386	0	1
2014.05.16	139.268	139.436	138.776	138.993	62094	0	1
2014.05.19	139.048	139.262	138.613	139.110	62073	0	3
2014.05.20	139.113	139.305	138.540	138.788	59588	0	3
2014.05.21	138.789	138.925	138.140	138.807	70681	0	0
2014.05.22	138.806	139.121	138.639	138.952	61556	0	1
2014.05.23	138.954	139.057	138.593	138.953	59111	0	1
2014.05.26	138.939	139.102	138.724	139.075	27951	0	0
2014.05.27	139.074	139.359	138.813	139.083	44191	0	5
2014.05.28	139.086	139.102	138.292	138.386	42948	0	5
2014.05.29	138.385	138.512	137.972	138.367	44728	0	5
2014.05.30	138.386	138.869	138.079	138.734	43366	0	4
2014.06.02	138.784	139.321	138.659	139.217	54558	0	0
2014.06.03	139.217	139.773	139.101	139.728	55304	0	0
2014.06.04	139.724	139.956	139.550	139.710	60825	0	1
2014.06.05	139.710	139.985	138.674	139.937	67577	0	1
2014.06.06	139.934	139.969	139.273	139.793	59262	0	1
2014.06.09	139.930	140.089	139.264	139.392	49239	0	1
2014.06.10	139.392	139.420	138.450	138.632	59197	0	1
2014.06.11	138.634	138.655	137.872	138.034	58302	0	1
2014.06.12	138.030	138.336	137.716	137.856	59527	0	1
2014.06.13	137.856	138.548	137.743	138.164	54825	0	2
2014.06.16	138.101	138.269	137.702	138.190	50684	0	1
2014.06.17	138.188	138.537	138.186	138.392	48713	0	0
2014.06.18	138.397	138.742	138.341	138.503	54394	0	1
2014.06.19	138.505	138.888	138.424	138.697	55714	0	1
2014.06.20	138.697	138.892	138.538	138.814	46920	0	1
2014.06.23	138.762	138.811	138.280	138.638	45611	0	1
2014.06.24	138.631	138.924	138.454	138.698	49620	0	1
2014.06.25	138.700	138.899	138.562	138.804	44960	0	1
2014.06.26	138.807	138.823	137.919	138.404	50881	0	0
2014.06.27	138.416	138.485	137.981	138.396	50443	0	1
2014.06.30	138.394	138.745	138.102	138.713	46698	0	1
2014.07.01	138.714	139.126	138.672	138.906	51061	0	14
2014.07.02	138.906	139.057	138.538	138.982	48294	0	14
2014.07.03	138.983	139.270	138.954	139.086	59352	0	1
2014.07.04	139.086	139.117	138.581	138.748	38331	0	4
2014.07.07	138.749	138.828	138.437	138.609	51531	0	4
2014.07.08	138.609	138.622	138.109	138.220	55206	0	4
2014.07.09	138.228	138.761	138.149	138.638	54414	0	1
2014.07.10	138.638	138.642	137.494	137.866	62886	0	4
2014.07.11	137.867	138.045	137.671	137.885	88454	0	4
2014.07.14	137.872	138.449	137.825	138.317	101610	0	4
2014.07.15	138.317	138.425	137.887	137.956	105973	0	1
2014.07.16	137.958	138.086	137.479	137.503	42397	0	1
2014.07.17	137.502	137.539	136.754	136.823	47261	0	1
2014.07.18	136.823	137.287	136.705	137.079	45506	0	1
2014.07.21	137.103	137.152	136.881	137.129	43042	0	7
2014.07.22	137.129	137.336	136.578	136.639	62673	0	1
2014.07.23	136.638	136.757	136.406	136.698	54624	0	5
2014.07.24	136.695	137.189	136.362	137.059	62794	0	2
2014.07.25	137.056	137.246	136.625	136.625	69710	0	6
2014.07.28	136.703	136.912	136.635	136.870	67046	0	6
2014.07.29	136.871	137.102	136.752	136.923	76713	0	6
2014.07.30	136.924	137.851	136.830	137.712	74413	0	2
2014.07.31	137.713	137.845	137.508	137.628	60723	0	2
2014.08.01	137.626	137.999	137.562	137.675	63755	0	3
2014.08.04	137.726	137.906	137.420	137.646	59975	0	10
2014.08.05	137.646	137.718	137.070	137.212	63372	0	10
2014.08.06	137.211	137.231	136.152	136.676	66873	0	10
2014.08.07	136.675	137.117	136.262	136.423	63851	0	10
2014.08.08	136.422	136.941	135.722	136.831	79164	0	10
2014.08.11	136.900	136.964	136.592	136.775	42938	0	10
2014.08.12	136.775	136.884	136.362	136.680	45735	0	10
2014.08.13	136.681	137.175	136.609	136.866	51074	0	10
2014.08.14	136.871	137.240	136.790	136.955	50207	0	10
2014.08.15	136.957	137.613	136.765	137.100	57716	0	10
2014.08.18	137.092	137.259	136.899	137.044	38357	0	10
2014.08.19	137.045	137.153	136.809	137.067	46176	0	10
2014.08.20	137.066	137.661	137.010	137.491	63780	0	10
2014.08.21	137.492	137.942	137.460	137.909	53495	0	10
2014.08.22	137.908	137.998	137.309	137.605	59317	0	7
2014.08.25	137.458	137.667	137.088	137.239	46682	0	6
2014.08.26	137.239	137.412	137.006	137.072	56147	0	10
2014.08.27	137.072	137.293	136.739	137.050	57683	0	10
2014.08.28	137.051	137.213	136.414	136.739	64896	0	4
2014.08.29	136.738	137.183	136.579	136.683	60989	0	4
2014.09.01	136.739	137.038	136.658	136.944	33621	0	10
2014.09.02	136.945	138.097	136.923	138.019	62336	0	10
2014.09.03	138.017	138.279	137.683	137.871	67175	0	1
2014.09.04	137.871	138.014	135.965	136.227	83633	0	1
2014.09.05	136.230	136.614	135.815	136.114	86958	0	1
2014.09.08	136.191	136.995	135.887	136.702	97937	0	1
2014.09.09	136.703	137.506	136.622	137.435	113790	0	1
2014.09.10	137.435	138.173	137.311	137.990	93759	0	1
2014.09.11	137.983	138.519	137.731	138.298	85391	0	1
2014.09.12	138.300	139.196	138.300	139.179	102734	0	1
2014.09.15	139.127	139.182	138.469	138.717	82804	0	1
2014.09.16	138.717	138.971	138.524	138.835	96873	0	1
2014.09.17	138.833	139.637	138.771	139.344	82333	0	1
2014.09.18	139.348	140.541	139.316	140.484	83767	0	1
2014.09.19	140.490	141.223	139.683	139.874	91631	0	1
2014.09.22	139.840	140.206	139.634	139.790	155712	0	1
2014.09.23	139.795	140.218	139.271	139.870	77474	0	1
2014.09.24	139.870	139.898	139.002	139.376	83181	0	1
2014.09.25	139.376	139.705	138.434	138.669	98054	0	1
2014.09.26	138.670	139.088	138.385	138.612	88727	0	1
2014.09.29	138.663	139.134	138.604	138.878	89363	0	1
2014.09.30	138.882	138.916	137.945	138.437	96227	0	1
2014.10.01	138.435	138.803	137.382	137.518	103653	0	1
2014.10.02	137.520	137.723	136.872	137.338	119315	0	1
2014.10.03	137.339	137.882	137.113	137.361	86352	0	1
2014.10.06	137.336	137.773	137.048	137.586	79057	0	1
2014.10.07	137.584	137.767	136.561	136.969	113481	0	1
2014.10.08	136.962	137.940	136.655	137.661	115120	0	1
2014.10.09	137.663	137.874	136.648	136.807	123461	0	1
2014.10.10	136.807	137.076	135.838	135.935	106037	0	1
2014.10.13	135.781	136.384	135.550	136.312	103781	0	1
2014.10.14	136.315	136.548	135.037	135.612	116175	0	1
2014.10.15	135.609	136.066	135.136	135.924	149159	0	1
2014.10.16	135.924	136.292	134.143	136.083	149376	0	1
2014.10.17	136.085	136.714	135.756	136.377	99037	0	1
2014.10.20	136.552	137.008	136.269	136.857	94751	0	12
2014.10.21	136.858	136.893	135.686	136.116	104127	0	12
2014.10.22	136.115	136.198	135.429	135.556	94769	0	12
2014.10.23	135.553	136.999	135.202	136.944	97405	0	9
2014.10.24	136.945	137.069	136.487	137.016	91614	0	7
2014.10.27	137.125	137.247	136.582	136.914	94813	0	8
2014.10.28	136.918	137.792	136.884	137.680	85946	0	1
2014.10.29	137.680	138.023	137.402	137.497	90554	0	13
2014.10.30	137.495	138.057	137.038	137.831	118727	0	8
2014.10.31	137.830	140.786	137.672	140.664	148145	0	13
2014.11.03	141.273	142.553	140.397	142.104	125894	0	13
2014.11.04	142.107	142.612	141.695	142.393	127226	0	12
2014.11.05	142.393	143.442	142.383	143.120	138488	0	12
2014.11.06	143.120	144.214	142.183	142.625	156933	0	1
2014.11.07	142.624	143.051	142.249	142.734	137938	0	12
2014.11.10	142.655	142.845	142.086	142.658	108179	0	12
2014.11.11	142.657	144.692	142.583	144.474	122987	0	3
2014.11.12	144.474	144.568	143.345	143.653	140879	0	12
2014.11.13	143.649	144.587	143.561	144.410	133559	0	1
2014.11.14	144.410	145.838	144.297	145.587	119588	0	1
2014.11.17	145.988	146.523	144.785	145.234	118682	0	1
2014.11.18	145.230	146.645	145.192	146.506	88245	0	1
2014.11.19	146.507	148.370	146.363	148.239	73455	0	1
2014.11.20	148.240	149.130	147.878	148.311	102712	0	13
2014.11.21	148.316	148.428	145.674	145.947	91230	0	4
2014.11.24	145.761	147.321	145.583	147.143	57455	26159579000	4
2014.11.25	147.126	147.384	146.292	147.150	84150	138500000	4
2014.11.26	147.139	147.410	146.494	147.206	82759	55000000	3
2014.11.27	147.236	147.237	146.417	146.739	44918	0	4
2014.11.28	146.689	147.969	146.689	147.634	83111	0	13
2014.12.01	147.954	148.151	147.084	147.619	97257	0	13
2014.12.02	147.617	148.187	147.453	147.607	75746	0	4
2014.12.03	147.604	147.910	147.029	147.452	62246	0	4
2014.12.04	147.457	148.946	147.290	148.236	68009	0	4
2014.12.05	148.240	149.510	148.226	149.226	65168	0	1
2014.12.08	149.305	149.780	148.189	148.464	76496	83593944000	1
2014.12.09	148.613	148.873	146.800	148.096	105615	65746592000	1
2014.12.10	148.093	148.244	146.508	146.640	107209	50986399000	1
2014.12.11	146.565	148.054	146.419	147.156	81855	87835313000	1
2014.12.12	147.241	148.176	146.949	147.985	86867	72841209000	1
2014.12.15	147.897	148.239	146.264	146.400	81122	83479961000	1
2014.12.16	146.485	147.021	144.959	145.460	93166	92321919000	1
2014.12.17	145.551	146.761	145.212	146.406	90123	94523520000	1
2014.12.18	146.358	146.735	145.598	145.972	77256	81246750000	1
2014.12.19	145.960	146.739	145.904	145.937	78856	79289273000	0
2014.12.22	146.117	147.121	145.949	146.809	229635	259958577000	0
2014.12.23	146.807	147.131	146.686	146.866	196067	222737833000	0
2014.12.24	146.866	147.137	146.443	146.833	171394	193832615000	0
2014.12.26	146.786	146.859	146.475	146.496	102093	92456550000	0
2014.12.29	146.572	147.217	146.504	146.623	100348	104190086000	0
2014.12.30	146.597	146.736	144.766	145.171	65961	63320010000	0
2014.12.31	145.198	145.573	144.817	144.996	45579	44884380000	0
2015.01.02	145.134	145.312	144.126	144.597	74722	0	13
2015.01.05	143.967	144.152	142.297	142.731	139789	0	13
2015.01.06	142.732	142.766	140.728	140.742	147882	0	13
2015.01.07	140.741	141.659	140.559	141.173	145442	0	13
2015.01.08	141.175	141.716	140.702	141.060	129879	0	13
2015.01.09	141.063	141.356	140.180	140.274	140655	0	13
2015.01.12	140.184	140.870	139.749	140.023	126749	0	13
2015.01.13	140.028	140.498	138.312	138.803	150850	0	13
2015.01.14	138.800	138.890	136.996	138.307	159398	0	13
2015.01.15	138.309	138.782	134.993	135.090	167810	0	13
2015.01.16	135.081	136.171	134.695	135.887	163491	0	13
2015.01.19	135.691	136.814	135.129	136.402	78781	0	8
2015.01.20	136.434	137.626	136.407	137.188	71931	0	8
2015.01.21	137.190	137.276	135.797	136.927	81836	0	14
2015.01.22	136.960	137.297	134.210	134.629	85429	0	13
2015.01.23	134.622	135.043	130.916	131.924	91981	0	13
2015.01.26	131.011	133.700	130.138	133.090	77686	0	13
2015.01.27	133.097	134.206	132.488	134.128	87228	19513555000	1
2015.01.28	134.127	134.353	132.440	132.661	102808	0	1
2015.01.29	132.653	134.056	132.381	133.849	81279	26000000	10
2015.01.30	133.879	134.171	132.360	132.592	78474	0	13
2015.02.02	132.269	133.593	132.269	133.342	99054	0	1
2015.02.03	133.279	135.187	132.383	134.930	109925	0	1
2015.02.04	134.937	135.352	132.545	133.023	105561	0	1
2015.02.05	133.012	135.157	132.558	134.857	116321	0	8
2015.02.06	134.854	135.183	133.918	134.742	103068	0	8
2015.02.09	134.445	134.990	133.678	134.327	95961	0	8
2015.02.10	134.330	135.285	134.039	135.177	110525	0	8
2015.02.11	135.173	136.683	135.026	136.537	100128	0	8
2015.02.12	136.534	136.672	134.799	135.811	112879	0	8
2015.02.13	135.805	136.027	135.107	135.242	94619	0	8
2015.02.16	135.047	135.551	133.991	134.506	85688	0	8
2015.02.17	134.507	136.226	133.933	136.054	108201	0	8
2015.02.18	136.055	136.097	135.074	135.372	106278	0	8
2015.02.19	135.364	135.938	134.952	135.208	96010	0	8
2015.02.20	135.203	135.894	133.557	135.396	101436	0	1
2015.02.23	135.697	135.697	134.444	134.665	80634	0	8
2015.02.24	134.663	135.581	134.517	134.897	88239	0	8
2015.02.25	134.882	135.222	134.568	135.027	86097	0	8
2015.02.26	135.005	135.366	133.544	133.701	89555	0	8
2015.02.27	133.706	134.266	133.444	133.919	93950	0	8
2015.03.02	133.854	134.588	133.669	134.331	82878	0	8
2015.03.03	134.333	134.431	133.680	133.789	87429	0	8
2015.03.04	133.811	133.847	132.403	132.563	87592	0	8
2015.03.05	132.564	133.569	132.113	132.492	92066	0	8
2015.03.06	132.499	132.555	130.885	130.991	93080	0	8
2015.03.09	130.830	131.804	130.702	131.521	88663	0	1
2015.03.10	131.520	131.870	129.203	129.397	108749	0	8
2015.03.11	129.425	129.954	127.619	128.095	106324	0	8
2015.03.12	128.110	129.018	127.660	128.856	106582	0	8
2015.03.13	128.864	129.056	126.899	127.379	107224	0	8
2015.03.16	127.285	128.790	127.145	128.250	107630	0	2
2015.03.17	128.279	129.152	128.081	128.590	104180	0	1
2015.03.18	128.592	131.629	128.260	130.179	112165	0	1
2015.03.19	130.196	130.840	128.360	128.710	125183	0	4
2015.03.20	128.716	130.694	128.704	129.856	100146	0	8
2015.03.23	130.240	131.346	129.286	130.998	97015	0	8
2015.03.24	130.996	131.505	130.347	130.726	123788	0	13
2015.03.25	130.731	131.408	130.577	131.069	79464	0	11
2015.03.26	131.071	131.097	129.481	129.637	114802	0	8
2015.03.27	129.648	130.407	129.027	129.687	105190	0	8
2015.03.30	129.687	130.181	129.299	130.063	97707	0	8
2015.03.31	130.061	130.248	128.602	128.887	110585	0	10
2015.04.01	128.886	129.446	128.393	128.884	86847	0	8
2015.04.02	128.866	130.488	128.606	130.232	76241	0	3
2015.04.03	130.245	130.960	130.006	130.310	49655	0	11
2015.04.06	130.774	131.287	130.408	130.546	55056	0	8
2015.04.07	130.540	131.035	130.007	130.043	85506	0	4
2015.04.08	130.057	130.352	129.391	129.498	94313	0	4
2015.04.09	129.483	129.759	128.237	128.515	90279	0	4
2015.04.10	128.514	128.780	127.196	127.451	88826	0	4
2015.04.13	127.451	127.823	126.502	126.917	84799	0	4
2015.04.14	126.925	127.624	126.090	127.193	97789	0	4
2015.04.15	127.178	127.481	126.276	127.353	98920	0	4
2015.04.16	127.353	128.574	126.748	127.977	122741	0	8
2015.04.17	127.977	128.720	127.763	128.536	109098	0	5
2015.04.20	128.536	128.751	127.593	127.998	89619	0	4
2015.04.21	127.998	128.769	127.452	128.416	110361	0	2
2015.04.22	128.416	128.959	128.177	128.551	113268	0	4
2015.04.23	128.551	129.673	127.874	129.438	122891	0	4
2015.04.24	129.438	130.111	128.831	129.335	124709	0	4
2015.04.27	129.160	129.978	129.006	129.596	112147	0	4
2015.04.28	129.624	130.677	129.353	130.535	134449	0	4
2015.04.29	130.468	132.891	130.257	132.444	152182	0	4
2015.04.30	132.449	134.512	131.304	134.003	198062	0	4
2015.05.01	133.954	135.284	133.899	134.497	131115	0	4
2015.05.04	134.565	134.720	133.699	133.917	82061	0	4
2015.05.05	133.826	134.488	133.111	134.067	24433	0	5
2015.05.06	134.058	135.676	134.010	135.499	48398	0	4
2015.05.07	135.532	135.999	134.191	134.878	20807	0	5
2015.05.08	134.883	135.226	134.079	134.206	26888	0	8
2015.05.11	134.057	134.222	133.480	133.921	75383	0	9
2015.05.12	133.940	135.286	133.745	134.385	134552	0	8
2015.05.13	134.386	135.497	134.199	135.269	113921	0	8
2015.05.14	135.258	136.415	135.195	135.937	143242	0	8
2015.05.15	135.928	136.811	135.690	136.655	109821	0	9
2015.05.18	136.577	136.954	135.578	135.743	103997	0	1
2015.05.19	135.726	135.819	133.932	134.551	143573	0	15
2015.05.20	134.552	134.818	133.906	134.608	152921	0	15
2015.05.21	134.565	135.335	134.210	134.468	139923	0	9
2015.05.22	134.486	135.322	133.715	133.876	135371	0	15
2015.05.25	133.701	133.822	133.239	133.421	81937	0	17
2015.05.26	133.415	134.500	133.089	133.816	140162	0	8
2015.05.27	133.840	135.002	133.767	134.801	142859	0	16
2015.05.28	134.801	135.843	134.742	135.692	157636	0	15
2015.05.29	135.696	136.419	135.420	136.402	143390	0	15
2015.06.01	136.276	136.580	135.120	136.318	159918	0	11
2015.06.02	136.315	138.850	136.095	138.386	240585	0	8
2015.06.03	138.380	140.128	138.036	140.053	135136	0	5
2015.06.04	140.052	141.050	139.556	139.734	68562	0	4
2015.06.05	139.738	140.687	139.026	139.589	234508	0	8
2015.06.08	139.411	140.740	139.035	140.530	205039	0	8
2015.06.09	140.546	141.000	139.363	140.282	226479	0	8
2015.06.10	140.240	140.666	138.428	138.895	259317	0	7
2015.06.11	138.895	139.604	138.572	138.908	209102	0	7
2015.06.12	138.907	139.313	137.979	138.920	165443	0	7
2015.06.15	138.157	139.339	138.100	139.211	136611	0	7
2015.06.16	139.230	139.991	138.248	138.730	184702	0	4
2015.06.17	138.722	139.997	138.673	139.897	208318	0	8
2015.06.18	139.911	140.663	139.488	139.675	220365	0	8
2015.06.19	139.661	140.074	138.918	139.212	177949	0	8
2015.06.22	139.832	140.627	139.260	139.891	189953	0	8
2015.06.23	139.878	140.020	138.202	138.388	198868	0	8
2015.06.24	138.392	139.158	138.243	138.738	192615	0	8
2015.06.25	138.739	138.880	137.656	138.508	177221	0	8
2015.06.26	138.490	138.669	137.793	138.347	170524	0	8
2015.06.29	135.387	138.114	134.450	137.674	236669	0	8
2015.06.30	137.664	137.735	135.874	136.504	225960	0	8
2015.07.01	136.538	137.407	136.023	136.153	201866	0	8
2015.07.02	136.119	136.905	136.034	136.368	194809	0	4
2015.07.03	136.396	136.845	135.907	136.373	148008	0	4
2015.07.06	133.950	136.049	133.858	135.490	228623	0	11
2015.07.07	135.490	135.666	133.502	134.883	229699	0	11
2015.07.08	134.884	134.951	133.298	133.689	261837	0	5
2015.07.09	133.690	135.058	133.298	133.871	230409	0	11
2015.07.10	133.876	137.277	133.793	136.925	230825	0	11
2015.07.13	135.738	137.785	135.732	135.776	214352	0	9
2015.07.14	135.775	136.364	135.273	135.806	196164	0	9
2015.07.15	135.803	136.370	135.347	135.474	197225	0	11
2015.07.16	135.473	135.870	134.740	134.971	201031	0	11
2015.07.17	134.971	135.264	134.325	134.348	168507	0	11
2015.07.20	134.373	135.042	134.339	134.481	166341	0	11
2015.07.21	134.491	135.764	134.460	135.434	228068	0	6
2015.07.22	135.429	135.622	134.842	135.452	296371	0	5
2015.07.23	135.440	136.431	135.405	136.064	232442	167673800000	6
2015.07.24	135.980	136.281	135.526	135.909	176627	156962926000	9
2015.07.27	135.863	137.100	135.746	136.653	198848	184435207000	9
2015.07.28	136.635	136.975	136.367	136.638	215048	217085056000	5
2015.07.29	136.635	136.929	135.970	136.125	219566	224213633000	9
2015.07.30	136.084	136.485	135.534	135.699	205208	209455079000	9
2015.07.31	135.678	137.342	135.574	136.029	226520	232492796000	9
2015.08.03	135.959	136.440	135.586	135.819	208929	218694828000	9
2015.08.04	135.789	136.164	135.269	135.303	235229	248358040000	9
2015.08.05	135.318	136.196	134.991	136.113	222162	207374547000	9
2015.08.06	136.134	136.486	135.798	136.235	200391	197175385000	9
2015.08.07	136.211	136.716	135.551	136.173	168708	142458142000	9
2015.08.10	136.111	137.415	136.097	137.255	124499	103516215000	9
2015.08.11	137.274	138.367	136.782	138.055	171970	147249062000	5
2015.08.12	138.128	138.858	138.011	138.525	184463	151950361000	9
2015.08.13	138.549	138.852	138.074	138.697	147854	122367934000	4
2015.08.14	138.691	138.851	137.927	138.110	146900	139379714000	4
2015.08.17	138.132	138.395	137.580	137.583	179575	190264440000	9
2015.08.18	137.750	137.898	137.058	137.071	191395	202898956000	9
2015.08.19	137.148	137.839	137.059	137.506	221315	221469186000	9
2015.08.20	137.624	138.724	137.598	138.668	218213	204044062000	6
2015.08.21	138.659	139.010	138.162	138.914	269858	250395566000	9
2015.08.24	138.612	138.953	135.990	137.281	347212	205086512000	9
2015.08.25	137.535	138.610	136.480	136.859	317385	263632427000	4
2015.08.26	136.884	137.591	135.446	135.532	308510	273505398000	9
2015.08.27	135.650	136.408	135.256	135.990	268621	251433201000	0
2015.08.28	136.054	136.612	135.296	136.085	243176	232850171000	9
2015.08.31	135.886	136.353	135.673	135.867	180332	172183029000	9
2015.09.01	135.843	136.238	134.671	135.047	256489	234980933000	8
2015.09.02	135.039	135.794	134.722	135.083	235756	229012059000	9
2015.09.03	135.047	135.363	133.122	133.542	214903	215728955000	9
2015.09.04	133.519	133.664	132.225	132.692	219128	194517664000	9
2015.09.07	132.660	133.349	132.643	133.197	180248	165691907000	9
2015.09.08	133.177	134.403	132.967	134.179	205153	187915978000	9
2015.09.09	134.161	135.191	134.161	135.045	231482	245806132000	9
2015.09.10	134.982	136.192	134.747	136.022	245805	245723437000	9
2015.09.11	135.964	136.920	135.723	136.712	198213	191904559000	9
2015.09.14	136.552	137.045	135.490	135.998	185763	206445162000	9
2015.09.15	135.993	136.408	134.994	135.663	192885	200193328000	9
2015.09.16	135.682	136.631	135.150	136.083	186566	200478906000	9
2015.09.17	136.105	137.441	136.046	137.215	201698	192727518000	9
2015.09.18	137.199	137.298	135.242	135.540	227033	219939709000	9
2015.09.21	135.515	136.134	134.766	134.882	186768	190753838000	9
2015.09.22	134.884	134.964	133.313	133.636	184609	197598965000	9
2015.09.23	133.630	134.686	133.151	134.512	196532	208457504000	9
2015.09.24	134.492	134.866	134.002	134.818	235230	242431780000	9
2015.09.25	134.855	135.385	134.111	135.024	235609	230392594000	9
2015.09.28	134.794	134.970	133.935	134.794	224856	231382795000	8
2015.09.29	134.811	134.957	134.234	134.681	236741	236582819000	9
2015.09.30	134.664	135.113	133.571	133.966	222375	230064486000	9
2015.10.01	133.961	134.238	133.433	134.225	221265	228201130000	9
2015.10.02	134.200	134.878	133.936	134.394	226846	221954687000	9
2015.10.05	134.650	135.710	134.409	134.734	239486	245691336000	9
2015.10.06	134.732	135.599	134.400	135.491	197050	199227530000	9
2015.10.07	135.482	135.628	134.613	134.834	214490	232913215000	9
2015.10.08	134.839	135.588	134.724	135.217	197929	204804374000	9
2015.10.09	135.202	136.952	135.049	136.529	205840	220452864000	9
2015.10.12	136.493	136.932	136.230	136.314	150096	169390321000	9
2015.10.13	136.306	136.593	136.003	136.225	170534	186792126000	9
2015.10.14	136.222	136.612	136.144	136.325	189927	200176595000	9
2015.10.15	136.300	136.740	134.799	135.323	200510	208241155000	9
2015.10.16	135.427	135.983	134.952	135.549	177278	177364374000	0
2015.10.19	135.552	135.937	135.073	135.374	181043	191597794000	9
2015.10.20	135.287	136.221	135.261	135.925	154235	157384764000	9
2015.10.21	135.927	136.385	135.880	135.972	165228	177685293000	9
2015.10.22	135.956	136.064	134.049	134.063	196227	218325938000	9
2015.10.23	134.050	134.261	133.367	133.795	209378	230906193000	0
2015.10.26	133.697	133.898	133.141	133.736	160727	175660868000	0
2015.10.27	133.736	133.860	132.729	132.982	165631	167067392000	0
2015.10.28	132.968	133.549	131.967	132.332	168391	158048381000	0
2015.10.29	132.332	133.027	131.595	132.991	169920	175957424000	0
2015.10.30	132.992	133.385	132.197	132.722	191163	183703239000	9
2015.11.02	132.883	133.204	132.618	132.994	156584	174028159000	9
2015.11.03	132.987	133.116	132.543	132.692	144618	155980146000	0
2015.11.04	132.734	132.903	131.841	132.052	176454	189799547000	9
2015.11.05	132.065	132.722	131.858	132.487	177581	188675732000	9
2015.11.06	132.447	132.710	131.507	132.290	158829	169929030000	0
2015.11.09	132.275	133.189	132.172	132.414	184914	211574213000	9
2015.11.10	132.372	132.783	131.620	132.079	183990	198766809000	9
2015.11.11	132.018	132.405	131.651	131.974	171377	204396827000	9
2015.11.12	131.914	132.752	131.477	132.509	212039	247305520000	0
2015.11.13	132.503	132.614	131.556	131.983	192412	202794462000	0
2015.11.16	131.241	132.208	130.639	131.619	181664	197794788000	9
2015.11.17	131.624	131.796	131.196	131.355	176779	191951650000	0
2015.11.18	131.343	131.777	131.115	131.747	163477	175059844000	0
2015.11.19	131.729	132.269	131.427	131.850	186160	197019327000	0
2015.11.20	131.837	131.958	130.690	130.703	165297	179177376000	0
2015.11.23	130.685	131.041	130.349	130.627	174384	197425261000	0
2015.11.24	130.655	130.794	130.193	130.407	184949	201615647000	4
2015.11.25	130.433	130.761	129.772	130.334	185703	217750577000	0
2015.11.26	130.277	130.368	129.889	130.030	135242	145273587000	0
2015.11.27	130.119	130.247	129.665	129.960	147593	161229936000	0
2015.11.30	130.042	130.293	129.810	130.043	156907	180997030000	9
2015.12.01	129.994	130.806	129.752	130.617	171185	192475449000	9
2015.12.02	130.636	130.973	130.297	130.829	170845	190069890000	9
2015.12.03	130.837	134.496	129.840	134.109	221754	234404611000	0
2015.12.04	134.079	134.588	133.322	133.907	220359	239236016000	9
2015.12.07	133.904	134.117	133.294	133.673	160450	185263433000	9
2015.12.08	133.668	134.002	133.477	133.896	178512	199092353000	9
2015.12.09	133.857	134.215	133.520	133.874	210646	233579572000	0
2015.12.10	133.875	134.115	132.767	133.024	183239	153192251000	9
2015.12.11	132.962	133.779	132.625	132.926	204454	173119946000	9
2015.12.14	133.048	133.235	132.435	133.019	219127	191925047000	9
2015.12.15	133.019	133.525	132.699	132.953	194193	174177903000	9
2015.12.16	132.924	133.781	132.869	133.335	204239	176038205000	9
2015.12.17	133.341	133.379	132.589	132.659	192581	175603575000	0
2015.12.18	132.648	133.780	131.031	131.583	214270	182744911000	0
2015.12.21	131.549	132.342	131.492	132.243	170541	161623462000	9
2015.12.22	132.230	132.793	132.093	132.648	170851	153699444000	9
2015.12.23	132.558	132.624	131.500	131.901	131062	123074579000	0
2015.12.24	131.918	132.001	131.585	131.796	80066	69410175000	9
2015.12.28	131.600	132.460	131.589	132.043	108693	97459534000	0
2015.12.29	132.035	132.349	131.355	131.561	149918	154722318000	0
2015.12.30	131.559	131.918	131.445	131.739	113066	100446922000	0
2015.12.31	131.700	131.773	130.467	130.564	90074	87093847000	0
2016.01.04	130.657	130.760	128.674	129.370	220271	201790208000	0
2016.01.05	129.303	129.474	127.516	127.939	198584	185147972000	0
2016.01.06	127.893	128.182	127.017	127.706	228641	209186529000	9
2016.01.07	127.693	128.628	126.780	128.584	266904	249206539000	0
2016.01.08	128.494	129.085	128.073	128.073	259865	224876553000	9
2016.01.11	127.888	128.462	127.306	127.864	256011	204796359000	9
2016.01.12	127.868	128.006	127.452	127.733	236412	219086014000	0
2016.01.13	127.669	128.543	127.632	127.974	231939	211180330000	9
2016.01.14	127.972	128.751	127.738	128.232	257345	241633546000	9
2016.01.15	128.176	128.410	127.583	127.670	261961	251733798000	9
2016.01.18	127.459	127.943	127.346	127.821	202483	206907587000	0
2016.01.19	127.763	128.553	127.744	128.281	252222	261960328000	0
2016.01.20	128.243	128.365	126.624	127.322	285380	307577135000	0
2016.01.21	127.308	128.190	126.160	127.966	296300	316499037000	0
2016.01.22	127.971	128.428	127.415	128.231	237529	248966411000	9
2016.01.25	128.011	128.544	127.850	128.318	223483	255999242000	0
2016.01.26	128.320	128.716	127.816	128.696	219267	251667005000	0
2016.01.27	128.700	129.478	128.247	129.257	250836	278573406000	0
2016.01.28	129.235	130.216	128.940	129.964	240294	252693889000	9
2016.01.29	129.968	132.289	129.575	131.168	289237	286518822000	9
2016.02.01	131.396	132.021	131.221	131.709	213874	205943642000	9
2016.02.02	131.694	131.967	130.892	130.969	223686	211769833000	9
2016.02.03	130.955	131.001	130.049	130.859	284262	271114898000	9
2016.02.04	130.873	131.655	130.634	130.853	301967	322988239000	9
2016.02.05	130.856	131.015	130.156	130.316	250633	280030024000	9
2016.02.08	130.141	130.899	128.759	129.649	259949	322639695000	9
2016.02.09	129.654	130.260	128.267	130.017	315257	354466399000	0
2016.02.10	129.919	130.110	127.739	127.954	333916	374864851000	0
2016.02.11	127.952	128.096	125.771	127.277	308139	298215633000	0
2016.02.12	127.260	127.653	126.365	127.359	301013	304028593000	9
2016.02.15	127.371	127.957	127.244	127.791	246828	260783042000	0
2016.02.16	127.804	128.166	126.613	127.079	253521	270177730000	9
2016.02.17	127.113	127.391	126.626	126.923	247668	249412422000	9
2016.02.18	126.900	127.159	125.589	125.750	250295	269545887000	9
2016.02.19	125.754	125.951	125.014	125.254	230046	235181160000	0
2016.02.22	125.092	125.558	124.366	124.515	220339	235742522000	9
2016.02.23	124.465	124.613	123.062	123.509	245770	260026672000	0
2016.02.24	123.522	123.618	122.450	123.525	264103	284916011000	9
2016.02.25	123.526	124.637	123.269	124.484	272466	310300320000	0
2016.02.26	124.487	125.004	124.216	124.571	239372	254803645000	0
2016.02.29	124.352	124.462	122.450	122.515	259155	276685728000	0
2016.03.01	122.518	124.076	122.076	123.874	238413	249486322000	0
2016.03.02	123.886	124.357	123.086	123.328	251805	309375716000	0
2016.03.03	123.310	124.594	123.257	124.534	240779	270778583000	0
2016.03.04	124.520	125.587	123.930	125.214	213709	206661375000	0
2016.03.07	125.178	125.237	124.239	124.933	209744	230339731000	0
2016.03.08	124.884	125.004	123.844	124.005	224090	250459274000	9
2016.03.09	124.003	124.882	123.055	124.635	205396	219934778000	0
2016.03.10	124.627	126.767	123.647	126.563	238148	247629007000	9
2016.03.11	126.467	127.284	126.059	126.864	209753	218417016000	9
2016.03.14	126.937	127.150	126.073	126.320	190153	209001043000	0
2016.03.15	126.320	126.713	125.091	125.699	208248	233859899000	0
2016.03.16	125.687	126.520	125.545	126.316	206557	223145778000	9
2016.03.17	126.337	126.619	125.325	126.058	240441	247758445000	0
2016.03.18	126.058	126.193	125.262	125.709	194685	207869112000	9
2016.03.21	125.695	126.072	125.216	125.830	167658	178473705000	0
2016.03.22	125.850	126.269	124.669	126.025	183396	169090658000	0
2016.03.23	126.017	126.246	125.501	125.639	194333	203157668000	0
2016.03.24	125.641	126.178	125.383	126.110	151254	146656860000	0
2016.03.25	126.108	126.457	125.901	126.224	98711	85167513000	9
2016.03.28	126.297	127.053	126.253	126.995	103856	125023095000	0
2016.03.29	126.958	127.445	126.774	127.214	185987	219082096000	0
2016.03.30	127.265	127.821	126.777	127.486	196420	232697585000	0
2016.03.31	127.426	128.216	126.959	128.100	189727	219806775000	0
2016.04.01	128.079	128.162	127.091	127.106	207645	232206364000	0
2016.04.04	127.189	127.348	126.446	126.770	180338	203375362000	9
2016.04.05	126.724	126.835	125.243	125.580	213163	238637869000	9
2016.04.06	125.564	125.834	124.855	125.130	201211	228291041000	9
2016.04.07	125.130	125.301	122.548	123.076	215544	225516793000	0
2016.04.08	123.076	124.227	122.973	123.104	182228	184965887000	0
2016.04.11	123.267	123.724	122.831	123.162	186166	184590615000	0
2016.04.12	123.110	123.995	123.066	123.554	192749	213969791000	0
2016.04.13	123.570	123.860	123.008	123.249	190785	195904300000	0
2016.04.14	123.255	123.416	122.718	123.230	174296	191188482000	0
2016.04.15	123.182	123.562	122.588	122.671	156484	173184649000	0
2016.04.18	122.270	123.349	121.710	123.078	167823	151544025000	0
2016.04.19	123.054	124.434	123.044	124.017	160909	142716822000	0
2016.04.20	124.020	124.330	123.538	124.059	167271	160828150000	0
2016.04.21	124.018	124.961	123.358	123.531	172338	155520566000	9
2016.04.22	123.531	125.499	123.401	125.415	173631	153093131000	0
2016.04.25	125.463	125.528	124.798	125.278	153629	143293283000	0
2016.04.26	125.274	125.971	124.688	125.723	151938	140094806000	0
2016.04.27	125.762	126.317	125.441	126.201	163418	150951749000	0
2016.04.28	126.191	126.466	122.515	122.686	206327	200019494000	0
2016.04.29	122.688	122.947	121.664	121.751	189673	187008620000	0
2016.05.02	121.726	122.909	121.719	122.730	166253	177786621000	0
2016.05.03	122.730	122.758	122.118	122.525	198352	216267953000	0
2016.05.04	122.527	123.514	122.291	122.903	201498	219274133000	0
2016.05.05	122.916	123.124	122.091	122.313	159114	162993726000	0
2016.05.06	122.307	122.453	121.477	122.098	177666	180557892000	0
2016.05.09	122.006	123.703	121.995	123.276	159108	172837561000	9
2016.05.10	123.285	124.436	123.263	124.253	168124	177831414000	0
2016.05.11	124.243	124.383	123.595	123.866	157986	181389260000	0
2016.05.12	123.859	124.648	123.682	124.003	177018	205373056000	0
2016.05.13	123.953	124.122	122.719	122.721	183383	206522212000	0
2016.05.16	122.849	123.505	122.610	123.407	148476	165904495000	0
2016.05.17	123.410	124.169	123.235	123.453	180808	199352091000	0
2016.05.18	123.492	123.908	122.954	123.583	203006	208711702000	0
2016.05.19	123.573	123.774	122.925	123.167	184462	181966216000	0
2016.05.20	123.179	124.038	123.050	123.512	148115	149095194000	0
2016.05.23	123.360	123.639	122.382	122.542	149333	143995194000	0
2016.05.24	122.539	122.726	122.342	122.524	162258	178657408000	9
2016.05.25	122.514	123.111	122.451	122.917	151334	151075176000	0
2016.05.26	122.860	123.065	122.256	122.856	159857	165287285000	0
2016.05.27	122.851	123.078	122.213	122.497	147083	141410821000	0
2016.05.30	122.692	123.896	122.637	123.746	114606	110340949000	0
2016.05.31	123.753	124.185	122.968	123.239	194874	227247363000	0
2016.06.01	123.231	123.309	121.894	122.532	204116	219918466000	0
2016.06.02	122.530	122.607	121.054	121.396	198765	233876037000	0
2016.06.03	121.360	121.670	120.824	121.070	218683	251707933000	0
2016.06.06	120.974	122.328	120.820	122.103	206283	235901152000	9
2016.06.07	122.087	122.694	121.652	121.893	184451	207300635000	0
2016.06.08	121.884	122.015	121.327	121.896	183179	220132353000	0
2016.06.09	121.892	122.032	120.319	121.197	194244	223907576000	0
2016.06.10	121.200	121.200	119.903	120.279	194359	209043325000	0
2016.06.13	120.133	120.316	118.995	119.924	229936	284874948000	0
2016.06.14	119.919	120.113	118.510	118.860	231026	268631223000	0
2016.06.15	118.910	119.482	118.713	119.358	216923	248308858000	0
2016.06.16	119.345	119.434	115.495	117.001	266882	320143953000	0
2016.06.17	117.047	118.090	116.892	117.329	218547	255031523000	0
2016.06.20	117.362	119.134	117.344	117.564	204233	247246039000	0
2016.06.21	117.607	118.681	117.306	117.776	193179	227434053000	0
2016.06.22	117.770	118.603	117.422	117.899	178596	202576102000	0
2016.06.23	117.896	120.928	117.843	120.763	173503	234051455000	0
2016.06.24	120.633	121.965	109.426	113.397	273209	365550523000	0
2016.06.27	111.755	113.241	111.366	112.427	266462	238082100000	9
2016.06.28	112.372	113.851	111.917	113.677	217509	260282879000	0
2016.06.29	113.651	114.493	112.940	114.382	204234	227604466000	9
2016.06.30	114.368	114.794	113.334	114.581	230563	279008404000	0
2016.07.01	114.549	114.747	113.671	114.176	186131	215103451000	0
2016.07.04	114.167	114.507	113.955	114.349	136510	148532210000	9
2016.07.05	114.334	114.359	112.386	112.672	182391	199644889000	0
2016.07.06	112.672	112.673	110.817	112.423	222506	234984694000	0
2016.07.07	112.369	112.517	111.212	111.439	185790	193855506000	0
2016.07.08	111.433	111.856	110.862	110.913	174648	195111342000	0
2016.07.11	111.142	113.774	111.015	113.647	164676	172777884000	0
2016.07.12	113.639	116.420	113.278	115.758	224022	253665297000	0
2016.07.13	115.767	116.221	114.916	115.869	220241	252245646000	0
2016.07.14	115.814	118.028	115.363	117.122	233258	280946781000	0
2016.07.15	117.128	118.401	115.407	115.564	211209	269820434000	0
2016.07.18	116.414	117.687	116.310	117.559	165057	194024617000	0
2016.07.19	117.533	117.762	116.566	116.931	177690	201081899000	9
2016.07.20	116.858	117.922	116.528	117.708	172528	195954118000	0
2016.07.21	117.708	118.461	116.143	116.645	213131	253503618000	0
2016.07.22	116.652	117.270	116.214	116.366	177213	183760443000	9
2016.07.25	116.441	116.959	116.216	116.321	151428	148056981000	0
2016.07.26	116.298	116.410	114.450	114.935	167316	165652000000	0
2016.07.27	114.880	117.136	114.880	116.541	187464	198579738000	0
2016.07.28	116.531	116.839	115.814	116.574	168111	173110625000	0
2016.07.29	116.509	116.868	113.876	114.031	217158	230780183000	0
2016.08.01	114.208	114.730	113.900	114.302	148172	131051872000	9
2016.08.02	114.284	114.805	113.002	113.204	164920	151253546000	0
2016.08.03	113.138	113.635	112.657	112.859	147340	132656451000	0
2016.08.04	112.841	113.267	112.475	112.610	145659	129974163000	0
2016.08.05	112.614	112.973	112.307	112.873	127630	104335974000	9
2016.08.08	112.940	113.750	112.892	113.588	114536	96366733000	0
2016.08.09	113.561	113.619	113.028	113.199	112626	102680947000	0
2016.08.10	113.142	113.462	112.782	113.167	132709	112654451000	0
2016.08.11	113.159	113.690	112.699	113.518	117282	114948176000	0
2016.08.12	113.515	114.025	112.728	113.076	126378	114820920000	0
2016.08.15	112.929	113.290	112.673	113.227	111862	95586674000	0
2016.08.16	113.215	113.272	112.356	113.115	159854	154921170000	0
2016.08.17	113.072	113.928	112.822	113.156	154118	152086008000	9
2016.08.18	113.156	113.700	112.640	113.392	160354	153012076000	0
2016.08.19	113.392	113.874	113.224	113.472	141880	123993283000	0
2016.08.22	113.916	113.959	113.400	113.556	148581	132601760000	0
2016.08.23	113.546	113.722	113.218	113.319	134557	103113064000	9
2016.08.24	113.317	113.579	112.784	113.131	132292	112350680000	0
2016.08.25	113.130	113.575	112.928	113.415	114990	98103271000	9
2016.08.26	113.413	114.129	113.146	113.854	154714	137778635000	9
2016.08.29	114.140	114.686	113.929	114.027	133117	114061880000	0
2016.08.30	113.997	114.932	113.848	114.720	137233	120608390000	0
2016.08.31	114.677	115.429	114.594	115.378	142312	116353470000	0
2016.09.01	115.355	115.821	115.019	115.579	150070	122739371000	0
2016.09.02	115.576	116.361	115.488	115.711	156607	132133203000	0
2016.09.05	116.072	116.149	115.120	115.257	115917	100672172000	9
2016.09.06	115.210	115.673	114.699	114.827	154397	131444584000	0
2016.09.07	114.724	114.884	113.804	114.325	152830	134210030000	0
2016.09.08	114.314	115.441	114.130	115.421	161606	144673992000	0
2016.09.09	115.389	115.941	115.011	115.106	163523	146762744000	0
2016.09.12	115.194	115.471	114.242	114.404	173741	159776607000	9
2016.09.13	114.418	115.309	113.926	115.054	166989	154175009000	0
2016.09.14	115.025	116.078	114.909	115.227	157053	148911790000	0
2016.09.15	115.131	115.424	114.638	114.769	162475	150958981000	0
2016.09.16	114.733	114.831	113.949	114.062	145500	144153230000	0
2016.09.19	113.898	114.280	113.469	113.885	122256	108264834000	9
2016.09.20	113.881	114.018	113.411	113.418	134619	131632862000	9
2016.09.21	113.378	114.390	112.076	112.253	204012	188428645000	0
2016.09.22	112.236	113.490	112.078	112.904	145638	119380838000	0
2016.09.23	112.892	113.615	112.874	113.065	152700	132208644000	0
2016.09.26	113.338	113.509	112.809	112.914	136098	151061547000	0
2016.09.27	112.914	113.567	112.241	112.600	179658	164474515000	9
2016.09.28	112.614	113.098	112.454	112.928	168714	151960916000	0
2016.09.29	112.903	114.185	112.879	113.329	187334	155070078000	9
2016.09.30	113.322	114.117	112.592	113.892	197227	172073864000	0
2016.10.03	113.619	114.133	113.585	113.940	136437	113962676000	0
2016.10.04	113.923	115.373	113.764	115.303	188748	163179942000	0
2016.10.05	115.245	116.250	115.107	115.946	165502	141848760000	9
2016.10.06	115.946	116.277	115.713	115.909	159906	137446442000	9
2016.10.07	115.893	115.964	115.044	115.093	207545	181514411000	9
2016.10.10	115.379	115.730	115.066	115.412	123681	115658254000	0
2016.10.11	115.372	115.786	114.007	114.427	182918	152108252000	0
2016.10.12	114.382	115.163	114.033	114.660	177246	149002622000	0
2016.10.13	114.670	115.141	114.039	114.617	157887	119603809000	0
2016.10.14	114.620	115.044	114.207	114.220	168505	127800894000	9
2016.10.17	114.409	114.572	114.014	114.262	152818	121966348000	9
2016.10.18	114.233	114.679	113.989	114.037	146568	107040543000	0
2016.10.19	114.023	114.154	113.112	113.512	141866	113814055000	0
2016.10.20	113.489	114.512	113.363	113.600	160257	130999808000	0
2016.10.21	113.588	113.850	112.605	112.723	152588	115996088000	0
2016.10.24	112.970	113.581	112.830	113.363	137964	104901972000	0
2016.10.25	113.328	113.903	113.220	113.469	162296	121710256000	0
2016.10.26	113.457	114.195	113.261	113.948	145560	84892460000	0
2016.10.27	113.943	114.860	113.697	114.697	169457	125832119000	9
2016.10.28	114.715	115.321	114.581	114.808	191011	131271420000	9
2016.10.31	114.868	115.261	114.784	114.997	155497	116927518000	0
2016.11.01	114.998	115.673	114.791	115.080	186526	136305476000	9
2016.11.02	115.080	115.123	114.349	114.646	207267	136595465000	9
2016.11.03	114.652	114.764	114.005	114.339	200392	160535338000	0
2016.11.04	114.339	114.854	114.132	114.775	193147	179569192000	0
2016.11.07	114.959	115.884	114.784	115.329	175909	150691849000	9
2016.11.08	115.314	116.005	115.108	115.937	179246	152640577000	9
2016.11.09	115.894	115.976	113.710	115.262	405176	380046002000	0
2016.11.10	115.254	116.573	114.954	116.324	300243	261917226000	9
2016.11.11	116.333	116.483	115.299	115.485	256544	229103472000	9
2016.11.14	115.704	116.507	115.547	116.399	251590	197186962000	0
2016.11.15	116.401	117.212	116.077	117.061	226058	178624968000	9
2016.11.16	117.057	117.480	116.514	116.591	216397	187843785000	9
2016.11.17	116.591	117.218	116.248	116.962	244382	220936831000	9
2016.11.18	116.961	117.509	116.739	117.177	258714	200573449000	9
2016.11.21	118.437	118.437	117.292	117.739	265679	203551296000	0
2016.11.22	117.696	118.148	117.383	118.073	250423	225187607000	0
2016.11.23	118.064	118.986	117.707	118.696	219726	177950611000	0
2016.11.24	118.664	119.763	118.494	119.550	204973	171528404000	0
2016.11.25	119.490	120.161	119.298	119.727	248772	185224953000	9
2016.11.28	119.674	119.753	118.699	118.781	244428	188848960000	9
2016.11.29	118.786	119.969	118.547	119.681	230070	177400075000	0
2016.11.30	119.661	121.304	119.448	121.163	257689	192279512000	9
2016.12.01	121.149	121.794	120.838	121.594	243393	176919502000	9
2016.12.02	121.592	121.885	120.834	120.834	218558	159058766000	9
2016.12.05	120.217	123.189	118.687	122.545	249535	152172862000	0
2016.12.06	122.499	122.934	121.929	122.175	170737	112417608000	0
2016.12.07	122.138	122.587	122.017	122.299	155718	92033740000	9
2016.12.08	122.309	123.342	120.907	121.022	207973	135004597000	0
2016.12.09	120.956	121.761	120.944	121.505	195756	145339089000	0
2016.12.12	121.529	122.925	121.529	122.309	219286	156595634000	0
2016.12.13	122.294	122.792	122.068	122.367	225852	174191895000	9
2016.12.14	122.368	123.408	122.127	123.282	239434	193502437000	0
2016.12.15	123.225	124.091	122.560	123.039	322991	285209621000	0
2016.12.16	123.056	123.629	122.828	123.382	269076	231686643000	0
2016.12.19	123.041	123.221	121.675	121.782	255184	244529990000	0
2016.12.20	121.750	122.792	121.711	122.401	244160	240862265000	9
2016.12.21	122.388	122.871	122.064	122.530	226696	210790422000	0
2016.12.22	122.494	123.193	122.449	122.630	211591	207763810000	9
2016.12.23	122.594	122.762	122.372	122.408	160938	165009541000	9
2016.12.26	122.449	122.663	120.699	122.360	41949	31317279000	14
2016.12.27	122.333	122.995	122.324	122.780	164066	156688005000	0
2016.12.28	122.721	123.240	121.830	122.055	192446	175118147000	9
2016.12.29	122.113	122.373	121.591	122.253	246163	246674629000	9
2016.12.30	122.189	123.851	122.147	122.683	276341	246497048000	0
2017.01.02	122.769	123.504	122.458	122.831	131726	123168365000	9
2017.01.03	122.784	123.325	122.263	122.503	252526	233647598000	9
2017.01.04	122.481	123.126	122.377	122.941	250837	213502994000	0
2017.01.05	122.936	123.114	122.009	122.337	325159	296857710000	0
2017.01.06	122.272	123.443	122.115	122.997	278739	249905940000	0
2017.01.09	122.974	123.721	122.407	122.652	233303	211675200000	9
2017.01.10	122.642	122.936	122.102	122.171	272742	251469140000	9
2017.01.11	122.138	122.613	121.237	122.117	300604	262109048000	9
2017.01.12	122.091	122.220	121.188	121.722	323635	289764505000	0
2017.01.13	121.705	122.413	121.586	121.800	252212	210951118000	9
2017.01.16	121.153	121.664	120.755	121.005	217852	195837193000	0
2017.01.17	121.000	121.396	120.537	120.630	290459	238071577000	0
2017.01.18	120.617	121.987	120.568	121.844	260074	219008322000	0
2017.01.19	121.849	122.748	121.717	122.443	292661	258720391000	9
2017.01.20	122.443	122.942	122.272	122.434	296556	257690138000	9
2017.01.23	122.274	122.472	121.129	121.293	286760	257933941000	0
2017.01.24	121.260	122.214	121.190	122.112	266249	229365548000	0
2017.01.25	122.024	122.262	121.617	121.714	264199	237675126000	0
2017.01.26	121.671	122.661	121.661	122.326	259516	228883906000	0
2017.01.27	122.306	123.307	122.216	123.071	236257	213965329000	0
2017.01.30	123.006	123.128	121.435	121.645	245829	228266704000	0
2017.01.31	121.626	122.251	121.011	121.760	280972	239866278000	9
2017.02.01	121.744	122.513	121.585	121.928	259455	223450280000	9
2017.02.02	121.902	122.040	121.206	121.333	266577	233113645000	0
2017.02.03	121.320	121.759	121.077	121.205	242865	207779426000	0
2017.02.06	121.286	121.491	119.950	120.102	232027	210093356000	0
2017.02.07	120.069	120.220	119.533	120.047	232057	206299148000	0
2017.02.08	119.978	120.097	119.322	119.733	226604	182765620000	9
2017.02.09	119.756	120.784	119.518	120.651	210045	170002180000	0
2017.02.10	120.606	121.330	120.225	120.227	220878	177552971000	0
2017.02.13	120.646	121.169	120.384	120.528	198675	174105800000	0
2017.02.14	120.494	120.993	120.211	120.832	213187	173262681000	0
2017.02.15	120.775	121.276	120.702	120.999	213130	167692319000	0
2017.02.16	120.954	121.164	120.680	120.842	214023	162697463000	9
2017.02.17	120.841	121.093	119.481	119.558	196952	150064958000	0
2017.02.20	119.720	120.300	119.720	119.988	151876	124117620000	0
2017.02.21	119.988	120.311	119.556	119.759	193128	148630045000	0
2017.02.22	119.739	119.869	118.592	119.636	217725	172816291000	9
2017.02.23	119.592	119.724	119.037	119.144	198512	157669592000	0
2017.02.24	119.115	119.501	118.172	118.172	203192	158500264000	0
2017.02.27	118.445	119.460	118.246	119.285	200141	160235355000	0
2017.02.28	119.322	119.392	118.663	119.251	213700	175563643000	0
2017.03.01	119.251	120.218	119.207	119.939	254986	201450631000	0
2017.03.02	119.901	120.491	119.873	120.204	211501	169255862000	9
2017.03.03	120.198	121.175	120.011	120.880	222330	181221895000	0
2017.03.06	120.818	121.139	120.346	120.511	190278	151292207000	0
2017.03.07	120.503	120.716	120.385	120.418	179777	144507830000	0
2017.03.08	120.402	121.119	120.015	120.503	203064	166286083000	0
2017.03.09	120.503	121.875	120.272	121.559	233853	183453849000	9
2017.03.10	121.561	122.828	121.495	122.424	230835	176661048000	9
2017.03.13	122.637	122.884	122.135	122.353	198300	150144163000	9
2017.03.14	122.350	122.628	121.647	121.706	195922	152344936000	0
2017.03.15	121.706	122.055	121.196	121.817	207041	154520266000	9
2017.03.16	121.818	122.066	121.123	122.042	239720	196503471000	9
2017.03.17	122.042	122.249	120.814	121.009	191994	147461445000	9
2017.03.20	120.957	121.428	120.710	120.785	162938	132272894000	9
2017.03.21	120.783	121.832	120.616	120.793	233420	184535887000	9
2017.03.22	120.791	120.846	119.679	120.076	245114	198942166000	9
2017.03.23	120.074	120.309	119.319	119.659	229907	184748104000	0
2017.03.24	119.658	120.241	119.520	119.970	214732	178338544000	9
2017.03.27	120.126	120.315	119.541	120.221	222126	174905263000	0
2017.03.28	120.219	120.385	119.693	120.163	197359	158135051000	9
2017.03.29	120.140	120.441	119.011	119.517	198825	163684646000	0
2017.03.30	119.494	119.845	119.080	119.465	202484	162542881000	0
2017.03.31	119.466	119.817	118.341	118.417	204261	166545436000	0
2017.04.03	118.734	119.045	118.125	118.323	181254	147495671000	0
2017.04.04	118.306	118.364	117.425	118.169	193215	155632735000	0
2017.04.05	118.128	118.789	118.014	118.033	198229	156281906000	9
2017.04.06	118.021	118.421	117.357	117.927	204196	162198791000	9
2017.04.07	117.872	118.160	117.313	117.400	232732	190305223000	0
2017.04.10	117.560	118.060	117.452	117.541	162327	128870560000	0
2017.04.11	117.541	117.543	116.211	116.222	183866	154273209000	0
2017.04.12	116.221	116.542	115.927	116.240	213245	190442616000	0
2017.04.13	116.241	116.453	115.714	115.768	205786	173787174000	0
2017.04.14	115.793	116.012	114.921	115.695	111852	84245136000	0
2017.04.17	115.430	116.028	114.847	115.883	144221	116239371000	0
2017.04.18	115.881	116.488	115.739	116.318	203249	164434791000	9
2017.04.19	116.321	116.973	116.267	116.581	185511	144407354000	9
2017.04.20	116.581	117.815	116.523	117.147	182840	147940120000	9
2017.04.21	117.146	117.303	116.464	116.652	170614	134629277000	0
2017.04.24	120.497	120.535	118.916	119.265	223086	172616500000	9
2017.04.25	119.265	121.641	119.058	121.362	187678	166056487000	9
2017.04.26	121.330	121.975	120.911	121.087	220050	198557289000	9
2017.04.27	121.080	121.888	120.602	120.946	200671	181433847000	0
2017.04.28	120.963	121.996	120.686	121.404	183557	154441751000	0
2017.05.01	121.411	122.084	121.293	121.918	136769	129300618000	9
2017.05.02	121.863	122.598	121.802	122.463	169924	147224479000	0
2017.05.03	122.391	122.860	122.313	122.742	163212	143867868000	9
2017.05.04	122.729	123.641	122.579	123.524	191985	171393014000	0
2017.05.05	123.526	124.047	122.924	123.674	179954	143199815000	9
2017.05.08	124.452	124.459	122.980	123.716	189105	149806574000	0
2017.05.09	123.713	124.532	123.648	123.930	180791	157085935000	0
2017.05.10	123.932	124.321	123.488	124.181	178621	157031312000	0
2017.05.11	124.181	124.421	123.316	123.653	169827	152248177000	0
2017.05.12	123.653	123.950	123.304	123.790	164662	135832013000	0
2017.05.15	123.686	124.894	123.675	124.864	160304	132977821000	0
2017.05.16	124.871	125.812	124.586	125.350	175540	150252112000	0
2017.05.17	125.348	125.401	123.633	123.648	233824	210997436000	0
2017.05.18	123.655	124.109	122.553	123.764	281734	254249150000	0
2017.05.19	123.757	124.938	123.380	124.585	210179	189305233000	0
2017.05.22	124.266	125.293	124.115	125.071	175660	152977395000	0
2017.05.23	125.071	125.386	124.558	124.983	195746	157689404000	0
2017.05.24	124.981	125.403	124.902	125.075	186187	154109142000	0
2017.05.25	125.073	125.804	125.038	125.384	157858	132289657000	0
2017.05.26	125.384	125.419	124.164	124.328	164872	139915817000	0
2017.05.29	124.195	124.639	124.183	124.189	103668	90428254000	0
2017.05.30	124.185	124.392	123.152	123.966	168296	144475538000	0
2017.05.31	123.960	124.548	123.724	124.548	182774	156548127000	0
2017.06.01	124.545	125.087	124.464	124.848	179786	162875459000	0
2017.06.02	124.851	125.306	124.419	124.419	175533	146829732000	0
2017.06.05	124.426	124.707	124.190	124.325	130996	0	9
2017.06.06	124.330	124.389	122.923	123.380	192446	0	9
2017.06.07	123.380	123.730	122.627	123.610	182238	0	9
2017.06.08	123.610	124.031	123.159	123.377	186671	0	9
2017.06.09	123.283	123.857	122.808	123.413	219036	0	9
2017.06.12	123.578	123.731	122.787	123.178	162047	0	9
2017.06.13	123.122	123.745	123.013	123.378	145351	0	9
2017.06.14	123.378	123.637	122.762	122.906	202126	0	9
2017.06.15	122.916	123.712	122.396	123.647	227828	0	9
2017.06.16	123.647	124.456	123.542	124.046	189242	0	9
2017.06.19	124.250	124.497	124.052	124.322	165068	0	9
2017.06.20	124.322	124.643	123.919	124.081	191600	0	9
2017.06.21	124.066	124.455	123.654	124.380	199268	0	9
2017.06.22	124.380	124.437	123.838	124.126	185495	0	9
2017.06.23	124.112	124.702	124.016	124.448	157201	0	9
2017.06.26	124.429	125.148	124.380	125.071	158150	0	9
2017.06.27	125.047	127.477	124.737	127.388	195947	0	9
2017.06.28	127.356	127.858	126.483	127.781	222849	0	9
2017.06.29	127.762	128.825	127.712	128.317	221768	0	9
2017.06.30	128.317	128.599	127.438	128.348	213190	0	9
2017.07.03	127.989	128.946	127.989	128.915	177119	0	9
2017.07.04	128.915	128.965	128.033	128.512	189591	0	9
2017.07.05	128.423	129.081	128.149	128.522	195405	0	9
2017.07.06	128.535	129.411	127.992	129.281	196479	0	9
2017.07.07	129.253	130.121	129.169	129.753	206714	0	9
2017.07.10	129.818	130.393	129.747	129.984	179526	0	9
2017.07.11	129.945	130.762	129.937	130.626	191729	0	9
2017.07.12	130.621	130.677	129.041	129.111	221698	0	9
2017.07.13	129.087	129.654	128.490	129.110	217355	0	9
2017.07.14	129.052	129.515	128.587	129.012	206957	0	9
2017.07.17	129.006	129.465	128.735	129.263	180872	0	9
2017.07.18	129.220	129.742	129.056	129.442	219414	0	9
2017.07.19	129.442	129.533	128.574	128.828	194238	0	9
2017.07.20	128.855	130.260	128.776	130.115	250525	0	9
2017.07.21	130.098	130.501	129.496	129.588	227424	0	9
2017.07.24	129.567	129.758	128.867	129.348	194226	0	9
2017.07.25	129.348	130.582	129.249	130.374	215718	0	9
2017.07.26	130.289	130.603	129.932	130.392	217724	0	9
2017.07.27	130.392	130.582	129.543	129.955	256956	0	9
2017.07.28	129.955	130.402	129.552	130.035	247188	0	9
2017.07.31	129.935	130.573	129.544	130.540	220068	0	9
2017.08.01	130.540	130.596	129.833	130.256	233462	0	9
2017.08.02	130.171	131.398	130.138	131.330	236304	0	9
2017.08.03	131.189	131.330	130.453	130.555	214231	0	9
2017.08.04	130.594	131.111	130.092	130.262	227200	0	9
2017.08.07	130.343	130.866	130.292	130.618	202795	0	9
2017.08.08	130.606	130.821	129.599	129.658	210512	0	9
2017.08.09	129.673	129.714	128.433	129.398	229643	0	9
2017.08.10	129.398	129.550	128.224	128.599	233534	0	9
2017.08.11	128.515	129.155	128.045	129.070	234013	0	9
2017.08.14	129.002	129.647	128.915	129.234	202891	0	9
2017.08.15	129.234	130.030	129.067	129.883	244741	0	9
2017.08.16	129.874	130.392	129.513	129.665	223401	0	9
2017.08.17	129.665	129.701	128.365	128.458	254259	0	9
2017.08.18	128.458	128.785	127.555	128.407	247565	0	9
2017.08.21	128.521	128.781	127.829	128.756	194480	0	9
2017.08.22	128.722	129.178	128.324	128.861	176856	0	9
2017.08.23	128.861	129.120	128.481	128.750	194251	0	9
2017.08.24	128.750	129.358	128.536	129.298	209236	0	9
2017.08.25	129.269	130.426	129.107	130.117	221896	0	9
2017.08.28	130.384	130.969	129.978	130.864	180423	0	9
2017.08.29	130.833	131.618	129.651	131.325	244907	0	9
2017.08.30	131.325	131.701	131.088	131.091	193853	0	9
2017.08.31	131.091	131.580	130.700	130.894	221411	0	9
2017.09.01	130.926	131.340	130.656	130.790	200620	0	9
2017.09.04	130.185	130.704	130.101	130.444	162261	0	9
2017.09.05	130.444	130.635	129.378	129.612	218946	0	9
2017.09.06	129.612	130.395	129.361	130.241	208801	0	9
2017.09.07	130.241	131.092	129.907	130.491	222749	0	9
2017.09.08	130.491	130.662	129.462	129.541	237996	0	9
2017.09.11	129.996	130.903	129.981	130.856	194634	0	9
2017.09.12	130.722	131.898	130.663	131.825	196206	1975996000	0
2017.09.13	131.825	132.011	131.250	131.305	188188	0	0
2017.09.14	131.305	131.756	131.103	131.391	204333	0	0
2017.09.15	131.375	133.092	130.609	132.405	234639	0	0
2017.09.18	132.410	133.429	132.406	133.353	192813	0	0
2017.09.19	133.319	134.173	133.232	133.834	225939	0	0
2017.09.20	133.834	134.093	133.251	133.451	210772	0	0
2017.09.21	133.422	134.378	133.402	134.273	212618	0	0
2017.09.22	134.273	134.405	133.500	133.777	196296	0	0
2017.09.25	133.522	134.237	131.917	132.357	216966	0	0
2017.09.26	132.357	132.596	131.747	132.340	218814	0	0
2017.09.27	132.340	132.745	132.088	132.505	227658	0	0
2017.09.28	132.505	132.884	132.289	132.400	203088	0	0
2017.09.29	132.400	133.113	132.298	132.832	154276	0	0
2017.10.02	132.699	133.073	132.190	132.286	153585	0	0
2017.10.03	132.286	132.885	132.186	132.515	147809	0	0
2017.10.04	132.515	132.835	132.243	132.580	145114	0	0
2017.10.05	132.580	132.773	131.841	132.098	141711	0	0
2017.10.06	132.098	132.768	131.973	132.164	167390	0	0
2017.10.09	132.035	132.495	131.863	132.301	115908	0	0
2017.10.10	132.301	132.868	132.229	132.764	165629	0	0
2017.10.11	132.765	133.494	132.454	133.375	151150	0	0
2017.10.12	133.376	133.490	132.794	132.819	149994	0	0
2017.10.13	132.818	132.936	132.141	132.180	150885	0	0
2017.10.16	132.042	132.387	131.660	132.331	127622	0	0
2017.10.17	132.327	132.371	131.843	132.008	140616	0	0
2017.10.18	132.008	133.280	131.952	133.111	146651	0	0
2017.10.19	133.111	133.624	132.474	133.355	180077	0	0
2017.10.20	133.355	133.961	133.286	133.695	165227	0	0
2017.10.23	133.975	134.124	133.100	133.270	146653	0	0
2017.10.24	133.270	134.190	133.180	133.942	153454	0	0
2017.10.25	133.942	134.499	133.754	134.352	186462	0	0
2017.10.26	134.352	134.491	132.655	132.785	191365	0	0
2017.10.27	132.785	132.950	131.751	131.938	175896	0	0
2017.10.30	131.986	132.285	131.453	131.858	146642	0	0
2017.10.31	131.845	132.566	131.509	132.334	139100	0	0
2017.11.01	132.325	132.837	132.325	132.662	156769	0	0
2017.11.02	132.664	133.148	132.562	132.974	168649	0	0
2017.11.03	132.974	132.996	132.380	132.385	130786	0	0
2017.11.06	132.369	133.117	131.993	131.997	147612	0	0
2017.11.07	131.999	132.413	131.836	132.083	158147	0	0
2017.11.08	132.083	132.168	131.396	132.020	145678	0	0
2017.11.09	132.020	132.262	131.517	132.085	183168	0	0
2017.11.10	132.085	132.551	131.952	132.402	147640	0	0
2017.11.13	132.249	132.625	131.930	132.555	134211	0	0
2017.11.14	132.555	133.859	132.481	133.845	152109	0	0
2017.11.15	133.836	133.880	132.967	133.080	190979	0	0
2017.11.16	133.077	133.453	132.755	133.058	159062	0	0
2017.11.17	133.058	133.158	132.050	132.142	177648	0	0
2017.11.20	132.120	132.466	131.167	132.139	179629	0	0
2017.11.21	132.126	132.271	131.574	131.970	132925	0	0
2017.11.22	131.973	132.099	131.431	131.486	142863	0	0
2017.11.23	131.486	131.881	131.228	131.768	119726	0	0
2017.11.24	131.768	133.235	131.702	133.037	116005	0	0
2017.11.27	132.971	133.221	132.078	132.166	153704	0	0
2017.11.28	132.166	132.570	131.720	131.952	163092	0	0
2017.11.29	131.952	132.795	131.870	132.587	164847	0	0
2017.11.30	132.587	134.144	132.520	133.951	170381	0	0
2017.12.01	133.951	134.382	132.909	133.386	204604	0	0
2017.12.04	133.721	134.051	133.266	133.362	216615	0	0
2017.12.05	133.362	133.745	133.009	133.122	176815	0	0
2017.12.06	133.122	133.211	132.261	132.437	188375	0	0
2017.12.07	132.436	133.285	132.192	133.123	169166	0	0
2017.12.08	133.114	133.610	133.047	133.592	164198	0	0
2017.12.11	133.576	133.885	133.529	133.630	153805	0	0
2017.12.12	133.630	133.759	133.005	133.313	136978	0	0
2017.12.13	133.313	133.357	132.840	133.089	167389	0	0
2017.12.14	133.089	133.755	132.236	132.353	184478	0	0
2017.12.15	132.343	132.730	132.054	132.308	170477	0	0
2017.12.18	132.381	133.008	132.107	132.580	209431	0	3
2017.12.19	132.580	133.919	132.557	133.637	198274	0	3
2017.12.20	133.637	134.775	133.591	134.609	205492	0	3
2017.12.21	134.609	134.879	134.443	134.584	195507	0	3
2017.12.22	134.584	134.596	133.901	134.400	218570	0	3
2017.12.26	134.468	134.554	134.202	134.253	156291	0	3
2017.12.27	134.259	134.970	134.162	134.708	223127	0	3
2017.12.28	134.708	134.978	134.459	134.824	169101	0	3
2017.12.29	134.824	135.515	134.541	135.189	200894	0	3
2018.01.02	135.220	135.632	134.935	135.365	183730	0	3
2018.01.03	135.371	135.505	134.803	135.151	206156	0	3
2018.01.04	135.150	136.366	135.000	136.050	215473	0	3
2018.01.05	136.054	136.635	135.980	136.025	215048	0	3
2018.01.08	136.058	136.322	135.126	135.307	176055	0	1
2018.01.09	135.315	135.473	134.050	134.428	250389	0	1
2018.01.10	134.428	134.555	133.077	133.105	295955	0	1
2018.01.11	133.105	134.350	133.045	133.816	285344	0	1
2018.01.12	133.816	135.549	133.778	135.499	300251	0	1
2018.01.15	135.437	135.986	135.016	135.522	265800	0	1
2018.01.16	135.522	136.095	134.977	135.379	278558	0	1
2018.01.17	135.379	135.984	135.154	135.580	319210	0	1
2018.01.18	135.590	136.310	135.455	135.920	284647	0	1
2018.01.19	135.920	136.048	135.183	135.421	244481	0	1
2018.01.22	135.575	136.145	135.344	135.990	207174	0	1
2018.01.23	135.990	136.215	135.200	135.637	239909	0	1
2018.01.24	135.640	135.674	134.916	135.515	312972	0	1
2018.01.25	135.511	136.293	135.038	135.583	428801	0	1
2018.01.26	135.583	136.138	134.540	134.946	371520	0	1
2018.01.29	135.028	135.342	134.325	134.882	288535	0	1
2018.01.30	134.884	135.206	134.127	134.889	274873	0	1
2018.01.31	134.886	136.050	134.802	135.519	290390	0	1
2018.02.01	135.519	136.959	135.428	136.811	276390	0	1
2018.02.02	136.811	137.500	136.665	137.219	292165	0	1
2018.02.05	137.007	137.196	134.881	134.884	344618	0	1
2018.02.06	134.899	135.793	133.973	135.573	496380	0	1
2018.02.07	135.573	135.841	133.818	134.033	318187	0	1
2018.02.08	134.050	134.796	132.935	133.173	420258	0	1
2018.02.09	133.173	134.170	131.984	133.306	471786	0	1
2018.02.12	133.295	133.644	132.898	133.517	282029	0	1
2018.02.13	133.517	133.788	132.518	133.138	263815	0	1
2018.02.14	133.138	133.384	131.603	133.181	340184	0	1
2018.02.15	133.240	133.278	132.505	132.693	324931	0	1
2018.02.16	132.694	133.101	131.809	131.895	312030	0	1
2018.02.19	131.813	132.376	131.805	132.227	257260	0	1
2018.02.20	132.231	132.509	132.115	132.395	245696	0	1
2018.02.21	132.400	133.057	132.262	132.357	325707	0	1
2018.02.22	132.359	132.381	131.287	131.597	287378	0	1
2018.02.23	131.602	131.848	130.933	131.407	220589	0	1
2018.02.26	131.667	131.747	131.077	131.655	256817	0	1
2018.02.27	131.655	132.186	131.270	131.273	268036	0	1
2018.02.28	131.273	131.517	130.040	130.053	263956	0	1
2018.03.01	130.063	130.792	129.762	130.274	335921	0	1
2018.03.02	130.274	130.439	129.560	130.243	323904	0	1
2018.03.05	130.037	131.010	129.350	130.996	284134	0	1
2018.03.06	130.997	132.015	130.598	131.613	264710	0	1
2018.03.07	131.613	131.743	130.919	131.600	293026	0	1
2018.03.08	131.604	131.981	130.515	130.725	271038	0	1
2018.03.09	130.774	131.890	130.676	131.422	274586	0	1
2018.03.12	131.436	131.692	130.964	131.278	225974	0	0
2018.03.13	131.274	132.429	131.109	131.905	248166	0	1
2018.03.14	131.905	132.279	131.019	131.481	248504	0	1
2018.03.15	131.481	131.538	130.561	130.835	263099	0	1
2018.03.16	130.840	130.887	130.074	130.274	214778	0	1
2018.03.19	130.209	131.068	129.605	130.790	265353	0	1
2018.03.20	130.790	131.717	130.339	130.424	242957	0	1
2018.03.21	130.426	131.062	130.190	130.866	261099	0	1
2018.03.22	130.867	131.017	129.494	129.595	317879	0	1
2018.03.23	129.598	129.973	128.946	129.391	342549	0	1
2018.03.26	129.273	131.376	129.259	131.152	266116	0	1
2018.03.27	131.206	131.814	130.580	130.627	326583	0	1
2018.03.28	130.627	131.712	130.573	131.468	460971	0	1
2018.03.29	131.456	131.602	130.610	130.889	288093	0	1
2018.03.30	130.912	131.083	130.616	130.925	176444	0	1
2018.04.02	130.800	131.294	129.977	130.264	236389	0	1
2018.04.03	130.256	130.920	129.983	130.805	263885	0	1
2018.04.04	130.795	131.192	130.229	131.099	172465	0	1
2018.04.05	131.085	131.497	131.051	131.434	137698	0	1
2018.04.06	131.432	131.617	131.085	131.330	183108	0	1
2018.04.09	131.302	131.993	131.106	131.513	135246	0	1
2018.04.10	131.503	132.618	131.422	132.449	148897	0	1
2018.04.11	132.449	132.607	132.026	132.066	124356	0	1
2018.04.12	132.048	132.335	131.803	132.268	135989	0	1
2018.04.13	132.248	132.898	132.170	132.365	114940	0	1
2018.04.16	132.462	132.970	132.111	132.598	100843	0	1
2018.04.17	132.584	132.768	132.105	132.362	100276	0	1
2018.04.18	132.361	132.906	132.303	132.677	99753	0	1
2018.04.19	132.666	133.089	132.350	132.534	117223	0	1
2018.04.20	132.532	132.974	132.039	132.288	112224	0	1
2018.04.23	132.202	132.785	132.106	132.703	107878	0	1
2018.04.24	132.694	133.484	132.611	133.105	112283	0	1
2018.04.25	133.099	133.336	132.913	133.072	117229	0	1
2018.04.26	133.055	133.251	132.287	132.297	117532	0	1
2018.04.27	132.267	132.393	131.884	132.272	118310	0	1
2018.04.30	132.231	132.541	131.858	132.032	94020	0	1
2018.05.01	132.037	132.133	131.572	131.776	92619	0	1
2018.05.02	131.776	132.112	131.253	131.304	130394	0	1
2018.05.03	131.303	131.670	130.266	130.907	142182	0	1
2018.05.04	130.907	130.945	129.895	130.494	111231	0	1
2018.05.07	130.418	130.590	129.950	130.059	87014	0	1
2018.05.08	130.059	130.118	129.231	129.467	116502	0	1
2018.05.09	129.467	130.485	129.353	130.048	118018	0	1
2018.05.10	130.048	130.763	129.943	130.412	147919	0	1
2018.05.11	130.404	130.684	129.996	130.616	96986	0	1
2018.05.14	130.547	131.375	130.417	130.765	80458	0	1
2018.05.15	130.765	131.136	130.439	130.614	113559	0	1
2018.05.16	130.554	130.675	129.531	130.337	122167	0	1
2018.05.17	130.333	130.847	130.228	130.616	119286	0	1
2018.05.18	130.616	131.123	130.238	130.354	106783	0	1
2018.05.21	130.496	131.004	130.372	130.931	93449	0	1
2018.05.22	130.898	131.346	130.596	130.622	110518	0	1
2018.05.23	130.611	130.663	128.231	128.733	181427	0	1
2018.05.24	128.686	128.875	127.718	128.027	167269	0	1
2018.05.25	128.026	128.524	127.150	127.424	163707	0	1
2018.05.28	128.207	128.535	126.855	127.175	141199	0	1
2018.05.29	127.132	127.278	124.618	125.485	249572	0	1
2018.05.30	125.413	127.317	124.979	127.009	208952	0	1
2018.05.31	126.985	127.719	126.324	127.208	190485	0	1
2018.06.01	127.187	128.134	127.124	127.702	169160	0	1
2018.06.04	127.543	128.686	127.543	128.445	143358	0	0
2018.06.05	128.420	128.697	127.791	128.654	130677	0	1
2018.06.06	128.627	129.826	128.560	129.715	124469	0	1
2018.06.07	129.720	130.274	129.300	129.416	137511	0	1
2018.06.08	129.401	129.728	128.108	128.893	134784	0	1
2018.06.11	128.690	130.057	128.676	129.649	110715	0	1
2018.06.12	129.623	130.275	129.499	129.629	131832	0	1
2018.06.13	129.629	130.342	129.611	130.090	120950	0	1
2018.06.14	130.070	130.353	127.897	127.932	161155	0	1
2018.06.15	127.956	128.497	127.697	128.463	138555	0	1
2018.06.18	128.267	128.495	127.810	128.490	93723	0	1
2018.06.19	128.490	128.510	126.640	127.526	171976	0	1
2018.06.20	127.522	127.935	127.085	127.686	142557	0	1
2018.06.21	127.668	128.028	126.984	127.580	173601	0	1
2018.06.22	127.556	128.597	127.474	128.205	175652	0	1
2018.06.25	128.135	128.830	127.282	128.435	148999	0	1
2018.06.26	128.434	128.463	127.796	128.130	173664	0	1
2018.06.27	128.129	128.343	127.256	127.365	189171	0	1
2018.06.28	127.360	127.920	127.139	127.812	184837	0	1
2018.06.29	127.813	129.466	127.656	129.333	207533	0	1
2018.07.02	129.202	129.497	128.415	129.066	181695	0	1
2018.07.03	129.053	129.561	128.726	128.858	180181	0	1
2018.07.04	128.866	128.962	128.497	128.742	191868	0	1
2018.07.05	128.737	129.627	128.571	129.286	194978	0	1
2018.07.06	129.289	129.966	129.166	129.716	153455	0	1
2018.07.09	129.534	130.264	129.534	130.233	133142	0	1
2018.07.10	130.211	130.738	130.094	130.345	134643	0	1
2018.07.11	130.355	130.959	129.908	130.711	201703	0	1
2018.07.12	130.692	131.475	130.661	131.342	165165	0	1
2018.07.13	131.272	131.531	130.802	131.312	139497	0	1
2018.07.16	131.164	131.695	131.056	131.483	131413	0	1
2018.07.17	131.446	131.982	131.438	131.610	157384	0	1
2018.07.18	131.597	131.772	130.876	131.347	163690	0	0
2018.07.19	131.316	131.427	130.722	130.895	220831	0	1
2018.07.20	130.897	131.207	130.543	130.638	213401	0	1
2018.07.23	130.602	130.736	129.853	130.178	126569	0	7
2018.07.24	130.178	130.371	129.732	129.919	121321	0	11
2018.07.25	129.921	130.263	129.401	130.142	130892	0	12
2018.07.26	130.146	130.257	129.435	129.504	122863	0	7
2018.07.27	129.482	129.509	129.118	129.449	99034	0	15
2018.07.30	129.295	130.064	129.245	129.949	82737	0	6
2018.07.31	129.946	131.139	129.676	130.782	125710	0	7
2018.08.01	130.763	131.096	130.020	130.257	109540	0	7
2018.08.02	130.248	130.287	129.239	129.329	106693	0	8
2018.08.03	129.329	129.525	128.627	128.696	99819	0	10
2018.08.06	128.661	128.875	128.497	128.701	68593	0	9
2018.08.07	128.699	129.223	128.584	129.171	78018	0	11
2018.08.08	129.150	129.451	128.549	128.839	88823	0	11
2018.08.09	128.855	129.002	128.029	128.035	99632	0	11
2018.08.10	128.028	128.103	126.000	126.580	170310	0	15
2018.08.13	125.592	126.771	125.136	126.293	165402	0	11
2018.08.14	126.257	126.982	125.799	126.077	126566	0	7
2018.08.15	126.058	126.362	124.893	125.623	138164	0	11
2018.08.16	125.626	126.480	125.274	126.152	149607	0	15
2018.08.17	126.145	126.599	125.570	126.395	120439	0	6
2018.08.20	126.483	126.486	126.066	126.369	100015	0	11
2018.08.21	126.362	128.047	126.253	127.590	129296	0	11
2018.08.22	127.534	128.266	127.340	128.188	118916	0	15
2018.08.23	128.177	128.758	127.909	128.415	119552	0	5
2018.08.24	128.414	129.410	128.353	129.282	122625	0	15
2018.08.27	129.298	129.827	128.785	129.705	103849	0	6
2018.08.28	129.684	130.265	129.630	130.017	114406	0	8
2018.08.29	130.019	130.842	129.573	130.730	127293	0	15
2018.08.30	130.744	130.858	129.408	129.503	128403	0	11
2018.08.31	129.444	129.839	128.549	128.926	138682	0	15
2018.09.03	128.765	129.142	128.564	129.010	102591	0	15
2018.09.04	128.987	129.190	128.310	128.968	120804	0	13
2018.09.05	128.962	129.973	128.590	129.689	132862	0	6
2018.09.06	129.699	129.831	128.487	128.707	134530	0	11
2018.09.07	128.695	129.096	128.010	128.286	136555	0	15
2018.09.10	128.220	129.062	127.854	128.791	94611	0	11
2018.09.11	128.792	129.820	128.749	129.532	93014	0	11
2018.09.12	129.515	129.801	128.927	129.336	105941	0	11
2018.09.13	129.377	130.933	129.250	130.837	107376	0	7
2018.09.14	130.830	131.105	130.170	130.223	108057	0	15
2018.09.17	130.171	131.035	130.090	130.667	85217	0	11
2018.09.18	130.662	131.491	130.290	131.057	128949	0	11
2018.09.19	131.061	131.673	130.773	131.049	104142	0	11
2018.09.20	131.040	132.512	130.904	132.474	125750	0	11
2018.09.21	132.473	133.125	132.148	132.247	108697	0	15
2018.09.24	132.034	133.062	131.896	132.511	90007	0	11
2018.09.25	132.511	133.103	132.360	132.917	100878	0	12
2018.09.26	132.914	133.109	132.222	132.342	110539	0	11
2018.09.27	132.341	132.669	131.567	131.959	127689	0	7
2018.09.28	131.975	132.298	131.173	131.889	113770	0	11
2018.10.01	132.085	132.454	131.728	131.846	93327	0	12
2018.10.02	131.862	131.989	130.704	131.222	102862	0	11
2018.10.03	131.180	131.968	130.960	131.447	124145	0	11
2018.10.04	131.421	131.568	130.736	131.147	136586	0	11
2018.10.05	131.122	131.406	130.593	130.974	137734	0	15
2018.10.08	131.084	131.242	129.502	130.103	104032	0	15
2018.10.09	130.100	130.222	129.331	129.782	158746	0	11
2018.10.10	129.775	130.494	129.288	129.315	144215	0	6
2018.10.11	129.332	130.208	129.200	130.021	232866	0	15
2018.10.12	129.907	130.491	129.349	129.685	156022	0	15
2018.10.15	129.385	129.791	129.116	129.404	148669	0	12
2018.10.16	129.404	130.290	129.398	129.911	128244	0	11
2018.10.17	129.908	130.149	129.164	129.535	141483	0	15
2018.10.18	129.533	129.723	128.312	128.474	169762	0	8
2018.10.19	128.458	129.675	128.405	129.574	158034	0	15
2018.10.22	129.629	130.193	129.194	129.324	140866	0	5
2018.10.23	129.329	129.373	128.202	128.966	175311	0	8
2018.10.24	128.965	129.210	127.759	127.862	196156	0	13
2018.10.25	127.829	128.432	127.487	127.848	184866	0	9
2018.10.26	127.837	127.878	126.624	127.551	218693	0	15
2018.10.29	127.534	128.227	127.241	127.769	182345	0	11
2018.10.30	127.768	128.432	127.725	128.276	166374	0	6
2018.10.31	128.276	128.536	127.649	127.760	141498	0	6
2018.11.01	127.760	128.757	127.608	128.438	140193	0	8
2018.11.02	128.438	129.318	128.360	128.864	156832	0	15
2018.11.05	128.815	129.317	128.591	129.106	120796	0	15
2018.11.06	129.108	129.630	128.844	129.590	113759	0	8
2018.11.07	129.590	130.139	129.382	129.661	182653	0	7
2018.11.08	129.709	130.119	129.381	129.604	136936	0	6
2018.11.09	129.610	129.629	128.731	128.862	139462	0	15
2018.11.12	128.793	129.180	127.643	127.692	162131	0	15
2018.11.13	127.687	128.746	127.489	128.470	174317	0	7
2018.11.14	128.488	129.221	128.120	128.464	188643	0	8
2018.11.15	128.499	129.044	127.759	128.699	203188	0	15
2018.11.16	128.693	128.887	128.117	128.751	160636	0	15
2018.11.19	128.690	129.057	128.456	128.890	142293	0	7
2018.11.20	128.901	129.028	128.000	128.207	152649	0	15
2018.11.21	128.207	129.069	128.112	128.714	128617	0	15
2018.11.22	128.729	129.094	128.619	128.765	110544	0	15
2018.11.23	128.799	128.912	127.811	127.941	106463	0	15
2018.11.26	128.023	128.909	127.920	128.649	135174	0	12
2018.11.27	128.648	128.838	128.346	128.429	142183	0	8
2018.11.28	128.451	129.251	128.241	129.199	131928	0	7
2018.11.29	129.205	129.289	128.666	129.273	127546	0	5
2018.11.30	129.272	129.285	128.379	128.394	119091	0	7
2018.12.03	129.043	129.142	128.534	129.020	123368	0	7
2018.12.04	129.013	129.019	127.609	127.915	166354	0	14
2018.12.05	127.907	128.484	127.782	128.404	94383	0	6
2018.12.06	128.404	128.427	127.664	128.187	207702	0	14
2018.12.07	128.186	128.664	127.918	128.413	168874	0	15
2018.12.10	128.199	128.929	128.163	128.687	190222	0	15
2018.12.11	128.662	128.976	128.168	128.293	160102	0	7
2018.12.12	128.329	128.858	128.237	128.774	166039	0	11
2018.12.13	128.765	129.246	128.697	129.063	140756	0	11
2018.12.14	129.033	129.110	127.977	128.171	132514	0	5
2018.12.17	128.099	128.584	127.855	128.023	150881	0	15
2018.12.18	128.022	128.105	127.634	127.820	150947	0	11
2018.12.19	127.863	128.369	127.534	127.947	170252	0	13
2018.12.20	127.949	128.380	127.208	127.382	229446	0	15
2018.12.21	127.384	127.676	126.366	126.382	198842	0	7
2018.12.24	126.397	126.734	125.781	125.915	204494	0	15
2018.12.26	126.029	126.439	125.792	126.410	84005	0	5
2018.12.27	126.411	127.084	125.981	126.900	320360	0	15
2018.12.28	126.909	127.007	126.116	126.195	255706	0	15
2018.12.31	126.117	126.429	125.393	125.607	150651	0	15
2019.01.02	125.265	125.565	123.513	123.531	151515	0	5
2019.01.03	123.538	123.807	118.586	122.640	254375	0	15
2019.01.04	122.638	123.848	122.573	123.644	197844	0	6
2019.01.07	123.628	124.791	123.396	124.735	138399	0	8
2019.01.08	124.743	124.852	124.113	124.394	139105	0	7
2019.01.09	124.392	125.090	124.350	124.825	171527	0	5
2019.01.10	124.828	125.064	124.356	124.691	179565	0	4
2019.01.11	124.696	124.989	124.227	124.419	146966	0	5
2019.01.14	124.311	124.422	123.760	124.029	114678	0	15
2019.01.15	124.041	124.845	123.390	124.024	160524	0	15
2019.01.16	124.038	124.407	123.516	124.274	135237	0	11
2019.01.17	124.266	124.670	123.730	124.406	139053	0	13
2019.01.18	124.403	124.964	124.220	124.736	128012	0	15
2019.01.21	124.577	124.819	124.502	124.626	91277	0	15
2019.01.22	124.627	124.702	124.036	124.238	125528	0	15
2019.01.23	124.223	124.931	124.198	124.729	135277	0	11
2019.01.24	124.733	124.891	123.780	123.936	165264	0	15
2019.01.25	123.959	125.309	123.778	124.930	159059	0	15
2019.01.28	124.882	125.029	124.591	124.918	127006	0	15
2019.01.29	124.919	125.229	124.677	125.054	140336	0	7
2019.01.30	125.022	125.458	124.876	125.159	147401	0	7
2019.01.31	125.159	125.288	124.486	124.614	149265	0	15
2019.02.01	124.598	125.727	124.355	125.391	129246	0	15
2019.02.04	125.402	125.939	125.349	125.665	116402	0	15
2019.02.05	125.671	125.865	125.272	125.403	108238	0	15
2019.02.06	125.395	125.447	124.807	124.942	107975	0	6
2019.02.07	124.943	125.061	124.340	124.510	123763	0	9
2019.02.08	124.515	124.687	124.165	124.273	100771	0	15
2019.02.11	124.225	124.870	124.225	124.449	98975	0	8
2019.02.12	124.444	125.263	124.369	125.111	113213	0	15
2019.02.13	125.135	125.531	124.987	124.988	111423	0	7
2019.02.14	124.991	125.446	124.734	124.782	133780	0	6
2019.02.15	124.788	124.857	124.223	124.680	124144	0	5
2019.02.18	124.697	125.264	124.689	125.070	98752	0	12
2019.02.19	125.071	125.532	124.761	125.441	121834	0	10
2019.02.20	125.423	125.928	125.342	125.663	123331	0	14
2019.02.21	125.663	125.862	125.316	125.474	140489	0	12
2019.02.22	125.451	125.768	125.358	125.379	113794	0	15
2019.02.25	125.402	126.295	125.348	126.123	129960	0	15
2019.02.26	126.119	126.219	125.709	125.931	120948	0	0
2019.02.27	125.927	126.340	125.529	126.184	121206	0	7
2019.02.28	126.183	126.898	125.881	126.642	131740	0	7
2019.03.01	126.643	127.491	126.594	127.172	116311	0	15
2019.03.04	127.232	127.374	126.436	126.700	122789	0	15
2019.03.05	126.709	126.928	126.353	126.511	103659	0	11
2019.03.06	126.501	126.527	126.166	126.354	91319	0	15
2019.03.07	126.365	126.421	124.662	124.880	104113	0	13
2019.03.08	124.895	125.020	124.267	124.861	114037	0	15
2019.03.11	124.870	125.197	124.474	125.097	91552	0	15
2019.03.12	125.098	125.820	125.062	125.676	104594	0	15
2019.03.13	125.676	126.087	125.447	126.072	90592	0	9
2019.03.14	126.072	126.557	125.927	126.210	107142	0	7
2019.03.15	126.211	126.564	126.113	126.205	86652	0	7
2019.03.18	126.218	126.685	126.139	126.325	76995	0	6
2019.03.19	126.324	126.608	126.085	126.450	73886	0	15
2019.03.20	126.449	126.782	126.236	126.379	100308	0	15
2019.03.21	126.377	126.596	125.677	126.064	108310	0	6
2019.03.22	126.065	126.172	123.814	124.205	131414	0	9
2019.03.25	124.246	124.811	123.870	124.407	118530	0	15
2019.03.26	124.407	125.003	124.403	124.660	105786	0	8
2019.03.27	124.659	124.730	124.042	124.264	126953	0	15
2019.03.28	124.264	124.420	123.645	124.192	119813	0	9
2019.03.29	124.196	124.631	124.136	124.275	109202	0	5
2019.04.01	124.653	124.945	124.429	124.844	97004	0	15
2019.04.02	124.848	124.885	124.469	124.716	86108	0	8
2019.04.03	124.714	125.441	124.601	125.221	84983	0	10
2019.04.04	125.227	125.385	124.960	125.279	81320	0	12
2019.04.05	125.274	125.502	125.206	125.276	77331	0	15
2019.04.08	125.222	125.610	124.977	125.528	73564	0	8
2019.04.09	125.526	125.611	125.124	125.160	81932	0	15
2019.04.10	125.182	125.444	124.771	125.137	90415	0	5
2019.04.11	125.151	125.708	124.998	125.647	81656	0	10
2019.04.12	125.647	126.759	125.606	126.532	83325	0	10
2019.04.15	126.527	126.785	126.485	126.632	65105	0	6
2019.04.16	126.636	126.675	126.191	126.331	85840	0	15
2019.04.17	126.354	126.802	126.273	126.545	80001	0	7
2019.04.18	126.586	126.597	125.644	125.720	93432	0	10
2019.04.19	125.718	125.875	125.665	125.745	57461	0	8
2019.04.22	125.748	126.061	125.727	126.003	48606	0	15
2019.04.23	126.000	126.050	125.272	125.576	72834	0	6
2019.04.24	125.576	125.597	124.797	125.115	97165	0	4
2019.04.25	125.115	125.225	124.203	124.330	99477	0	12
2019.04.26	124.339	124.709	124.083	124.400	99329	0	6
2019.04.29	124.294	125.090	124.294	124.936	55648	0	5
2019.04.30	124.922	125.084	124.466	125.007	85220	0	10
2019.05.01	125.020	125.225	124.725	124.734	78699	0	9
2019.05.02	124.740	125.116	124.546	124.582	85769	0	15
2019.05.03	124.583	124.648	124.272	124.457	92406	0	15
2019.05.06	123.562	124.289	123.353	124.041	104092	0	9
2019.05.07	124.040	124.246	123.100	123.365	109773	0	7
2019.05.08	123.378	123.510	123.101	123.208	117122	0	15
2019.05.09	123.208	123.258	122.478	123.084	125080	0	15
2019.05.10	123.053	123.608	122.987	123.528	138525	0	6
2019.05.13	123.289	123.452	122.541	122.650	123223	0	5
2019.05.14	122.688	123.393	122.570	122.792	101847	0	15
2019.05.15	122.787	123.083	122.072	122.739	108202	0	8
2019.05.16	122.750	122.957	122.532	122.735	94191	0	6
2019.05.17	122.719	122.989	122.266	122.765	121299	0	15
2019.05.20	122.867	123.184	122.528	122.887	98466	0	15
2019.05.21	122.878	123.739	122.666	123.310	98330	0	6
2019.05.22	123.310	123.501	122.974	123.035	81954	0	15
2019.05.23	123.041	123.072	122.139	122.538	119000	0	15
2019.05.24	122.548	122.817	122.409	122.450	93557	0	8
2019.05.27	122.567	122.797	122.461	122.560	59871	0	9
2019.05.28	122.561	122.695	121.994	122.048	103110	0	11
2019.05.29	122.045	122.204	121.572	121.976	112343	0	15
2019.05.30	121.974	122.251	121.894	121.992	92431	0	15
2019.05.31	121.994	122.090	120.911	120.918	139175	0	15
2019.06.03	120.908	121.643	120.776	121.465	126245	0	15
2019.06.04	121.464	121.779	121.295	121.672	126991	0	9
2019.06.05	121.679	122.257	121.483	121.694	128683	0	5
2019.06.06	121.680	122.389	121.231	122.214	111596	0	7
2019.06.07	122.203	122.708	122.091	122.607	115437	0	15
2019.06.10	122.799	122.915	122.617	122.656	89312	0	15
2019.06.11	122.653	123.170	122.615	122.903	94180	0	10
2019.06.12	122.894	122.996	122.410	122.465	100308	0	4
2019.06.13	122.458	122.554	122.128	122.207	90017	0	4
2019.06.14	122.183	122.257	121.584	121.685	93329	0	11
2019.06.17	121.587	122.118	121.558	121.757	70491	0	4
2019.06.18	121.749	121.863	121.055	121.376	114827	0	7
2019.06.19	121.382	121.647	121.162	121.355	100251	0	6
2019.06.20	121.351	121.914	121.079	121.154	136530	0	5
2019.06.21	121.140	122.117	120.942	122.032	127910	0	7
2019.06.24	121.992	122.389	121.963	122.287	88165	0	11
2019.06.25	122.289	122.458	121.644	121.801	127500	0	4
2019.06.26	121.819	122.622	121.762	122.534	107083	0	6
2019.06.27	122.520	122.887	122.394	122.545	96630	0	4
2019.06.28	122.524	122.777	122.274	122.680	90297	0	4
2019.07.01	122.663	123.350	122.348	122.368	105172	0	6
2019.07.02	122.363	122.528	121.716	121.726	89077	0	15
2019.07.03	121.732	121.821	121.306	121.590	82088	0	14
2019.07.04	121.591	121.711	121.529	121.656	41845	0	6
2019.07.05	121.655	121.924	121.266	121.756	79506	0	9
2019.07.08	121.612	121.971	121.508	121.919	31326	0	4
2019.07.09	121.919	122.130	121.847	121.999	57256	0	4
2019.07.10	121.998	122.317	121.950	122.023	86544	0	4
2019.07.11	122.021	122.143	121.622	122.098	74915	0	4
2019.07.12	122.098	122.229	121.513	121.583	65547	0	4
2019.07.15	121.541	121.851	121.417	121.478	88299	0	4
2019.07.16	121.472	121.679	121.096	121.329	83711	0	4
2019.07.17	121.328	121.483	121.154	121.156	60108	0	4
2019.07.18	121.154	121.224	120.779	120.982	84360	0	4
2019.07.19	120.968	121.280	120.808	120.869	89404	0	4
2019.07.22	120.826	121.164	120.800	120.901	75322	0	4
2019.07.23	120.897	121.088	120.492	120.669	62870	0	4
2019.07.24	120.663	120.707	120.206	120.509	57502	0	4
2019.07.25	120.496	121.373	120.049	121.081	73205	0	4
2019.07.26	121.074	121.194	120.794	120.920	55323	0	4
2019.07.29	120.822	121.304	120.733	121.233	42208	0	4
2019.07.30	121.233	121.378	120.880	121.133	76182	0	4
2019.07.31	121.122	121.188	120.349	120.458	100765	0	4
2019.08.01	120.461	120.709	118.913	118.983	122176	0	4
2019.08.02	118.983	119.119	118.261	118.374	202867	0	4
2019.08.05	118.257	118.930	117.670	118.689	197289	0	4
2019.08.06	118.684	119.870	118.367	119.208	179374	0	4
2019.08.07	119.211	119.275	118.434	119.000	183518	0	4
2019.08.08	118.994	119.163	118.489	118.598	118474	0	4
2019.08.09	118.585	118.737	118.084	118.345	103234	0	4
2019.08.12	118.152	118.398	117.515	118.069	126133	0	4
2019.08.13	118.067	119.583	117.684	119.243	155980	0	4
2019.08.14	119.244	119.278	117.782	117.955	167992	0	4
2019.08.15	117.954	118.971	117.622	117.868	191833	0	4
2019.08.16	117.820	118.163	117.574	117.954	155624	0	4
2019.08.19	117.744	118.473	117.744	118.127	104006	0	4
2019.08.20	118.115	118.265	117.577	117.905	124539	0	4
2019.08.21	117.903	118.328	117.885	118.176	99666	0	4
2019.08.22	118.162	118.300	117.729	117.920	113612	0	4
2019.08.23	117.915	118.162	117.258	117.389	154558	0	4
2019.08.26	117.064	118.196	116.560	117.804	209025	0	4
2019.08.27	117.816	117.838	117.205	117.267	145575	0	3
2019.08.28	117.259	117.675	117.102	117.549	139636	0	3
2019.08.29	117.542	117.933	117.276	117.769	125142	0	3
2019.08.30	117.752	117.817	116.624	116.776	134024	0	3
2019.09.02	116.470	116.776	116.346	116.508	94059	0	3
2019.09.03	116.522	116.555	115.863	116.232	146000	0	3
2019.09.04	116.239	117.431	116.131	117.390	103223	0	3
2019.09.05	117.392	118.610	117.276	117.995	129265	0	3
2019.09.06	118.002	118.264	117.807	117.854	110268	0	3
2019.09.09	117.742	118.508	117.736	118.469	85647	0	3
2019.09.10	118.449	118.781	118.270	118.762	78278	0	3
2019.09.11	118.760	119.169	118.296	118.692	74228	0	3
2019.09.12	118.695	119.820	117.550	119.589	115803	0	3
2019.09.13	119.596	120.007	119.535	119.669	81760	0	3
2019.09.16	119.682	119.682	118.683	118.933	91810	0	3
2019.09.17	118.907	119.771	118.871	119.716	79844	0	3
2019.09.18	119.691	119.821	119.406	119.612	77504	0	3
2019.09.19	119.600	119.666	118.951	119.255	88513	0	3
2019.09.20	119.261	119.377	118.450	118.530	82684	0	3
2019.09.23	118.646	118.788	117.752	118.213	75462	0	3
2019.09.24	118.213	118.555	117.887	117.953	89540	0	3
2019.09.25	117.963	118.195	117.789	117.915	93024	0	3
2019.09.26	117.907	118.050	117.515	117.738	78041	0	3
2019.09.27	117.749	118.471	117.444	118.089	80767	0	3
2019.09.30	118.101	118.180	117.540	117.783	71060	0	3
2019.10.01	117.783	118.169	117.674	117.759	80949	0	3
2019.10.02	117.762	118.000	117.324	117.456	84637	0	3
2019.10.03	117.450	117.649	117.070	117.205	102678	0	3
2019.10.04	117.199	117.487	117.084	117.350	83796	0	3
2019.10.07	117.112	117.902	117.083	117.656	77427	0	3
2019.10.08	117.635	117.969	117.128	117.302	96456	0	3
2019.10.09	117.298	118.092	117.205	117.912	77459	0	3
2019.10.10	117.889	118.940	117.569	118.814	113440	0	3
2019.10.11	118.815	120.005	118.716	119.659	107146	0	3
2019.10.14	119.492	119.708	119.186	119.515	78857	0	3
2019.10.15	119.515	120.223	119.104	120.085	97167	0	3
2019.10.16	120.085	120.469	119.743	120.416	101781	0	3
2019.10.17	120.416	121.354	120.332	120.846	95222	0	3
2019.10.18	120.848	121.119	120.669	121.065	72723	0	3
2019.10.21	120.952	121.471	120.781	121.092	70839	0	3
2019.10.22	121.090	121.283	120.577	120.679	63028	0	3
2019.10.23	120.679	121.051	120.383	120.974	75217	0	3
2019.10.24	120.974	121.384	120.426	120.601	76611	0	3
2019.10.25	120.601	120.800	120.352	120.400	57452	0	3
2019.10.28	120.439	120.988	120.399	120.946	52036	0	3
2019.10.29	120.948	121.061	120.573	120.993	59083	0	3
2019.10.30	120.993	121.433	120.876	121.399	75136	0	3
2019.10.31	121.399	121.468	120.285	120.463	82109	0	3
2019.11.01	120.463	120.937	120.359	120.789	59911	0	3
2019.11.04	120.776	121.105	120.772	120.806	52052	0	3
2019.11.05	120.805	121.298	120.687	120.869	76300	0	3
2019.11.06	120.868	120.908	120.470	120.578	60118	0	3
2019.11.07	120.577	121.113	120.136	120.756	84298	0	3
2019.11.08	120.746	120.874	120.214	120.366	67605	0	3
2019.11.11	120.374	120.419	120.068	120.298	46363	0	3
2019.11.12	120.295	120.635	119.943	119.991	62540	0	3
2019.11.13	119.991	120.181	119.576	119.768	63405	0	3
2019.11.14	119.768	119.809	119.247	119.487	57648	0	3
2019.11.15	119.486	120.314	119.436	120.194	46266	0	3
2019.11.18	120.182	120.684	120.091	120.318	49717	0	3
2019.11.19	120.318	120.493	119.999	120.235	48945	0	3
2019.11.20	120.234	120.404	119.848	120.241	64042	0	3
2019.11.21	120.214	120.575	119.939	120.102	74245	0	3
2019.11.22	120.100	120.483	119.660	119.701	63849	0	3
2019.11.25	119.647	120.114	119.632	119.970	49812	0	3
2019.11.26	119.956	120.250	119.913	120.140	57576	0	3
2019.11.27	120.129	120.593	120.058	120.463	48574	0	3
2019.11.28	120.458	120.584	120.322	120.515	38547	0	3
2019.11.29	120.534	120.759	120.410	120.582	52836	0	3
2019.12.02	120.442	121.014	120.434	120.719	56552	0	3
2019.12.03	120.717	120.957	120.244	120.372	65758	0	3
2019.12.04	120.370	120.811	120.100	120.585	67248	0	3
2019.12.05	120.585	120.886	120.554	120.754	54148	0	3
2019.12.06	120.752	120.784	120.001	120.066	51773	0	3
2019.12.09	120.099	120.269	119.991	120.100	38266	0	3
2019.12.10	120.094	120.685	120.078	120.589	48287	0	3
2019.12.11	120.580	120.925	120.371	120.812	52951	0	3
2019.12.12	120.807	121.726	120.753	121.643	70966	0	3
2019.12.13	121.666	122.647	121.382	121.559	110124	0	3
2019.12.16	121.641	122.228	121.607	122.073	48723	0	3
2019.12.17	122.073	122.458	121.926	122.068	52046	0	3
2019.12.18	122.068	122.157	121.729	121.745	45281	0	3
2019.12.19	121.729	122.048	121.420	121.623	55522	0	3
2019.12.20	121.611	121.691	121.190	121.212	45200	0	3
2019.12.23	121.204	121.350	121.080	121.297	46529	0	3
2019.12.24	121.280	121.372	121.059	121.194	43819	0	3
2019.12.26	121.484	121.780	121.414	121.662	20124	0	3
2019.12.27	121.660	122.498	121.578	122.390	65335	0	3
2019.12.30	122.390	122.486	121.869	121.947	68590	0	3
2019.12.31	121.947	122.093	121.725	121.913	49881	0	3
2020.01.02	121.901	122.014	120.977	121.300	51683	0	3
2020.01.03	121.275	121.375	120.166	120.591	79777	0	3
2020.01.06	120.393	121.396	120.273	121.337	71648	0	3
2020.01.07	121.306	121.444	120.781	120.951	71940	0	2
2020.01.08	120.951	121.378	120.168	121.161	128874	0	2
2020.01.09	121.159	121.689	121.097	121.633	66791	0	2
2020.01.10	121.632	121.835	121.521	121.778	52991	0	2
2020.01.13	121.514	122.489	121.514	122.403	45711	0	2
2020.01.14	122.319	122.761	122.184	122.379	66291	0	2
2020.01.15	122.383	122.717	122.194	122.525	52908	0	2
2020.01.16	122.523	122.871	122.480	122.654	49915	0	2
2020.01.17	122.652	122.838	122.121	122.163	46639	0	2
2020.01.20	122.145	122.314	122.032	122.229	28265	0	2
2020.01.21	122.231	122.368	121.711	121.749	59331	0	2
2020.01.22	121.736	122.012	121.612	121.840	49647	0	2
2020.01.23	121.840	121.875	120.630	121.020	61764	0	2
2020.01.24	121.018	121.261	120.412	120.486	53535	0	2
2020.01.27	120.125	120.397	119.902	119.986	73067	0	2
2020.01.28	119.986	120.330	119.804	120.296	55483	0	2
2020.01.29	120.255	120.416	119.886	120.018	50320	0	2
2020.01.30	120.021	120.242	119.766	120.175	76755	0	2
2020.01.31	120.178	120.401	120.021	120.207	76300	0	2
2020.02.03	120.040	120.376	119.917	120.185	73869	0	2
2020.02.04	120.170	120.980	120.061	120.949	66015	0	2
2020.02.05	120.950	121.151	120.656	120.788	72984	0	2
2020.02.06	120.785	121.019	120.565	120.786	59467	0	2
2020.02.07	120.786	120.800	120.089	120.136	72495	0	2
2020.02.10	120.054	120.336	119.675	119.776	67445	0	3
2020.02.11	119.769	120.022	119.590	119.832	59632	0	2
2020.02.12	119.824	120.301	119.608	119.706	59113	0	2
2020.02.13	119.705	119.735	118.871	119.044	78742	0	2
2020.02.14	119.038	119.227	118.861	118.894	59480	0	2
2020.02.17	119.007	119.192	118.901	119.046	43260	0	2
2020.02.18	119.045	119.064	118.462	118.560	69295	0	2
2020.02.19	118.560	120.492	118.544	120.308	75720	0	2
2020.02.20	120.308	121.394	120.091	120.887	97151	0	2
2020.02.21	120.881	121.347	120.355	121.032	90381	0	2
2020.02.24	120.457	121.065	119.898	120.157	130495	0	2
2020.02.25	120.151	120.533	119.410	119.905	150686	0	2
2020.02.26	119.904	120.583	119.751	120.141	163470	0	2
2020.02.27	120.141	121.039	119.948	120.539	182462	0	2
2020.02.28	120.539	120.656	118.372	119.185	223038	0	2
2020.03.02	118.742	120.744	118.588	120.568	140276	0	2
2020.03.03	120.566	120.946	119.525	119.627	140677	0	2
2020.03.04	119.609	120.129	119.021	119.734	110067	0	1
2020.03.05	119.733	119.997	118.988	119.310	100473	0	2
2020.03.06	119.311	119.428	118.704	118.939	145650	0	1
2020.03.09	118.475	118.679	116.115	116.985	329203	0	2
2020.03.10	116.984	119.477	116.798	118.832	377714	0	15
2020.03.11	118.819	119.217	117.400	117.546	221647	0	2
2020.03.12	117.551	118.325	116.307	117.046	233402	0	2
2020.03.13	116.935	120.317	116.866	119.893	238443	0	0
2020.03.16	119.812	119.839	117.138	118.326	265081	0	0
2020.03.17	118.293	119.679	117.293	118.415	266436	0	0
2020.03.18	118.428	118.493	116.887	117.743	245633	0	0
2020.03.19	117.744	119.318	117.397	118.186	276107	0	0
2020.03.20	118.199	119.291	117.838	118.559	292483	0	0
2020.03.23	118.458	119.931	117.718	119.254	255888	0	0
2020.03.24	119.257	120.533	118.798	119.913	222778	0	0
2020.03.25	119.920	121.141	119.515	120.843	217489	0	0
2020.03.26	120.850	121.075	119.951	120.626	209415	0	0
2020.03.27	120.630	120.814	118.797	120.295	189514	0	1
2020.03.30	119.589	119.980	118.789	119.027	146319	0	0
2020.03.31	118.958	119.699	118.191	118.622	152464	0	0
2020.04.01	118.649	118.869	116.944	117.475	124313	0	0
2020.04.02	117.475	117.712	116.347	117.061	123597	0	0
2020.04.03	117.005	117.395	116.730	117.250	103519	0	0
2020.04.06	117.099	118.303	117.066	117.845	104103	0	0
2020.04.07	117.845	119.035	117.507	118.443	102320	0	0
2020.04.08	118.443	118.690	117.913	118.122	95888	0	0
2020.04.09	118.113	118.999	118.035	118.527	90959	0	0
2020.04.10	118.447	118.728	118.360	118.486	93079	0	1
2020.04.13	118.651	118.694	117.304	117.554	71906	0	0
2020.04.14	117.554	117.938	117.303	117.729	67412	0	0
2020.04.15	117.709	117.774	116.794	117.207	71282	0	0
2020.04.16	117.154	117.501	116.551	116.970	78458	0	0
2020.04.17	116.954	117.410	116.621	116.942	80882	0	0
2020.04.20	116.677	117.287	116.677	116.887	60232	0	0
2020.04.21	116.872	117.159	116.215	117.018	77099	0	0
2020.04.22	117.020	117.217	116.442	116.612	63031	0	0
2020.04.23	116.618	116.832	115.635	115.950	78932	0	0
2020.04.24	115.950	116.363	115.542	116.346	66361	0	0
2020.04.27	116.248	116.506	116.046	116.142	61982	0	0
2020.04.28	116.113	116.266	115.603	115.621	61342	0	0
2020.04.29	115.602	116.077	115.448	115.946	59101	0	0
2020.04.30	115.943	117.775	115.544	117.319	77667	0	0
2020.05.01	117.294	117.762	117.016	117.386	61170	0	0
2020.05.04	117.258	117.275	116.263	116.385	58241	0	0
2020.05.05	116.371	116.568	115.407	115.419	62533	0	0
2020.05.06	115.427	115.599	114.427	114.509	59550	0	0
2020.05.07	114.518	115.138	114.410	115.108	67262	0	0
2020.05.08	115.095	115.742	115.032	115.613	56469	0	0
2020.05.11	115.179	116.512	115.149	116.291	62238	0	0
2020.05.12	116.283	116.856	115.957	116.176	65857	0	0
2020.05.13	116.174	116.409	115.691	115.772	68439	0	0
2020.05.14	115.764	115.924	115.323	115.854	68533	0	0
2020.05.15	115.846	116.196	115.472	115.937	62291	0	0
2020.05.18	115.875	117.237	115.636	117.122	58421	0	0
2020.05.19	117.113	118.198	117.024	117.627	63762	0	0
2020.05.20	117.618	118.202	117.517	118.038	59703	0	0
2020.05.21	118.041	118.529	117.727	117.805	59222	0	0
2020.05.22	117.765	117.975	116.994	117.314	53787	0	0
2020.05.25	117.120	117.555	117.082	117.305	38779	0	0
2020.05.26	117.279	118.334	117.273	118.047	54948	0	0
2020.05.27	118.031	118.908	117.701	118.485	80541	0	0
2020.05.28	118.479	119.391	118.448	119.205	78438	0	0
2020.05.29	119.166	119.898	118.845	119.719	87993	0	0
2020.06.01	119.739	119.972	119.421	119.787	75252	0	0
2020.06.02	119.779	121.629	119.621	121.367	85050	0	0
2020.06.03	121.363	122.623	121.265	122.315	94213	0	0
2020.06.04	122.313	123.969	121.845	123.732	96145	0	0
2020.06.05	123.708	124.430	123.490	123.696	95646	0	0
2020.06.08	123.782	124.117	122.218	122.440	73334	0	0
2020.06.09	122.438	122.603	121.327	122.175	86650	0	0
2020.06.10	122.200	122.361	121.585	121.812	92808	0	0
2020.06.11	121.658	121.901	120.649	120.726	110514	0	0
2020.06.12	120.712	121.815	120.253	120.877	110744	0	0
2020.06.15	120.396	121.632	120.332	121.518	101287	0	0
2020.06.16	121.554	122.114	120.471	120.880	99299	0	0
2020.06.17	120.861	121.230	120.148	120.299	87798	0	0
2020.06.18	120.301	120.541	119.587	119.851	85486	0	0
2020.06.19	119.852	120.211	119.370	119.441	79860	0	0
2020.06.22	119.328	120.441	119.275	120.364	66513	0	0
2020.06.23	120.365	121.098	119.904	120.447	92629	0	0
2020.06.24	120.431	120.746	120.032	120.426	79699	0	0
2020.06.25	120.426	120.621	120.090	120.240	80530	0	0
2020.06.26	120.229	120.378	119.812	120.279	63824	0	0
2020.06.29	119.965	121.358	119.965	120.925	63058	0	0
2020.06.30	120.922	121.423	120.587	121.238	70470	0	0
2020.07.01	121.238	121.480	120.253	120.907	64809	0	0
2020.07.02	120.907	121.439	120.748	120.811	66645	0	0
2020.07.03	120.811	120.962	120.611	120.853	60069	0	0
2020.07.06	120.731	121.967	120.731	121.361	57859	0	0
2020.07.07	121.274	121.716	121.169	121.201	63030	0	0
2020.07.08	121.201	121.881	121.093	121.509	62465	0	0
2020.07.09	121.500	121.963	120.898	120.969	67401	0	0
2020.07.10	120.925	121.065	120.268	120.774	60770	0	0
2020.07.13	120.749	121.963	120.749	121.704	58871	0	0
2020.07.14	121.703	122.319	121.466	122.229	73049	0	0
2020.07.15	122.225	122.498	121.821	122.020	60933	0	0
2020.07.16	121.997	122.501	121.813	122.093	62967	0	0
2020.07.17	122.085	122.575	121.931	122.269	47432	0	0
2020.07.20	122.042	122.973	122.042	122.786	61267	0	0
2020.07.21	122.792	123.172	122.470	123.114	58706	0	0
2020.07.22	123.111	124.291	123.040	123.982	61786	0	0
2020.07.23	123.981	124.239	123.708	123.912	60183	0	0
2020.07.24	123.914	123.965	122.839	123.677	72217	0	0
2020.07.27	123.403	123.900	123.219	123.821	72791	0	0
2020.07.28	123.818	123.983	123.013	123.116	79417	0	0
2020.07.29	123.111	123.786	123.014	123.701	70867	0	0
2020.07.30	123.667	124.194	123.336	124.064	80694	0	0
2020.07.31	124.039	125.207	123.839	124.692	100891	0	0
2020.08.03	124.517	125.047	123.989	124.616	82428	0	0
2020.08.04	124.616	124.998	124.262	124.766	71582	0	0
2020.08.05	124.756	125.513	124.633	125.272	69579	0	0
2020.08.06	125.272	125.588	124.652	125.352	75791	0	0
2020.08.07	125.355	125.391	124.458	124.827	70050	0	0
2020.08.10	124.743	124.877	124.335	124.362	50793	0	0
2020.08.11	124.362	125.498	124.302	125.011	73195	0	0
2020.08.12	125.023	126.212	124.849	125.979	72378	0	0
2020.08.13	125.956	126.750	125.872	126.310	66448	0	0
2020.08.14	126.309	126.467	125.738	126.194	45238	0	0
2020.08.17	126.034	126.460	125.668	125.828	51758	0	0
2020.08.18	125.813	126.089	125.343	125.753	67695	0	0
2020.08.19	125.753	126.057	125.366	125.596	72191	0	1
2020.08.20	125.596	125.780	125.080	125.474	72087	0	0
2020.08.21	125.469	125.557	124.440	124.823	64185	0	0
2020.08.24	124.712	125.342	124.687	124.915	49866	0	1
2020.08.25	124.908	126.028	124.891	125.900	59923	0	0
2020.08.26	125.896	126.136	125.257	125.378	54963	0	0
2020.08.27	125.374	126.090	125.129	125.975	85237	0	0
2020.08.28	125.969	126.777	125.194	125.417	84108	0	0
2020.08.31	125.469	126.842	125.379	126.412	66082	0	0
2020.09.01	126.412	127.072	126.135	126.209	71948	0	0
2020.09.02	126.211	126.310	125.549	125.874	63183	0	0
2020.09.03	125.798	126.020	125.281	125.840	68694	0	0
2020.09.04	125.838	125.980	125.301	125.773	68460	0	0
2020.09.07	125.845	125.941	125.515	125.532	44838	0	0
2020.09.08	125.570	125.647	124.692	124.838	67169	0	0
2020.09.09	124.852	125.643	124.414	125.325	66571	0	0
2020.09.10	125.327	126.461	125.281	125.374	69603	0	0
2020.09.11	125.376	126.122	125.347	125.736	63116	0	0
2020.09.14	125.527	125.899	125.283	125.424	45912	0	0
2020.09.15	125.429	125.765	124.753	124.906	42478	0	0
2020.09.16	124.901	125.014	123.834	124.004	55914	0	0
2020.09.17	124.004	124.133	123.309	124.094	62155	0	0
2020.09.18	124.088	124.309	123.434	123.820	45877	0	0
2020.09.21	123.825	123.938	122.514	123.178	59708	0	0
2020.09.22	123.171	123.273	122.655	122.843	53583	0	0
2020.09.23	122.842	123.190	122.573	122.877	55630	0	0
2020.09.24	122.873	123.156	122.580	123.019	53567	0	0
2020.09.25	123.016	123.151	122.608	122.750	50720	0	0
2020.09.28	122.680	123.206	122.377	123.016	43076	0	0
2020.09.29	123.052	124.114	123.006	124.076	51521	0	0
2020.09.30	123.999	124.247	123.528	123.589	65964	0	0
2020.10.01	123.607	124.203	123.558	123.970	66120	0	0
2020.10.02	123.970	124.002	123.019	123.404	74546	0	0
2020.10.05	123.311	124.709	123.286	124.591	49370	0	0
2020.10.06	124.579	124.729	123.843	123.932	56851	0	0
2020.10.07	123.934	124.874	123.865	124.625	55538	0	0
2020.10.08	124.620	124.871	124.361	124.667	49019	0	0
2020.10.09	124.637	125.085	124.511	124.941	48479	0	0
2020.10.12	124.958	124.998	124.282	124.406	41766	0	0
2020.10.13	124.403	124.465	123.803	123.881	53308	0	0
2020.10.14	123.880	123.943	123.471	123.515	49906	0	0
2020.10.15	123.485	123.771	123.015	123.433	57125	0	0
2020.10.16	123.425	123.710	123.111	123.491	51721	0	0
2020.10.19	123.468	124.337	123.362	124.084	44224	0	0
2020.10.20	124.086	124.997	123.981	124.719	50822	0	0
2020.10.21	124.718	124.835	123.910	124.039	58045	0	0
2020.10.22	124.035	124.090	123.645	123.925	49373	0	0
2020.10.23	123.912	124.225	123.408	124.184	49926	0	0
2020.10.26	124.084	124.201	123.772	123.810	49526	0	0
2020.10.27	123.807	123.992	123.047	123.125	48376	0	0
2020.10.28	123.125	123.185	122.185	122.518	68584	0	0
2020.10.29	122.509	122.887	121.891	122.101	67469	0	0
2020.10.30	122.094	122.462	121.616	121.904	67020	0	0
2020.11.02	121.703	122.150	121.700	121.919	54324	0	0
2020.11.03	121.919	122.750	121.795	122.346	53765	0	0
2020.11.04	122.356	123.068	121.957	122.537	118511	0	0
2020.11.05	122.544	123.184	122.210	122.426	107446	0	0
2020.11.06	122.426	122.991	122.219	122.743	102320	0	0
2020.11.09	122.769	125.133	122.669	124.456	127933	0	0
2020.11.10	124.461	124.604	123.988	124.388	117516	0	0
2020.11.11	124.363	124.674	123.919	124.148	79584	0	0
2020.11.12	124.149	124.501	123.684	124.108	81763	0	0
2020.11.13	124.107	124.301	123.657	123.787	73677	0	0
2020.11.16	123.965	124.441	123.625	123.923	80039	0	0
2020.11.17	123.923	124.024	123.516	123.596	72090	0	0
2020.11.18	123.584	123.634	123.017	123.060	75037	0	0
2020.11.19	123.068	123.318	122.846	123.178	81547	0	0
2020.11.20	123.169	123.482	123.009	123.141	70257	0	0
2020.11.23	122.972	123.827	122.972	123.740	73703	0	0
2020.11.24	123.740	124.349	123.630	124.177	76590	0	0
2020.11.25	124.212	124.508	124.145	124.460	78152	0	0
2020.11.26	124.434	124.568	123.909	124.193	53525	0	0
2020.11.27	124.200	124.536	123.901	124.488	57372	0	0
2020.11.30	124.359	125.125	124.305	124.380	75531	0	0
2020.12.01	124.409	125.954	124.370	125.904	75895	0	0
2020.12.02	125.898	126.549	125.778	126.475	83350	0	0
2020.12.03	126.476	126.654	126.030	126.120	81398	0	0
2020.12.04	126.120	126.678	126.006	126.268	77058	0	0
2020.12.07	126.281	126.484	125.961	125.985	73368	0	0
2020.12.08	125.992	126.257	125.859	126.048	79377	0	0
2020.12.09	126.048	126.517	125.784	125.898	73354	0	0
2020.12.10	125.899	126.738	125.792	126.520	85895	0	0
2020.12.11	126.515	126.610	125.784	125.997	75030	0	0
2020.12.14	126.126	126.513	125.917	126.329	71095	0	0
2020.12.15	126.349	126.588	125.937	125.975	66374	0	0
2020.12.16	125.998	126.344	125.706	126.202	76960	0	0
2020.12.17	126.230	126.519	126.014	126.469	74839	0	0
2020.12.18	126.467	127.012	126.386	126.589	69759	0	0
2020.12.21	126.478	126.615	125.911	126.477	102053	0	0
2020.12.22	126.494	126.657	125.989	126.041	77786	0	0
2020.12.23	126.046	126.377	125.937	126.179	74120	0	0
2020.12.24	126.184	126.500	126.109	126.277	40435	0	0
2020.12.28	126.097	126.955	126.046	126.778	60734	0	0
2020.12.29	126.773	127.232	126.668	126.891	51493	0	0
2020.12.30	126.859	127.135	126.464	126.910	62853	0	0
2020.12.31	126.762	126.979	126.112	126.130	58818	0	0
2021.01.04	126.105	126.793	126.070	126.291	89529	0	0
2021.01.05	126.290	126.554	126.048	126.262	80923	0	0
2021.01.06	126.314	127.244	126.138	126.975	119107	0	0
2021.01.07	126.970	127.492	126.914	127.360	88345	0	0
2021.01.08	127.340	127.465	126.813	127.069	98607	0	0
2021.01.11	126.798	127.081	126.555	126.668	75949	0	0
2021.01.12	126.670	126.865	126.451	126.642	79974	0	0
2021.01.13	126.672	126.763	126.208	126.280	69136	0	0
2021.01.14	126.279	126.524	125.926	126.148	78942	0	0
2021.01.15	126.163	126.194	125.401	125.439	68700	0	0
2021.01.18	125.394	125.489	125.087	125.206	61740	0	0
2021.01.19	125.201	126.209	125.182	126.016	64327	0	0
2021.01.20	126.017	126.184	125.268	125.327	64353	0	0
2021.01.21	125.318	125.966	125.294	125.916	69663	0	0
2021.01.22	125.929	126.401	125.851	126.282	59543	0	0
2021.01.25	126.286	126.368	125.807	125.972	60607	0	0
2021.01.26	125.955	126.159	125.689	125.982	60500	0	0
2021.01.27	125.993	126.187	125.597	126.055	79369	0	0
2021.01.28	126.051	126.664	125.988	126.340	85535	0	0
2021.01.29	126.340	127.344	126.119	127.089	95246	0	0
2021.02.01	127.081	127.133	126.520	126.527	72446	0	0
2021.02.02	126.531	126.822	126.266	126.417	68011	0	0
2021.02.03	126.414	126.525	126.143	126.407	57343	0	0
2021.02.04	126.401	126.462	126.098	126.229	60097	0	0
2021.02.05	126.236	126.993	126.141	126.977	62236	0	0
2021.02.08	126.804	127.125	126.647	126.768	58294	0	0
2021.02.09	126.768	126.848	126.436	126.700	66702	0	0
2021.02.10	126.703	127.076	126.645	126.751	58921	0	0
2021.02.11	126.751	127.162	126.700	127.040	46939	0	0
2021.02.12	127.054	127.304	126.874	127.157	49884	0	0
2021.02.15	127.168	127.972	127.124	127.784	43118	0	0
2021.02.16	127.806	128.373	127.656	128.355	67001	0	0
2021.02.17	128.349	128.453	127.308	127.454	66557	0	0
2021.02.18	127.454	127.808	127.329	127.773	54302	0	0
2021.02.19	127.765	128.184	127.650	127.741	52688	0	0
2021.02.22	127.604	128.245	127.506	127.719	62353	0	0
2021.02.23	127.721	128.056	127.636	127.870	58771	0	0
2021.02.24	127.874	128.876	127.681	128.774	81119	0	2
2021.02.25	128.772	129.973	128.701	129.329	102434	0	2
2021.02.26	129.329	129.521	128.559	128.629	132213	0	1
2021.03.01	128.551	128.938	128.219	128.619	80297	0	2
2021.03.02	128.625	129.078	128.181	128.982	80899	0	2
2021.03.03	128.982	129.455	128.736	129.068	79805	0	2
2021.03.04	129.040	129.636	128.913	129.245	98199	0	0
2021.03.05	129.245	129.577	128.846	129.105	94904	0	0
2021.03.08	128.980	129.387	128.780	128.999	78712	0	0
2021.03.09	128.999	129.543	128.858	129.096	81449	0	0
2021.03.10	129.096	129.429	128.998	129.274	71091	0	0
2021.03.11	129.268	130.056	129.213	130.036	73748	0	0
2021.03.12	130.017	130.391	129.819	130.304	67549	0	0
2021.03.15	130.200	130.487	129.989	130.173	63331	0	0
2021.03.16	130.167	130.397	129.491	129.710	58591	0	0
2021.03.17	129.712	130.441	129.710	130.392	61505	0	0
2021.03.18	130.393	130.665	129.596	129.773	84022	0	0
2021.03.19	129.758	129.997	129.321	129.614	64593	0	0
2021.03.22	129.134	129.943	128.977	129.874	59177	0	0
2021.03.23	129.874	129.920	128.599	128.677	61327	0	0
2021.03.24	128.676	128.860	128.292	128.430	63800	0	0
2021.03.25	128.428	128.944	128.340	128.462	70793	0	0
2021.03.26	128.461	129.460	128.451	129.342	57183	0	0
2021.03.29	129.319	129.429	128.832	129.180	59458	0	0
2021.03.30	129.189	129.546	129.095	129.285	56397	0	0
2021.03.31	129.286	130.047	129.220	129.856	72566	0	0
2021.04.01	129.851	130.266	129.651	130.227	59113	0	0
2021.04.02	130.220	130.317	129.938	130.123	40975	0	0
2021.04.05	130.031	130.266	129.834	130.134	45542	0	0
2021.04.06	130.121	130.562	129.811	130.290	71637	0	0
2021.04.07	130.290	130.683	130.138	130.363	75753	0	0
2021.04.08	130.366	130.478	129.573	130.172	62419	0	0
2021.04.09	130.172	130.550	130.049	130.500	58762	0	0
2021.04.12	130.296	130.609	129.894	130.272	49895	0	0
2021.04.13	130.272	130.496	129.798	130.300	63471	0	0
2021.04.14	130.295	130.582	130.031	130.461	55539	0	0
2021.04.15	130.481	130.552	130.023	130.112	52689	0	0
2021.04.16	130.099	130.540	129.975	130.346	51814	0	0
2021.04.19	130.136	130.325	129.699	130.149	73186	0	0
2021.04.20	130.154	130.971	129.992	130.082	75057	0	0
2021.04.21	130.084	130.142	129.636	130.042	56472	0	0
2021.04.22	130.072	130.467	129.673	129.711	65039	0	0
2021.04.23	129.711	130.562	129.590	130.502	60627	0	0
2021.04.26	130.436	130.760	130.207	130.627	59573	0	0
2021.04.27	130.613	131.500	130.569	131.429	53481	0	0
2021.04.28	131.369	131.816	131.367	131.660	66834	0	0
2021.04.29	131.697	132.366	131.585	132.012	63232	0	0
2021.04.30	132.000	132.191	131.376	131.427	64846	0	0
2021.05.03	131.376	132.163	131.341	131.568	53851	0	0
2021.05.04	131.563	131.638	131.144	131.318	65423	0	0
2021.05.05	131.332	131.460	130.985	131.051	52478	0	0
2021.05.06	131.054	131.850	131.005	131.603	68868	0	0
2021.05.07	131.616	132.172	131.480	132.080	74252	0	0
2021.05.10	131.986	132.528	131.980	131.980	64733	0	0
2021.05.11	131.980	132.473	131.783	131.937	72900	0	0
2021.05.12	131.937	132.449	131.642	132.403	85033	0	0
2021.05.13	132.403	132.733	132.035	132.203	79001	0	0
2021.05.14	132.205	132.842	132.146	132.808	62786	0	0
2021.05.17	132.632	132.951	132.433	132.731	54752	0	0
2021.05.18	132.729	133.189	132.665	133.089	57736	0	0
2021.05.19	133.089	133.438	132.636	132.974	80997	0	0
2021.05.20	132.974	133.090	132.707	133.024	65735	0	0
2021.05.21	132.990	133.209	132.533	132.698	60727	0	0
2021.05.24	132.596	133.045	132.523	132.867	69280	0	0
2021.05.25	132.847	133.613	132.751	133.223	78633	0	0
2021.05.26	133.222	133.413	132.997	133.052	73306	0	0
2021.05.27	133.050	134.057	132.931	133.890	82931	0	0
2021.05.28	133.890	134.005	133.607	133.922	77254	0	2
2021.05.31	133.883	134.020	133.660	133.924	59729	0	2
2021.06.01	133.946	134.125	133.707	133.707	68978	0	2
2021.06.02	133.721	134.070	133.646	133.749	72452	0	2
2021.06.03	133.761	133.917	133.621	133.740	78660	0	2
2021.06.04	133.740	133.813	133.141	133.244	71300	0	2
2021.06.07	133.208	133.385	132.888	133.169	57325	0	2
2021.06.08	133.169	133.422	133.132	133.263	65604	0	2
2021.06.09	133.258	133.624	133.201	133.504	55870	0	2
2021.06.10	133.501	133.758	133.042	133.080	78714	0	2
2021.06.11	133.078	133.413	132.659	132.785	71653	0	2
2021.06.14	132.687	133.434	132.648	133.369	59690	0	2
2021.06.15	133.369	133.682	133.272	133.451	60592	0	2
2021.06.16	133.461	133.584	132.684	132.767	75473	0	2
2021.06.17	132.758	132.876	131.022	131.185	104139	0	2
2021.06.18	131.183	131.429	130.656	130.703	85559	0	2
2021.06.21	130.540	131.496	130.038	131.382	98196	0	2
2021.06.22	131.369	132.197	131.212	132.135	77469	0	1
2021.06.23	132.135	132.692	132.015	132.298	75370	0	2
2021.06.24	132.279	132.578	132.114	132.248	72918	0	2
2021.06.25	132.246	132.454	132.119	132.230	58507	0	2
2021.06.28	132.098	132.346	131.777	131.885	64936	0	2
2021.06.29	131.938	131.967	131.277	131.501	64468	0	2
2021.06.30	131.432	131.780	131.277	131.713	77593	0	2
2021.07.01	131.704	132.430	131.560	132.131	74654	0	2
2021.07.02	132.132	132.229	131.678	131.719	70785	0	2
2021.07.05	131.590	131.867	131.544	131.614	70264	0	2
2021.07.06	131.614	131.861	130.618	130.779	80720	0	2
2021.07.07	130.762	131.035	130.418	130.427	83858	0	2
2021.07.08	130.425	130.525	129.620	130.015	100985	0	2
2021.07.09	130.015	130.872	129.870	130.757	85405	0	1
2021.07.12	130.672	130.986	130.451	130.882	57736	0	2
2021.07.13	130.878	131.087	130.211	130.266	67869	0	2
2021.07.14	130.255	130.433	130.019	130.129	66177	0	2
2021.07.15	130.118	130.201	129.613	129.716	75351	0	2
2021.07.16	129.716	130.281	129.600	129.952	69819	0	2
2021.07.19	129.732	129.964	128.888	129.119	91524	0	2
2021.07.20	129.189	129.485	128.592	129.404	88449	0	2
2021.07.21	129.386	130.189	129.157	130.050	73617	0	2
2021.07.22	130.043	130.295	129.483	129.627	75548	0	2
2021.07.23	129.610	130.184	129.557	130.106	66472	0	2
2021.07.26	129.952	130.346	129.674	130.257	74047	0	2
2021.07.27	130.255	130.294	129.545	129.690	77636	0	2
2021.07.28	129.678	130.235	129.622	130.161	87220	0	2
2021.07.29	130.161	130.561	129.895	130.103	67374	0	2
2021.07.30	130.098	130.498	130.015	130.189	76108	0	2
2021.08.02	130.031	130.418	129.598	129.729	59296	0	2
2021.08.03	129.729	129.868	129.165	129.331	64759	0	2
2021.08.04	129.327	129.818	129.135	129.574	69336	0	2
2021.08.05	129.574	130.011	129.525	129.869	61468	0	2
2021.08.06	129.868	129.963	129.548	129.625	61763	0	2
2021.08.09	129.560	129.693	129.391	129.485	58438	0	2
2021.08.10	129.482	129.684	129.394	129.552	59908	0	2
2021.08.11	129.553	129.804	129.498	129.612	60409	0	1
2021.08.12	129.573	129.709	129.389	129.500	50833	0	2
2021.08.13	129.451	129.696	129.233	129.277	47687	0	2
2021.08.16	129.220	129.431	128.498	128.654	51787	0	2
2021.08.17	128.641	128.873	128.251	128.353	64454	0	2
2021.08.18	128.353	128.943	128.217	128.532	63247	0	2
2021.08.19	128.473	128.705	127.928	128.167	84344	0	2
2021.08.20	128.165	128.523	127.945	128.457	61447	0	2
2021.08.23	128.212	129.142	128.102	128.853	58930	0	2
2021.08.24	128.807	129.031	128.593	128.929	55285	0	2
2021.08.25	128.915	129.535	128.741	129.518	61827	0	2
2021.08.26	129.503	129.765	129.226	129.361	73240	0	2
2021.08.27	129.358	129.748	129.154	129.573	76120	0	2
2021.08.30	129.514	129.707	129.478	129.647	50191	0	2
2021.08.31	129.627	130.175	129.580	129.903	81838	0	2
2021.09.01	129.886	130.452	129.842	130.255	71514	0	2
2021.09.02	130.230	130.594	130.136	130.533	59372	0	2
2021.09.03	130.533	130.744	130.186	130.308	74430	0	2
2021.09.06	130.184	130.500	130.148	130.407	46805	0	2
2021.09.07	130.349	130.656	130.278	130.578	77055	0	2
2021.09.08	130.565	130.696	130.173	130.272	76762	0	2
2021.09.09	130.242	130.314	129.665	129.735	76784	0	2
2021.09.10	129.691	130.277	129.645	129.806	69880	0	2
2021.09.13	129.740	129.946	129.588	129.914	64385	0	2
2021.09.14	129.914	130.195	129.365	129.459	72116	0	2
2021.09.15	129.437	129.531	129.057	129.232	69773	0	2
2021.09.16	129.232	129.355	128.605	129.124	68635	0	2
2021.09.17	129.117	129.669	128.902	128.942	68127	0	2
2021.09.20	128.830	129.025	128.141	128.291	68293	0	2
2021.09.21	128.198	128.703	127.997	128.049	76507	0	2
2021.09.22	128.031	128.771	127.920	128.330	98731	0	2
2021.09.23	128.307	129.540	128.266	129.503	78270	0	2
2021.09.24	129.376	129.840	129.376	129.792	73490	0	0
2021.09.27	129.766	129.934	129.482	129.812	69618	0	0
2021.09.28	129.799	130.379	129.663	130.259	85883	0	0
2021.09.29	130.230	130.470	129.673	129.843	87906	0	0
2021.09.30	129.823	129.959	128.784	128.822	83320	0	0
2021.10.01	128.782	129.044	128.546	128.757	90008	0	0
2021.10.04	128.751	129.374	128.540	128.896	80629	0	0
2021.10.05	128.825	129.386	128.756	129.262	72586	0	0
2021.10.06	129.236	129.496	128.333	128.747	82567	0	0
2021.10.07	128.725	129.028	128.630	128.948	61495	0	0
2021.10.08	128.948	129.902	128.872	129.891	72826	0	0
2021.10.11	129.636	131.221	129.636	130.895	63544	0	0
2021.10.12	130.887	131.272	130.731	130.977	78061	0	0
2021.10.13	130.977	131.463	130.862	131.303	80508	0	0
2021.10.14	131.225	131.855	131.189	131.821	69441	0	0
2021.10.15	131.806	132.774	131.755	132.511	78679	0	0
2021.10.18	132.514	132.787	132.145	132.720	85389	0	0
2021.10.19	132.702	133.190	132.622	133.036	75656	0	0
2021.10.20	132.920	133.478	132.734	133.192	74366	0	0
2021.10.21	133.168	133.368	132.261	132.505	74521	0	0
2021.10.22	132.480	132.790	131.916	132.142	77794	0	0
2021.10.25	132.150	132.599	131.860	132.001	71087	0	0
2021.10.26	131.990	132.663	131.926	132.361	59514	0	0
2021.10.27	132.330	132.520	131.578	132.064	80069	0	0
2021.10.28	132.024	132.697	131.555	132.652	90965	0	0
2021.10.29	132.628	132.917	131.604	131.763	90298	0	0
2021.11.01	131.908	132.442	131.794	132.287	68500	0	0
2021.11.02	132.264	132.388	131.476	131.952	72269	0	0
2021.11.03	131.934	132.412	131.746	132.369	73244	0	0
2021.11.04	132.343	132.561	131.016	131.424	79724	0	0
2021.11.05	131.401	131.589	130.833	131.157	85102	0	0
2021.11.08	130.933	131.425	130.895	131.185	74557	0	0
2021.11.09	131.154	131.263	130.674	130.851	84102	0	0
2021.11.10	130.834	131.415	130.640	130.727	94846	0	0
2021.11.11	130.630	130.992	130.438	130.594	65854	0	0
2021.11.12	130.564	130.760	130.232	130.357	71080	0	0
2021.11.15	130.370	130.597	129.677	129.724	72628	0	0
2021.11.16	129.704	130.110	129.583	129.969	87433	0	0
2021.11.17	129.959	130.073	129.033	129.157	84580	0	0
2021.11.18	129.156	129.942	128.990	129.913	77171	0	0
2021.11.19	129.885	129.985	127.977	128.648	99954	0	0
2021.11.22	128.533	129.321	128.328	129.058	92510	0	0
2021.11.23	129.051	129.593	128.893	129.510	97529	0	0
2021.11.24	129.465	129.558	128.684	129.277	101417	0	0
2021.11.25	129.248	129.529	129.191	129.300	67066	0	0
2021.11.26	129.228	129.286	127.790	128.291	143514	0	0
2021.11.29	128.405	128.568	127.487	128.186	112108	0	0
2021.11.30	128.180	128.597	127.646	128.301	135702	0	0
2021.12.01	128.252	128.785	127.566	127.638	109171	0	0
2021.12.02	127.642	128.221	127.486	127.891	104436	0	0
2021.12.03	127.687	128.337	127.378	127.598	101058	0	0
2021.12.06	127.492	128.084	127.492	128.058	84190	0	0
2021.12.07	128.040	128.464	127.599	127.956	74688	0	0
2021.12.08	127.904	129.103	127.746	128.939	86776	0	0
2021.12.09	128.919	129.068	127.932	128.136	73896	0	0
2021.12.10	128.092	128.402	127.809	128.306	77778	0	0
2021.12.13	128.077	128.451	128.007	128.168	65166	0	0
2021.12.14	128.147	128.556	127.991	128.039	70579	0	0
2021.12.15	127.920	128.822	127.920	128.814	80710	0	0
2021.12.16	128.814	129.636	128.448	128.806	90706	0	0
2021.12.17	128.736	128.976	127.745	127.770	80770	0	0
2021.12.20	127.609	128.311	127.514	128.141	88285	0	0
2021.12.21	128.120	128.764	127.940	128.729	69010	0	0
2021.12.22	128.704	129.500	128.530	129.250	65875	0	0
2021.12.23	129.249	129.723	129.044	129.591	50277	0	0
2021.12.24	129.583	129.747	129.284	129.472	74182	0	1
2021.12.27	129.182	130.152	129.182	130.125	49945	0	1
2021.12.28	130.096	130.222	129.602	129.845	49791	0	0
2021.12.29	129.822	130.561	129.647	130.491	64241	0	0
2021.12.30	130.481	130.586	130.120	130.315	59159	0	0
2021.12.31	130.295	131.032	130.158	130.919	51673	0	0
